artist,neighbor,score
Смоки Мо,"Баста, Смоки Мо",0.4821646684297986
Смоки Мо,Баста и Смоки Мо,0.4131323914414599
Смоки Мо,Баста,0.3849384980703395
Смоки Мо,Onyx,0.3565075701032818
Смоки Мо,Krec,0.2883209967958911
Смоки Мо,Гуф,0.28170181198061023
Смоки Мо,Рем Дигга,0.28148653320668915
Смоки Мо,Вульгарный Тонн,0.2803709018569024
Смоки Мо,Птаха,0.2773702185179142
Смоки Мо,Триада,0.2741879823933886
Каста,Гуф,0.3237516795126659
Каста,Баста,0.3002234792732423
Каста,Птаха,0.29255076239646666
Каста,Триада,0.28948673133369174
Каста,Вульгарный Тонн,0.28845425554605497
Каста,Смоки Мо,0.26816342550512773
Каста,Johnyboy,0.2673498435528413
Каста,Рем Дигга,0.2649380268388541
Каста,ОУ74,0.2620789843079566
Каста,Тимати,0.2615160701368091
Мот,Ассаи,0.20314473188585347
Мот,Птаха,0.202682937495327
Мот,Триада,0.20089377254691926
Мот,Баста,0.19977321010159502
Мот,Feduk,0.19846186719073153
Мот,Тимати,0.1969856603527537
Мот,Вульгарный Тонн,0.19680458163758827
Мот,Krec,0.19632535893019729
Мот,Смоки Мо,0.1939353755444788
Мот,Каста,0.1863668294541743
Баста,Баста / Гуф,0.5307344612469462
Баста,Гуф,0.4030669673474312
Баста,Смоки Мо,0.3849384980703395
Баста,"Баста, Смоки Мо",0.3240811846905178
Баста,Баста и Смоки Мо,0.30795833350140217
Баста,Птаха,0.3033565353377847
Баста,Рем Дигга,0.3012152968409713
Баста,Каста,0.3002234792732423
Баста,Krec,0.2983295983617895
Баста,Вульгарный Тонн,0.2978031524972697
Гуф,Баста,0.4030669673474312
Гуф,Птаха,0.40008754554914494
Гуф,ОУ74,0.38172235425178513
Гуф,Баста / Гуф,0.3810455826786862
Гуф,Centr,0.34498480864585435
Гуф,ТГК,0.33520871200374636
Гуф,Каста,0.3237516795126659
Гуф,Вульгарный Тонн,0.31025481184746106
Гуф,Триагрутрика,0.2949759574535546
Гуф,Тимати,0.28357698884088994
Oxxxymiron,Porchy,0.30320866923540885
Oxxxymiron,Markul,0.2927199587315318
Oxxxymiron,Вульгарный Тонн,0.2790782038104597
Oxxxymiron,Смоки Мо,0.27090453249093804
Oxxxymiron,Гуф,0.2689615107371903
Oxxxymiron,Птаха,0.25303290650949645
Oxxxymiron,Johnyboy,0.24623306891451444
Oxxxymiron,Каста,0.24218009761065512
Oxxxymiron,Скриптонит,0.24030954686580916
Oxxxymiron,Баста,0.2369809013110496
Король и Шут,Каста,0.21480823461140713
Король и Шут,Птаха,0.21264714211751318
Король и Шут,Смоки Мо,0.2119164474113556
Король и Шут,Рем Дигга,0.21180808443313368
Король и Шут,Krec,0.2082586540336027
Король и Шут,Баста,0.20720056032773382
Король и Шут,Ассаи,0.20526333603008812
Король и Шут,Триада,0.20488029273084848
Король и Шут,Эльбрус Джанмирзоев,0.20461860230159615
Король и Шут,Нигатив,0.19763546536057558
Кровосток,ИСН,0.3172653639355596
Кровосток,Злой дух,0.2566622937888527
Кровосток,Птаха,0.2495504850922332
Кровосток,Злой Дух ( няшка ^^ ),0.24216049514804114
Кровосток,Круть,0.24216049514804114
Кровосток,Гуф,0.24079165475455652
Кровосток,Баста,0.22974382537123597
Кровосток,Каста,0.22945000181830916
Кровосток,Вульгарный Тонн,0.21859521765833329
Кровосток,Скриптонит,0.21772402554788076
ТГК,12 ТРИАГРУТРИКА (Т.Г.К.липсис),0.5186697002878987
ТГК,ТРИАГРУТРИКА [Т.Г.К.липсис(2011)],0.5186697002878987
ТГК,ТРИАГРУТРИКА (Т.Г.К.липсис 2011),0.5186697002878987
ТГК,The Chemodan,0.5186697002878987
ТГК,Триагутрика,0.4957004897123377
ТГК,Триагрутрика,0.46927798714766156
ТГК,TRIAGRUTRIKA,0.46063160943669124
ТГК,ТРИАГРУТРИКА (Т.Г.К.липсис),0.44964960601128423
ТГК,Slim,0.34602152521299695
ТГК,Гуф,0.33520871200374636
Johnyboy,Вульгарный Тонн,0.29011210766454076
Johnyboy,Гуф,0.276215795124959
Johnyboy,Птаха,0.2751175106009292
Johnyboy,Смоки Мо,0.26933426840647645
Johnyboy,Каста,0.2673498435528413
Johnyboy,Баста,0.265548588300595
Johnyboy,Тимати,0.2563054660092309
Johnyboy,Для доты именно для Васи Бояркина,0.2530521061524122
Johnyboy,Lil'Stop,0.2530521061524122
Johnyboy,Триада,0.24731500944631238
Птаха,Centr,0.4032003568908654
Птаха,Гуф,0.40008754554914494
Птаха,Баста,0.3033565353377847
Птаха,Каста,0.29255076239646666
Птаха,Тимати,0.278607209959794
Птаха,Смоки Мо,0.2773702185179142
Птаха,Slim,0.27557652373012514
Птаха,Рем Дигга,0.2751757632194026
Птаха,Johnyboy,0.2751175106009292
Птаха,Вульгарный Тонн,0.27345309840672577
Сява,Гуф,0.24077722701859552
Сява,Птаха,0.23518616713199297
Сява,Триагрутрика,0.2328774940481496
Сява,Каста,0.21620855190797628
Сява,Восточный округ,0.21451712612598603
Сява,Вульгарный Тонн,0.20855136406681413
Сява,Oxxxymiron,0.20733595877094713
Сява,ТГК,0.20690643140762613
Сява,Johnyboy,0.20324219619156228
Сява,Скриптонит,0.20288879287261197
Вульгарный Тонн,Вульгарный тон,0.41008815841897023
Вульгарный Тонн,Вульгарный ТоН,0.33760392754255636
Вульгарный Тонн,Гуф,0.31025481184746106
Вульгарный Тонн,Баста,0.2978031524972697
Вульгарный Тонн,Johnyboy,0.29011210766454076
Вульгарный Тонн,Каста,0.28845425554605497
Вульгарный Тонн,Смоки Мо,0.2803709018569024
Вульгарный Тонн,Oxxxymiron,0.2790782038104597
Вульгарный Тонн,Птаха,0.27345309840672577
Вульгарный Тонн,ТГК,0.27048292028895865
Рем Дигга,Триада,0.3196509679075265
Рем Дигга,Баста,0.3012152968409713
Рем Дигга,Смоки Мо,0.28148653320668915
Рем Дигга,Птаха,0.2751757632194026
Рем Дигга,Krec,0.2730604805823924
Рем Дигга,Гуф,0.2712647139700932
Рем Дигга,Каста,0.2649380268388541
Рем Дигга,Вульгарный Тонн,0.26126675088075835
Рем Дигга,Тимати,0.26031630781468124
Рем Дигга,Ассаи,0.2565495607166052
Centr,◘ Легенды Про,0.5902962709114801
Centr,Птаха,0.4032003568908654
Centr,Гуф,0.34498480864585435
Centr,Баста,0.26693327535817585
Centr,Смоки Мо,0.26030889262755436
Centr,Каста,0.25487741260517327
Centr,Вульгарный Тонн,0.25015208892045454
Centr,ОУ74,0.23718749370362346
Centr,Триагрутрика,0.23708104101162658
Centr,Тимати,0.2321491394051396
Truwer,Скриптонит,0.5457436392950067
Truwer,Скриптон,0.4793272342902363
Truwer,JILLZAY - ТВОY НОМЕР (Origin) Six O!,0.3090314435567548
Truwer,Вульгарный Тонн,0.2375612283229501
Truwer,Гуф,0.2304566718713272
Truwer,Птаха,0.2269949268500896
Truwer,Баста,0.2263035427819772
Truwer,Смоки Мо,0.22473496881055138
Truwer,Рем Дигга,0.22429491850863317
Truwer,Каста,0.22353455915148918
Эльбрус Джанмирзоев,Ассаи,0.2494725227658926
Эльбрус Джанмирзоев,Тимати,0.23456353144569067
Эльбрус Джанмирзоев,Krec,0.22937968039134676
Эльбрус Джанмирзоев,Баста,0.21589184709275266
Эльбрус Джанмирзоев,Триада,0.20992087209541782
Эльбрус Джанмирзоев,Птаха,0.20961190895125328
Эльбрус Джанмирзоев,Miyagi,0.2079345574596117
Эльбрус Джанмирзоев,Король и Шут,0.20461860230159615
Эльбрус Джанмирзоев,Корж,0.2029233281207205
Эльбрус Джанмирзоев,Нигатив,0.20127506481360993
Boulevard Depo,DOPECLVB,0.43788690159412574
Boulevard Depo,i61,0.4366300296057573
Boulevard Depo,IKBN - IRAQ,0.42325037859862163
Boulevard Depo,Thomas Mraz,0.2752759432126729
Boulevard Depo,PANDAworld,0.25570681586882305
Boulevard Depo,Смоки Мо,0.25090817062245196
Boulevard Depo,PHARAOH,0.24652866053385064
Boulevard Depo,Вульгарный Тонн,0.24640217085603844
Boulevard Depo,Скриптонит,0.24504793892672677
Boulevard Depo,Johnyboy,0.24247847902641204
НОМ,Баста,0.21815096247252813
НОМ,Тимати,0.20979639406051143
НОМ,Смоки Мо,0.20243653603863498
НОМ,Miyagi,0.1997128171486836
НОМ,Ассаи,0.19534175682144342
НОМ,Markul,0.19264389180960617
НОМ,Feduk,0.19150259058207086
НОМ,Гуф,0.19075008310286518
НОМ,Каста,0.18908999077709418
НОМ,Krec,0.188960066995237
Скриптонит,Truwer,0.5457436392950067
Скриптонит,Скриптон,0.4695060889048617
Скриптонит,Смоки Мо,0.26204804891552075
Скриптонит,JILLZAY - ТВОY НОМЕР (Origin) Six O!,0.2596365809413351
Скриптонит,Баста,0.2549900239649314
Скриптонит,Вульгарный Тонн,0.25015816967802196
Скриптонит,Boulevard Depo,0.24504793892672677
Скриптонит,Каста,0.24495430258956877
Скриптонит,Гуф,0.2443213164100048
Скриптонит,Птаха,0.24294105005663633
Тимати,Гуф,0.28357698884088994
Тимати,Птаха,0.278607209959794
Тимати,Баста,0.2783420920797614
Тимати,Смоки Мо,0.2698648510421549
Тимати,Krec,0.2616033733034549
Тимати,Каста,0.2615160701368091
Тимати,Вульгарный Тонн,0.2606480426487895
Тимати,Рем Дигга,0.26031630781468124
Тимати,Johnyboy,0.2563054660092309
Тимати,Триада,0.25175559749022874
Триада,Krec,0.32946099566766474
Триада,Рем Дигга,0.3196509679075265
Триада,Ассаи,0.29712250982782346
Триада,Каста,0.28948673133369174
Триада,Баста,0.2860548869132768
Триада,Смоки Мо,0.2741879823933886
Триада,Птаха,0.26927933696697415
Триада,Гуф,0.26318659264024796
Триада,ОУ74,0.260541037960413
Триада,Нигатив,0.2568240900698857
Markul,Oxxxymiron,0.2927199587315318
Markul,Смоки Мо,0.2577272647163925
Markul,Тимати,0.2478791767958408
Markul,Птаха,0.24419707752842215
Markul,Баста,0.24383865648132239
Markul,Вульгарный Тонн,0.24186549514567515
Markul,Johnyboy,0.23882965151609784
Markul,Гуф,0.23193421834491898
Markul,Krec,0.23035535321445855
Markul,Ассаи,0.22962300762800905
PHARAOH,Basta,0.42547295824319553
PHARAOH,Thomas Mraz,0.3000339967299505
PHARAOH,Boulevard Depo,0.24652866053385064
PHARAOH,Смоки Мо,0.2415784000552927
PHARAOH,Krec,0.23804872448165226
PHARAOH,Тимати,0.23272272543721773
PHARAOH,Птаха,0.22992984724283796
PHARAOH,Ассаи,0.22737952474897932
PHARAOH,Баста,0.22578355525901456
PHARAOH,Chemodan,0.22556036877038813
Slim,Eminem,0.6423422639989356
Slim,ТГК,0.34602152521299695
Slim,Птаха,0.27557652373012514
Slim,Гуф,0.2669227121880114
Slim,Баста,0.21891816722706886
Slim,Centr,0.2139683721224713
Slim,Каста,0.21029273393358558
Slim,Вульгарный Тонн,0.20975051701338757
Slim,Смоки Мо,0.2038277241913848
Slim,Рем Дигга,0.19582366561260486
Thomas Mraz,PHARAOH,0.3000339967299505
Thomas Mraz,Boulevard Depo,0.2752759432126729
Thomas Mraz,Смоки Мо,0.23356686701152515
Thomas Mraz,Баста,0.2280395295231586
Thomas Mraz,Птаха,0.22646697036449487
Thomas Mraz,Ассаи,0.22246142277449546
Thomas Mraz,Гуф,0.22111905695486828
Thomas Mraz,Тимати,0.22105625681172364
Thomas Mraz,Johnyboy,0.22018514417381121
Thomas Mraz,Скриптонит,0.21929850136819404
Децл,Странник Стк,0.5446550136658866
Децл,Тимати,0.2407130195155551
Децл,Птаха,0.23712943272969791
Децл,Вульгарный Тонн,0.23165211363616664
Децл,Смоки Мо,0.2234184348993877
Децл,Гуф,0.22277438726184184
Децл,Баста,0.213914486157312
Децл,Йорш,0.21299401550507582
Децл,Каста,0.210993277217771
Децл,Рем Дигга,0.20845484200584363
Chemodan,Восточный Округ (УРМК),0.3836129787276261
Chemodan,Восточный Округ,0.3796206825120682
Chemodan,Смоки Мо,0.26233690338762816
Chemodan,Чемодан,0.2605430348418109
Chemodan,ОУ74,0.2536413696174251
Chemodan,Вульгарный Тонн,0.25270634605218645
Chemodan,Krec,0.24751371256644678
Chemodan,Птаха,0.2462140062500486
Chemodan,Баста,0.24466478312968234
Chemodan,Каста,0.2375394201624322
Miyagi,Vadim Tikot,0.37758276131057106
Miyagi,Krec,0.2550621803481904
Miyagi,Баста,0.24995742247430894
Miyagi,Тимати,0.24483864436687675
Miyagi,Смоки Мо,0.24148492751205472
Miyagi,Рем Дигга,0.24141393725644464
Miyagi,ОУ74,0.23943198889935255
Miyagi,Каста,0.23355316914544139
Miyagi,Триада,0.23286814594910227
Miyagi,Andy Panda,0.2321156912546228
Восточный округ,Rewake,0.5007129310050169
Восточный округ,Юрий Хованский,0.4851897243947651
Восточный округ,Баста,0.25936889396401464
Восточный округ,Гуф,0.25745267601641114
Восточный округ,Птаха,0.2565875223880071
Восточный округ,Каста,0.24322015432090122
Восточный округ,Тимати,0.23757578115097566
Восточный округ,Смоки Мо,0.2334585323097022
Восточный округ,Триагрутрика,0.23081086499728973
Восточный округ,Вульгарный Тонн,0.23044894915471845
Элджей,Элджей (Я|Так) похож на птицу.,0.5362102552284266
Элджей,(AlljЭлджей),0.5181877832391597
Элджей,ND Production,0.512918294467687
Элджей,Feduk,0.27727710754643636
Элджей,Баста,0.18520993867372404
Элджей,Смоки Мо,0.18268787462244615
Элджей,Johnyboy,0.18196829335309334
Элджей,Instasamka,0.18146048620527805
Элджей,Тимати,0.18009190622547067
Элджей,ОУ74,0.1788536812558678
Krec,Ассаи,0.4022797604973149
Krec,Триада,0.32946099566766474
Krec,ღ Крек,0.3174729352239414
Krec,Любовь и нежность,0.3072284872196076
Krec,Баста,0.2983295983617895
Krec,Смоки Мо,0.2883209967958911
Krec,Рем Дигга,0.2730604805823924
Krec,ОУ74,0.26831704993235356
Krec,Птаха,0.2633394106149989
Krec,Тимати,0.2616033733034549
Корж,Макс,0.45144741743765104
Корж,Вэ,0.4508067548489979
Корж,Птаха,0.24341515235691175
Корж,Баста,0.23991530276098827
Корж,Тимати,0.23867433890351963
Корж,Смоки Мо,0.22942870972162185
Корж,Гуф,0.22922500692284312
Корж,Каста,0.22848780964683632
Корж,Ассаи,0.22680055987933606
Корж,Johnyboy,0.22454873672067882
Порнофильмы,Каста,0.18823018109438622
Порнофильмы,Баста,0.1869781675164921
Порнофильмы,ОУ74,0.18606156749276526
Порнофильмы,Птаха,0.18309006684467427
Порнофильмы,Krec,0.1820492464056779
Порнофильмы,Ассаи,0.18063657200930477
Порнофильмы,Вульгарный Тонн,0.17953460825610632
Порнофильмы,Тимати,0.17873096167975586
Порнофильмы,Русский,0.17483960512052052
Порнофильмы,Рем Дигга,0.174239598855383
Dino MC47,Dino MC 47,0.4344012487744999
Dino MC47,Гуф,0.24704980296760745
Dino MC47,Баста,0.24681858913934993
Dino MC47,Птаха,0.23965835203854954
Dino MC47,Триада,0.2359628331987014
Dino MC47,Каста,0.2342978678091735
Dino MC47,Вульгарный Тонн,0.23394160150550777
Dino MC47,Смоки Мо,0.23388818256250613
Dino MC47,Тимати,0.23100868289976134
Dino MC47,Johnyboy,0.22380602656085757
Feduk,Элджей (Я|Так) похож на птицу.,0.2837424499875017
Feduk,Баста,0.28302481896894305
Feduk,ND Production,0.278047274695072
Feduk,Элджей,0.27727710754643636
Feduk,(AlljЭлджей),0.2695664134270279
Feduk,Смоки Мо,0.2557385204786437
Feduk,Тимати,0.24573131595243117
Feduk,Птаха,0.24175724956581515
Feduk,Скриптонит,0.2405230585321634
Feduk,Гуф,0.23721231428001696
Грибы,Гриби,0.5538504538806586
Грибы,Ми типа гриби,0.5360434936193006
Грибы,Алла Пугачева,0.3219785822172489
Грибы,Тимати,0.18997749873082798
Грибы,Птаха,0.18564558581231388
Грибы,Feduk,0.1825931028310928
Грибы,Рем Дигга,0.18126194446734284
Грибы,Johnyboy,0.17831987655364903
Грибы,Гуф,0.17377777523719695
Грибы,Баста,0.1735868648959231
Паук,Коля RotoFF,0.4634719984643306
Паук,TROLLFACE,0.42662460396801644
Паук,трол фейс,0.42662460396801644
Паук,ROTOFF,0.4246467935222608
Паук,Неизвестный исполнитель,0.23978884986694943
Паук,Неизвестен,0.23252770993367144
Паук,Тимати,0.20656729138539295
Паук,Смоки Мо,0.1998215174005586
Паук,Лигалайз,0.1915318050441381
Паук,Ассаи,0.1897910132435208
Yanix,Big Baby Tape,0.27366654711584887
Yanix,Lil Morty,0.2413388184961214
Yanix,Feduk,0.2343784929476728
Yanix,Johnyboy,0.23278866745861074
Yanix,Вульгарный Тонн,0.23095691950030103
Yanix,Тимати,0.23033315947386673
Yanix,Скриптонит,0.22222741776612642
Yanix,Oxxxymiron,0.21805301096366275
Yanix,Instasamka,0.21670106740537726
Yanix,Boulevard Depo,0.2151616445298169
ЛСП,Максим Демах,0.3421221036065171
ЛСП,Тимати,0.222686946396729
ЛСП,Смоки Мо,0.22160172904274839
ЛСП,Instasamka,0.21779571895766217
ЛСП,Птаха,0.21656846533885601
ЛСП,Скриптонит,0.20836743359130938
ЛСП,Баста,0.20474993321319715
ЛСП,Johnyboy,0.2045050409428597
ЛСП,Feduk,0.20189679518365913
ЛСП,Корж,0.20106240478223192
ОУ74,Гуф,0.38172235425178513
ОУ74,Баста,0.27930231363466335
ОУ74,Смоки Мо,0.27046382612726866
ОУ74,Триагрутрика,0.26885103163388036
ОУ74,ТГК,0.2685245755521316
ОУ74,Krec,0.26831704993235356
ОУ74,Каста,0.2620789843079566
ОУ74,Триада,0.260541037960413
ОУ74,Вульгарный Тонн,0.26010499065230386
ОУ74,Птаха,0.25446598080398114
Триагрутрика,TRIAGRUTRIKA,0.5097888142194655
Триагрутрика,ТРИАГРУТРИКА (Т.Г.К.липсис),0.5007137711238638
Триагрутрика,ТГК,0.46927798714766156
Триагрутрика,Триагрутрика (ТГК) - Т.Г.К.липсис,0.3736652596168188
Триагрутрика,ТРИАГРУТРИКА [Т.Г.К.липсис(2011)],0.36187565712609604
Триагрутрика,12 ТРИАГРУТРИКА (Т.Г.К.липсис),0.36187565712609604
Триагрутрика,ТРИАГРУТРИКА (Т.Г.К.липсис 2011),0.36187565712609604
Триагрутрика,The Chemodan,0.36187565712609604
Триагрутрика,Триагутрика,0.3497607256841749
Триагрутрика,Гуф,0.2949759574535546
Lil Morty,Big Baby Tape,0.2700622434666244
Lil Morty,Yanix,0.2413388184961214
Lil Morty,Oxxxymiron,0.18631581598735866
Lil Morty,Boulevard Depo,0.17916059148926777
Lil Morty,Johnyboy,0.17556479723621576
Lil Morty,Скриптонит,0.17413457830658544
Lil Morty,Смоки Мо,0.16149247671645753
Lil Morty,Тимати,0.1608075440126504
Lil Morty,Thomas Mraz,0.15877413767339466
Lil Morty,Сява,0.15860980633861307
gone.Fludd,Смоки Мо,0.24332077144786401
gone.Fludd,Krec,0.22883355715341352
gone.Fludd,Boulevard Depo,0.2177525913887095
gone.Fludd,Баста,0.21747359203182198
gone.Fludd,PHARAOH,0.21674293443646156
gone.Fludd,Ассаи,0.21371772603025882
gone.Fludd,Тимати,0.2136324775824491
gone.Fludd,Miyagi,0.21225543185359286
gone.Fludd,Thomas Mraz,0.21174796113420424
gone.Fludd,Джиз,0.21007771985371385
Ассаи,Krec,0.4022797604973149
Ассаи,ღ Крек,0.3855916519265801
Ассаи,Триада,0.29712250982782346
Ассаи,Баста,0.26999515095230003
Ассаи,Смоки Мо,0.263295321554557
Ассаи,Птаха,0.2616928017117163
Ассаи,Рем Дигга,0.2565495607166052
Ассаи,Джиз,0.25539787622601323
Ассаи,ОУ74,0.2508365695616388
Ассаи,Эльбрус Джанмирзоев,0.2494725227658926
Словетский,Dj Nik One,0.37643318586379915
Словетский,Смоки Мо,0.22324388533897224
Словетский,Рем Дигга,0.22190047219025708
Словетский,Баста,0.21935200437158117
Словетский,Каста,0.20928186182761507
Словетский,Триагрутрика,0.2085097252184601
Словетский,Гуф,0.20832211321419428
Словетский,Птаха,0.1989455140237508
Словетский,Вульгарный Тонн,0.19890037477355157
Словетский,ТГК,0.1980896655202942
Каратель,Смоки Мо,0.2213626916566915
Каратель,Птаха,0.22019441602168047
Каратель,Вульгарный Тонн,0.21921361683073795
Каратель,Boulevard Depo,0.21719354103706737
Каратель,Баста,0.21597563353570953
Каратель,Johnyboy,0.2138601847660138
Каратель,Рем Дигга,0.2090423611229686
Каратель,Триада,0.20806421325487243
Каратель,Каста,0.2060850561465991
Каратель,Oxxxymiron,0.20504942069170454
Нигатив,Триада,0.2568240900698857
Нигатив,Krec,0.2523223546926243
Нигатив,Ассаи,0.24875650262469245
Нигатив,Баста,0.24802897497007587
Нигатив,Каста,0.23610802361647537
Нигатив,Птаха,0.23415382931341067
Нигатив,Рем Дигга,0.22478046663521392
Нигатив,Тимати,0.22431151392829626
Нигатив,Смоки Мо,0.22279431616484274
Нигатив,Корж,0.21655147665946453
Русский,Патриотические. Русские народные военные песни.,0.3607164775779485
Русский,Король и Шут,0.19025916188689002
Русский,Лигалайз,0.18572863059914263
Русский,Триада,0.185379622104852
Русский,Krec,0.18504084795064699
Русский,Корж,0.1808411851515501
Русский,Ассаи,0.18058442473129954
Русский,Порнофильмы,0.17483960512052052
Русский,Нигатив,0.17410130575606084
Русский,Джиз,0.1724648431256703
IC3PEAK,Джиз,0.18472968801792858
IC3PEAK,L'One,0.1807574835221518
IC3PEAK,Окси,0.16896518075948586
IC3PEAK,Grime,0.16606880891502276
IC3PEAK,Смоки Мо,0.16532109355683605
IC3PEAK,Тимати,0.16375495389228592
IC3PEAK,Ассаи,0.16352785287656235
IC3PEAK,Krec,0.154221665257958
IC3PEAK,Рем Дигга,0.15321701749246588
IC3PEAK,Баста,0.14929234731471983
Вообще,Feduk,0.20720256653298638
Вообще,Птаха,0.20643567280780695
Вообще,Смоки Мо,0.2047031094946593
Вообще,Вульгарный Тонн,0.20261491440734733
Вообще,Тимати,0.19583072205919327
Вообще,Баста,0.19521241088532443
Вообще,Гуф,0.1925174377282432
Вообще,Нигатив,0.18991774508123485
Вообще,Джиз,0.1875312758434187
Вообще,Ассаи,0.18331715458343328
Джиз,Ассаи,0.25539787622601323
Джиз,Krec,0.2274054273335782
Джиз,Баста,0.2258041089727341
Джиз,L'One,0.21472343892967463
Джиз,Птаха,0.21465201660570726
Джиз,Тимати,0.21407224333554242
Джиз,gone.Fludd,0.21007771985371385
Джиз,Feduk,0.2079279618675295
Джиз,Корж,0.20549885001227014
Джиз,Thomas Mraz,0.20529603588613235
ИСН,Кровосток,0.3172653639355596
ИСН,Ассаи,0.21640042695364936
ИСН,Баста,0.2093938187223924
ИСН,Птаха,0.19348950891749372
ИСН,Krec,0.19222342670090972
ИСН,Гуф,0.18957688858462526
ИСН,L'One,0.18271662229188415
ИСН,Смоки Мо,0.1823555182014951
ИСН,Эльбрус Джанмирзоев,0.18195031925033012
ИСН,Джиз,0.1816487726088993
Лигалайз,Bad Balance,0.3854835881856253
Лигалайз,Вульгарный Тонн,0.2562983419226762
Лигалайз,Смоки Мо,0.25065641935842614
Лигалайз,Krec,0.24838519419080407
Лигалайз,Тимати,0.24758254494552517
Лигалайз,Триада,0.24219347175112355
Лигалайз,Каста,0.24165644315266024
Лигалайз,Баста,0.2415185321027725
Лигалайз,Птаха,0.23860703928841745
Лигалайз,ОУ74,0.23055764315231098
Хаски,Ассаи,0.2086428022957716
Хаски,Король и Шут,0.1934745417287472
Хаски,Krec,0.1921861801771296
Хаски,Смоки Мо,0.19040387980221965
Хаски,Johnyboy,0.18995217051866636
Хаски,Птаха,0.18690206229454415
Хаски,Каста,0.18624125416234139
Хаски,Джиз,0.1823762360911425
Хаски,Miyagi,0.1823063262906632
Хаски,Баста,0.18132108454866214
Andy Panda,Miyagi,0.2321156912546228
Andy Panda,Тимати,0.20691300943207766
Andy Panda,Смоки Мо,0.20642173962558105
Andy Panda,Krec,0.20525140725991728
Andy Panda,Баста,0.20215144261823148
Andy Panda,Markul,0.20170671996876866
Andy Panda,Рем Дигга,0.20158715047678422
Andy Panda,ОУ74,0.19977650370414576
Andy Panda,Триада,0.19814854059349596
Andy Panda,Ассаи,0.1969918274785574
Big Baby Tape,Yanix,0.27366654711584887
Big Baby Tape,Lil Morty,0.2700622434666244
Big Baby Tape,Feduk,0.22401848381000408
Big Baby Tape,Тимати,0.20948184624664443
Big Baby Tape,Johnyboy,0.20918050336233507
Big Baby Tape,Instasamka,0.20815135374184346
Big Baby Tape,Boulevard Depo,0.20689480828472595
Big Baby Tape,Скриптонит,0.2036373084179363
Big Baby Tape,Oxxxymiron,0.20224571401303532
Big Baby Tape,Смоки Мо,0.19853168289774684
Instasamka,ЛСП,0.21779571895766217
Instasamka,Yanix,0.21670106740537726
Instasamka,Тимати,0.2086546306481602
Instasamka,Big Baby Tape,0.20815135374184346
Instasamka,Johnyboy,0.20200255771527517
Instasamka,Вульгарный Тонн,0.19990663187229155
Instasamka,Смоки Мо,0.19860401944837733
Instasamka,Скриптонит,0.19352460764578
Instasamka,Centr,0.19006896146910782
Instasamka,Thomas Mraz,0.18915952489767995
L'One,Krec,0.23868529811245792
L'One,Ассаи,0.23341224460876764
L'One,Смоки Мо,0.23141480446887505
L'One,Баста,0.2304198094286218
L'One,Птаха,0.2282284928072875
L'One,Тимати,0.22177807230368116
L'One,Johnyboy,0.21910388338881592
L'One,Рем Дигга,0.21650809801336326
L'One,Джиз,0.21472343892967463
L'One,Триада,0.2139257613134723
T-Fest,Тимати,0.2167093337479089
T-Fest,Корж,0.21607070021840316
T-Fest,Вульгарный Тонн,0.21410149090071484
T-Fest,Смоки Мо,0.2132361317738536
T-Fest,Johnyboy,0.2105076477735335
T-Fest,Feduk,0.20949708727581043
T-Fest,Ассаи,0.20858681690027378
T-Fest,Баста,0.20834783713893076
T-Fest,Скриптонит,0.20474446276606162
T-Fest,Гуф,0.20410478160109286
Батарея,Полюса,0.2703979063497857
Батарея,ПОЛЮСА [26/08 клуб Грибоедов],0.23965959882613425
Батарея,Птаха,0.21118250823268028
Батарея,Ассаи,0.1994567421310734
Батарея,Домино,0.19688038242022077
Батарея,Джиз,0.1961913877529568
Батарея,Корж,0.18864701052011176
Батарея,Окси,0.18590529583266968
Батарея,Krec,0.18576551654982934
Батарея,Гуф,0.18188521822830284
Браток,Птаха,0.19759217585066208
Браток,Каста,0.18759496216850752
Браток,Вульгарный Тонн,0.17884927817144886
Браток,Гуф,0.17821718655117677
Браток,Johnyboy,0.1743587504931814
Браток,ОУ74,0.17434239115280073
Браток,Тимати,0.1729812551325094
Браток,Centr,0.17188440094966959
Браток,Ассаи,0.17092927704504537
Браток,Корж,0.17074838666195555
Буерак,Джиз,0.18434309626069453
Буерак,Эльбрус Джанмирзоев,0.1824057650001186
Буерак,Нигатив,0.18028783368294793
Буерак,Krec,0.18008810898191524
Буерак,Триада,0.17421366622318304
Буерак,Ассаи,0.17272116473426982
Буерак,Король и Шут,0.17205508848642295
Буерак,Лигалайз,0.1671975896065586
Буерак,Птаха,0.16550329878297723
Буерак,gone.Fludd,0.16490360461386994
Гекто,Yanix,0.2141926236270336
Гекто,Ассаи,0.20222143424110664
Гекто,Тимати,0.19896397648014777
Гекто,PHARAOH,0.19832512151592546
Гекто,Смоки Мо,0.19377033917488823
Гекто,Feduk,0.1935725227842065
Гекто,Krec,0.19322703432321653
Гекто,Boulevard Depo,0.1906422948476348
Гекто,Джиз,0.1878833046036753
Гекто,Птаха,0.1850883943205918
Гречка,Тимати,0.207039983232594
Гречка,Johnyboy,0.20008316092912135
Гречка,Ассаи,0.19417793582200893
Гречка,Krec,0.18933184160959776
Гречка,Джиз,0.18540425890111717
Гречка,Смоки Мо,0.1851683501137661
Гречка,Эльбрус Джанмирзоев,0.18512754746718252
Гречка,Корж,0.1836100197851805
Гречка,Домино,0.18236729612790448
Гречка,Баста,0.18037670428988134
Домино,Анимал джаз,0.29567872524915767
Домино,Animal Jazz,0.29567872524915767
Домино,Ассаи,0.22009468436081916
Домино,Баста,0.21940570613451726
Домино,Johnyboy,0.21411428006530545
Домино,Гуф,0.212496104593187
Домино,Птаха,0.2111429509525872
Домино,Тимати,0.21077280452946437
Домино,Krec,0.2068965723876361
Домино,Нигатив,0.2039583134815316
Монеточка,абстрактный бомж,0.33080351643045103
Монеточка,zgheilmyfrr x mironoffdmitry,0.3306754103780207
Монеточка,Каста,0.23028099794981494
Монеточка,Тимати,0.1960317368720865
Монеточка,Баста,0.19157626564631447
Монеточка,Гуф,0.18978126150358446
Монеточка,Птаха,0.18423743892141548
Монеточка,Ассаи,0.18265021717891425
Монеточка,Krec,0.18187044868903704
Монеточка,Смоки Мо,0.17989950424740803
Нойз MC,Noize MC,0.33548973452718905
Нойз MC,Гуф,0.231641159414573
Нойз MC,Птаха,0.2231678348567031
Нойз MC,Oxxxymiron,0.22265893346985347
Нойз MC,Вульгарный Тонн,0.21973886174665613
Нойз MC,Баста,0.21870488316271075
Нойз MC,Смоки Мо,0.2105069020197979
Нойз MC,Каста,0.21038715235001887
Нойз MC,Johnyboy,0.20845901468991154
Нойз MC,Лигалайз,0.2050861410748899
Окси,Krec,0.20520077089613412
Окси,Ассаи,0.19976435442152593
Окси,Смоки Мо,0.18903396628639796
Окси,Домино,0.18838680965358645
Окси,Батарея,0.18590529583266968
Окси,Тимати,0.1856230527721061
Окси,Johnyboy,0.18426470497990174
Окси,Баста,0.18264633765724894
Окси,Птаха,0.18186257111599902
Окси,Chemodan,0.18113018328552147
Сфера,Ассаи,0.1884603705223169
Сфера,Krec,0.1850900065403916
Сфера,Рем Дигга,0.1757052885166226
Сфера,Лигалайз,0.17463428887706423
Сфера,Тимати,0.17457463857972108
Сфера,Каста,0.17130828817160998
Сфера,Птаха,0.16722216170599674
Сфера,Триада,0.16393903215734576
Сфера,Johnyboy,0.16331817893513811
Сфера,Домино,0.1626355060554688
Тараканы!,Четыре таракана,0.44663581035006045
Тараканы!,Тараканы,0.4425478352109542
Тараканы!,Ассаи,0.1787131493585912
Тараканы!,L'One,0.17491165570678996
Тараканы!,Джиз,0.17471654068174916
Тараканы!,Krec,0.17303401062438578
Тараканы!,Смоки Мо,0.17126346364076478
Тараканы!,Каста,0.17112425061081935
Тараканы!,Птаха,0.1671262661508184
Тараканы!,Корж,0.1650634293603781
Узелок,Ассаи,0.21330812156357848
Узелок,Баста,0.2065958311610086
Узелок,Krec,0.20330366986664514
Узелок,Джиз,0.20186699022536836
Узелок,Смоки Мо,0.19995084855732126
Узелок,Нигатив,0.1961488393248769
Узелок,Домино,0.1931057319954432
Узелок,Триада,0.19159101583417157
Узелок,Птаха,0.1879623618195085
Узелок,Каста,0.1865315432216717
Хоми,Ассаи,0.21626924820064986
Хоми,Смоки Мо,0.20349203642493605
Хоми,Krec,0.2025272816302061
Хоми,Птаха,0.18908459183736973
Хоми,Нигатив,0.18828447256698133
Хоми,Тимати,0.18750001322985912
Хоми,ОУ74,0.18690213532720387
Хоми,Каста,0.18656029000836988
Хоми,Рем Дигга,0.1864345561340653
Хоми,Лигалайз,0.1832072350525451
Хром,Krec,0.23450834936507872
Хром,Ассаи,0.22644055215294662
Хром,Баста,0.21990491267198603
Хром,Триада,0.21374715389226498
Хром,Тимати,0.2123934536486492
Хром,Смоки Мо,0.20964057277934692
Хром,ОУ74,0.20849310893425013
Хром,Вульгарный Тонн,0.20076739882090694
Хром,Markul,0.19880259261548439
Хром,Рем Дигга,0.19790189720787965
Чарли Z,Krec,0.18227506017974635
Чарли Z,Птаха,0.1773324325883216
Чарли Z,Баста,0.17593323985429504
Чарли Z,Лигалайз,0.17410479556219588
Чарли Z,Гуф,0.17394138128148037
Чарли Z,Ассаи,0.17161530281245793
Чарли Z,Вульгарный Тонн,0.1709852373741298
Чарли Z,Триада,0.17036046298998309
Чарли Z,Смоки Мо,0.16874386387299625
Чарли Z,Тимати,0.16729192058654418
EK-Playaz,Mrs. DvaTree,0.6875944821868311
EK-Playaz,ака47 ek playaz,0.5160543405442117
EK-Playaz,Ek Playaz,0.38656917575407956
EK-Playaz,Каста,0.1408864666070364
EK-Playaz,Птаха,0.1376529704439611
EK-Playaz,Гуф,0.12726226225288462
EK-Playaz,Смоки Мо,0.12583630285768593
EK-Playaz,Тимати,0.12365754746791412
EK-Playaz,Каратель,0.12323350984944291
EK-Playaz,Баста,0.12267021878483957
Basta,PHARAOH,0.42547295824319553
Basta,Thomas Mraz,0.2136667947180203
Basta,Тимати,0.19357584832107427
Basta,Баста,0.186722694147288
Basta,Krec,0.18595881465144942
Basta,Птаха,0.18283792184864622
Basta,Вульгарный Тонн,0.18192291590343843
Basta,Джиз,0.17860285142815915
Basta,Ассаи,0.17814675445256603
Basta,Feduk,0.17765495425298145
Onyx,Песочные Люди,0.6689756795609196
Onyx,Смоки Мо,0.3565075701032818
Onyx,Johnyboy,0.1473437352114007
Onyx,L'One,0.1430062755711295
Onyx,Ассаи,0.1423014408151097
Onyx,Ronan Keating,0.14089563194075022
Onyx,Тимати,0.1402185868798179
Onyx,Баста,0.13794816214733685
Onyx,Big Baby Tape,0.1367735687972777
Onyx,Лигалайз,0.1359601692880346
Баста / Гуф,Баста,0.5307344612469462
Баста / Гуф,Гуф,0.3810455826786862
Баста / Гуф,Птаха,0.2462148821187509
Баста / Гуф,Каста,0.22652259386792092
Баста / Гуф,Вульгарный Тонн,0.22319707926555976
Баста / Гуф,ОУ74,0.2156956095264648
Баста / Гуф,Триада,0.21299016453100286
Баста / Гуф,Centr,0.20930441696004065
Баста / Гуф,Смоки Мо,0.20620147464835065
Баста / Гуф,ТГК,0.19913964068692636
Face,Yanix,0.17258927305124325
Face,Тимати,0.15970789139676317
Face,T-Fest,0.15733577122567502
Face,Lil Morty,0.15353928267367872
Face,Джиз,0.15002826221015275
Face,Баста,0.15000607900314675
Face,Feduk,0.14674990248303663
Face,Big Baby Tape,0.14643474250484473
Face,Johnyboy,0.14559079272606895
Face,Thomas Mraz,0.1453221835871268
Noize MC,Нойз МС,0.5049034909101835
Noize MC,Нойз MC,0.33548973452718905
Noize MC,Баста,0.11926965349431992
Noize MC,Гуф,0.11796591023617907
Noize MC,Вульгарный Тонн,0.11707559591902246
Noize MC,Каста,0.11604250212693082
Noize MC,Krec,0.11149052764824069
Noize MC,Johnyboy,0.11071887858692947
Noize MC,Птаха,0.10997508252469261
Noize MC,Лигалайз,0.10845752849834979
i61,Boulevard Depo,0.4366300296057573
i61,IKBN - IRAQ,0.4249575995682634
i61,DOPECLVB,0.4195698850691185
i61,Ассаи,0.1560086113903135
i61,Thomas Mraz,0.14918442876156113
i61,Смоки Мо,0.14639674829643448
i61,Птаха,0.1446338362275564
i61,Триада,0.14400997694868928
i61,Баста,0.14081152809537067
i61,ОУ74,0.13914475569209037
Любэ,Артиллеия,0.15648402225300775
Любэ,РВиА,0.15648402225300775
Любэ,D1sH,0.12236496867847799
Любэ,Виктор Малолетний,0.11425811345959061
Любэ,Браток,0.10359929702914059
Любэ,Ассаи,0.09708289032634995
Любэ,Каста,0.0956861164029927
Любэ,Лигалайз,0.09519565500631957
Любэ,Баста,0.09443537292783409
Любэ,Miyagi,0.09442046641966113
ATL,Скриптонит,0.18343837469515384
ATL,Markul,0.18248023793822754
ATL,Рем Дигга,0.18029018726330684
ATL,Баста,0.1801373449285401
ATL,Смоки Мо,0.17874612211797675
ATL,Триада,0.1778519604365011
ATL,Ассаи,0.17671520247754244
ATL,Птаха,0.17006384604511746
ATL,Нигатив,0.1692413811427031
ATL,Krec,0.16885464281455495
Eminem,Slim,0.6423422639989356
Eminem,ТГК,0.3013064632153145
Eminem,Lasha MC,0.19472727791479585
Eminem,Stas Neiz,0.1876917716990595
Eminem,Neiz,0.17236287214494986
Eminem,Гуф,0.15071994638995292
Eminem,Вульгарный Тонн,0.14870187962482223
Eminem,Баста,0.12721842492740107
Eminem,Каста,0.12468352753797905
Eminem,Птаха,0.12221462303953788
Восточный Округ,Восточный Округ (УРМК),0.9807094566584277
Восточный Округ,Chemodan,0.3796206825120682
Восточный Округ,Восточный округ,0.10636156697599551
Восточный Округ,Триагрутрика,0.10074026323773885
Восточный Округ,ТРИАГРУТРИКА (Т.Г.К.липсис),0.09311635173561059
Восточный Округ,TRIAGRUTRIKA,0.09186596928471677
Восточный Округ,ОУ74,0.09133882164899772
Восточный Округ,Смоки Мо,0.09103464296536529
Восточный Округ,ТГК,0.09030564752795897
Восточный Округ,Триагрутрика (ТГК) - Т.Г.К.липсис,0.08846094888872014
Красная шапочка,к/ф Красная Шапочка,0.9963571677901636
Красная шапочка,Детские песни,0.9703826900952465
Красная шапочка,Песня Красной Шапочки (рок-версия),0.9575593991294575
Красная шапочка,Красная Шапочка,0.9575593991294575
Красная шапочка,про Красную Шапочку,0.9542092414467055
Красная шапочка,из к/ф,0.9542092414467055
Красная шапочка,Красная шапка,0.9542092414467055
Красная шапочка,:)),0.9218113717052085
Красная шапочка,˜”*°•.☆ааааааааа!!!,0.9180860934565228
Красная шапочка,Песни из детских фильмов,0.914098818280913
Лизоркин,Баста,0.13373788500633682
Лизоркин,Miyagi,0.13172027478339848
Лизоркин,Хром,0.12480951381542299
Лизоркин,Витя Ак & Tip 2В12,0.12368049273668334
Лизоркин,Ассаи,0.12288527030741875
Лизоркин,Feduk,0.12037895754231727
Лизоркин,Гуф,0.11855668160820756
Лизоркин,Markul,0.11835598220675494
Лизоркин,Птаха,0.11786170320025517
Лизоркин,ОУ74,0.11634937088422255
Сокира Перуна,Нежеголь,0.48396005772035816
Сокира Перуна,9 ВАЛ,0.2970187476159812
Сокира Перуна,Антонина Матвиенко,0.2588256472268079
Сокира Перуна,Русич,0.1889055216193952
Сокира Перуна,"Скрябін, (1995 Птахи)",0.17650865043236216
Сокира Перуна,Наречена_Михайло Хома (Дзідзьо)(акорди),0.16551586760858517
Сокира Перуна,О. Васильчак та С.Роговський,0.11967850698702859
Сокира Перуна,М8Л8Tx / Нежеголь,0.10399872781568772
Сокира Перуна,Бабич Анжела,0.08541443081492649
Сокира Перуна,Мот,0.08054196019517794
Big Black Boots,Гуф,0.12966320190859493
Big Black Boots,Каста,0.12573150419279328
Big Black Boots,Баста,0.12562770181908847
Big Black Boots,Смоки Мо,0.12392788602891659
Big Black Boots,Восточный округ,0.12352936934835097
Big Black Boots,Птаха,0.11865073292908973
Big Black Boots,Корж,0.1148828948850479
Big Black Boots,ОУ74,0.11246408437360159
Big Black Boots,Centr,0.10869952181381227
Big Black Boots,ТГК,0.10837416511549816
Big Russian Boss,Скриптонит,0.15702839767867802
Big Russian Boss,Boulevard Depo,0.15688512559194126
Big Russian Boss,Yanix,0.15627890406266845
Big Russian Boss,Тимати,0.15401625651450118
Big Russian Boss,Johnyboy,0.15291204446492365
Big Russian Boss,Instasamka,0.14891020838615368
Big Russian Boss,PHARAOH,0.1480349652085271
Big Russian Boss,Вульгарный Тонн,0.14735254413408264
Big Russian Boss,Feduk,0.1459768039809552
Big Russian Boss,Смоки Мо,0.14493866040942352
Neiz,Stas Neiz,0.986012408255402
Neiz,Lasha MC,0.28172053145814835
Neiz,Eminem,0.17236287214494986
Neiz,KOt StYlE,0.16202346224557918
Neiz,Elect,0.16202346224557918
Neiz,Jerry aka Нелегальный,0.13776412748681402
Neiz,Slim,0.13706570007625873
Neiz,Daily,0.08716239393925997
Neiz,RSA 2010,0.08434675906910594
Neiz,ТГК,0.0780671753963581
Noize mc,Гуф,0.09012019513013
Noize mc,Нойз MC,0.08920172994669975
Noize mc,Смоки Мо,0.08656113644461665
Noize mc,Centr,0.08338781993022736
Noize mc,"Ginex - DoN-A, Beny Krik, Som -Мостовой Двор",0.08147931532623295
Noize mc,Триагрутрика,0.07822758024213244
Noize mc,Каста,0.07789758289379665
Noize mc,Lasha MC,0.07739146903272574
Noize mc,Вульгарный Тонн,0.07364914644470177
Noize mc,Тимати,0.07167584489010762
Алена Апина,Алёна Апина,0.8401127302228175
Алена Апина,Апина,0.8281982203643669
Алена Апина,Владимир Трошин,0.32406459072178295
Алена Апина,Дюна,0.16123137671317844
Алена Апина,Раиса Неменова,0.15860667966500192
Алена Апина,♪♫ Перевалов Геннадий,0.12681097760623605
Алена Апина,Зимавсегда,0.1065203227119109
Алена Апина,Оксана Почепа,0.09017391322658347
Алена Апина,♡ Акула ♡,0.09011061282316282
Алена Апина,Узелок,0.08798197033827866
Алые паруса,Алые Паруса.,0.938632655292564
Алые паруса,Барды,0.5856089996929331
Алые паруса,Алые паруса (минус),0.5778774519898233
Алые паруса,Песни орлятского круга,0.5179014421005254
Алые паруса,Валерия Лесовская,0.3057980287294982
Алые паруса,"""Алые паруса""",0.19052361819644434
Алые паруса,"Сводный хор ""АП"")",0.10578120928236517
Алые паруса,Русский,0.09173328909537923
Алые паруса,Корж,0.08832579647102715
Алые паруса,†.чЁ за трЕк.†,0.08814826109871028
Барды,Барды.,0.7696368410590003
Барды,Алые Паруса.,0.6199285692998667
Барды,Алые паруса,0.5856089996929331
Барды,Алые паруса (минус),0.2164733611000007
Барды,Песни орлятского круга,0.20717359051560752
Барды,Валерия Лесовская,0.20696713783301635
Барды,Юлия Самошкина,0.17483236966080332
Барды,"""Алые паруса""",0.12140394573210864
Барды,Хаски,0.09044678334348272
Барды,Корж,0.08887242292671767
"Баста, Смоки Мо",Баста и Смоки Мо,0.691677710381745
"Баста, Смоки Мо",Смоки Мо,0.4821646684297986
"Баста, Смоки Мо",Баста,0.3240811846905178
"Баста, Смоки Мо",Рем Дигга,0.1151844974986336
"Баста, Смоки Мо",Krec,0.10936386576279611
"Баста, Смоки Мо",Johnyboy,0.10899026767249811
"Баста, Смоки Мо",ОУ74,0.10809447291597632
"Баста, Смоки Мо",Скриптонит,0.10705406948099111
"Баста, Смоки Мо",Chemodan,0.10343893105602718
"Баста, Смоки Мо",Вульгарный Тонн,0.10302833375276955
Ваня Воробей,ЗОЖ,0.9583678513861521
Ваня Воробей,Воробей,0.9544569108763125
Ваня Воробей,ОУ74,0.06962624206731269
Ваня Воробей,Ми типа гриби,0.06529628021514386
Ваня Воробей,Feduk,0.06190275326699713
Ваня Воробей,Восточный округ,0.05984046096351146
Ваня Воробей,Птаха,0.05873472036766168
Ваня Воробей,ТГК,0.05767608689172889
Ваня Воробей,Смоки Мо,0.05722807469296107
Ваня Воробей,Johnyboy,0.05667245651311835
Неизвестен,LOUIS PASTEUR,0.7115520641371315
Неизвестен,Louis Pasteur,0.6502667299143964
Неизвестен,трол фейс,0.38745604776022985
Неизвестен,TROLLFACE,0.38745604776022985
Неизвестен,ROTOFF,0.351224333524473
Неизвестен,Коля RotoFF,0.3388496630821878
Неизвестен,Паук,0.23252770993367144
Неизвестен,Неизвестный исполнитель,0.2106833910106663
Неизвестен,Балабама,0.12025496963456854
Неизвестен,Boulevard Depo,0.11880695280940459
Неизвестный исполнитель,ЧиСтО боМ боММ,0.676626521629848
Неизвестный исполнитель,это девка словно пуля,0.676626521629848
Неизвестный исполнитель,Песьня.,0.5777818779015663
Неизвестный исполнитель,детская песенка,0.5777818779015663
Неизвестный исполнитель,Детская,0.5777818779015663
Неизвестный исполнитель,♨♨♨Детская песня♨♨♨,0.5653275507813091
Неизвестный исполнитель,Анатолий Александрович,0.5389288278061416
Неизвестный исполнитель,Шишков Сергей,0.5389288278061416
Неизвестный исполнитель,"Вокальный Квартет ""Аккорд""",0.5389288278061416
Неизвестный исполнитель,Детские Песни,0.5321040956375015
Оксана Дроздова,D-Bosh,0.11877074553023144
Оксана Дроздова,Оксана Дроздова.,0.116294070592555
Оксана Дроздова,Эльбрус Джанмирзоев,0.11443613540292158
Оксана Дроздова,Miyagi,0.10789389508491716
Оксана Дроздова,Курские соловьи,0.10590065791227073
Оксана Дроздова,Krec,0.1056905629784499
Оксана Дроздова,Триада,0.10451870249797117
Оксана Дроздова,Джиз,0.10128126680651464
Оксана Дроздова,Баста,0.10024171506939622
Оксана Дроздова,Ассаи,0.09948578478956956
Песочные Люди,Onyx,0.6689756795609196
Песочные Люди,Смоки Мо,0.2514711834824484
Песочные Люди,Ronan Keating,0.12039427975472762
Песочные Люди,MuDvAyNe,0.10902057202399552
Песочные Люди,George Thorogood And The Destroyers,0.10675365851813282
Песочные Люди,Loqiemean,0.10399597511348867
Песочные Люди,Билли Бро,0.10125529038617719
Песочные Люди,Porchy,0.09684385262412176
Песочные Люди,Big Baby Tape,0.09139691734898032
Песочные Люди,Radiohead,0.08796057121982677
Полюса,ПОЛЮСА [26/08 клуб Грибоедов],0.9515605174278572
Полюса,Батарея,0.2703979063497857
Полюса,Игорь Белый,0.10100554901638838
Полюса,Аля Кудряшова,0.10100554901638838
Полюса,Игорь Белый (на стихи Али Кудряшёвой),0.10100554901638838
Полюса,Лизоркин,0.08665828505502446
Полюса,Аля Кудряшева,0.08494484970753802
Полюса,Птаха,0.08306625565073218
Полюса,L'One,0.0781446318650592
Полюса,ОУ74,0.07790755782235509
Bad Balance,Лигалайз,0.3854835881856253
Bad Balance,Вульгарный Тонн,0.14260752324794018
Bad Balance,Каста - Влади - Что Нам Делать в Греции?,0.12855139453469716
Bad Balance,Смоки Мо,0.12131577754317369
Bad Balance,Гуф,0.12064259714076568
Bad Balance,Паук,0.12009532526805689
Bad Balance,Нойз MC,0.11857583299494773
Bad Balance,Триада,0.11792558773569611
Bad Balance,Триагрутрика,0.11610979248836506
Bad Balance,MC Молодой & DZA & CanabiZ,0.11482206731580973
DOPECLVB,IKBN - IRAQ,0.7472997052629446
DOPECLVB,Boulevard Depo,0.43788690159412574
DOPECLVB,i61,0.4195698850691185
DOPECLVB,PHARAOH,0.14713943369747354
DOPECLVB,Смоки Мо,0.14668789846128363
DOPECLVB,Thomas Mraz,0.144586431434942
DOPECLVB,Скриптонит,0.1379981770312041
DOPECLVB,Триагрутрика,0.13574437002734013
DOPECLVB,Лигалайз,0.13492701408514887
DOPECLVB,Рем Дигга,0.1344721140621533
Guf,Каста,0.1501594344035342
Guf,Гуф,0.14916834934775053
Guf,Птаха,0.14293161793636572
Guf,Баста,0.13827759155396868
Guf,Баста / Гуф,0.13423981992457182
Guf,Centr,0.13212952266359165
Guf,Скриптонит,0.1299110560795969
Guf,Триада,0.12518928813898045
Guf,Johnyboy,0.12386964912559843
Guf,Корж,0.12355152050945957
Loc-Dog,Krec,0.17525414436170741
Loc-Dog,Птаха,0.17420651538807444
Loc-Dog,Словетский,0.17417249906433205
Loc-Dog,Гуф,0.1737125393330072
Loc-Dog,Баста,0.16849856921478032
Loc-Dog,Смоки Мо,0.16607186753371878
Loc-Dog,Ассаи,0.16493543063838714
Loc-Dog,PHARAOH,0.1592787913627456
Loc-Dog,Рем Дигга,0.15855589191473266
Loc-Dog,Тимати,0.15517243540866307
Madwayz LOC,Тимати,0.1465092495450288
Madwayz LOC,Смоки Мо,0.1303171102852228
Madwayz LOC,Гуф,0.1276819420858499
Madwayz LOC,Скриптонит,0.12248431435270647
Madwayz LOC,Johnyboy,0.12147709803309667
Madwayz LOC,Птаха,0.11899183449876376
Madwayz LOC,Баста,0.11888760510333085
Madwayz LOC,Каста,0.11804436472600105
Madwayz LOC,Восточный округ,0.11794375139974474
Madwayz LOC,ТГК,0.11761724564176297
Mary Gu,Скриптонит,0.13428844002334356
Mary Gu,Тимати,0.12890498679957635
Mary Gu,Ассаи,0.12666360843556973
Mary Gu,Рем Дигга,0.12642298889028733
Mary Gu,100 music,0.12170630782409912
Mary Gu,Donnie Brasco,0.12108642149778451
Mary Gu,Boulevard Depo,0.11384491267614971
Mary Gu,Krec,0.11284108052072271
Mary Gu,Вульгарный Тонн,0.11232448247123868
Mary Gu,Баста,0.1111389602213031
Rido,Krec,0.1457947170990879
Rido,Ассаи,0.13402409276198762
Rido,Нигатив,0.13313242720020424
Rido,Тимати,0.13214619867954336
Rido,Feduk,0.12800862627458498
Rido,polusplus.com,0.12740968745692652
Rido,Miyagi,0.12368176215093547
Rido,Эльбрус Джанмирзоев,0.1217756153276381
Rido,Баста,0.1182567063654809
Rido,Johnyboy,0.11700058041679205
SUPERIOR.CAT.PROTEUS,PHARAOH,0.15654196096088746
SUPERIOR.CAT.PROTEUS,Boulevard Depo,0.12855194365561742
SUPERIOR.CAT.PROTEUS,Триада,0.12723985565130655
SUPERIOR.CAT.PROTEUS,Рем Дигга,0.12292037425361424
SUPERIOR.CAT.PROTEUS,Вульгарный Тонн,0.12033934416023803
SUPERIOR.CAT.PROTEUS,Смоки Мо,0.1185247498078358
SUPERIOR.CAT.PROTEUS,Chemodan,0.1178849854276184
SUPERIOR.CAT.PROTEUS,Thomas Mraz,0.11639626172855626
SUPERIOR.CAT.PROTEUS,Лигалайз,0.11565091842080255
SUPERIOR.CAT.PROTEUS,Johnyboy,0.1152084550883535
Shot,Ассаи,0.1276485877403144
Shot,Баста,0.11667650004240908
Shot,dom1No,0.11509877070761952
Shot,Птаха,0.10953983251921151
Shot,Домино,0.1090866703064094
Shot,Нигатив,0.10807479612451895
Shot,Валдай,0.10795139473540537
Shot,Триада,0.10240911684716374
Shot,Вульгарный Тонн,0.0996330160502914
Shot,Гуф,0.09846509589760487
T.A. Yanix,#SWAGGAЖОПС,0.9977405165955209
T.A. Yanix,Yanix,0.08670632955407809
T.A. Yanix,Boulevard Depo,0.08135834424484058
T.A. Yanix,Lil Morty,0.07587804332336837
T.A. Yanix,Johnyboy,0.07524790272480929
T.A. Yanix,Триагрутрика,0.07355507186577541
T.A. Yanix,Тимати,0.07163726193641864
T.A. Yanix,Big Baby Tape,0.06842752360118431
T.A. Yanix,Хор,0.06567232609826337
T.A. Yanix,gone.Fludd,0.06541886390424248
TRIAGRUTRIKA,ТРИАГРУТРИКА (Т.Г.К.липсис),0.9778695488376153
TRIAGRUTRIKA,12 ТРИАГРУТРИКА (Т.Г.К.липсис),0.7314470112611772
TRIAGRUTRIKA,ТРИАГРУТРИКА [Т.Г.К.липсис(2011)],0.7314470112611772
TRIAGRUTRIKA,ТРИАГРУТРИКА (Т.Г.К.липсис 2011),0.7314470112611772
TRIAGRUTRIKA,The Chemodan,0.7314470112611772
TRIAGRUTRIKA,Триагрутрика (ТГК) - Т.Г.К.липсис,0.7063528722450001
TRIAGRUTRIKA,Триагутрика,0.6992499660307977
TRIAGRUTRIKA,Триагрутрика,0.5097888142194655
TRIAGRUTRIKA,ТГК,0.46063160943669124
TRIAGRUTRIKA,Гуф,0.17270353878235553
dom!No,не ну это пиздец песня,0.5003892697608405
dom!No,Домино,0.12513003058478692
dom!No,Баста,0.12205287539616706
dom!No,Смоки Мо,0.12122194443805435
dom!No,Корж,0.11924023501115201
dom!No,Птаха,0.1123372243765923
dom!No,Miyagi,0.11201815983694001
dom!No,Триада,0.11137591559748015
dom!No,Вульгарный Тонн,0.11080572793184296
dom!No,Каста,0.10845734276920406
the Chemodan,Баста,0.15029348256529185
the Chemodan,Рем Дигга,0.1490894430019972
the Chemodan,Chemodan,0.1423274321448881
the Chemodan,Птаха,0.1354593955458586
the Chemodan,Johnyboy,0.13492145514403917
the Chemodan,Гуф,0.1348214831897023
the Chemodan,Триада,0.1312939522450288
the Chemodan,Смоки Мо,0.1302393695124005
the Chemodan,Krec,0.12736132763269495
the Chemodan,PHARAOH,0.12661628498044372
Аля Кудряшева,Аля Кудряшова,0.9810949050054741
Аля Кудряшева,Игорь Белый (на стихи Али Кудряшёвой),0.9810949050054741
Аля Кудряшева,Игорь Белый,0.9810949050054741
Аля Кудряшева,Птаха,0.09496034034763365
Аля Кудряшева,Батарея,0.08861828556328374
Аля Кудряшева,Полюса,0.08494484970753802
Аля Кудряшева,Feduk,0.08238307205242036
Аля Кудряшева,Каста,0.08150348729414848
Аля Кудряшева,Домино,0.08074833232256466
Аля Кудряшева,Гуф,0.08019933612412096
Алёна Апина,Апина,0.9921408418815242
Алёна Апина,Алена Апина,0.8401127302228175
Алёна Апина,Владимир Трошин,0.3858177444338778
Алёна Апина,Дюна,0.18285707696861378
Алёна Апина,Раиса Неменова,0.17646681509825407
Алёна Апина,♪♫ Перевалов Геннадий,0.12973481450520247
Алёна Апина,Зимавсегда,0.09667095870623048
Алёна Апина,Узелок,0.0807274682068868
Алёна Апина,ChipaChip x Женя Дэп,0.0787866528276147
Алёна Апина,♡ Акула ♡,0.07754333834308748
Армия брат,Армейская,0.9962119143738861
Армия брат,Любэ,0.08287436936587664
Армия брат,D1sH,0.07697171118356892
Армия брат,Птаха,0.06982710430621294
Армия брат,ФИЗТЕХпесня,0.06835461596054779
Армия брат,Триагрутрика,0.06474192611186769
Армия брат,Виктор Малолетний,0.064604727289832
Армия брат,Loc-Dog,0.06443377183905384
Армия брат,Рем Дигга,0.06396489372589124
Армия брат,Триада,0.06360762631286924
Баста и Смоки Мо,"Баста, Смоки Мо",0.691677710381745
Баста и Смоки Мо,Смоки Мо,0.4131323914414599
Баста и Смоки Мо,Баста,0.30795833350140217
Баста и Смоки Мо,Рем Дигга,0.16013389335406875
Баста и Смоки Мо,Johnyboy,0.15939151858221598
Баста и Смоки Мо,Chemodan,0.15799171048157104
Баста и Смоки Мо,Скриптонит,0.1545442778950932
Баста и Смоки Мо,Krec,0.15383628446770253
Баста и Смоки Мо,Miyagi,0.15022175488500722
Баста и Смоки Мо,Каста,0.14962802973957776
Бьянка,БьЯНК@,0.5661639955319048
Бьянка,Loc Dog,0.07978695686169947
Бьянка,Гуф,0.07823648038752451
Бьянка,Птаха,0.07693616758847702
Бьянка,Баста,0.0767144874485089
Бьянка,Вообще,0.07528226337005751
Бьянка,Тандем,0.07369175334288564
Бьянка,Тимати,0.07361756138106357
Бьянка,Светлана Разина,0.07351194217751963
Бьянка,Мот,0.07290563611752993
Вадим Мулерман,Песни нашего века,0.9316366236607865
Вадим Мулерман,Квартет физфака пу Сергея Никитина,0.904422578606627
Вадим Мулерман,Артиллеия,0.07865434851954409
Вадим Мулерман,РВиА,0.07865434851954409
Вадим Мулерман,Чичерина,0.07692803102930998
Вадим Мулерман,"Марьяж ""Декорации""",0.07298139327996726
Вадим Мулерман,Чечерина,0.06357993436395575
Вадим Мулерман,dom1No,0.06171465594537545
Вадим Мулерман,T9,0.060704198576339935
Вадим Мулерман,ЛСП,0.059798433247703356
Вадим Сажин,ВАДИМ САЖИН,0.9677434960689025
Вадим Сажин,Русский,0.08817214711938073
Вадим Сажин,Смоки Мо,0.0848130033305598
Вадим Сажин,Krec,0.08453183279420419
Вадим Сажин,Centr,0.08176520074866395
Вадим Сажин,Птаха,0.07993631368824344
Вадим Сажин,Светлана Копылова,0.07960690946456872
Вадим Сажин,"Гр. ""Они""",0.07889649598341432
Вадим Сажин,Ассаи,0.07799973616489271
Вадим Сажин,Эльбрус Джанмирзоев,0.0770039619949883
Витос,Белый Аликорн,0.18872571870325547
Витос,Ассаи,0.1717810917909555
Витос,Krec,0.16825056908498168
Витос,Джиз,0.16133382123729972
Витос,Баста,0.15156130512856392
Витос,Лигалайз,0.15151601083486446
Витос,Эльбрус Джанмирзоев,0.14563333563686895
Витос,Триада,0.14346281257418905
Витос,Johnyboy,0.14208426507329755
Витос,Тимати,0.13819098612321398
Витоса,Rigos,0.5549276560024315
Витоса,Oxxxymiron,0.20262818351642198
Витоса,Вульгарный Тонн,0.13726947355227304
Витоса,Каста,0.1363965065718505
Витоса,Скриптонит,0.1357084484047336
Витоса,Krec,0.13415500516015932
Витоса,Птаха,0.132863203177518
Витоса,Баста,0.13244368990704536
Витоса,Рем Дигга,0.13096257942373307
Витоса,Centr,0.13089850746479123
Гагарина Полина,Полина Гагарина,0.9918792211728612
Гагарина Полина,Любовь и нежность,0.11316600853215003
Гагарина Полина,Оксана Дроздова,0.09915397126319438
Гагарина Полина,Валерия Лесовская,0.0984336484897376
Гагарина Полина,Левон,0.09485747602333588
Гагарина Полина,➨ Levon,0.09485747602333588
Гагарина Полина,Ассаи,0.08520198852416563
Гагарина Полина,"""Алые паруса""",0.08467804748415206
Гагарина Полина,Miyagi,0.07685151805874313
Гагарина Полина,слушай экзорцист,0.07552110929038088
Гриби,Ми типа гриби,0.921953848368536
Гриби,Грибы,0.5538504538806586
Гриби,Ирина Туманова,0.10032852326806468
Гриби,Рем Дигга,0.08902598283633574
Гриби,Diamond Miners Gang,0.08459749786504829
Гриби,Big Baby Tape,0.08254091726428438
Гриби,Yanix,0.08055933274736306
Гриби,Триагрутрика,0.077781064771637
Гриби,Instasamka,0.07735099557462602
Гриби,Тимати,0.07722573671288878
Давид Тухманов,Раиса Неменова,0.10791666603091057
Давид Тухманов,Владимир Трошин,0.10634188707813132
Давид Тухманов,ВИТОС,0.08212118064151289
Давид Тухманов,Узелок,0.0808668505340839
Давид Тухманов,Апина,0.07851753399713049
Давид Тухманов,Алёна Апина,0.0715941430469646
Давид Тухманов,Триада,0.0713389836185558
Давид Тухманов,♪♫ Перевалов Геннадий,0.06941980221108689
Давид Тухманов,Эдуард Эдуаши (Успешная Группа),0.06902013254953372
Давид Тухманов,Андрей Макаревич,0.06760169370625593
Детские Песни,Шишков Сергей,0.9899514106754238
Детские Песни,"Вокальный Квартет ""Аккорд""",0.9899514106754238
Детские Песни,Анатолий Александрович,0.9899514106754238
Детские Песни,♨♨♨Детская песня♨♨♨,0.941505557286453
Детские Песни,Детская,0.9202798702516777
Детские Песни,детская песенка,0.9202798702516777
Детские Песни,Песьня.,0.9202798702516777
Детские Песни,Неизвестный исполнитель,0.5321040956375015
Детские Песни,Четыре таракана,0.13926283601663153
Детские Песни,Тараканы,0.1379881889815198
Детские песни,Песня Красной Шапочки (рок-версия),0.9942778763244547
Детские песни,Красная Шапочка,0.9942778763244547
Детские песни,Красная шапочка,0.9703826900952465
Детские песни,:)),0.9570184151074638
Детские песни,к/ф Красная Шапочка,0.9552907894656089
Детские песни,˜”*°•.☆ааааааааа!!!,0.9521815373846336
Детские песни,про Красную Шапочку,0.878433921727712
Детские песни,из к/ф,0.878433921727712
Детские песни,Красная шапка,0.878433921727712
Детские песни,DJ Little Red Riding Hood,0.875069864803011
Дюна,Андрей Климнюк,0.18925485797150685
Дюна,Апина,0.1846568433510375
Дюна,Алёна Апина,0.18285707696861378
Дюна,Алена Апина,0.16123137671317844
Дюна,Браток,0.12198944115463278
Дюна,Узелок,0.1217501842571777
Дюна,Владимир Высоцкий,0.11800782624465826
Дюна,Владимир Трошин,0.1025217479871337
Дюна,Лигалайз,0.09756420054230813
Дюна,Баста,0.09393735392052296
Звери,●,0.9921486113928886
Звери,ИСН,0.08617154958448636
Звери,Mary Gu,0.08361196925538697
Звери,Feduk,0.07764298756729966
Звери,Тимати,0.07620338765975453
Звери,Скриптонит,0.07426165919584579
Звери,Хром,0.07205005133855068
Звери,Ляляля,0.07175703755292896
Звери,Krec,0.06910471303223999
Звери,Рем Дигга,0.06901633993475217
Зимавсегда,Мельница--Сонный рыцарь-,0.12519234056495393
Зимавсегда,Алена Апина,0.1065203227119109
Зимавсегда,Владимир Трошин,0.10391039746037525
Зимавсегда,Алёна Апина,0.09667095870623048
Зимавсегда,Апина,0.09551315537753055
Зимавсегда,Андрей Макаревич,0.09325815292208642
Зимавсегда,Krec,0.08995017142107459
Зимавсегда,Джиз,0.08191445503430164
Зимавсегда,Кравц,0.08189243672643436
Зимавсегда,Светлана Разина,0.08142778737760492
Игорь Растеряев,Рем Дигга,0.10287065521351524
Игорь Растеряев,Ассаи,0.10079079456105756
Игорь Растеряев,Браток,0.10041764055603743
Игорь Растеряев,Баста,0.09857588756107175
Игорь Растеряев,Каста,0.09720483575039035
Игорь Растеряев,ОУ74,0.09535842876111277
Игорь Растеряев,Русский,0.08855279981634487
Игорь Растеряев,Вульгарный Тонн,0.08581000544897299
Игорь Растеряев,Смоки Мо,0.08572910499193032
Игорь Растеряев,Узелок,0.08523963296042353
Ирина Туманова,Святитель Иоанн Златоуст,0.16701043628350037
Ирина Туманова,Ми типа гриби,0.1235037158429126
Ирина Туманова,Хор,0.11122888773893674
Ирина Туманова,Гриби,0.10032852326806468
Ирина Туманова,Людмила Зыкина dnb mix,0.0986476144756849
Ирина Туманова,OST Кисло,0.0892627009676592
Ирина Туманова,Грибы,0.08269204587163839
Ирина Туманова,слушай экзорцист,0.07530902348893556
Ирина Туманова,Google Тёлка,0.07530902348893556
Ирина Туманова,Оксана Дроздова,0.07268644396401425
Йорш,Децл,0.21299401550507582
Йорш,Птаха,0.1134605048608431
Йорш,Тимати,0.1094181902958563
Йорш,Вульгарный Тонн,0.10597245405991358
Йорш,Кровосток,0.10553482734862878
Йорш,Каратель,0.10127486271479225
Йорш,Loc Dog,0.10081941568421486
Йорш,Boulevard Depo,0.09983833370705072
Йорш,Триагрутрика,0.09932330027502322
Йорш,Каста,0.0958962008135342
Майя Кристалинская,Кристаллинская Майя,0.8879571141241043
Майя Кристалинская,Людмила Зыкина dnb mix,0.10562466202330727
Майя Кристалинская,Для доты именно для Васи Бояркина,0.06710612125215165
Майя Кристалинская,Lil'Stop,0.06710612125215165
Майя Кристалинская,ОУ74,0.06557683362290179
Майя Кристалинская,OST Кисло,0.06396055119484535
Майя Кристалинская,Каста,0.062248491512994705
Майя Кристалинская,Krec,0.060258769612303406
Майя Кристалинская,Гуф,0.059775995039941264
Майя Кристалинская,Feduk,0.05971838705125601
Максим Демах,ЛСП,0.3421221036065171
Максим Демах,Скриптонит,0.1359971278387107
Максим Демах,Гуф,0.129419672550039
Максим Демах,Thomas Mraz,0.1275654474386025
Максим Демах,Вульгарный Тонн,0.1251046928318692
Максим Демах,Oxxxymiron,0.12325371384008744
Максим Демах,Триада,0.12277867667061865
Максим Демах,Каста,0.11690849871731449
Максим Демах,Markul,0.1168074690795338
Максим Демах,Птаха,0.11629093081352108
От Вінта,От Винта,0.9943277287518
От Вінта,Ot vinta,0.9911695634255561
От Вінта,Ot Vinta!,0.9911695634255561
От Вінта,Русич,0.11833306455072093
От Вінта,9 ВАЛ,0.08021749248591102
От Вінта,Сокира Перуна,0.07396231111040216
От Вінта,О. Васильчак та С.Роговський,0.07051473155805589
От Вінта,Бабич Анжела,0.06847196112405722
От Вінта,"Скрябін, (1995 Птахи)",0.05450226190479939
От Вінта,Shot,0.035956804356066366
Регги,реги,0.9864535924659165
Регги,Доктор Айболит,0.9864535924659165
Регги,♫. ιllιlιιl Сява,0.15266119346078905
Регги,Птаха,0.0679643925494098
Регги,Любэ,0.06596943460325527
Регги,Miyagi,0.06585172022983794
Регги,Браток,0.06277481720229787
Регги,Триагрутрика,0.06021319352245009
Регги,Feduk,0.05983574992949919
Регги,Tony Gun,0.05930541877207081
Русич,Сокира Перуна,0.1889055216193952
Русич,"Скрябін, (1995 Птахи)",0.14606372657535666
Русич,Нежеголь,0.13352776101808358
Русич,От Вінта,0.11833306455072093
Русич,Ot Vinta!,0.11648983706384035
Русич,Ot vinta,0.11648983706384035
Русич,От Винта,0.11539288220659126
Русич,9 ВАЛ,0.10514969530275738
Русич,Антонина Матвиенко,0.06587885051759401
Русич,Хоми,0.03704525678289784
Сатана Печёт Блины,сатана печет блины,0.6894380102822733
Сатана Печёт Блины,Krec,0.10218521090373368
Сатана Печёт Блины,Буерак,0.09230509910588637
Сатана Печёт Блины,Centr,0.09227319329743106
Сатана Печёт Блины,2rbina 2rista,0.09087370659141766
Сатана Печёт Блины,Markul,0.09063164251921697
Сатана Печёт Блины,Триагрутрика,0.08976167531114321
Сатана Печёт Блины,Ассаи,0.08711986625548883
Сатана Печёт Блины,Баста,0.0869982617521626
Сатана Печёт Блины,Смоки Мо,0.08658246856643746
ТРИАГРУТРИКА (Т.Г.К.липсис),TRIAGRUTRIKA,0.9778695488376153
ТРИАГРУТРИКА (Т.Г.К.липсис),The Chemodan,0.7111476493960991
ТРИАГРУТРИКА (Т.Г.К.липсис),12 ТРИАГРУТРИКА (Т.Г.К.липсис),0.7111476493960991
ТРИАГРУТРИКА (Т.Г.К.липсис),ТРИАГРУТРИКА [Т.Г.К.липсис(2011)],0.7111476493960991
ТРИАГРУТРИКА (Т.Г.К.липсис),ТРИАГРУТРИКА (Т.Г.К.липсис 2011),0.7111476493960991
ТРИАГРУТРИКА (Т.Г.К.липсис),Триагрутрика (ТГК) - Т.Г.К.липсис,0.7090021985634659
ТРИАГРУТРИКА (Т.Г.К.липсис),Триагутрика,0.6818184683756784
ТРИАГРУТРИКА (Т.Г.К.липсис),Триагрутрика,0.5007137711238638
ТРИАГРУТРИКА (Т.Г.К.липсис),ТГК,0.44964960601128423
ТРИАГРУТРИКА (Т.Г.К.липсис),Гуф,0.17311305727989354
Чичерина,Чечерина,0.9892824713685701
Чичерина,Хома,0.1683632411316837
Чичерина,5'nizza,0.125116709333345
Чичерина,Сергей Бабкин (5'nizza),0.12372320512262155
Чичерина,T9,0.08890954267024959
Чичерина,Корж,0.08552043485290485
Чичерина,Квартет физфака пу Сергея Никитина,0.08390364864134733
Чичерина,Песни нашего века,0.083190289765911
Чичерина,Вадим Мулерман,0.07692803102930998
Чичерина,Vol'naya Dusha,0.07644269059789466
к/ф Красная Шапочка,Красная шапочка,0.9963571677901636
к/ф Красная Шапочка,из к/ф,0.9678989054190306
к/ф Красная Шапочка,про Красную Шапочку,0.9678989054190306
к/ф Красная Шапочка,Красная шапка,0.9678989054190306
к/ф Красная Шапочка,Детские песни,0.9552907894656089
к/ф Красная Шапочка,Красная Шапочка,0.9480020545239748
к/ф Красная Шапочка,Песня Красной Шапочки (рок-версия),0.9480020545239748
к/ф Красная Шапочка,Песни из детских фильмов,0.9272130338179506
к/ф Красная Шапочка,:)),0.9120243755071895
к/ф Красная Шапочка,˜”*°•.☆ааааааааа!!!,0.9082055462698384
"""Алые паруса""",Валерия Лесовская,0.29668692045069683
"""Алые паруса""",Алые паруса (минус),0.212414248723948
"""Алые паруса""",Песни орлятского круга,0.1953266801168863
"""Алые паруса""",Алые паруса,0.19052361819644434
"""Алые паруса""",Алые Паруса.,0.1815906955236382
"""Алые паруса""","Сводный хор ""АП"")",0.17570545647034203
"""Алые паруса""",Барды,0.12140394573210864
"""Алые паруса""",Левон,0.11527813115650556
"""Алые паруса""",➨ Levon,0.11527813115650556
"""Алые паруса""",Ольга Арефьева,0.0860381855300817
#SWAGGAЖОПС,T.A. Yanix,0.9977405165955209
#SWAGGAЖОПС,Yanix,0.08854464960348288
#SWAGGAЖОПС,Boulevard Depo,0.08254637013308472
#SWAGGAЖОПС,Lil Morty,0.07754748242165989
#SWAGGAЖОПС,Johnyboy,0.07682879502472183
#SWAGGAЖОПС,Триагрутрика,0.07414489638628304
#SWAGGAЖОПС,Тимати,0.07347787498211639
#SWAGGAЖОПС,Big Baby Tape,0.06953170958841001
#SWAGGAЖОПС,gone.Fludd,0.06586898628110999
#SWAGGAЖОПС,Centr,0.0657008198029961
(AlljЭлджей),ND Production,0.869676287961831
(AlljЭлджей),Элджей (Я|Так) похож на птицу.,0.8643961798181484
(AlljЭлджей),Элджей,0.5181877832391597
(AlljЭлджей),Feduk,0.2695664134270279
(AlljЭлджей),Музыкальная жизнь™,0.10878469333814632
(AlljЭлджей),Брутто (Каспийский Груз),0.08505842807066545
(AlljЭлджей),Thomas Mraz,0.08371125062175941
(AlljЭлджей),Баста,0.08054991607220252
(AlljЭлджей),Вульгарный Тонн,0.07674360362773129
(AlljЭлджей),ОУ74,0.07467879294067878
1 klass,Domino-Прыгай в такт,0.4133495726813311
1 klass,"Ginex - DoN-A, Beny Krik, Som -Мостовой Двор",0.14447101632370113
1 klass,Вульгарный Тонн,0.1322138730162411
1 klass,Rate1.2,0.1285151562693013
1 klass,Птаха,0.12383294047767188
1 klass,Рем Дигга,0.12256905866527644
1 klass,ОУ74,0.11977580888425496
1 klass,Каратель,0.11886012767963676
1 klass,Смоки Мо,0.118714279770351
1 klass,Miyagi,0.11554547470893378
10. Сплин,Сплин,0.9998715301458989
10. Сплин,Krec,0.0880592231076892
10. Сплин,Джиз,0.07774978218148522
10. Сплин,Смоки Мо,0.07526939795854574
10. Сплин,Ассаи,0.07320707978537264
10. Сплин,Гуф,0.07154664874453333
10. Сплин,Децл,0.07067643673907335
10. Сплин,Рем Дигга,0.06868585968342748
10. Сплин,Chemodan,0.06836285138556218
10. Сплин,Thomas Mraz,0.06737034276574361
100 music,Donnie Brasco,0.9741298336816844
100 music,Скриптонит,0.22094282934148562
100 music,Mary Gu,0.12170630782409912
100 music,Loc-Dog,0.11410588252170319
100 music,Big Russian Boss,0.10860102041798057
100 music,Boulevard Depo,0.09833268272777942
100 music,Yanix,0.09662220739171148
100 music,Miyagi,0.0907229051108734
100 music,Big Baby Tape,0.09068614750570064
100 music,gone.Fludd,0.09062877545066989
12 ТРИАГРУТРИКА (Т.Г.К.липсис),ТРИАГРУТРИКА (Т.Г.К.липсис 2011),1.0000000000000004
12 ТРИАГРУТРИКА (Т.Г.К.липсис),ТРИАГРУТРИКА [Т.Г.К.липсис(2011)],1.0000000000000004
12 ТРИАГРУТРИКА (Т.Г.К.липсис),The Chemodan,1.0000000000000004
12 ТРИАГРУТРИКА (Т.Г.К.липсис),Триагутрика,0.9497004672727961
12 ТРИАГРУТРИКА (Т.Г.К.липсис),TRIAGRUTRIKA,0.7314470112611772
12 ТРИАГРУТРИКА (Т.Г.К.липсис),ТРИАГРУТРИКА (Т.Г.К.липсис),0.7111476493960991
12 ТРИАГРУТРИКА (Т.Г.К.липсис),ТГК,0.5186697002878987
12 ТРИАГРУТРИКА (Т.Г.К.липсис),Триагрутрика,0.36187565712609604
12 ТРИАГРУТРИКА (Т.Г.К.липсис),Смоки Мо,0.12585932476732528
12 ТРИАГРУТРИКА (Т.Г.К.липсис),ОУ74,0.12455250097696087
207. Soulkast,Soulkast,1.0
207. Soulkast,"Потратил тыщу баксов, они вернутся",0.07953706754468019
207. Soulkast,Глеб Романов,0.07877110112352474
207. Soulkast,Jerry aka Нелегальный,0.041699276090943566
207. Soulkast,Mrs. DvaTree,0.040598817042949265
207. Soulkast,KOt StYlE,0.03974669202091336
207. Soulkast,Elect,0.03974669202091336
207. Soulkast,◘ Легенды Про,0.035876162499274465
207. Soulkast,Neiz,0.03378100711186207
207. Soulkast,Lasha MC,0.03333080944099022
2rbina 2rista,сатана печет блины,0.12022024600892452
2rbina 2rista,Сатана Печёт Блины,0.09087370659141766
2rbina 2rista,Гуф,0.08530551107365297
2rbina 2rista,Триада,0.08523470613554943
2rbina 2rista,Птаха,0.08210421411111671
2rbina 2rista,Вульгарный Тонн,0.07972180146864971
2rbina 2rista,Смоки Мо,0.07909048174149473
2rbina 2rista,"""Алые паруса""",0.0790156745845295
2rbina 2rista,Корж,0.07854334972318146
2rbina 2rista,Рем Дигга,0.07552999749456991
43ai,Ассаи,0.11018473831778472
43ai,Krec,0.10038189671067461
43ai,Баста,0.0941146395050361
43ai,Dino MC47,0.09274275029237274
43ai,Вульгарный Тонн,0.09133343833550829
43ai,Смоки Мо,0.09022723690504149
43ai,gone.Fludd,0.08997094978482166
43ai,Белый Аликорн,0.08955656498279341
43ai,L'One,0.08885490023172027
43ai,Рем Дигга,0.08793483862233178
48 kbps,Кровосток,0.10172978441683192
48 kbps,Гуф,0.08275973850447757
48 kbps,ТГК,0.07786572283722738
48 kbps,Сява,0.07495182885329657
48 kbps,Восточный округ,0.07395741640227045
48 kbps,Вульгарный Тонн,0.07136758504684125
48 kbps,Centr,0.07102325589715822
48 kbps,Johnyboy,0.07012965425700712
48 kbps,Рем Дигга,0.06965161980253122
48 kbps,Каста,0.06913236855392366
4SGM,Dav / 4SGM,0.9933278439346533
4SGM,Ассаи,0.10655538734889951
4SGM,Джиз,0.09542991974767873
4SGM,Птаха,0.09397557135272788
4SGM,Рем Дигга,0.09376871191133714
4SGM,Баста,0.09288004033478217
4SGM,Триада,0.09282677037798832
4SGM,Каста,0.08801257330969993
4SGM,VOICE OF SATURN,0.08753097093934079
4SGM,Тимати,0.08625734651952299
5 Шлюх,Вульгарный Тонн,0.12992379863489525
5 Шлюх,Boulevard Depo,0.0984759668016764
5 Шлюх,Oxxxymiron,0.09565951318199664
5 Шлюх,Rate1.2,0.09030733681030209
5 Шлюх,Гуф,0.08810023815316895
5 Шлюх,Johnyboy,0.08649933526496073
5 Шлюх,Вульгарный тон,0.08426441104532541
5 Шлюх,Скриптонит,0.08374636940286752
5 Шлюх,Yanix,0.08279234533701756
5 Шлюх,Птаха,0.08190174065597124
5'nizza,5'nizza - Белые рубашки,0.8989505053912369
5'nizza,Сергей Бабкин (5'nizza),0.7779270586736291
5'nizza,Чечерина,0.1420658185721298
5'nizza,Хома,0.12681556657166765
5'nizza,Чичерина,0.125116709333345
5'nizza,Корж,0.0774337005418245
5'nizza,Эльбрус Джанмирзоев,0.07653224033086381
5'nizza,gone.Fludd,0.06431686211832482
5'nizza,Владимир Трошин,0.06039690266953856
5'nizza,Vol'naya Dusha,0.059394481840548734
5'nizza - Белые рубашки,5'nizza,0.8989505053912369
5'nizza - Белые рубашки,Сергей Бабкин (5'nizza),0.7474636924026075
5'nizza - Белые рубашки,витос,0.08094676733175377
5'nizza - Белые рубашки,Красная Шапочка,0.07942487432067034
5'nizza - Белые рубашки,Песня Красной Шапочки (рок-версия),0.07942487432067034
5'nizza - Белые рубашки,:)),0.07893422189785008
5'nizza - Белые рубашки,˜”*°•.☆ааааааааа!!!,0.07394318335302635
5'nizza - Белые рубашки,Детские песни,0.07001925314125852
5'nizza - Белые рубашки,Эльбрус Джанмирзоев,0.06507884020241508
5'nizza - Белые рубашки,Владимир Трошин,0.06200238685050374
9 ВАЛ,Сокира Перуна,0.2970187476159812
9 ВАЛ,Нежеголь,0.12000538570861999
9 ВАЛ,О. Васильчак та С.Роговський,0.10750164676553695
9 ВАЛ,Русич,0.10514969530275738
9 ВАЛ,М8Л8Tx / Нежеголь,0.0962885377350999
9 ВАЛ,Наречена_Михайло Хома (Дзідзьо)(акорди),0.08734199138212667
9 ВАЛ,От Вінта,0.08021749248591102
9 ВАЛ,Ot vinta,0.07176968100373791
9 ВАЛ,Ot Vinta!,0.07176968100373791
9 ВАЛ,От Винта,0.07109384436283746
:)),˜”*°•.☆ааааааааа!!!,0.992399930785756
:)),Красная Шапочка,0.9649697602134324
:)),Песня Красной Шапочки (рок-версия),0.9649697602134324
:)),Детские песни,0.9570184151074638
:)),Красная шапочка,0.9218113717052085
:)),к/ф Красная Шапочка,0.9120243755071895
:)),DJ Little Red Riding Hood,0.8527183490318222
:)),про Красную Шапочку,0.8389169509157134
:)),из к/ф,0.8389169509157134
:)),Красная шапка,0.8389169509157134
Afisha.ru,Сява,0.13798587076079033
Afisha.ru,Гуф,0.10639968230528482
Afisha.ru,Ноггано,0.10402095426339415
Afisha.ru,Вульгарный Тонн,0.09679924051795497
Afisha.ru,Птаха,0.0933894850381999
Afisha.ru,Johnyboy,0.09335675826623398
Afisha.ru,Тимати,0.09020686935187676
Afisha.ru,Мот,0.08873358318196657
Afisha.ru,Смоки Мо,0.08649385806534042
Afisha.ru,Oxxxymiron,0.08605268985488476
Alex Dark Stalker98,Домино,0.09110126063342354
Alex Dark Stalker98,Валдай,0.07832816253405371
Alex Dark Stalker98,Yanix,0.0755665825490728
Alex Dark Stalker98,Domino-Прыгай в такт,0.0725944264747176
Alex Dark Stalker98,Восточный округ,0.07188735494062982
Alex Dark Stalker98,Птаха,0.07119749445508419
Alex Dark Stalker98,Тимати,0.0673173975934479
Alex Dark Stalker98,Триагрутрика,0.06730043877453087
Alex Dark Stalker98,Децл,0.06706140405068393
Alex Dark Stalker98,"ОСП - С.Белоголовцев,Л.Каганов",0.06490804790047629
Alex Fish [Время Иллюзий],Nasty Nay,0.10014621346427184
Alex Fish [Время Иллюзий],Домино,0.09775632880165058
Alex Fish [Время Иллюзий],Вульгарный Тонн,0.09214041646345215
Alex Fish [Время Иллюзий],JILLZAY - ТВОY НОМЕР (Origin) Six O!,0.09141655257918097
Alex Fish [Время Иллюзий],Баста,0.0910628339501446
Alex Fish [Время Иллюзий],Тимати,0.09030044297171384
Alex Fish [Время Иллюзий],Скриптонит,0.08981377803133103
Alex Fish [Время Иллюзий],ОУ74,0.08896332711406632
Alex Fish [Время Иллюзий],dom1No,0.08732184051723875
Alex Fish [Время Иллюзий],Johnyboy,0.0864039180933435
Animal Jazz,Анимал джаз,0.9999999999999994
Animal Jazz,Домино,0.29567872524915767
Animal Jazz,Каста - Влади - Что Нам Делать в Греции?,0.09347348846376106
Animal Jazz,Ассаи,0.08918793749634998
Animal Jazz,Баста,0.08544966772265127
Animal Jazz,Markul,0.08462064395319226
Animal Jazz,L'One,0.07971576565726846
Animal Jazz,Валдай,0.07923251474008232
Animal Jazz,Порнофильмы,0.07852726811898927
Animal Jazz,Рем Дигга,0.07835872183388429
Animal ДжаZ,Miyagi,0.07828845754107744
Animal ДжаZ,Kid,0.0758824983795727
Animal ДжаZ,Домино,0.07585141884633621
Animal ДжаZ,Окси,0.07547237640205334
Animal ДжаZ,Лигалайз,0.0749915348283023
Animal ДжаZ,Кровосток,0.07326331669881436
Animal ДжаZ,Markul,0.07220749286251052
Animal ДжаZ,Скриптонит,0.0713435340136132
Animal ДжаZ,Нигатив,0.07123607022364664
Animal ДжаZ,Тараканы!,0.06952605244305164
Bahh Tee,Ассаи,0.13205922731224903
Bahh Tee,Feduk,0.12646700568835517
Bahh Tee,Баста,0.12131660906055337
Bahh Tee,Корж,0.11883629333012884
Bahh Tee,Триада,0.11744916579189968
Bahh Tee,группа Весна,0.11673349700382209
Bahh Tee,Гуф,0.11501568710156233
Bahh Tee,Тимати,0.11339793119249773
Bahh Tee,gone.Fludd,0.11075164231362011
Bahh Tee,Птаха,0.11060681724598558
"Bahh Tee ""Небо не предел""",Триада,0.10186045947932006
"Bahh Tee ""Небо не предел""",Каста,0.10116880835770749
"Bahh Tee ""Небо не предел""",Баста,0.1000707567433546
"Bahh Tee ""Небо не предел""",Лигалайз,0.09768891565267684
"Bahh Tee ""Небо не предел""","Хайд ""Нерв""",0.09205640500389714
"Bahh Tee ""Небо не предел""",Нигатив,0.0909222126420057
"Bahh Tee ""Небо не предел""",ОУ74,0.09053616907132192
"Bahh Tee ""Небо не предел""",Вульгарный Тонн,0.08908692446363563
"Bahh Tee ""Небо не предел""",Krec,0.0865209153879358
"Bahh Tee ""Небо не предел""",Oxxxymiron,0.08617136406499422
Bandit-Aul B.CH.S,группа Весна,0.1041789337739526
Bandit-Aul B.CH.S,СИЛЕН Radio Beograd 2 - 2016-12-30,0.09117489082403661
Bandit-Aul B.CH.S,ВИТОС,0.08073791138653408
Bandit-Aul B.CH.S,КОЈЕКУДА 2014-11-09 Radio Beograd 1,0.07441287135079573
Bandit-Aul B.CH.S,Святитель Иоанн Златоуст,0.07306984960707218
Bandit-Aul B.CH.S,ChipaChip x Женя Дэп,0.07122948541939746
Bandit-Aul B.CH.S,Маевский Сергей,0.07102500522452548
Bandit-Aul B.CH.S,Джиз,0.06999141576202005
Bandit-Aul B.CH.S,Курские соловьи,0.06996382592114533
Bandit-Aul B.CH.S,Окси,0.06639099153962787
Barry Gibb,МЖ,0.9999999999999997
Barry Gibb,HULIGAN,0.06298557869260595
Barry Gibb,Стрелки & MC Пряников,0.052712978628307365
Barry Gibb,НОМ,0.052089065811953626
Barry Gibb,Смоки Мо,0.04539093281902963
Barry Gibb,5 Шлюх,0.04484959813283157
Barry Gibb,Оратория 2005 (demo),0.040465577721034006
Barry Gibb,EK-Playaz,0.03958908434048291
Barry Gibb,Domino,0.03871005769073158
Barry Gibb,Mrs. DvaTree,0.03839909217920272
Bassnectar,Charlie Mole,0.7984163418795011
Bassnectar,Bones,0.08858429432593153
Bassnectar,Vomut & Wolfigo,0.0650381550226071
Bassnectar,Radiohead,0.06058470998013153
Bassnectar,ЛСП,0.05503733726620017
Bassnectar,Вульгарный Тонн,0.054840439296739395
Bassnectar,Оксана Дроздова,0.054785507097410494
Bassnectar,Каста,0.05379193457339691
Bassnectar,Slim,0.052664848377184645
Bassnectar,«Полкино»,0.05258806363289418
Billy's Band,Каста,0.08912590933493496
Billy's Band,Рем Дигга,0.08326563083733472
Billy's Band,группа Весна,0.08027383544471842
Billy's Band,Markul,0.07866089651219076
Billy's Band,I.B.,0.07702662656178386
Billy's Band,Баста,0.07646673308847791
Billy's Band,Johnyboy,0.07430714811946507
Billy's Band,Скриптонит,0.07386280699225099
Billy's Band,Птаха,0.07260626910309359
Billy's Band,SUPERIOR.CAT.PROTEUS,0.07224454064477862
Bones,Дворовые песни,0.11996121738108302
Bones,Radiohead,0.10406962409998098
Bones,Джиз,0.10111763481034618
Bones,Ассаи,0.09402765831996839
Bones,Тараканы!,0.09351953637823969
Bones,ИСН,0.08903396816193807
Bones,Bassnectar,0.08858429432593153
Bones,Сфера,0.08847929695930001
Bones,Instasamka,0.08734329680504045
Bones,Хаски,0.08697915418664759
Can4eZ(SV),Баста,0.15696074366253873
Can4eZ(SV),Гуф,0.15340428666851397
Can4eZ(SV),Птаха,0.1404046199483383
Can4eZ(SV),Корж,0.13462447695567062
Can4eZ(SV),Тимати,0.13220996726719425
Can4eZ(SV),ТГК,0.12845789068495655
Can4eZ(SV),Вульгарный Тонн,0.127799438108043
Can4eZ(SV),Ассаи,0.12436279877215943
Can4eZ(SV),Каста,0.12374674109531343
Can4eZ(SV),Баста / Гуф,0.12257720673562573
Charlie Mole,Bassnectar,0.7984163418795011
Charlie Mole,"Хайд ""Нерв""",0.07812773924032923
Charlie Mole,Vomut & Wolfigo,0.06732736405205743
Charlie Mole,"""Алые паруса""",0.05471946804390625
Charlie Mole,«Полкино»,0.054439055101946215
Charlie Mole,OST Кисло,0.05386732086617933
Charlie Mole,Валерия Лесовская,0.05308702134395077
Charlie Mole,Каста,0.052381706312286266
Charlie Mole,американские сайты с порнофильмами,0.05201349595277804
Charlie Mole,Левон,0.05154712655330994
Check,Триада,0.11252953598059305
Check,Птаха,0.11023131380439811
Check,Krec,0.11023105882943231
Check,Лигалайз,0.10985785941006175
Check,Смоки Мо,0.10810223874412371
Check,Баста,0.10452600445893176
Check,Miyagi,0.10318716819636584
Check,Feduk,0.10237592007759358
Check,L'One,0.10080487756913342
Check,Триагрутрика,0.10022846740639123
Chernikovskaya Hata,черниковская хата,0.9999999999999998
Chernikovskaya Hata,MEOW!,0.9768532950085982
Chernikovskaya Hata,Грибы,0.07362656323403877
Chernikovskaya Hata,Basta,0.06940563652368624
Chernikovskaya Hata,Агата Кристи - Чудеса (1998),0.06285872326188272
Chernikovskaya Hata,Гриби,0.05888697798026852
Chernikovskaya Hata,Агата Кристи,0.05824642800380205
Chernikovskaya Hata,polusplus.com,0.055235907523923856
Chernikovskaya Hata,Ми типа гриби,0.05157487593756951
Chernikovskaya Hata,Джиз,0.05020703871943432
ChipaChip x Женя Дэп,Ассаи,0.12843511278579367
ChipaChip x Женя Дэп,Баста,0.12307848099806258
ChipaChip x Женя Дэп,Корж,0.12040216822348412
ChipaChip x Женя Дэп,Truwer,0.11932869685435517
ChipaChip x Женя Дэп,Птаха,0.11442857992520691
ChipaChip x Женя Дэп,Скриптонит,0.11029954671525635
ChipaChip x Женя Дэп,Markul,0.10932503313682436
ChipaChip x Женя Дэп,Rido,0.10845981974386633
ChipaChip x Женя Дэп,Гуф,0.10711833656124876
ChipaChip x Женя Дэп,Каста,0.10695301188640231
Chpoks,Вульгарный Тонн,0.11721650351155696
Chpoks,Птаха,0.09780619800760312
Chpoks,Гуф,0.09161264375956882
Chpoks,Johnyboy,0.08997551896724149
Chpoks,Тимати,0.08896366543984587
Chpoks,VCrash,0.08794884397672403
Chpoks,Ассаи,0.08759354017600987
Chpoks,ОУ74,0.08533242166263993
Chpoks,MC Молодой & DZA & CanabiZ,0.08510480383215042
Chpoks,Скриптонит,0.08473258587218808
Cтрана OZ,ОУ74,0.1624068168962257
Cтрана OZ,Krec,0.15297265246055836
Cтрана OZ,Chemodan,0.15027713623881755
Cтрана OZ,Триада,0.1498179909922545
Cтрана OZ,ТГК,0.14701913246307588
Cтрана OZ,Гуф,0.14359608256404174
Cтрана OZ,Каста,0.14213199433681084
Cтрана OZ,Смоки Мо,0.13930181469081337
Cтрана OZ,Вульгарный Тонн,0.13901285652445844
Cтрана OZ,Ассаи,0.13827887409351022
D-Bosh,Курские соловьи,0.21570367241715938
D-Bosh,ВИА Пламя,0.17303105045097622
D-Bosh,Оксана Почепа,0.16556258668321638
D-Bosh,"Марьяж ""Декорации""",0.1541675326512421
D-Bosh,Бабич Анжела,0.1473411394490664
D-Bosh,nightcore (Musical.ly),0.14472775323327902
D-Bosh,Tony Gun,0.13392343896856823
D-Bosh,Типа РВ!,0.1251930558228207
D-Bosh,Оксана Дроздова,0.11877074553023144
D-Bosh,Оксана Дроздова.,0.10120393820649332
D1sH,Любэ,0.12236496867847799
D1sH,Виктор Малолетний,0.12223314705050439
D1sH,Каста,0.11986351036777945
D1sH,Триада,0.11088091000311608
D1sH,Баста,0.11068346129695478
D1sH,Король и Шут,0.09848382616552336
D1sH,Батарея,0.09822793363843187
D1sH,L'One,0.09819590450572048
D1sH,Гуф,0.09628921788651777
D1sH,Корж,0.096218684548434
DJ Little Red Riding Hood,Детские песни,0.875069864803011
DJ Little Red Riding Hood,Красная Шапочка,0.8749881298843853
DJ Little Red Riding Hood,Песня Красной Шапочки (рок-версия),0.8749881298843853
DJ Little Red Riding Hood,Красная шапочка,0.857770970890724
DJ Little Red Riding Hood,:)),0.8527183490318222
DJ Little Red Riding Hood,˜”*°•.☆ааааааааа!!!,0.850663121990611
DJ Little Red Riding Hood,к/ф Красная Шапочка,0.8455775596826699
DJ Little Red Riding Hood,про Красную Шапочку,0.8371657853379703
DJ Little Red Riding Hood,Красная шапка,0.8371657853379703
DJ Little Red Riding Hood,из к/ф,0.8371657853379703
DJ Хобот,Каста - Влади - Что Нам Делать в Греции?,0.09319905102346272
DJ Хобот,Каста,0.08969584144158038
DJ Хобот,Гекто,0.07675995030782365
DJ Хобот,EK-Playaz,0.07576698752667708
DJ Хобот,Chemodan,0.07573609359137444
DJ Хобот,ОУ74,0.07407848313355676
DJ Хобот,Восточный округ,0.0738792779969252
DJ Хобот,Ивангай,0.07344486610136355
DJ Хобот,ТГК,0.07326803349063762
DJ Хобот,Boulevard Depo,0.07243016005998083
Daily,ЗАПАС,0.27858587367355186
Daily,Lasha MC,0.2592373875866647
Daily,Elect,0.24284592103577013
Daily,KOt StYlE,0.24284592103577013
Daily,Гуф,0.14230078335639748
Daily,Greenaleх - Пати для Богатеньких\Нет Денег,0.13892061041950524
Daily,Jerry aka Нелегальный,0.10823860843044264
Daily,Vomut & Wolfigo,0.10540550688324048
Daily,Neiz,0.08716239393925997
Daily,Stas Neiz,0.08582320698959668
Dareen,Krec,0.0956808188930879
Dareen,Ассаи,0.08511316171879685
Dareen,♡ Акула ♡,0.08375813619187256
Dareen,Dino MC47,0.07789681254179032
Dareen,Король и Шут,0.07586008298074054
Dareen,Триада,0.07438862297405269
Dareen,KRiceT,0.06659634416213531
Dareen,Птаха,0.06640916773711114
Dareen,Джиз,0.06507135100854251
Dareen,витос,0.06477597579423369
Dav / 4SGM,4SGM,0.9933278439346533
Dav / 4SGM,Ассаи,0.10658182849913025
Dav / 4SGM,Птаха,0.09355872394749613
Dav / 4SGM,Баста,0.09319125524448031
Dav / 4SGM,Рем Дигга,0.09216944986686426
Dav / 4SGM,Триада,0.09171587057990913
Dav / 4SGM,Джиз,0.09065845117907975
Dav / 4SGM,Каста,0.08802296344169244
Dav / 4SGM,Тимати,0.08731838602435717
Dav / 4SGM,Смоки Мо,0.08615416576535988
Dead Hearted,ВИТОС,0.11975830879736193
Dead Hearted,группа Весна,0.0876527004255018
Dead Hearted,Дино (Триада),0.08230445770221094
Dead Hearted,не услышанный лирик,0.07418431688801692
Dead Hearted,Markul,0.06923411143071943
Dead Hearted,Бьянка,0.06678065518199791
Dead Hearted,Guf,0.06644720082081335
Dead Hearted,Louis Armstrong,0.0627891455329246
Dead Hearted,Вульгарный Тонн,0.06267057779395542
Dead Hearted,Big Russian Boss,0.062362650022764504
Diamond Miners Gang,Lil Morty,0.12402683337719668
Diamond Miners Gang,T-Fest,0.12332120168631151
Diamond Miners Gang,Big Baby Tape,0.11681084663715478
Diamond Miners Gang,DOPECLVB,0.09336879820336821
Diamond Miners Gang,Ми типа гриби,0.09060874508447371
Diamond Miners Gang,Yanix,0.08911019327621053
Diamond Miners Gang,Big Russian Boss,0.0856666196901705
Diamond Miners Gang,Гриби,0.08459749786504829
Diamond Miners Gang,"Марьяж ""Декорации""",0.08211173640560682
Diamond Miners Gang,Boulevard Depo,0.08132847669923224
Dino MC 47,Dino MC47,0.4344012487744999
Dino MC 47,Каста,0.1115245041920068
Dino MC 47,Триада,0.10805537731451179
Dino MC 47,Вульгарный Тонн,0.10604048410285982
Dino MC 47,Krec,0.10212717608262732
Dino MC 47,Баста,0.09882888775574335
Dino MC 47,Смоки Мо,0.09549989744696114
Dino MC 47,Птаха,0.09419447736062349
Dino MC 47,Ассаи,0.09044418502115606
Dino MC 47,Рем Дигга,0.08955095662972755
Dj Nik One,Словетский,0.37643318586379915
Dj Nik One,Баста,0.05670261988297604
Dj Nik One,Вульгарный Тонн,0.054460322926188034
Dj Nik One,Смоки Мо,0.05284695255238767
Dj Nik One,Truwer,0.05281207025105302
Dj Nik One,Каста,0.051591042771639034
Dj Nik One,Krec,0.0506738324803132
Dj Nik One,Рем Дигга,0.05066254400652668
Dj Nik One,Гуф,0.04924533760634732
Dj Nik One,Грозный,0.047844499380610084
Domino,Вульгарный Тонн,0.10367186535649751
Domino,Домино,0.10367008968998437
Domino,dom!No,0.10276631776726096
Domino,Птаха,0.10199706462515806
Domino,Centr,0.10123507938874647
Domino,не ну это пиздец песня,0.09909256690339527
Domino,Триагрутрика,0.09564861946047774
Domino,Krec,0.09384794405622997
Domino,dom1No,0.09360511454558426
Domino,Oxxxymiron,0.09230743725660151
Domino-Прыгай в такт,1 klass,0.4133495726813311
Domino-Прыгай в такт,Rate1.2,0.12788741529076372
Domino-Прыгай в такт,Вульгарный Тонн,0.12390232369711299
Domino-Прыгай в такт,Лигалайз,0.11738311878089573
Domino-Прыгай в такт,Рем Дигга,0.11353613002739137
Domino-Прыгай в такт,Тимати,0.11296551052565362
Domino-Прыгай в такт,Смоки Мо,0.11047851728314861
Domino-Прыгай в такт,Птаха,0.11041484307997693
Domino-Прыгай в такт,Триада,0.11032350823218251
Domino-Прыгай в такт,Chemodan,0.1087891267042132
Don't Smoke,Krec,0.13227088158761777
Don't Smoke,Ассаи,0.11718462655859568
Don't Smoke,Эльбрус Джанмирзоев,0.11608065702399631
Don't Smoke,Джиз,0.11180510248997447
Don't Smoke,Смоки Мо,0.10817805823884631
Don't Smoke,Лигалайз,0.10451040185644227
Don't Smoke,Chemodan,0.10442855049377966
Don't Smoke,Нигатив,0.10368705014689515
Don't Smoke,Feduk,0.10250516473273408
Don't Smoke,Буерак,0.10169436787183161
Donnie Brasco,100 music,0.9741298336816844
Donnie Brasco,Скриптонит,0.22462932940102384
Donnie Brasco,Mary Gu,0.12108642149778451
Donnie Brasco,Loc-Dog,0.10992545290786337
Donnie Brasco,Big Russian Boss,0.10641501780303354
Donnie Brasco,Boulevard Depo,0.09667134290109516
Donnie Brasco,Yanix,0.09531239453058386
Donnie Brasco,Big Baby Tape,0.09346929762512002
Donnie Brasco,Miyagi,0.09026082644488471
Donnie Brasco,gone.Fludd,0.09016717621496137
EK Playaz и Клоунеско,EK Playaz п.у. Клоунеско,0.8284731577533292
EK Playaz и Клоунеско,Клоунеско & EK Playaz,0.8212502111942658
EK Playaz и Клоунеско,Триагрутрика,0.07248902266534012
EK Playaz и Клоунеско,Лигалайз,0.0655743180514321
EK Playaz и Клоунеско,ТГК,0.06418015715581958
EK Playaz и Клоунеско,Boulevard Depo,0.062312895601554896
EK Playaz и Клоунеско,ОУ74,0.06196650850563762
EK Playaz и Клоунеско,Centr,0.06089899308561533
EK Playaz и Клоунеско,Гуф,0.06019022344270492
EK Playaz и Клоунеско,Птаха,0.05699296021035788
EK Playaz п.у. Клоунеско,Клоунеско & EK Playaz,0.9938413026403452
EK Playaz п.у. Клоунеско,EK Playaz и Клоунеско,0.8284731577533292
EK Playaz п.у. Клоунеско,ОУ74,0.06615847900137786
EK Playaz п.у. Клоунеско,Триагрутрика,0.0650820124403751
EK Playaz п.у. Клоунеско,Лигалайз,0.06455686681671634
EK Playaz п.у. Клоунеско,Ми типа гриби,0.06335397219186992
EK Playaz п.у. Клоунеско,ТГК,0.06262289270921897
EK Playaz п.у. Клоунеско,Гуф,0.060141839783271304
EK Playaz п.у. Клоунеско,Рем Дигга,0.05644313384077843
EK Playaz п.у. Клоунеско,Bad Balance,0.054593902868718965
Ek Playaz,EK-Playaz,0.38656917575407956
Ek Playaz,Птаха,0.07140176346908624
Ek Playaz,Цыганский Барон Олександр Набок,0.061429372143029244
Ek Playaz,Каста,0.055149873772787746
Ek Playaz,ЛСП,0.054442062540648525
Ek Playaz,Вульгарный Тонн,0.053677269430000764
Ek Playaz,Корж,0.05366590597827286
Ek Playaz,Рем Дигга,0.053533443379549905
Ek Playaz,Словетский,0.05340611301626545
Ek Playaz,Big Black Boots,0.05126056172419365
Elect,KOt StYlE,0.9999999999999999
Elect,Lasha MC,0.31586280586725546
Elect,Jerry aka Нелегальный,0.2676625930586687
Elect,Daily,0.24284592103577013
Elect,ЗАПАС,0.17324524059210922
Elect,RSA 2010,0.1700323855976617
Elect,Greenaleх - Пати для Богатеньких\Нет Денег,0.16550079666081435
Elect,Neiz,0.16202346224557918
Elect,Stas Neiz,0.14990792624146348
Elect,Гуф,0.11270002504613341
FCKN BEST,Домино,0.1062637918953077
FCKN BEST,Тимати,0.101486455008961
FCKN BEST,Скриптонит,0.09960017879448134
FCKN BEST,Баста,0.09932289677693083
FCKN BEST,Триагрутрика,0.0977000628898576
FCKN BEST,ТГК,0.09703992871104528
FCKN BEST,Boulevard Depo,0.09703517674830972
FCKN BEST,Смоки Мо,0.09685770104817248
FCKN BEST,Вульгарный Тонн,0.09566588809019261
FCKN BEST,Feduk,0.09493715349802266
Flowdan vs Logan Sama,Redo,0.9999999999999998
Flowdan vs Logan Sama,Гнойный (a.k.a Соня Мармеладова),0.9593821743056283
Flowdan vs Logan Sama,Соня Мармеладова (ГНОЙНЫЙ SLOVO SPB),0.9593821743056283
Flowdan vs Logan Sama,Соня Мармеладова (Гнойный),0.9593821743056283
Flowdan vs Logan Sama,Вульгарный Тонн,0.10014512409934268
Flowdan vs Logan Sama,Рем Дигга,0.09231571459665115
Flowdan vs Logan Sama,Yanix,0.08946960178919454
Flowdan vs Logan Sama,Смоки Мо,0.0888263556883196
Flowdan vs Logan Sama,Oxxxymiron,0.08601527449529835
Flowdan vs Logan Sama,Гекто,0.08599519163630849
GOA,ОУ74,0.1179389314697247
GOA,Триагутрика,0.0908335288494301
GOA,Гуф,0.08993906776267538
GOA,Johnyboy,0.08650272326253552
GOA,Триагрутрика,0.08534343007260961
GOA,ТГК,0.08503332352777733
GOA,ТРИАГРУТРИКА [Т.Г.К.липсис(2011)],0.08162541599397409
GOA,ТРИАГРУТРИКА (Т.Г.К.липсис 2011),0.08162541599397409
GOA,12 ТРИАГРУТРИКА (Т.Г.К.липсис),0.08162541599397409
GOA,The Chemodan,0.08162541599397409
George Thorogood And The Destroyers,Билли Бро,0.16374542232343062
George Thorogood And The Destroyers,MuDvAyNe,0.1633842155468854
George Thorogood And The Destroyers,Ronan Keating,0.14606601877006684
George Thorogood And The Destroyers,Regina Spektor,0.1173676930129668
George Thorogood And The Destroyers,Big Baby Tape,0.11113384789510605
George Thorogood And The Destroyers,Onyx,0.10875703811047971
George Thorogood And The Destroyers,Песочные Люди,0.10675365851813282
George Thorogood And The Destroyers,Radiohead,0.09039140634933324
George Thorogood And The Destroyers,Loqiemean,0.08897957464981648
George Thorogood And The Destroyers,Lustral,0.08788270919394282
"Ginex - DoN-A, Beny Krik, Som -Мостовой Двор",1 klass,0.14447101632370113
"Ginex - DoN-A, Beny Krik, Som -Мостовой Двор",Big Russian Boss,0.11706419867227882
"Ginex - DoN-A, Beny Krik, Som -Мостовой Двор",Johnyboy,0.11167694162594297
"Ginex - DoN-A, Beny Krik, Som -Мостовой Двор",Вульгарный Тонн,0.10308613104614914
"Ginex - DoN-A, Beny Krik, Som -Мостовой Двор",MC Молодой & DZA & CanabiZ,0.10056377203029213
"Ginex - DoN-A, Beny Krik, Som -Мостовой Двор",Птаха,0.10034447682971159
"Ginex - DoN-A, Beny Krik, Som -Мостовой Двор",Смоки Мо,0.09809327100222126
"Ginex - DoN-A, Beny Krik, Som -Мостовой Двор",Oxxxymiron,0.09751556652423769
"Ginex - DoN-A, Beny Krik, Som -Мостовой Двор",Рем Дигга,0.09561303456536516
"Ginex - DoN-A, Beny Krik, Som -Мостовой Двор",Гуф,0.09494556806456189
Google Тёлка,слушай экзорцист,0.9999999999999997
Google Тёлка,Стас Михайлов,0.10284846202899862
Google Тёлка,группа Весна,0.09626813580417223
Google Тёлка,Хор,0.08537168457010062
Google Тёлка,OST Кисло,0.08005180252388813
Google Тёлка,♡ Акула ♡,0.07891185850176458
Google Тёлка,Гречка,0.07773768051261765
Google Тёлка,Гагарина Полина,0.07552110929038088
Google Тёлка,Полина Гагарина,0.0753400612382278
Google Тёлка,Ирина Туманова,0.07530902348893556
Greenaleх - Пати для Богатеньких\Нет Денег,KOt StYlE,0.16550079666081435
Greenaleх - Пати для Богатеньких\Нет Денег,Elect,0.16550079666081435
Greenaleх - Пати для Богатеньких\Нет Денег,ЗАПАС,0.15743776974073112
Greenaleх - Пати для Богатеньких\Нет Денег,Daily,0.13892061041950524
Greenaleх - Пати для Богатеньких\Нет Денег,Lasha MC,0.07844472081761589
Greenaleх - Пати для Богатеньких\Нет Денег,Jerry aka Нелегальный,0.07676463455907179
Greenaleх - Пати для Богатеньких\Нет Денег,Boulevard Depo,0.06164545351768202
Greenaleх - Пати для Богатеньких\Нет Денег,Гуф,0.06007279764992133
Greenaleх - Пати для Богатеньких\Нет Денег,Super Rags,0.05975939625271855
Greenaleх - Пати для Богатеньких\Нет Денег,Big Russian Boss,0.058655403712169284
Grime,IC3PEAK,0.16606880891502276
Grime,Билли Бро,0.14060203617096506
Grime,Lustral,0.10748489422279651
Grime,Loqiemean,0.10114366237415437
Grime,MuDvAyNe,0.09789886489595469
Grime,L'One,0.09582423913148479
Grime,Big Baby Tape,0.08554829634035456
Grime,Джиз,0.07948321190072252
Grime,Rido,0.07946833462258601
Grime,George Thorogood And The Destroyers,0.07720621401264215
"H1GH ""Клетка""",Johnyboy,0.10135857711303572
"H1GH ""Клетка""","Хайд ""Нерв""",0.09652465895289188
"H1GH ""Клетка""",Centr,0.07827512010748944
"H1GH ""Клетка""",Гуф,0.07412753093954895
"H1GH ""Клетка""",Птаха,0.07379806547567266
"H1GH ""Клетка""",Вульгарный Тонн,0.0722946781321148
"H1GH ""Клетка""",ОУ74,0.07096052145343246
"H1GH ""Клетка""",Нигатив,0.0698747714206116
"H1GH ""Клетка""",Рем Дигга,0.06801427016403558
"H1GH ""Клетка""",Тимати,0.06632705246065099
HOMIE – Безумно можно быть первым,Ассаи,0.12909131281362946
HOMIE – Безумно можно быть первым,Krec,0.11117842149344763
HOMIE – Безумно можно быть первым,Тимати,0.1069749681061751
HOMIE – Безумно можно быть первым,Ляляля,0.10540058601967608
HOMIE – Безумно можно быть первым,Агата Кристи,0.10317348710351439
HOMIE – Безумно можно быть первым,Корж,0.10283286844250926
HOMIE – Безумно можно быть первым,Агата Кристи - Чудеса (1998),0.10125480240979769
HOMIE – Безумно можно быть первым,Эльбрус Джанмирзоев,0.09935714637543146
HOMIE – Безумно можно быть первым,Vol'naya Dusha,0.09666988525074698
HOMIE – Безумно можно быть первым,ОУ74,0.09646493727572987
HULIGAN,Markul,0.10069227213484748
HULIGAN,Johnyboy,0.09686747225982419
HULIGAN,Boulevard Depo,0.09203431220906323
HULIGAN,Триада,0.09063452207432167
HULIGAN,Chemodan,0.09010782573168873
HULIGAN,Oxxxymiron,0.08557933047169344
HULIGAN,Триагрутрика,0.08386536697548268
HULIGAN,Вульгарный Тонн,0.08214332526134088
HULIGAN,Rate1.2,0.07925946375006097
HULIGAN,ОУ74,0.07806809295680477
Habib Hakimov,Мишари Рашид Аль-Афаси,0.17956252185755328
Habib Hakimov,MC NO LIMIT,0.054332764950695445
Habib Hakimov,No Limit,0.054332764950695445
Habib Hakimov,Dareen,0.04719382633393643
Habib Hakimov,The Chemodan & Эфди Вадим,0.041689643554272515
Habib Hakimov,Дмитрий Авилов,0.040526416266115556
Habib Hakimov,Andy Panda,0.038505252349276375
Habib Hakimov,Узелок,0.03534698230856661
Habib Hakimov,1 klass,0.029927855349415316
Habib Hakimov,Триагрутрика,0.02755664000480975
Horus,Тимати,0.0953048687584232
Horus,Каста,0.09123305533819377
Horus,Krec,0.08894228697232168
Horus,ЛСП,0.0883462071384166
Horus,Нигатив,0.0864002623174063
Horus,ATL,0.08591967039937624
Horus,Триада,0.08407023691999664
Horus,Miyagi,0.08386267555771293
Horus,Смоки Мо,0.08142484364891374
Horus,Баста,0.08053279812773341
I.B.,Ассаи,0.10770812563537552
I.B.,Светлана Разина,0.10694368467354079
I.B.,Krec,0.10573242829565452
I.B.,➨ Levon,0.10081305604040115
I.B.,Левон,0.10081305604040115
I.B.,Птаха,0.09851072748004258
I.B.,Тимати,0.09406189360029005
I.B.,Смоки Мо,0.09202252673324894
I.B.,T-Fest,0.09160552168845014
I.B.,PHARAOH,0.09022382041149604
IKBN - IRAQ,DOPECLVB,0.7472997052629446
IKBN - IRAQ,i61,0.4249575995682634
IKBN - IRAQ,Boulevard Depo,0.42325037859862163
IKBN - IRAQ,Рем Дигга,0.13331321643791597
IKBN - IRAQ,Смоки Мо,0.1324288598911844
IKBN - IRAQ,Скриптонит,0.12741403679400934
IKBN - IRAQ,Ассаи,0.12416735687212702
IKBN - IRAQ,Лигалайз,0.12394693893075223
IKBN - IRAQ,Chemodan,0.12080409462799323
IKBN - IRAQ,ТГК,0.119978502518855
JILLZAY - ТВОY НОМЕР (Origin) Six O!,Truwer,0.3090314435567548
JILLZAY - ТВОY НОМЕР (Origin) Six O!,Скриптонит,0.2596365809413351
JILLZAY - ТВОY НОМЕР (Origin) Six O!,Корж,0.12024834932508867
JILLZAY - ТВОY НОМЕР (Origin) Six O!,Вульгарный Тонн,0.11817146548468392
JILLZAY - ТВОY НОМЕР (Origin) Six O!,Смоки Мо,0.11734282974596072
JILLZAY - ТВОY НОМЕР (Origin) Six O!,Баста,0.11536714135781775
JILLZAY - ТВОY НОМЕР (Origin) Six O!,Boulevard Depo,0.11511901905820192
JILLZAY - ТВОY НОМЕР (Origin) Six O!,Баста и Смоки Мо,0.11235351252979353
JILLZAY - ТВОY НОМЕР (Origin) Six O!,Рем Дигга,0.11053398724527345
JILLZAY - ТВОY НОМЕР (Origin) Six O!,Сява,0.10945487748608626
Jamal TGK,ТГК,0.1733142791034397
Jamal TGK,Триагрутрика,0.08071240265784982
Jamal TGK,Баста,0.07758213586864042
Jamal TGK,Ассаи,0.07545481811613974
Jamal TGK,polusplus.com,0.07368436818065105
Jamal TGK,Dino MC47,0.07184658725226176
Jamal TGK,Птаха,0.07166897635216689
Jamal TGK,Гуф,0.06745067979383904
Jamal TGK,Смоки Мо,0.06719730884033248
Jamal TGK,Krec,0.0667629881462799
Jencarlos,NATALIA OREIRO,0.6856545823934441
Jencarlos,Toto Cutugno,0.19766283511926513
Jencarlos,Rido,0.09032057214121546
Jencarlos,K'Maro,0.06521345770309889
Jencarlos,♡ Акула ♡,0.05947898521156786
Jencarlos,Святитель Иоанн Златоуст,0.05922959115128665
Jencarlos,Onyx,0.05625255427660526
Jencarlos,НОМ,0.05476687944478013
Jencarlos,Миша Fint,0.05045782863750839
Jencarlos,ИСН,0.048751205944053175
Jerry aka Нелегальный,KOt StYlE,0.2676625930586687
Jerry aka Нелегальный,Elect,0.2676625930586687
Jerry aka Нелегальный,Lasha MC,0.2509642406011017
Jerry aka Нелегальный,Neiz,0.13776412748681402
Jerry aka Нелегальный,Stas Neiz,0.13235925085442035
Jerry aka Нелегальный,Гуф,0.1179314602925878
Jerry aka Нелегальный,Daily,0.10823860843044264
Jerry aka Нелегальный,Bad Balance,0.07775830965330467
Jerry aka Нелегальный,Greenaleх - Пати для Богатеньких\Нет Денег,0.07676463455907179
Jerry aka Нелегальный,RSA 2010,0.0710738842425367
K'Maro,Toto Cutugno,0.10074423991460978
K'Maro,NATALIA OREIRO,0.09959315275023149
K'Maro,Лигалайз,0.09622488465590862
K'Maro,Смоки Мо,0.09341069695825595
K'Maro,Каста,0.0804767575992246
K'Maro,Oxxxymiron,0.07511687482273176
K'Maro,Эльбрус Джанмирзоев,0.0747620841207233
K'Maro,Markul,0.07264151371646696
K'Maro,EK-Playaz,0.07196407707176083
K'Maro,Паук,0.0713063679925753
KILLJOY | RHYME TIME inc.,Slim,0.09668852847094415
KILLJOY | RHYME TIME inc.,FCKN BEST,0.0732566171195285
KILLJOY | RHYME TIME inc.,Lasha MC,0.054538758352925494
KILLJOY | RHYME TIME inc.,"Скрябін, (1995 Птахи)",0.05204510106759083
KILLJOY | RHYME TIME inc.,Нежеголь,0.048508118499605055
KILLJOY | RHYME TIME inc.,Flowdan vs Logan Sama,0.04513860938689712
KILLJOY | RHYME TIME inc.,Redo,0.04513860938689712
KILLJOY | RHYME TIME inc.,Centr,0.04476544010385309
KILLJOY | RHYME TIME inc.,Соня Мармеладова (ГНОЙНЫЙ SLOVO SPB),0.04363399685413349
KILLJOY | RHYME TIME inc.,Соня Мармеладова (Гнойный),0.04363399685413349
KOt StYlE,Elect,0.9999999999999999
KOt StYlE,Lasha MC,0.31586280586725546
KOt StYlE,Jerry aka Нелегальный,0.2676625930586687
KOt StYlE,Daily,0.24284592103577013
KOt StYlE,ЗАПАС,0.17324524059210922
KOt StYlE,RSA 2010,0.1700323855976617
KOt StYlE,Greenaleх - Пати для Богатеньких\Нет Денег,0.16550079666081435
KOt StYlE,Neiz,0.16202346224557918
KOt StYlE,Stas Neiz,0.14990792624146348
KOt StYlE,Гуф,0.11270002504613341
KRiceT,Юлия Самошкина,0.15203163631984215
KRiceT,Барды.,0.1121993741030255
KRiceT,Петя OST,0.09711805144053196
KRiceT,Хатико,0.09711805144053196
KRiceT,Типа РВ!,0.09096436866588678
KRiceT,Триада,0.08903801893472903
KRiceT,Тимати,0.08896762557369703
KRiceT,Хаски,0.0855311026421971
KRiceT,Баста,0.08386747330870764
KRiceT,Krec,0.08380366012067576
Kid,polusplus.com,0.11944140722874165
Kid,Markul,0.11714593386884199
Kid,Птаха,0.11613603055982633
Kid,Каста,0.11602974611551943
Kid,Баста,0.11509146643199707
Kid,Скриптонит,0.11109083409863853
Kid,Триада,0.10624893460087084
Kid,Лигалайз,0.10584607788899127
Kid,Вульгарный Тонн,0.10532514786599259
Kid,Тимати,0.1011872619683571
LIL PUMP,Radiohead,0.11659445655286167
LIL PUMP,Big Baby Tape,0.11449857752336436
LIL PUMP,Lil Morty,0.0944685532231882
LIL PUMP,Onyx,0.08506589366833672
LIL PUMP,Ronan Keating,0.08390839059418206
LIL PUMP,IC3PEAK,0.08249054404589172
LIL PUMP,Oxxxymiron,0.077334559023206
LIL PUMP,Miyagi,0.06961632250543663
LIL PUMP,Yanix,0.06922607763379805
LIL PUMP,Diamond Miners Gang,0.06784757697160942
"LIN,MALIK",Chemodan,0.062041141078838506
"LIN,MALIK",Грозный,0.058536485233824945
"LIN,MALIK",Domino,0.056057811284147184
"LIN,MALIK",Смоки Мо,0.05422546505408742
"LIN,MALIK",Корж,0.05211884807695368
"LIN,MALIK",Centr,0.05195299922429256
"LIN,MALIK",Yanix,0.05064235847814793
"LIN,MALIK",ТРИАГРУТРИКА (Т.Г.К.липсис),0.04932975218060452
"LIN,MALIK",JILLZAY - ТВОY НОМЕР (Origin) Six O!,0.04895133605164323
"LIN,MALIK",Тимати,0.04889179535156068
LOUIS PASTEUR,Неизвестен,0.7115520641371315
LOUIS PASTEUR,Louis Pasteur,0.6507787266197015
LOUIS PASTEUR,Вульгарный Тонн,0.1053248294080286
LOUIS PASTEUR,Chemodan,0.10311873959825267
LOUIS PASTEUR,PHARAOH,0.10074390910309805
LOUIS PASTEUR,Boulevard Depo,0.09425277830250231
LOUIS PASTEUR,Yanix,0.08970054095268946
LOUIS PASTEUR,Oxxxymiron,0.0835564624966031
LOUIS PASTEUR,Rate1.2,0.08221913790928471
LOUIS PASTEUR,Каста,0.08144579844174481
Lasha MC,Elect,0.31586280586725546
Lasha MC,KOt StYlE,0.31586280586725546
Lasha MC,Stas Neiz,0.28850494831168166
Lasha MC,Neiz,0.28172053145814835
Lasha MC,Daily,0.2592373875866647
Lasha MC,Jerry aka Нелегальный,0.2509642406011017
Lasha MC,Eminem,0.19472727791479585
Lasha MC,RSA 2010,0.17952240632974562
Lasha MC,Slim,0.1686319088799804
Lasha MC,ЗАПАС,0.16607678418724095
Lebron(п.у.А-ki),Триада,0.10688023959378895
Lebron(п.у.А-ki),Баста,0.09837700237640183
Lebron(п.у.А-ki),Каста,0.0982198557913803
Lebron(п.у.А-ki),Johnyboy,0.09781431265281448
Lebron(п.у.А-ki),Птаха,0.08894299289955858
Lebron(п.у.А-ki),Гуф,0.08859424423254535
Lebron(п.у.А-ki),Вульгарный Тонн,0.0867392844718437
Lebron(п.у.А-ki),Рем Дигга,0.08568857417803671
Lebron(п.у.А-ki),Скриптонит,0.08421273540568565
Lebron(п.у.А-ki),Смоки Мо,0.08222989979810305
Lil'Stop,Для доты именно для Васи Бояркина,1.0000000000000004
Lil'Stop,Johnyboy,0.2530521061524122
Lil'Stop,Вульгарный Тонн,0.10205317222061697
Lil'Stop,Каста,0.09950703607399694
Lil'Stop,Chemodan,0.09916747927526944
Lil'Stop,Markul,0.09881288354341905
Lil'Stop,ОУ74,0.09655562674177726
Lil'Stop,L'One,0.09612975386714859
Lil'Stop,Dino MC47,0.0959842498352309
Lil'Stop,Тимати,0.09544621100246672
Loc Dog,Птаха,0.14956451363523063
Loc Dog,Смоки Мо,0.1468191820406376
Loc Dog,Вульгарный Тонн,0.1463215493161483
Loc Dog,Гуф,0.14216972784022192
Loc Dog,Баста,0.14051902118403153
Loc Dog,Feduk,0.13916050602165048
Loc Dog,Centr,0.1388439711048396
Loc Dog,Каста,0.1367488935823562
Loc Dog,Markul,0.1351067966874804
Loc Dog,Johnyboy,0.13484987754175223
Loc- Dog,[Loc-Dog,0.9999999999999993
Loc- Dog,ОУ74,0.1259993117798793
Loc- Dog,Корж,0.12504750307662546
Loc- Dog,Птаха,0.12367577972006126
Loc- Dog,Feduk,0.12314342415930189
Loc- Dog,Тимати,0.12171787808232508
Loc- Dog,Krec,0.12090808187205523
Loc- Dog,Chemodan,0.1207092905151768
Loc- Dog,Ассаи,0.11988056201726292
Loc- Dog,Сява,0.11973320817932454
Long Star,Johnyboy,0.09400632762128931
Long Star,БьЯНК@,0.08665834657787394
Long Star,Centr,0.0790518029593847
Long Star,Гуф,0.07845608445761304
Long Star,Вульгарный Тонн,0.07614949822891469
Long Star,Хоми,0.07140730397302561
Long Star,Boulevard Depo,0.07099830447320572
Long Star,Andy Panda,0.07085343110836069
Long Star,Вообще,0.06946929562578624
Long Star,Chemodan,0.06907825513206552
Loqiemean,Билли Бро,0.13749770296972677
Loqiemean,IC3PEAK,0.13472394996673184
Loqiemean,Radiohead,0.13442320187681928
Loqiemean,Onyx,0.11591178840484102
Loqiemean,Regina Spektor,0.11472915356752691
Loqiemean,Ronan Keating,0.1105598509808608
Loqiemean,Смоки Мо,0.10427930223183975
Loqiemean,Песочные Люди,0.10399597511348867
Loqiemean,Madwayz LOC,0.10283580740909189
Loqiemean,Grime,0.10114366237415437
Louis Armstrong,Четыре таракана,0.08817767897023558
Louis Armstrong,Тараканы,0.08737060494907305
Louis Armstrong,Песьня.,0.08351776552869904
Louis Armstrong,Детская,0.08351776552869904
Louis Armstrong,детская песенка,0.08351776552869904
Louis Armstrong,Анатолий Александрович,0.08063843497240328
Louis Armstrong,Шишков Сергей,0.08063843497240328
Louis Armstrong,"Вокальный Квартет ""Аккорд""",0.08063843497240328
Louis Armstrong,Тараканы!,0.07945571323035028
Louis Armstrong,♨♨♨Детская песня♨♨♨,0.07749050453746066
Louis Pasteur,LOUIS PASTEUR,0.6507787266197015
Louis Pasteur,Неизвестен,0.6502667299143964
Louis Pasteur,Chemodan,0.11035945751437577
Louis Pasteur,Вульгарный Тонн,0.10061077581807473
Louis Pasteur,Yanix,0.09881962179348089
Louis Pasteur,Скриптонит,0.09806702498792337
Louis Pasteur,Boulevard Depo,0.09674717494033139
Louis Pasteur,PHARAOH,0.09670683419156303
Louis Pasteur,Truwer,0.09470464313351831
Louis Pasteur,Instasamka,0.09299402991276506
Lustral,Ronan Keating,0.18389511402074116
Lustral,Radiohead,0.16467271239289613
Lustral,Билли Бро,0.11071762440964239
Lustral,Grime,0.10748489422279651
Lustral,Loqiemean,0.09749186351780141
Lustral,Onyx,0.09074117230052323
Lustral,IC3PEAK,0.09021902833594582
Lustral,George Thorogood And The Destroyers,0.08788270919394282
Lustral,Песочные Люди,0.0807142960849519
Lustral,НОМ,0.07706011041048683
Lx24,Маевский Сергей,0.09661164874719487
Lx24,Любовь и нежность,0.08433893543697277
Lx24,Лигалайз,0.07938314398266016
Lx24,Витос,0.07777181098620667
Lx24,Баста,0.07576943675420511
Lx24,StilRyder,0.07427187731753163
Lx24,Андрей Климнюк,0.07404821993776721
Lx24,ЮГ,0.0726603742653458
Lx24,Армейские песни под гитару,0.07168028722572221
Lx24,Мот,0.0715466756419928
MC NO LIMIT,No Limit,1.000000000000001
MC NO LIMIT,Boulevard Depo,0.10016200950998191
MC NO LIMIT,Вульгарный Тонн,0.09025195689741079
MC NO LIMIT,Ассаи,0.08696365604534177
MC NO LIMIT,Chemodan,0.08552053364758964
MC NO LIMIT,Смоки Мо,0.08388756132601506
MC NO LIMIT,Гуф,0.08310856765494669
MC NO LIMIT,Скриптонит,0.08196458197401753
MC NO LIMIT,ОУ74,0.08186127313066191
MC NO LIMIT,Big Baby Tape,0.08167960574509187
MC Молодой & DZA & CanabiZ,Каратель,0.12441038220269514
MC Молодой & DZA & CanabiZ,Гуф,0.1220622209132977
MC Молодой & DZA & CanabiZ,Yanix,0.11982556103170844
MC Молодой & DZA & CanabiZ,Птаха,0.11888354578735512
MC Молодой & DZA & CanabiZ,Вульгарный Тонн,0.11837482808393573
MC Молодой & DZA & CanabiZ,Johnyboy,0.11828139370113157
MC Молодой & DZA & CanabiZ,Скриптонит,0.11581032070641836
MC Молодой & DZA & CanabiZ,Bad Balance,0.11482206731580973
MC Молодой & DZA & CanabiZ,Oxxxymiron,0.11386897202833358
MC Молодой & DZA & CanabiZ,Децл,0.11345563279456511
MC-Нэмэр,ОУ74,0.18140629222620835
MC-Нэмэр,Триагрутрика,0.14664993792809033
MC-Нэмэр,Гуф,0.14529469381871846
MC-Нэмэр,ТГК,0.1373227776994289
MC-Нэмэр,Krec,0.13557602564974428
MC-Нэмэр,Вульгарный Тонн,0.1299672667656266
MC-Нэмэр,Баста,0.1230870641370548
MC-Нэмэр,Птаха,0.12254320555829568
MC-Нэмэр,Ассаи,0.12228193408483551
MC-Нэмэр,Johnyboy,0.1218172085485861
MEOW!,черниковская хата,0.9768532950085982
MEOW!,Chernikovskaya Hata,0.9768532950085982
MEOW!,Basta,0.07073553259772195
MEOW!,polusplus.com,0.06712974003989298
MEOW!,Грибы,0.0661848219331431
MEOW!,Гриби,0.054262558375700654
MEOW!,Агата Кристи - Чудеса (1998),0.053987242802414515
MEOW!,"Михаил Михайлов (Афган, запись 1987 - 88 г.г.)",0.053042514940685695
MEOW!,Джиз,0.05053574529145115
MEOW!,Агата Кристи,0.05002589756577937
Mezza Morta,Триада,0.09839094283593984
Mezza Morta,Птаха,0.0959288897897682
Mezza Morta,Смоки Мо,0.09324782520479058
Mezza Morta,Каста,0.09300641451661981
Mezza Morta,Boulevard Depo,0.0917452243428063
Mezza Morta,Словетский,0.0912553679791517
Mezza Morta,Johnyboy,0.09106858666045275
Mezza Morta,Гуф,0.08945152897230167
Mezza Morta,Markul,0.08878522735091814
Mezza Morta,Корж,0.08877459042395408
Moonlight H.S,американские сайты с порнофильмами,0.10132869724739305
Moonlight H.S,порнофильм полиция маями,0.0996310478451647
Moonlight H.S,ЧиСтО боМ боММ,0.09453734204992789
Moonlight H.S,это девка словно пуля,0.09453734204992789
Moonlight H.S,порнофильм - екатерина - императрица,0.09109971197062738
Moonlight H.S,длиные порно ролики,0.08849765729703699
Moonlight H.S,порнофильм приличный для мужа,0.08670055677821759
Moonlight H.S,Eminem,0.08642590848685393
Moonlight H.S,секс on line веб камера,0.08519832614334273
Moonlight H.S,вудман,0.08084978839529036
Mrs. DvaTree,ака47 ek playaz,0.7762460611159134
Mrs. DvaTree,EK-Playaz,0.6875944821868311
Mrs. DvaTree,Каратель,0.06900542286521738
Mrs. DvaTree,Тимати,0.06712076970783765
Mrs. DvaTree,ГИМН РУССКОГО РАДИО,0.06399790621906318
Mrs. DvaTree,DJ Хобот,0.05806872597662755
Mrs. DvaTree,Каста,0.05787824638593914
Mrs. DvaTree,Птаха,0.05699562898341707
Mrs. DvaTree,Гекто,0.05698507923113685
Mrs. DvaTree,Гуф,0.05688329047175127
MuDvAyNe,George Thorogood And The Destroyers,0.1633842155468854
MuDvAyNe,Ronan Keating,0.16118880249691636
MuDvAyNe,Песочные Люди,0.10902057202399552
MuDvAyNe,Onyx,0.09828752262274676
MuDvAyNe,Grime,0.09789886489595469
MuDvAyNe,Билли Бро,0.0959045678640504
MuDvAyNe,Regina Spektor,0.09504991133774361
MuDvAyNe,Radiohead,0.09383946837434615
MuDvAyNe,IC3PEAK,0.08465069919669659
MuDvAyNe,Porchy,0.08320048794971911
NATALIA OREIRO,Jencarlos,0.6856545823934441
NATALIA OREIRO,Toto Cutugno,0.19010436112390075
NATALIA OREIRO,Rido,0.10682565425031626
NATALIA OREIRO,K'Maro,0.09959315275023149
NATALIA OREIRO,♡ Акула ♡,0.07032200638803078
NATALIA OREIRO,"Гр. ""Они""",0.0642016978649526
NATALIA OREIRO,на грузинском,0.06266419207381052
NATALIA OREIRO,группа Весна,0.05737015342060677
NATALIA OREIRO,Kid,0.053879052588688046
NATALIA OREIRO,Дворовые песни,0.05318657127836875
ND Production,Элджей (Я|Так) похож на птицу.,0.8966687909349553
ND Production,(AlljЭлджей),0.869676287961831
ND Production,Элджей,0.512918294467687
ND Production,Feduk,0.278047274695072
ND Production,Брутто (Каспийский Груз),0.0795748583173764
ND Production,ОУ74,0.07650182340035704
ND Production,Баста,0.07587383037989591
ND Production,"Сэт, Крек, Эйсик",0.0746976684642912
ND Production,Вульгарный Тонн,0.07306224025660171
ND Production,Truwer,0.07218164145415457
NHK World,OST Кисло,0.08803924880034818
NHK World,Ми типа гриби,0.08075404941529161
NHK World,Хор,0.07235787030923789
NHK World,Гриби,0.06101919985573195
NHK World,Тимати,0.05717908336329896
NHK World,Окси,0.056651133884823186
NHK World,Ольга Арефьева,0.0499475565332031
NHK World,Людмила Зыкина dnb mix,0.04943289668098144
NHK World,Ирина Туманова,0.04836945786950732
NHK World,Грибы,0.04635313256083021
Nasty Nay,dom1No,0.4970105480132846
Nasty Nay,Домино,0.10527045711941978
Nasty Nay,Alex Fish [Время Иллюзий],0.10014621346427184
Nasty Nay,RC [SKL],0.0906792116450843
Nasty Nay,Krec,0.0905169237210342
Nasty Nay,polusplus.com,0.09042736588110059
Nasty Nay,ЦеРН и ЦСНА - (Не) Герои,0.08592792120889715
Nasty Nay,Ассаи,0.08472442886356062
Nasty Nay,Корж,0.0845601392762678
Nasty Nay,Тимати,0.0844238266734599
Nebo7,Баста,0.14561274082897535
Nebo7,dom1No,0.13883473573268373
Nebo7,ВИТОС,0.13193476632881432
Nebo7,Ассаи,0.13148429426356645
Nebo7,Johnyboy,0.1308088123949248
Nebo7,Тимати,0.1286671271852023
Nebo7,Скриптонит,0.12838873701839745
Nebo7,Триада,0.12789302823706325
Nebo7,группа Весна,0.12650935119159337
Nebo7,Гуф,0.1262931854979065
No Limit,MC NO LIMIT,1.000000000000001
No Limit,Boulevard Depo,0.10016200950998191
No Limit,Вульгарный Тонн,0.09025195689741079
No Limit,Ассаи,0.08696365604534177
No Limit,Chemodan,0.08552053364758964
No Limit,Смоки Мо,0.08388756132601506
No Limit,Гуф,0.08310856765494669
No Limit,Скриптонит,0.08196458197401753
No Limit,ОУ74,0.08186127313066191
No Limit,Big Baby Tape,0.08167960574509187
Noize MC  Трое В Лодке Не Считая Собаки,Нойз MC,0.10549241334244984
Noize MC  Трое В Лодке Не Считая Собаки,Гуф,0.09896024084669582
Noize MC  Трое В Лодке Не Считая Собаки,Каста,0.09055946057747792
Noize MC  Трое В Лодке Не Считая Собаки,Johnyboy,0.08978164729683596
Noize MC  Трое В Лодке Не Считая Собаки,Баста,0.08687974763265296
Noize MC  Трое В Лодке Не Считая Собаки,Кровосток,0.08529857036059722
Noize MC  Трое В Лодке Не Считая Собаки,Нигатив,0.0821619341214851
Noize MC  Трое В Лодке Не Считая Собаки,Птаха,0.08209270439971633
Noize MC  Трое В Лодке Не Считая Собаки,PHARAOH,0.08161022691264266
Noize MC  Трое В Лодке Не Считая Собаки,Krec,0.08146073601619243
Noize MC 2012 новый альбом,IC3PEAK,0.08053619892083173
Noize MC 2012 новый альбом,MC Молодой & DZA & CanabiZ,0.06622467250770937
Noize MC 2012 новый альбом,Stas Neiz,0.06227160849559367
Noize MC 2012 новый альбом,Neiz,0.060904124174419275
Noize MC 2012 новый альбом,Птаха,0.055943765540940354
Noize MC 2012 новый альбом,Lasha MC,0.05351571237251488
Noize MC 2012 новый альбом,Скриптон,0.051669835730794485
Noize MC 2012 новый альбом,Нойз MC,0.047596382393414884
Noize MC 2012 новый альбом,Ирина Туманова,0.0472854018441132
Noize MC 2012 новый альбом,Madwayz LOC,0.04680513440012561
Noize MC [://muz-.ru],Птаха,0.08369088313458092
Noize MC [://muz-.ru],Нойз MC,0.08065325196582619
Noize MC [://muz-.ru],Триагрутрика,0.07580898656435742
Noize MC [://muz-.ru],Вульгарный Тонн,0.07556678588102338
Noize MC [://muz-.ru],Oxxxymiron,0.07505642580813386
Noize MC [://muz-.ru],▂▃▅▆▇the Chemodan,0.0745048994568435
Noize MC [://muz-.ru],Гуф,0.07380099147190174
Noize MC [://muz-.ru],Смоки Мо,0.07300183537891503
Noize MC [://muz-.ru],Boulevard Depo,0.07179761290714534
Noize MC [://muz-.ru],Johnyboy,0.06947164002567749
OSLIKt,группа Весна,0.08474727606534091
OSLIKt,Can4eZ(SV),0.07455627348290265
OSLIKt,Madwayz LOC,0.06935762744626828
OSLIKt,polusplus.com,0.06515523379384879
OSLIKt,Сфера,0.06439230232962531
OSLIKt,Feduk,0.06273827251521216
OSLIKt,Nebo7,0.05868485995284065
OSLIKt,Каста,0.056099634227125744
OSLIKt,FCKN BEST,0.05574590594177574
OSLIKt,БьЯНК@,0.05434308667647329
OST Кисло,Ольга Арефьева,0.12293266902444165
OST Кисло,Людмила Зыкина dnb mix,0.11363189052218936
OST Кисло,Хор,0.10944327602356681
OST Кисло,Валдай,0.1018934180146035
OST Кисло,Ми типа гриби,0.08994768012617388
OST Кисло,Ирина Туманова,0.0892627009676592
OST Кисло,NHK World,0.08803924880034818
OST Кисло,слушай экзорцист,0.08005180252388813
OST Кисло,Google Тёлка,0.08005180252388813
OST Кисло,Армейские песни под гитару,0.07387673706833185
Ot Vinta!,Ot vinta,0.9999999999999998
Ot Vinta!,От Вінта,0.9911695634255561
Ot Vinta!,От Винта,0.9905832570042318
Ot Vinta!,Русич,0.11648983706384035
Ot Vinta!,Бабич Анжела,0.07567769763141491
Ot Vinta!,9 ВАЛ,0.07176968100373791
Ot Vinta!,Сокира Перуна,0.06978964169758059
Ot Vinta!,О. Васильчак та С.Роговський,0.06966876877296999
Ot Vinta!,"Скрябін, (1995 Птахи)",0.054430155345445666
Ot Vinta!,5'nizza,0.03414036454985497
Ot vinta,Ot Vinta!,0.9999999999999998
Ot vinta,От Вінта,0.9911695634255561
Ot vinta,От Винта,0.9905832570042318
Ot vinta,Русич,0.11648983706384035
Ot vinta,Бабич Анжела,0.07567769763141491
Ot vinta,9 ВАЛ,0.07176968100373791
Ot vinta,Сокира Перуна,0.06978964169758059
Ot vinta,О. Васильчак та С.Роговський,0.06966876877296999
Ot vinta,"Скрябін, (1995 Птахи)",0.054430155345445666
Ot vinta,5'nizza,0.03414036454985497
PANDAworld,Boulevard Depo,0.25570681586882305
PANDAworld,Kid,0.09382686425098791
PANDAworld,PHARAOH,0.08448022172369778
PANDAworld,Feduk,0.08278591140706394
PANDAworld,Yanix,0.07992177952998003
PANDAworld,Баста,0.07471973500492819
PANDAworld,ТГК,0.07445530608978536
PANDAworld,Mezza Morta,0.07425457898810145
PANDAworld,Децл,0.07415101806457594
PANDAworld,Сява,0.07407045312081355
Pimp Schwab,Пикачушь,0.06387806769775406
Pimp Schwab,Feduk,0.06118716880448398
Pimp Schwab,Horus,0.04580542099048821
Pimp Schwab,Ольга Арефьева,0.04331867064538399
Pimp Schwab,LIL PUMP,0.0420489764861838
Pimp Schwab,Любэ,0.039941657316721835
Pimp Schwab,Пилот,0.039865045569295446
Pimp Schwab,Ми типа гриби,0.03925948806822026
Pimp Schwab,T-Fest,0.03905103135755144
Pimp Schwab,Yanix,0.0388335047894243
Porchy,Oxxxymiron,0.30320866923540885
Porchy,Ronan Keating,0.10906909611680728
Porchy,Onyx,0.10588053107841033
Porchy,Песочные Люди,0.09684385262412176
Porchy,Lil Morty,0.09391124713643584
Porchy,Билли Бро,0.08717667374097919
Porchy,George Thorogood And The Destroyers,0.08558480129649962
Porchy,Смоки Мо,0.08331898105994985
Porchy,MuDvAyNe,0.08320048794971911
Porchy,Big Baby Tape,0.07674481460079685
R e d e m a x ™,Смоки Мо,0.10966785666379154
R e d e m a x ™,Рем Дигга,0.10276665594530658
R e d e m a x ™,Вульгарный Тонн,0.10101546201651182
R e d e m a x ™,Miyagi,0.09900437305341188
R e d e m a x ™,Big Baby Tape,0.09553967103667226
R e d e m a x ™,Баста,0.09496322906125965
R e d e m a x ™,Гуф,0.09449020189820517
R e d e m a x ™,Boulevard Depo,0.09239412971468929
R e d e m a x ™,Триагрутрика,0.0923352962849217
R e d e m a x ™,ОУ74,0.09158819637919528
RC [SKL],Корж,0.12199152074803989
RC [SKL],Super Rags,0.1150983649171504
RC [SKL],Гуф,0.10774915721011556
RC [SKL],Johnyboy,0.10545436137818676
RC [SKL],Скриптонит,0.10316749647262956
RC [SKL],Вульгарный Тонн,0.1030071251456727
RC [SKL],Птаха,0.10078088472969121
RC [SKL],Каста,0.10070088823112362
RC [SKL],Feduk,0.09989401416095717
RC [SKL],Тимати,0.09868925584392974
ROTOFF,Коля RotoFF,0.8359104143183216
ROTOFF,TROLLFACE,0.6411206694461057
ROTOFF,трол фейс,0.6411206694461057
ROTOFF,Паук,0.4246467935222608
ROTOFF,Неизвестен,0.351224333524473
ROTOFF,Неизвестный исполнитель,0.3000343379308344
ROTOFF,Лавров Василий,0.12992805952266917
ROTOFF,Василий Лавров,0.11121991820669383
ROTOFF,Агата Кристи,0.0926240502077076
ROTOFF,Агата Кристи - Чудеса (1998),0.0879888881597674
RSA 2010,Lasha MC,0.17952240632974562
RSA 2010,Elect,0.1700323855976617
RSA 2010,KOt StYlE,0.1700323855976617
RSA 2010,ЗАПАС,0.09264708645177816
RSA 2010,Neiz,0.08434675906910594
RSA 2010,Stas Neiz,0.08429965443995538
RSA 2010,Гуф,0.08428148131919404
RSA 2010,Daily,0.08314533836063244
RSA 2010,Bad Balance,0.08254884300768939
RSA 2010,Dino MC47,0.07313821054938194
Radiohead,Lustral,0.16467271239289613
Radiohead,Ronan Keating,0.16067594135121885
Radiohead,Билли Бро,0.15806508009308823
Radiohead,Loqiemean,0.13442320187681928
Radiohead,LIL PUMP,0.11659445655286167
Radiohead,Bones,0.10406962409998098
Radiohead,MuDvAyNe,0.09383946837434615
Radiohead,George Thorogood And The Destroyers,0.09039140634933324
Radiohead,Песочные Люди,0.08796057121982677
Radiohead,Onyx,0.08509380015062065
Rate1.2,Вульгарный Тонн,0.15304779878930846
Rate1.2,Триада,0.14543281092950083
Rate1.2,Johnyboy,0.14078052166763533
Rate1.2,ОУ74,0.13934098920318894
Rate1.2,Boulevard Depo,0.1378594146577525
Rate1.2,Chemodan,0.13232829272089755
Rate1.2,Смоки Мо,0.13068834135110347
Rate1.2,1 klass,0.1285151562693013
Rate1.2,Oxxxymiron,0.12818895500406122
Rate1.2,Domino-Прыгай в такт,0.12788741529076372
Redo,Flowdan vs Logan Sama,0.9999999999999998
Redo,Гнойный (a.k.a Соня Мармеладова),0.9593821743056283
Redo,Соня Мармеладова (ГНОЙНЫЙ SLOVO SPB),0.9593821743056283
Redo,Соня Мармеладова (Гнойный),0.9593821743056283
Redo,Вульгарный Тонн,0.10014512409934268
Redo,Рем Дигга,0.09231571459665115
Redo,Yanix,0.08946960178919454
Redo,Смоки Мо,0.0888263556883196
Redo,Oxxxymiron,0.08601527449529835
Redo,Гекто,0.08599519163630849
Regina Spektor,George Thorogood And The Destroyers,0.1173676930129668
Regina Spektor,Ronan Keating,0.11697917909974095
Regina Spektor,Loqiemean,0.11472915356752691
Regina Spektor,Билли Бро,0.11202510608592732
Regina Spektor,IC3PEAK,0.11065652531228977
Regina Spektor,MuDvAyNe,0.09504991133774361
Regina Spektor,секс on line веб камера,0.08031743050743946
Regina Spektor,Onyx,0.08021970090345412
Regina Spektor,Rido,0.0754268744304648
Regina Spektor,Песочные Люди,0.06946058543533588
Rewake,Юрий Хованский,0.9543852003496323
Rewake,Восточный округ,0.5007129310050169
Rewake,Сява,0.09681006173323996
Rewake,Каста,0.09599413335664983
Rewake,Баста,0.09496014195807335
Rewake,Триагрутрика,0.0925173319919473
Rewake,Волин Виталий,0.09076636508676583
Rewake,Птаха,0.0906245960164942
Rewake,Баста / Гуф,0.08976052758675102
Rewake,Гуф,0.08539846689329077
Rigos,Витоса,0.5549276560024315
Rigos,Oxxxymiron,0.19262168035050523
Rigos,Скриптонит,0.0892091851025444
Rigos,Гуф,0.08677050796420444
Rigos,Centr,0.08307418810517336
Rigos,Вульгарный Тонн,0.08028782502359265
Rigos,Триада,0.07870409225756986
Rigos,Птаха,0.07800144364789223
Rigos,gone.Fludd,0.07540996890326981
Rigos,Смоки Мо,0.07427663471348499
RipBeat,Баста,0.0958567858103107
RipBeat,Krec,0.08699573992477445
RipBeat,Chemodan,0.08648609649765607
RipBeat,Смоки Мо,0.08426637866966406
RipBeat,Нойз MC,0.08154253272906195
RipBeat,Ассаи,0.08150226488646331
RipBeat,Рем Дигга,0.08136574888495675
RipBeat,Boulevard Depo,0.07901951751162363
RipBeat,Каста,0.07706037999909673
RipBeat,Восточный округ,0.07673275966484258
Ronan Keating,Билли Бро,0.20043780735280012
Ronan Keating,Lustral,0.18389511402074116
Ronan Keating,MuDvAyNe,0.16118880249691636
Ronan Keating,Radiohead,0.16067594135121885
Ronan Keating,George Thorogood And The Destroyers,0.14606601877006684
Ronan Keating,Onyx,0.14089563194075022
Ronan Keating,Песочные Люди,0.12039427975472762
Ronan Keating,IC3PEAK,0.1203803659632597
Ronan Keating,Regina Spektor,0.11697917909974095
Ronan Keating,Loqiemean,0.1105598509808608
Rotoff,Светлана Разина,0.0732355082230017
Rotoff,KRiceT,0.07126229359406973
Rotoff,100 music,0.06816067420413027
Rotoff,Donnie Brasco,0.06781351167256622
Rotoff,Big Black Boots,0.0606772846501068
Rotoff,Очередной MC,0.059429312441337465
Rotoff,"Очередной MC (Сега, Anacondaz)",0.059429312441337465
Rotoff,Скриптонит,0.05937540324540464
Rotoff,Тимати,0.055345900297023784
Rotoff,Каста,0.055117072302375746
SD AND SCHOKK,✵ ​Бек✵,0.9999999999999993
SD AND SCHOKK,Вульгарный Тонн,0.10440572295745892
SD AND SCHOKK,Johnyboy,0.09891538280402443
SD AND SCHOKK,Centr,0.09831780092936272
SD AND SCHOKK,Гуф,0.09647540826354671
SD AND SCHOKK,Птаха,0.09634006051110242
SD AND SCHOKK,Каратель,0.09171808907478421
SD AND SCHOKK,Скриптонит,0.08915552968204186
SD AND SCHOKK,Boulevard Depo,0.08573842212255225
SD AND SCHOKK,Feduk,0.08566412003152946
SKVerniy_hhiu_r 2_(vs. Vitos MC),Каста,0.09501058142851802
SKVerniy_hhiu_r 2_(vs. Vitos MC),Король и Шут,0.08737404098243602
SKVerniy_hhiu_r 2_(vs. Vitos MC),Птаха,0.08619159872446984
SKVerniy_hhiu_r 2_(vs. Vitos MC),Boulevard Depo,0.08423476050687968
SKVerniy_hhiu_r 2_(vs. Vitos MC),Корж,0.08246263104994395
SKVerniy_hhiu_r 2_(vs. Vitos MC),Centr,0.08213717904489982
SKVerniy_hhiu_r 2_(vs. Vitos MC),Триада,0.08150651105658507
SKVerniy_hhiu_r 2_(vs. Vitos MC),ТГК,0.08079726020366694
SKVerniy_hhiu_r 2_(vs. Vitos MC),Гуф,0.08051592783229615
SKVerniy_hhiu_r 2_(vs. Vitos MC),Johnyboy,0.0794268864183049
ST,ЛСП,0.09664209630473439
ST,Тимати,0.09626260240747624
ST,Баста,0.09248075206193997
ST,ОУ74,0.09086681293138722
ST,Boulevard Depo,0.0903831656996934
ST,Markul,0.08959727774368381
ST,Скриптонит,0.08949062497200547
ST,Лигалайз,0.08766238264997267
ST,Смоки Мо,0.08582928950295077
ST,Птаха,0.08249177903224643
Sandy Fish & Cj Alco,Гуф,0.09594724942519817
Sandy Fish & Cj Alco,ОУ74,0.08626788802148688
Sandy Fish & Cj Alco,Птаха,0.08401593698437528
Sandy Fish & Cj Alco,Крестная Семья,0.08046543219483368
Sandy Fish & Cj Alco,Рем Дигга,0.07742643535010008
Sandy Fish & Cj Alco,Feduk,0.07649412673996704
Sandy Fish & Cj Alco,Centr,0.07648334045744415
Sandy Fish & Cj Alco,Витя Ак & Tip 2В12,0.07608106088925734
Sandy Fish & Cj Alco,Баста,0.07530237075933807
Sandy Fish & Cj Alco,Кровосток,0.07059546478839043
Slot,✔Слот,0.9999999999999996
Slot,Пальчики,0.9999999999999996
Slot,Балабама,0.12802673532936576
Slot,трол фейс,0.10139245105052211
Slot,TROLLFACE,0.10139245105052211
Slot,Коля RotoFF,0.0903143409930926
Slot,Паук,0.08931570341865226
Slot,Агата Кристи,0.08207611702562587
Slot,Агата Кристи - Чудеса (1998),0.07456866394220243
Slot,SD AND SCHOKK,0.06898444522687752
Soulkast,207. Soulkast,1.0
Soulkast,"Потратил тыщу баксов, они вернутся",0.07953706754468019
Soulkast,Глеб Романов,0.07877110112352474
Soulkast,Jerry aka Нелегальный,0.041699276090943566
Soulkast,Mrs. DvaTree,0.040598817042949265
Soulkast,Elect,0.03974669202091336
Soulkast,KOt StYlE,0.03974669202091336
Soulkast,◘ Легенды Про,0.035876162499274465
Soulkast,Neiz,0.03378100711186207
Soulkast,Lasha MC,0.03333080944099022
Stas Neiz,Neiz,0.986012408255402
Stas Neiz,Lasha MC,0.28850494831168166
Stas Neiz,Eminem,0.1876917716990595
Stas Neiz,Elect,0.14990792624146348
Stas Neiz,KOt StYlE,0.14990792624146348
Stas Neiz,Slim,0.1478148205110198
Stas Neiz,Jerry aka Нелегальный,0.13235925085442035
Stas Neiz,Daily,0.08582320698959668
Stas Neiz,RSA 2010,0.08429965443995538
Stas Neiz,ТГК,0.08407989390623931
StilRyder,Крестная Семья,0.12750295461251543
StilRyder,Тимати,0.0962727525386976
StilRyder,Браток,0.09551491127388072
StilRyder,Guf,0.09516838727783876
StilRyder,Словетский,0.09329328756398525
StilRyder,Юлия Самошкина,0.0908177900653548
StilRyder,Смоки Мо,0.09043709233589425
StilRyder,Птаха,0.08966396307175013
StilRyder,Каста - Влади - Что Нам Делать в Греции?,0.0873399609416545
StilRyder,ATL,0.08708555158248679
Summer of Haze,IC3PEAK,0.054256786211202675
Summer of Haze,Вульгарный ТоН,0.03787060046379733
Summer of Haze,Domino-Прыгай в такт,0.0346791621683981
Summer of Haze,Grime,0.03396435137881209
Summer of Haze,Slim,0.03165735298891717
Summer of Haze,PANDAworld,0.031137705473878445
Summer of Haze,Глеб Романов,0.02957516852120037
Summer of Haze,Bassnectar,0.02943658803276097
Summer of Haze,Eminem,0.029139159352577864
Summer of Haze,Afisha.ru,0.026731487921791183
Super Rags,Корж,0.1317537564335192
Super Rags,Хома,0.1186599612386075
Super Rags,не услышанный лирик,0.11593813160578126
Super Rags,RC [SKL],0.1150983649171504
Super Rags,Тимати,0.10766497271293016
Super Rags,Святитель Иоанн Златоуст,0.10194761856818778
Super Rags,Bahh Tee,0.10140627347556641
Super Rags,Джиз,0.1001469843765091
Super Rags,Птаха,0.09772252783403385
Super Rags,ATL,0.09408632697924373
T9,"Гр. ""Они""",0.14845290380642379
T9,L'One,0.1330207022859999
T9,Krec,0.12757153279196634
T9,Ассаи,0.12153715740688593
T9,Miyagi,0.11197447197683463
T9,Джиз,0.11122819411564637
T9,Баста,0.10934374621934616
T9,Узелок,0.10721477019847453
T9,Эльбрус Джанмирзоев,0.10699218321775862
T9,Король и Шут,0.10615037346946919
TROLLFACE,трол фейс,1.0000000000000002
TROLLFACE,Коля RotoFF,0.8633933145468214
TROLLFACE,ROTOFF,0.6411206694461057
TROLLFACE,Неизвестный исполнитель,0.4484522113101243
TROLLFACE,Паук,0.42662460396801644
TROLLFACE,Неизвестен,0.38745604776022985
TROLLFACE,Лавров Василий,0.18294468667621855
TROLLFACE,Василий Лавров,0.15504078188682968
TROLLFACE,Балабама,0.13304287034337092
TROLLFACE,Пальчики,0.10139245105052211
The Chemodan,ТРИАГРУТРИКА (Т.Г.К.липсис 2011),1.0000000000000004
The Chemodan,ТРИАГРУТРИКА [Т.Г.К.липсис(2011)],1.0000000000000004
The Chemodan,12 ТРИАГРУТРИКА (Т.Г.К.липсис),1.0000000000000004
The Chemodan,Триагутрика,0.9497004672727961
The Chemodan,TRIAGRUTRIKA,0.7314470112611772
The Chemodan,ТРИАГРУТРИКА (Т.Г.К.липсис),0.7111476493960991
The Chemodan,ТГК,0.5186697002878987
The Chemodan,Триагрутрика,0.36187565712609604
The Chemodan,Смоки Мо,0.12585932476732528
The Chemodan,ОУ74,0.12455250097696087
The Chemodan & Эфди Вадим,Oxxxymiron,0.08665623774948457
The Chemodan & Эфди Вадим,ОУ74,0.08331540474032838
The Chemodan & Эфди Вадим,Big Baby Tape,0.08128251390793091
The Chemodan & Эфди Вадим,Смоки Мо,0.07537304399469494
The Chemodan & Эфди Вадим,Вульгарный Тонн,0.07426819390557668
The Chemodan & Эфди Вадим,Andy Panda,0.07132869960122017
The Chemodan & Эфди Вадим,Каста,0.07121490524187342
The Chemodan & Эфди Вадим,George Thorogood And The Destroyers,0.06923757093808419
The Chemodan & Эфди Вадим,ТГК,0.06659211251114533
The Chemodan & Эфди Вадим,Boulevard Depo,0.06534804281354017
Tony Gun,D-Bosh,0.13392343896856823
Tony Gun,Курские соловьи,0.12864617286068072
Tony Gun,ВИА Пламя,0.09396368491332359
Tony Gun,Оксана Почепа,0.09280165699984644
Tony Gun,Стас Михайлов,0.08695421049791213
Tony Gun,Бабич Анжела,0.07861532947072108
Tony Gun,"Марьяж ""Декорации""",0.07365314490365947
Tony Gun,Триагрутрика,0.07092784505491145
Tony Gun,Эльбрус Джанмирзоев,0.06857995850105747
Tony Gun,Типа РВ!,0.06446879132603439
Toto Cutugno,Jencarlos,0.19766283511926513
Toto Cutugno,NATALIA OREIRO,0.19010436112390075
Toto Cutugno,K'Maro,0.10074423991460978
Toto Cutugno,Каста,0.07570439418416873
Toto Cutugno,Google Тёлка,0.07369749902806971
Toto Cutugno,слушай экзорцист,0.07369749902806971
Toto Cutugno,L'One,0.06516725697469421
Toto Cutugno,"Марьяж ""Декорации""",0.06127636456879509
Toto Cutugno,Окси,0.06052444898896345
Toto Cutugno,Ассаи,0.05651496751283696
VCrash,Птаха,0.1520729159096843
VCrash,Гуф,0.12749233406314747
VCrash,Johnyboy,0.11954152589955601
VCrash,Вообще,0.11364889725160315
VCrash,Centr,0.11294395769609589
VCrash,Вульгарный Тонн,0.11266467440720414
VCrash,Каста,0.10840501067153176
VCrash,ТГК,0.10779563871248575
VCrash,Восточный округ,0.10772031425306916
VCrash,Смоки Мо,0.10580653369541475
VOICE OF SATURN,Нигатив,0.11182825767918088
VOICE OF SATURN,Ясвена,0.10558978342553578
VOICE OF SATURN,4SGM,0.08753097093934079
VOICE OF SATURN,Dav / 4SGM,0.08560940968201336
VOICE OF SATURN,Джиз,0.08251906744418164
VOICE OF SATURN,Ассаи,0.07987733977026984
VOICE OF SATURN,Krec,0.07646556515141695
VOICE OF SATURN,Свобода воли,0.07128925770394574
VOICE OF SATURN,L'One,0.07037344445299427
VOICE OF SATURN,Мастер & Margenta,0.06958824304854741
Vadim Tikot,Miyagi,0.37758276131057106
Vadim Tikot,Ассаи,0.11647460605118318
Vadim Tikot,Krec,0.11619086467477734
Vadim Tikot,Баста,0.1158092528303336
Vadim Tikot,ОУ74,0.11424012064193394
Vadim Tikot,Смоки Мо,0.1112805746453307
Vadim Tikot,Хром,0.11074992702451897
Vadim Tikot,Триада,0.10699744122765247
Vadim Tikot,Chemodan,0.10519370010483464
Vadim Tikot,Домино,0.10442815845330448
Vol'naya Dusha,Krec,0.1470006305828864
Vol'naya Dusha,Смоки Мо,0.14638141014195435
Vol'naya Dusha,Рем Дигга,0.1443657834612271
Vol'naya Dusha,Корж,0.1375754623799861
Vol'naya Dusha,Ассаи,0.13362534964106698
Vol'naya Dusha,Баста,0.12911211389166935
Vol'naya Dusha,Птаха,0.12693129865385772
Vol'naya Dusha,Каста,0.12289491537056536
Vol'naya Dusha,Эльбрус Джанмирзоев,0.11740325742220946
Vol'naya Dusha,Гуф,0.11654089606125397
Vomut & Wolfigo,Гуф,0.10883667155344315
Vomut & Wolfigo,Daily,0.10540550688324048
Vomut & Wolfigo,Lasha MC,0.0965375654367989
Vomut & Wolfigo,Oxxxymiron,0.08690653186515697
Vomut & Wolfigo,Каста,0.08534011543022846
Vomut & Wolfigo,ЗАПАС,0.07937287248158288
Vomut & Wolfigo,Вульгарный Тонн,0.07794557356327192
Vomut & Wolfigo,"Bahh Tee ""Небо не предел""",0.07722235789353596
Vomut & Wolfigo,Домино,0.07550676145142252
Vomut & Wolfigo,Нойз MC,0.07549383112823059
Yanix [Block Star],Паук,0.11726849484368625
Yanix [Block Star],ЛСП,0.11246967358820102
Yanix [Block Star],Yanix,0.11230606679871061
Yanix [Block Star],Смоки Мо,0.11057970986629509
Yanix [Block Star],Truwer,0.10720916325429715
Yanix [Block Star],Ассаи,0.10514161119783974
Yanix [Block Star],Гекто,0.10400069255442196
Yanix [Block Star],L'One,0.10143204799990715
Yanix [Block Star],Thomas Mraz,0.10133680828630029
Yanix [Block Star],Тимати,0.10112595658631796
[Loc-Dog,Loc- Dog,0.9999999999999993
[Loc-Dog,ОУ74,0.1259993117798793
[Loc-Dog,Корж,0.12504750307662546
[Loc-Dog,Птаха,0.12367577972006126
[Loc-Dog,Feduk,0.12314342415930189
[Loc-Dog,Тимати,0.12171787808232508
[Loc-Dog,Krec,0.12090808187205523
[Loc-Dog,Chemodan,0.1207092905151768
[Loc-Dog,Ассаи,0.11988056201726292
[Loc-Dog,Сява,0.11973320817932454
[METEORA],Johnyboy,0.13204472608472279
[METEORA],Вульгарный Тонн,0.12294645958981074
[METEORA],Нойз MC,0.11528066053411247
[METEORA],Децл,0.10788747604838354
[METEORA],Птаха,0.10677402623643838
[METEORA],Гуф,0.10569548433421332
[METEORA],ТГК,0.1046653630824339
[METEORA],Chemodan,0.10440793393085868
[METEORA],Oxxxymiron,0.10100418743345067
[METEORA],Баста,0.09936783363460784
dom1No,Nasty Nay,0.4970105480132846
dom1No,Домино,0.16865082843704354
dom1No,Ассаи,0.16376140567162512
dom1No,Krec,0.15729724505869072
dom1No,Джиз,0.14379632107258872
dom1No,Триада,0.14094792003726242
dom1No,Nebo7,0.13883473573268373
dom1No,polusplus.com,0.13597486836428216
dom1No,Баста,0.133604075339983
dom1No,Вульгарный Тонн,0.1331024179126113
nightcore (Musical.ly),D-Bosh,0.14472775323327902
nightcore (Musical.ly),Вообще,0.09766392154454333
nightcore (Musical.ly),Тимати,0.09354947856588841
nightcore (Musical.ly),Ассаи,0.08876342558691766
nightcore (Musical.ly),Feduk,0.08698717267895767
nightcore (Musical.ly),ЛСП,0.0839290654259003
nightcore (Musical.ly),Джиз,0.08374251327557601
nightcore (Musical.ly),Miyagi,0.08198110216929157
nightcore (Musical.ly),Смоки Мо,0.07977799264392257
nightcore (Musical.ly),T-Fest,0.07877701876279476
polusplus.com,Ассаи,0.17143418062489074
polusplus.com,L'One,0.15413494187372528
polusplus.com,Эльбрус Джанмирзоев,0.1528226534063316
polusplus.com,dom1No,0.13597486836428216
polusplus.com,Krec,0.13487453612709221
polusplus.com,ღ Крек,0.13220155957187435
polusplus.com,Птаха,0.12952028373411495
polusplus.com,Rido,0.12740968745692652
polusplus.com,Домино,0.12693302699262818
polusplus.com,Триада,0.1254146134533436
sted.d,Триада,0.09749975788261625
sted.d,Krec,0.0940288519424462
sted.d,Лигалайз,0.08593045122264449
sted.d,Баста,0.08370501691919449
sted.d,Ассаи,0.08304997004971332
sted.d,Нигатив,0.0814608824652084
sted.d,Смоки Мо,0.07971094560521409
sted.d,Каста,0.07917946320686997
sted.d,ВИА Пламя,0.07359837576161593
sted.d,Chemodan,0.07316021566157081
storm in life ♛,Узелок,0.08901388358229352
storm in life ♛,Нигатив,0.0867560826618718
storm in life ♛,Зимавсегда,0.07970905761843927
storm in life ♛,Гречка,0.07644265294566886
storm in life ♛,Ляляля,0.0736924607398743
storm in life ♛,Ассаи,0.07323988748862553
storm in life ♛,Тараканы!,0.07281506035646892
storm in life ♛,Krec,0.06949660185945235
storm in life ♛,Эльбрус Джанмирзоев,0.06872915326019524
storm in life ♛,Максим Демах,0.0666215014065888
youhate,Ronan Keating,0.09443247713826931
youhate,Билли Бро,0.0917203246000908
youhate,Big Russian Boss,0.08519509635670133
youhate,Рем Дигга,0.08039432424490989
youhate,Тимати,0.07937956250958557
youhate,Yanix [Block Star],0.07908140176562721
youhate,1 klass,0.07808978112121578
youhate,Смоки Мо,0.07778059902313714
youhate,Каратель,0.07739454521845467
youhate,Yanix,0.07675934945225261
zgheilmyfrr x mironoffdmitry,абстрактный бомж,0.9928053899655408
zgheilmyfrr x mironoffdmitry,Монеточка,0.3306754103780207
zgheilmyfrr x mironoffdmitry,Элджей,0.07810061626209498
zgheilmyfrr x mironoffdmitry,Баста,0.07420146937149365
zgheilmyfrr x mironoffdmitry,Ассаи,0.06444439603118417
zgheilmyfrr x mironoffdmitry,KRiceT,0.06265553131515408
zgheilmyfrr x mironoffdmitry,Тимати,0.061768975190887934
zgheilmyfrr x mironoffdmitry,Эльбрус Джанмирзоев,0.06062766505097205
zgheilmyfrr x mironoffdmitry,Гречка,0.059421506758882414
zgheilmyfrr x mironoffdmitry,Кровосток,0.05770745433834209
«Полкино»,История России. ХХ век,0.06542233509765213
«Полкино»,Rido,0.0632346575135055
«Полкино»,Oxxxymiron,0.0568763900497463
«Полкино»,Мытарь,0.05597782046032643
«Полкино»,Валерия Лесовская,0.05558694954954318
«Полкино»,Неизвестный исполнитель,0.055030599841814506
«Полкино»,Charlie Mole,0.054439055101946215
«Полкино»,Эльбрус Джанмирзоев,0.053674777634506704
«Полкино»,Bassnectar,0.05258806363289418
«Полкино»,Кемикэл Депазитз,0.048162483484043395
˜”*°•.☆ааааааааа!!!,:)),0.992399930785756
˜”*°•.☆ааааааааа!!!,Красная Шапочка,0.9589643783309264
˜”*°•.☆ааааааааа!!!,Песня Красной Шапочки (рок-версия),0.9589643783309264
˜”*°•.☆ааааааааа!!!,Детские песни,0.9521815373846336
˜”*°•.☆ааааааааа!!!,Красная шапочка,0.9180860934565228
˜”*°•.☆ааааааааа!!!,к/ф Красная Шапочка,0.9082055462698384
˜”*°•.☆ааааааааа!!!,DJ Little Red Riding Hood,0.850663121990611
˜”*°•.☆ааааааааа!!!,Красная шапка,0.8388316843765679
˜”*°•.☆ааааааааа!!!,про Красную Шапочку,0.8388316843765679
˜”*°•.☆ааааааааа!!!,из к/ф,0.8388316843765679
ιllιlι.ιl,Тимати,0.11378384283109094
ιllιlι.ιl,Каста,0.11003899607382352
ιllιlι.ιl,Баста,0.10169798040924341
ιllιlι.ιl,Птаха,0.0972828260059546
ιllιlι.ιl,Feduk,0.09669103895013817
ιllιlι.ιl,Johnyboy,0.09570503664245632
ιllιlι.ιl,Смоки Мо,0.09569888423311712
ιllιlι.ιl,Каратель,0.0941561881524981
ιllιlι.ιl,PHARAOH,0.09374837652930879
ιllιlι.ιl,Триада,0.09301246679904973
А. Грейчайник (ДМЦ),Андрей Грейчайник (ДМЦ),0.9999999999999997
А. Грейчайник (ДМЦ),Агата Кристи,0.10666097646580186
А. Грейчайник (ДМЦ),Агата Кристи - Чудеса (1998),0.10285205367419668
А. Грейчайник (ДМЦ),Уматурман,0.08721155854830756
А. Грейчайник (ДМЦ),Балабама,0.07863131926275485
А. Грейчайник (ДМЦ),Коля RotoFF,0.07061328631037804
А. Грейчайник (ДМЦ),Сфера,0.0686133587602381
А. Грейчайник (ДМЦ),TROLLFACE,0.06720802810835548
А. Грейчайник (ДМЦ),трол фейс,0.06720802810835548
А. Грейчайник (ДМЦ),Паук,0.06013409389364416
Абубакирова Гульфарида,Гөлфәридә Әбүбәкерова,1.0000000000000024
Абубакирова Гульфарида,Алина Булатова,0.9952373958022743
Абубакирова Гульфарида,Гаяр Нуриманов,0.9614363502028852
Абубакирова Гульфарида,Эмир Камалиев,0.11962063451559599
Абубакирова Гульфарида,Айсылу Мухамадиева,0.08646343185128816
Абубакирова Гульфарида,КрэФ,0.08623865481436634
Абубакирова Гульфарида,Фархетдинова Зайнап,0.07448347944697015
Абубакирова Гульфарида,Лилия Биктимирова и Фадис Ганиев,0.03250535018205148
Абубакирова Гульфарида,Айгуль Бариева,0.03250535018205148
Абубакирова Гульфарида,КОЈЕКУДА 2014-11-09 Radio Beograd 1,0.019851031454513647
Авеню (Москва),Птаха,0.14286738265018298
Авеню (Москва),Гуф,0.12538791981138436
Авеню (Москва),Centr,0.1125179359311857
Авеню (Москва),Баста,0.10885836855602567
Авеню (Москва),Восточный округ,0.10796912925849965
Авеню (Москва),Баста / Гуф,0.10628791931483819
Авеню (Москва),Вульгарный Тонн,0.10445556411896172
Авеню (Москва),ОУ74,0.10405946293643335
Авеню (Москва),Триагрутрика,0.10399478242452839
Авеню (Москва),Markul,0.10238598066355552
Агата Кристи,Агата Кристи - Чудеса (1998),0.9947482095062055
Агата Кристи,Балабама,0.11896495937661475
Агата Кристи,Коля RotoFF,0.11806548557680922
Агата Кристи,Паук,0.11709464041568003
Агата Кристи,Андрей Грейчайник (ДМЦ),0.10666097646580186
Агата Кристи,А. Грейчайник (ДМЦ),0.10666097646580186
Агата Кристи,HOMIE – Безумно можно быть первым,0.10317348710351439
Агата Кристи,TROLLFACE,0.10095108212292349
Агата Кристи,трол фейс,0.10095108212292349
Агата Кристи,ROTOFF,0.0926240502077076
Агата Кристи - Чудеса (1998),Агата Кристи,0.9947482095062055
Агата Кристи - Чудеса (1998),Паук,0.11390770681900421
Агата Кристи - Чудеса (1998),Коля RotoFF,0.10900632975019957
Агата Кристи - Чудеса (1998),Балабама,0.10797794282115897
Агата Кристи - Чудеса (1998),А. Грейчайник (ДМЦ),0.10285205367419668
Агата Кристи - Чудеса (1998),Андрей Грейчайник (ДМЦ),0.10285205367419668
Агата Кристи - Чудеса (1998),HOMIE – Безумно можно быть первым,0.10125480240979769
Агата Кристи - Чудеса (1998),ROTOFF,0.0879888881597674
Агата Кристи - Чудеса (1998),трол фейс,0.08789612666376603
Агата Кристи - Чудеса (1998),TROLLFACE,0.08789612666376603
Агния Барто,Сергей Хижняк,0.08086038908772739
Агния Барто,Стас Михайлов,0.07656296133861382
Агния Барто,Мельница--Сонный рыцарь-,0.07494215362688167
Агния Барто,"Михаил Михайлов (Афган, запись 1987 - 88 г.г.)",0.06460987233627256
Агния Барто,ОУ74,0.06279173276098328
Агния Барто,Bahh Tee,0.06277662905409917
Агния Барто,Мот,0.06225208655898694
Агния Барто,Витя Ак & Tip 2В12,0.05797134813641812
Агния Барто,Грозный,0.057444187275420985
Агния Барто,Птаха,0.05706075433737325
Айгуль Бариева,Лилия Биктимирова и Фадис Ганиев,0.9999999999999994
Айгуль Бариева,Айсылу Мухамадиева,0.15352841269527184
Айгуль Бариева,КрэФ,0.13946041601316428
Айгуль Бариева,Эмир Камалиев,0.07075917580026973
Айгуль Бариева,Фархетдинова Зайнап,0.06519056039269515
Айгуль Бариева,Гаяр Нуриманов,0.04611010687923451
Айгуль Бариева,Алина Булатова,0.032621910227813154
Айгуль Бариева,Абубакирова Гульфарида,0.03250535018205148
Айгуль Бариева,Гөлфәридә Әбүбәкерова,0.03250535018205148
Айгуль Бариева,Мишари Рашид Аль-Афаси,0.02086993507557845
Айсылу Мухамадиева,Фархетдинова Зайнап,0.2455595606710555
Айсылу Мухамадиева,Эмир Камалиев,0.17615686179803208
Айсылу Мухамадиева,Лилия Биктимирова и Фадис Ганиев,0.15352841269527184
Айсылу Мухамадиева,Айгуль Бариева,0.15352841269527184
Айсылу Мухамадиева,КрэФ,0.15305203267785508
Айсылу Мухамадиева,Гаяр Нуриманов,0.08774026626286734
Айсылу Мухамадиева,Алина Булатова,0.08677347870563222
Айсылу Мухамадиева,Гөлфәридә Әбүбәкерова,0.08646343185128816
Айсылу Мухамадиева,Абубакирова Гульфарида,0.08646343185128816
Айсылу Мухамадиева,Мишари Рашид Аль-Афаси,0.07888179363384332
Александр Шуров и Николай Рыкунин,Птаха,0.09809999767132216
Александр Шуров и Николай Рыкунин,Каста,0.09227078433314774
Александр Шуров и Николай Рыкунин,Триада,0.0905696406312527
Александр Шуров и Николай Рыкунин,Гуф,0.09031918631331802
Александр Шуров и Николай Рыкунин,Тимати,0.08518107005824167
Александр Шуров и Николай Рыкунин,Centr,0.08329214915855311
Александр Шуров и Николай Рыкунин,Баста,0.08294756371596973
Александр Шуров и Николай Рыкунин,Oxxxymiron,0.08088321101706566
Александр Шуров и Николай Рыкунин,T-Fest,0.07700645372712538
Александр Шуров и Николай Рыкунин,Вульгарный Тонн,0.07598573330227075
Алина Булатова,Абубакирова Гульфарида,0.9952373958022743
Алина Булатова,Гөлфәридә Әбүбәкерова,0.9952373958022743
Алина Булатова,Гаяр Нуриманов,0.9631732610940953
Алина Булатова,Эмир Камалиев,0.11956322025731374
Алина Булатова,Айсылу Мухамадиева,0.08677347870563222
Алина Булатова,КрэФ,0.08654789564688435
Алина Булатова,Фархетдинова Зайнап,0.07475056771779953
Алина Булатова,Лилия Биктимирова и Фадис Ганиев,0.032621910227813154
Алина Булатова,Айгуль Бариева,0.032621910227813154
Алина Булатова,КОЈЕКУДА 2014-11-09 Radio Beograd 1,0.019922214725015135
Алла Пугачева,Грибы,0.3219785822172489
Алла Пугачева,Гайтана,0.13234513826919245
Алла Пугачева,Людмила Зыкина dnb mix,0.1312871707656286
Алла Пугачева,Мытарь,0.07234910960413463
Алла Пугачева,Хор,0.06432264903546377
Алла Пугачева,Давид Тухманов,0.0627874842778824
Алла Пугачева,Ольга Арефьева,0.0560900404062427
Алла Пугачева,НОМ,0.05512316117423714
Алла Пугачева,Алена Апина,0.05388267887509346
Алла Пугачева,ВИТОС,0.04954256953224095
Алые Паруса.,Алые паруса,0.938632655292564
Алые Паруса.,Барды,0.6199285692998667
Алые Паруса.,Алые паруса (минус),0.33555346625196536
Алые Паруса.,Валерия Лесовская,0.321473313593276
Алые Паруса.,Песни орлятского круга,0.3209184461452188
Алые Паруса.,"""Алые паруса""",0.1815906955236382
Алые Паруса.,"Сводный хор ""АП"")",0.10028893613150638
Алые Паруса.,†.чЁ за трЕк.†,0.09514979671741053
Алые Паруса.,Музыкальная жизнь™,0.08757149864258768
Алые Паруса.,Nasty Nay,0.08050112122298772
Алые паруса (минус),Песни орлятского круга,0.8785965335957295
Алые паруса (минус),Алые паруса,0.5778774519898233
Алые паруса (минус),Валерия Лесовская,0.3566221840223268
Алые паруса (минус),Алые Паруса.,0.33555346625196536
Алые паруса (минус),Барды,0.2164733611000007
Алые паруса (минус),"""Алые паруса""",0.212414248723948
Алые паруса (минус),"Сводный хор ""АП"")",0.13643369736241096
Алые паруса (минус),†.чЁ за трЕк.†,0.09957517661483063
Алые паруса (минус),Музыкальная жизнь™,0.09164441485522891
Алые паруса (минус),Левон,0.08505542682609496
Аля Кудряшова,Игорь Белый (на стихи Али Кудряшёвой),1.0000000000000002
Аля Кудряшова,Игорь Белый,1.0000000000000002
Аля Кудряшова,Аля Кудряшева,0.9810949050054741
Аля Кудряшова,Полюса,0.10100554901638838
Аля Кудряшова,Птаха,0.0934456134395063
Аля Кудряшова,Батарея,0.09327522440860543
Аля Кудряшова,ПОЛЮСА [26/08 клуб Грибоедов],0.08238437942477124
Аля Кудряшова,Каста,0.07977792501459746
Аля Кудряшова,Домино,0.07880997693294725
Аля Кудряшова,Feduk,0.07851256392703931
Аля Кумар,ОУ74,0.12113392290088305
Аля Кумар,Гуф,0.11518005071323477
Аля Кумар,Восточный округ,0.11264623605818133
Аля Кумар,ТГК,0.11074317123504854
Аля Кумар,Баста,0.10764980982416282
Аля Кумар,Chemodan,0.10532507424858321
Аля Кумар,Триагрутрика,0.10268953920601717
Аля Кумар,Krec,0.10225547050719998
Аля Кумар,Каста,0.10147962919235642
Аля Кумар,Триада,0.0997986077418028
Анатолий Александрович,"Вокальный Квартет ""Аккорд""",1.0000000000000002
Анатолий Александрович,Шишков Сергей,1.0000000000000002
Анатолий Александрович,Детские Песни,0.9899514106754238
Анатолий Александрович,♨♨♨Детская песня♨♨♨,0.9503491818964632
Анатолий Александрович,Детская,0.9325272387847319
Анатолий Александрович,Песьня.,0.9325272387847319
Анатолий Александрович,детская песенка,0.9325272387847319
Анатолий Александрович,Неизвестный исполнитель,0.5389288278061416
Анатолий Александрович,Четыре таракана,0.15003635377034621
Анатолий Александрович,Тараканы,0.14866309871564157
Андрей Грейчайник (ДМЦ),А. Грейчайник (ДМЦ),0.9999999999999997
Андрей Грейчайник (ДМЦ),Агата Кристи,0.10666097646580186
Андрей Грейчайник (ДМЦ),Агата Кристи - Чудеса (1998),0.10285205367419668
Андрей Грейчайник (ДМЦ),Уматурман,0.08721155854830756
Андрей Грейчайник (ДМЦ),Балабама,0.07863131926275485
Андрей Грейчайник (ДМЦ),Коля RotoFF,0.07061328631037804
Андрей Грейчайник (ДМЦ),Сфера,0.0686133587602381
Андрей Грейчайник (ДМЦ),TROLLFACE,0.06720802810835548
Андрей Грейчайник (ДМЦ),трол фейс,0.06720802810835548
Андрей Грейчайник (ДМЦ),Паук,0.06013409389364416
Андрей Климнюк,Дюна,0.18925485797150685
Андрей Климнюк,Владимир Высоцкий,0.11549553754598917
Андрей Климнюк,Браток,0.10653919372782782
Андрей Климнюк,Крестная Семья,0.10621617045345291
Андрей Климнюк,Голубые Береты,0.08987220956487313
Андрей Климнюк,Ас Вентура,0.08624528504236474
Андрей Климнюк,Гимн ВДВ,0.08572976171851628
Андрей Климнюк,Голубые молнии,0.08572976171851628
Андрей Климнюк,Вэ,0.07804976015262124
Андрей Климнюк,Макс,0.07798325836794566
Андрей Макаревич,Ассаи,0.12407380108405228
Андрей Макаревич,Владимир Трошин,0.11686285630309984
Андрей Макаревич,Krec,0.11367119245268795
Андрей Макаревич,Король и Шут,0.10433946906337029
Андрей Макаревич,Триада,0.10004447289422119
Андрей Макаревич,Баста,0.09926229760706784
Андрей Макаревич,Раиса Неменова,0.09791656987216368
Андрей Макаревич,Нигатив,0.09619579976895826
Андрей Макаревич,Зимавсегда,0.09325815292208642
Андрей Макаревич,Витос,0.09295722517648514
Анимал джаз,Animal Jazz,0.9999999999999994
Анимал джаз,Домино,0.29567872524915767
Анимал джаз,Каста - Влади - Что Нам Делать в Греции?,0.09347348846376106
Анимал джаз,Ассаи,0.08918793749634998
Анимал джаз,Баста,0.08544966772265127
Анимал джаз,Markul,0.08462064395319226
Анимал джаз,L'One,0.07971576565726846
Анимал джаз,Валдай,0.07923251474008232
Анимал джаз,Порнофильмы,0.07852726811898927
Анимал джаз,Рем Дигга,0.07835872183388429
Антонина Матвиенко,Сокира Перуна,0.2588256472268079
Антонина Матвиенко,"Скрябін, (1995 Птахи)",0.2327853514016468
Антонина Матвиенко,Нежеголь,0.1948814732846198
Антонина Матвиенко,О. Васильчак та С.Роговський,0.1943973781683265
Антонина Матвиенко,Бабич Анжела,0.1795760422598916
Антонина Матвиенко,Наречена_Михайло Хома (Дзідзьо)(акорди),0.15963193293749267
Антонина Матвиенко,Русич,0.06587885051759401
Антонина Матвиенко,9 ВАЛ,0.0606012238781726
Антонина Матвиенко,Оксана Дроздова,0.05944740598637464
Антонина Матвиенко,Мот,0.04851381922871933
Апина,Алёна Апина,0.9921408418815242
Апина,Алена Апина,0.8281982203643669
Апина,Владимир Трошин,0.40415011077775775
Апина,Дюна,0.1846568433510375
Апина,Раиса Неменова,0.17920305131371786
Апина,♪♫ Перевалов Геннадий,0.14256788913435794
Апина,Зимавсегда,0.09551315537753055
Апина,Узелок,0.08226667187795522
Апина,Давид Тухманов,0.07851753399713049
Апина,ChipaChip x Женя Дэп,0.07436048192734183
Армейская,Армия брат,0.9962119143738861
Армейская,Любэ,0.08211714347407531
Армейская,D1sH,0.07396802206583727
Армейская,Птаха,0.07021302207797273
Армейская,Loc-Dog,0.06618452834636827
Армейская,Типа РВ!,0.06479299907837777
Армейская,Виктор Малолетний,0.06473388285259184
Армейская,Триагрутрика,0.06464448867899067
Армейская,ФИЗТЕХпесня,0.06459362736922623
Армейская,Рем Дигга,0.06412222495947334
Армейские Песни,Дворовые песни,0.9308788749480564
Армейские Песни,Курские соловьи,0.10823695437663643
Армейские Песни,ВИА Пламя,0.10018333874546999
Армейские Песни,Типа РВ!,0.09134570533774826
Армейские Песни,D-Bosh,0.08911610302962017
Армейские Песни,Баста,0.07931410245129869
Армейские Песни,Krec,0.0776783259700729
Армейские Песни,Птаха,0.07653319751037957
Армейские Песни,Каста,0.07583807868725749
Армейские Песни,ШИРЯЕВ ОЛЕГ,0.07376263092665479
Армейские песни под гитару,Волин Виталий,0.0912294053424835
Армейские песни под гитару,Типа РВ!,0.08720340989215668
Армейские песни под гитару,Владимир Высоцкий,0.07702839264855571
Армейские песни под гитару,OST Кисло,0.07387673706833185
Армейские песни под гитару,Lx24,0.07168028722572221
Армейские песни под гитару,Rido,0.06949950337770917
Армейские песни под гитару,Loc Dog,0.06788547536613206
Армейские песни под гитару,Птаха,0.06534107408725674
Армейские песни под гитару,Корж,0.06107951318288848
Армейские песни под гитару,Bones,0.060674921161378154
Артиллеия,РВиА,1.0000000000000002
Артиллеия,Любэ,0.15648402225300775
Артиллеия,Виктор Малолетний,0.09932753510803957
Артиллеия,D1sH,0.0910199294921842
Артиллеия,Квартет физфака пу Сергея Никитина,0.08998420268884208
Артиллеия,Песни нашего века,0.08921914621422396
Артиллеия,Вадим Мулерман,0.07865434851954409
Артиллеия,Мирко Саблич,0.07400224290139532
Артиллеия,Л.П.П.Л,0.07270891480460437
Артиллеия,Баста,0.0701093112004296
Ас Вентура,Моя Дерзкая Правда,0.1096102712774299
Ас Вентура,Андрей Климнюк,0.08624528504236474
Ас Вентура,Женщины деревни Кеба (Лешуконский,0.08159039751951208
Ас Вентура,Ассаи,0.0763368303056031
Ас Вентура,Узелок,0.07559286230575814
Ас Вентура,Игорь Растеряев,0.07025785220383703
Ас Вентура,Нигатив,0.07006542736228065
Ас Вентура,Король и Шут,0.06979544900182783
Ас Вентура,Дюна,0.06914270531948788
Ас Вентура,Птаха,0.06586924108190927
БАРТО,Враги,0.9076325952541798
БАРТО,ЛСП,0.09633939430768805
БАРТО,Domino-Прыгай в такт,0.09048450733991667
БАРТО,Miyagi,0.0881571193827189
БАРТО,Тимати,0.08570312198285338
БАРТО,Dino MC47,0.0823118276925051
БАРТО,Krec,0.08124774178401337
БАРТО,Rate1.2,0.08023610770060187
БАРТО,Feduk,0.07872436406405438
БАРТО,Boulevard Depo,0.07810078676722672
Бабич Анжела,Антонина Матвиенко,0.1795760422598916
Бабич Анжела,D-Bosh,0.1473411394490664
Бабич Анжела,Курские соловьи,0.14411292116302274
Бабич Анжела,Наречена_Михайло Хома (Дзідзьо)(акорди),0.13963813661554353
Бабич Анжела,Оксана Почепа,0.11483531575804802
Бабич Анжела,ВИА Пламя,0.11427895172718328
Бабич Анжела,О. Васильчак та С.Роговський,0.11106205798341492
Бабич Анжела,"Скрябін, (1995 Птахи)",0.10714334868321951
Бабич Анжела,"Марьяж ""Декорации""",0.09895053937473583
Бабич Анжела,Типа РВ!,0.08997519936610357
Балабама,TROLLFACE,0.13304287034337092
Балабама,трол фейс,0.13304287034337092
Балабама,Пальчики,0.12802673532936576
Балабама,Slot,0.12802673532936576
Балабама,✔Слот,0.12802673532936576
Балабама,Неизвестен,0.12025496963456854
Балабама,Агата Кристи,0.11896495937661475
Балабама,Коля RotoFF,0.11635263419410169
Балабама,Агата Кристи - Чудеса (1998),0.10797794282115897
Балабама,Паук,0.09048078073211352
Балахнин Геннадий,Каста,0.09446801003057732
Балахнин Геннадий,Рем Дигга,0.08632087929183961
Балахнин Геннадий,ТГК,0.08333095332453254
Балахнин Геннадий,Хор,0.08232843346930382
Балахнин Геннадий,Птаха,0.07906834851772891
Балахнин Геннадий,Король и Шут,0.07715642353459963
Балахнин Геннадий,Триада,0.07661893847451015
Балахнин Геннадий,Гуф,0.07602199357122788
Балахнин Геннадий,Krec,0.07595457573386043
Балахнин Геннадий,Грибы,0.0758291018046021
Барды.,Барды,0.7696368410590003
Барды.,Юлия Самошкина,0.24803935045552822
Барды.,KRiceT,0.1121993741030255
Барды.,Петя OST,0.10639741513449656
Барды.,Хатико,0.10639741513449656
Барды.,Хаски,0.09008895542753327
Барды.,Саша Бест,0.08798216707460153
Барды.,Наталья Барсукова,0.07119310448475413
Барды.,Владимир Высоцкий,0.06427703994330694
Барды.,Король и Шут,0.058327925209098276
"Бей, но выслушай",Рем Дигга,0.09964044882505801
"Бей, но выслушай",Гуф,0.09958088952272465
"Бей, но выслушай",Птаха,0.09834051847362875
"Бей, но выслушай",Словетский,0.09552973557835409
"Бей, но выслушай",Feduk,0.09119928344967328
"Бей, но выслушай",Dino MC47,0.08944501686991832
"Бей, но выслушай",Krec,0.08718189576595009
"Бей, но выслушай",Баста,0.08681852777890138
"Бей, но выслушай",♡ Акула ♡,0.08590195432180055
"Бей, но выслушай",Тимати,0.08570323571705776
Белки на акации,Тараканы!,0.07416246255369087
Белки на акации,Гуф,0.07256291647202806
Белки на акации,Кровосток,0.07063936066542856
Белки на акации,Ассаи,0.06942600570686834
Белки на акации,Триада,0.06862491871808465
Белки на акации,Гречка,0.06829588516966294
Белки на акации,Четыре таракана,0.06706029306864093
Белки на акации,Feduk,0.06702653661253295
Белки на акации,Тараканы,0.06644650258312006
Белки на акации,Грибы,0.06460983251769581
Белый Аликорн,Витос,0.18872571870325547
Белый Аликорн,Джиз,0.16197355944512082
Белый Аликорн,Король и Шут,0.12189507643034206
Белый Аликорн,Эльбрус Джанмирзоев,0.12102694884728271
Белый Аликорн,Буерак,0.11464332328420573
Белый Аликорн,Krec,0.1130894872458241
Белый Аликорн,Ассаи,0.11307872955003519
Белый Аликорн,Витек,0.11058225565363777
Белый Аликорн,Dino MC47,0.10717566169639992
Белый Аликорн,Лигалайз,0.10623710492545657
Билли Бро,Ronan Keating,0.20043780735280012
Билли Бро,George Thorogood And The Destroyers,0.16374542232343062
Билли Бро,Radiohead,0.15806508009308823
Билли Бро,IC3PEAK,0.1426494717850853
Билли Бро,Grime,0.14060203617096506
Билли Бро,Loqiemean,0.13749770296972677
Билли Бро,Big Baby Tape,0.12231714161591334
Билли Бро,Onyx,0.11292480419548151
Билли Бро,Regina Spektor,0.11202510608592732
Билли Бро,Lustral,0.11071762440964239
Блондин,ОУ74,0.1163720422128706
Блондин,Лигалайз,0.11510220829255882
Блондин,Гуф,0.09860563155013352
Блондин,Miyagi,0.09812532147724644
Блондин,Триада,0.0934043466651748
Блондин,Вульгарный Тонн,0.09227310277487741
Блондин,Баста,0.09206422245803217
Блондин,Krec,0.0919147698036374
Блондин,Ассаи,0.08959434533116853
Блондин,Dino MC47,0.08486209263988147
Большая разница,ВИТОС,0.12608163605035427
Большая разница,Курские соловьи,0.11151644848163017
Большая разница,D-Bosh,0.09148424427001746
Большая разница,Оксана Почепа,0.08715569486348668
Большая разница,ВИА Пламя,0.08540065966972663
Большая разница,Типа РВ!,0.08349974140597104
Большая разница,Тимати,0.0784866547288627
Большая разница,Корж,0.07252539581372136
Большая разница,Thomas Mraz,0.07107121612185603
Большая разница,"Марьяж ""Декорации""",0.07034434109909507
Братья Карамазовы,Семёнова Мария,0.11190547484759841
Братья Карамазовы,Дмитрий Авилов,0.10406693068913397
Братья Карамазовы,Мишари Рашид Аль-Афаси,0.09953517640273549
Братья Карамазовы,JILLZAY - ТВОY НОМЕР (Origin) Six O!,0.09122609646619177
Братья Карамазовы,Маевский Сергей,0.0888876980912473
Братья Карамазовы,Oxxxymiron,0.0871792212330257
Братья Карамазовы,Рем Дигга,0.08706307093881388
Братья Карамазовы,Ассаи,0.0858010951008523
Братья Карамазовы,Баста,0.08306180884501499
Братья Карамазовы,Лигалайз,0.08257558266205275
Брутто (Каспийский Груз),Рем Дигга,0.11479413576747007
Брутто (Каспийский Груз),Баста,0.10987276604627962
Брутто (Каспийский Груз),ОУ74,0.10110911503438977
Брутто (Каспийский Груз),Feduk,0.09032341560936974
Брутто (Каспийский Груз),Krec,0.08520343506860792
Брутто (Каспийский Груз),(AlljЭлджей),0.08505842807066545
Брутто (Каспийский Груз),Ассаи,0.08384003982627806
Брутто (Каспийский Груз),Триада,0.08311450510880254
Брутто (Каспийский Груз),Элджей (Я|Так) похож на птицу.,0.08293779999504926
Брутто (Каспийский Груз),Элджей,0.08022373047036493
БьЯНК@,Бьянка,0.5661639955319048
БьЯНК@,Миша Fint,0.09417204122458701
БьЯНК@,Вообще,0.092548994447167
БьЯНК@,Каспийский Груз,0.09021451659088789
БьЯНК@,я дура миша,0.09021451659088789
БьЯНК@,Long Star,0.08665834657787394
БьЯНК@,Птаха,0.08308385015962043
БьЯНК@,Гуф,0.08278668062591918
БьЯНК@,Баста,0.08263326005556795
БьЯНК@,ИСН,0.08256795988486913
ВАДИМ САЖИН,Вадим Сажин,0.9677434960689025
ВАДИМ САЖИН,Русский,0.08517333812976469
ВАДИМ САЖИН,Krec,0.08283107828911672
ВАДИМ САЖИН,Птаха,0.0794486347302856
ВАДИМ САЖИН,Смоки Мо,0.07879471247876206
ВАДИМ САЖИН,Centr,0.07857099371791779
ВАДИМ САЖИН,Каста,0.07700021907818363
ВАДИМ САЖИН,Ассаи,0.0754746384461709
ВАДИМ САЖИН,"Гр. ""Они""",0.07541716629740329
ВАДИМ САЖИН,Русская Императорская армія,0.07479392647824092
ВИА Пламя,Курские соловьи,0.21163755474980528
ВИА Пламя,D-Bosh,0.17303105045097622
ВИА Пламя,Оксана Почепа,0.13414344395409916
ВИА Пламя,"Марьяж ""Декорации""",0.11885810441583793
ВИА Пламя,Бабич Анжела,0.11427895172718328
ВИА Пламя,Типа РВ!,0.10561206339078057
ВИА Пламя,Армейские Песни,0.10018333874546999
ВИА Пламя,Tony Gun,0.09396368491332359
ВИА Пламя,Большая разница,0.08540065966972663
ВИА Пламя,Дворовые песни,0.08334378272424972
ВИТОС,группа Весна,0.14102681776046327
ВИТОС,Nebo7,0.13193476632881432
ВИТОС,Большая разница,0.12608163605035427
ВИТОС,Ассаи,0.12362399481299376
ВИТОС,Птаха,0.12095589060096558
ВИТОС,Dead Hearted,0.11975830879736193
ВИТОС,Скриптонит,0.11839559596997863
ВИТОС,T-Fest,0.11595073848570978
ВИТОС,Markul,0.1152157074367759
ВИТОС,Тимати,0.11089005592287292
Вадяра Блюз (Bulletgrims),Окси,0.07763607299961411
Вадяра Блюз (Bulletgrims),Chemodan,0.07554258596723344
Вадяра Блюз (Bulletgrims),Ассаи,0.07266813306595958
Вадяра Блюз (Bulletgrims),Рем Дигга,0.07026457021402745
Вадяра Блюз (Bulletgrims),ТРИАГРУТРИКА (Т.Г.К.липсис 2011),0.06913750885105248
Вадяра Блюз (Bulletgrims),12 ТРИАГРУТРИКА (Т.Г.К.липсис),0.06913750885105248
Вадяра Блюз (Bulletgrims),ТРИАГРУТРИКА [Т.Г.К.липсис(2011)],0.06913750885105248
Вадяра Блюз (Bulletgrims),The Chemodan,0.06913750885105248
Вадяра Блюз (Bulletgrims),Баста,0.06826458015385785
Вадяра Блюз (Bulletgrims),Триагутрика,0.06814512617077007
Валдай,Глеб Романов,0.13104862164173275
Валдай,на грузинском,0.12100865431175133
Валдай,Shot,0.10795139473540537
Валдай,dom1No,0.10788483038332429
Валдай,Домино,0.10777612366472492
Валдай,†.чЁ за трЕк.†,0.10419292170954864
Валдай,OST Кисло,0.1018934180146035
Валдай,Музыкальная жизнь™,0.0958943751519903
Валдай,Странник Стк,0.08861375207804185
Валдай,Гайтана,0.08784046952856465
Валерия Лесовская,Алые паруса (минус),0.3566221840223268
Валерия Лесовская,Песни орлятского круга,0.33691016283854414
Валерия Лесовская,Алые Паруса.,0.321473313593276
Валерия Лесовская,Алые паруса,0.3057980287294982
Валерия Лесовская,"""Алые паруса""",0.29668692045069683
Валерия Лесовская,"Сводный хор ""АП"")",0.21315838022913858
Валерия Лесовская,Барды,0.20696713783301635
Валерия Лесовская,Левон,0.11799230331081204
Валерия Лесовская,➨ Levon,0.11799230331081204
Валерия Лесовская,Гагарина Полина,0.0984336484897376
Василий Лавров,Лавров Василий,0.9165530467880492
Василий Лавров,TROLLFACE,0.15504078188682968
Василий Лавров,трол фейс,0.15504078188682968
Василий Лавров,Коля RotoFF,0.13762815121964886
Василий Лавров,ROTOFF,0.11121991820669383
Василий Лавров,Неизвестен,0.08818682197837574
Василий Лавров,Паук,0.0871446497464486
Василий Лавров,Неизвестный исполнитель,0.08217520702703093
Василий Лавров,Уматурман,0.07859655668646641
Василий Лавров,Ассаи,0.07140236374459615
Вечера Насильной Поэзии,сатана печет блины,0.08791107775959274
Вечера Насильной Поэзии,Валерия Лесовская,0.07841334242189571
Вечера Насильной Поэзии,Алые паруса (минус),0.07791937184411615
Вечера Насильной Поэзии,Песни орлятского круга,0.07574592314226627
Вечера Насильной Поэзии,Ассаи,0.07306002414005217
Вечера Насильной Поэзии,Сатана Печёт Блины,0.06554265750319324
Вечера Насильной Поэзии,Баста,0.06479626052375585
Вечера Насильной Поэзии,Левон,0.06442278765276659
Вечера Насильной Поэзии,➨ Levon,0.06442278765276659
Вечера Насильной Поэзии,Andy Panda,0.064199300982776
Виктор Малолетний,ФИЗТЕХпесня,0.1345501562758639
Виктор Малолетний,D1sH,0.12223314705050439
Виктор Малолетний,Любэ,0.11425811345959061
Виктор Малолетний,Русский,0.1088298335727548
Виктор Малолетний,РВиА,0.09932753510803957
Виктор Малолетний,Артиллеия,0.09932753510803957
Виктор Малолетний,Пацантрэ,0.08810489971264598
Виктор Малолетний,Тараканы!,0.08622242469989204
Виктор Малолетний,Порнофильмы,0.08497664693885389
Виктор Малолетний,L'One,0.07932078229443147
Витек,Джиз,0.11339996584802445
Витек,Белый Аликорн,0.11058225565363777
Витек,Krec,0.10166382884403917
Витек,ЮГ,0.09887123957377994
Витек,Смоки Мо,0.09876997848422985
Витек,Лигалайз,0.09776544388586439
Витек,Скептик,0.09555865423919946
Витек,Баста,0.09500569904536436
Витек,Ассаи,0.09431412475266691
Витек,Буерак,0.09390747063055464
Витя Ак & Tip 2В12,Лизоркин,0.12368049273668334
Витя Ак & Tip 2В12,Thomas Mraz,0.11971211586743769
Витя Ак & Tip 2В12,Птаха,0.11611599371482338
Витя Ак & Tip 2В12,Гуф,0.11556589432259089
Витя Ак & Tip 2В12,Feduk,0.11419786255020126
Витя Ак & Tip 2В12,Триада,0.11333358338321384
Витя Ак & Tip 2В12,Johnyboy,0.10919413398407853
Витя Ак & Tip 2В12,Баста,0.10846610921039959
Витя Ак & Tip 2В12,Тимати,0.10831769870307832
Витя Ак & Tip 2В12,ОУ74,0.10467989408976854
Владимир Высоцкий,Дюна,0.11800782624465826
Владимир Высоцкий,Андрей Климнюк,0.11549553754598917
Владимир Высоцкий,Браток,0.08513996544483127
Владимир Высоцкий,Король и Шут,0.0843335764661535
Владимир Высоцкий,Каста,0.07890986890174913
Владимир Высоцкий,Dino MC47,0.07868296056312236
Владимир Высоцкий,Армейские песни под гитару,0.07702839264855571
Владимир Высоцкий,Рем Дигга,0.07355343703483119
Владимир Высоцкий,Триагрутрика,0.0733277485245264
Владимир Высоцкий,Барды,0.07241972536852871
Владимир Трошин,Апина,0.40415011077775775
Владимир Трошин,Алёна Апина,0.3858177444338778
Владимир Трошин,Алена Апина,0.32406459072178295
Владимир Трошин,Раиса Неменова,0.230793500107154
Владимир Трошин,♪♫ Перевалов Геннадий,0.19692026808807955
Владимир Трошин,Андрей Макаревич,0.11686285630309984
Владимир Трошин,Узелок,0.1116610758048838
Владимир Трошин,Нюрнберг,0.10843489709027931
Владимир Трошин,Давид Тухманов,0.10634188707813132
Владимир Трошин,Зимавсегда,0.10391039746037525
"Вокальный Квартет ""Аккорд""",Шишков Сергей,1.0000000000000002
"Вокальный Квартет ""Аккорд""",Анатолий Александрович,1.0000000000000002
"Вокальный Квартет ""Аккорд""",Детские Песни,0.9899514106754238
"Вокальный Квартет ""Аккорд""",♨♨♨Детская песня♨♨♨,0.9503491818964632
"Вокальный Квартет ""Аккорд""",Детская,0.9325272387847319
"Вокальный Квартет ""Аккорд""",Песьня.,0.9325272387847319
"Вокальный Квартет ""Аккорд""",детская песенка,0.9325272387847319
"Вокальный Квартет ""Аккорд""",Неизвестный исполнитель,0.5389288278061416
"Вокальный Квартет ""Аккорд""",Четыре таракана,0.15003635377034621
"Вокальный Квартет ""Аккорд""",Тараканы,0.14866309871564157
Волин Виталий,♡ Акула ♡,0.10466279637093347
Волин Виталий,Юрий Хованский,0.09569408826879046
Волин Виталий,Армейские песни под гитару,0.0912294053424835
Волин Виталий,Rewake,0.09076636508676583
Волин Виталий,Мытарь,0.08196546518421687
Волин Виталий,Ми типа гриби,0.07605842112747005
Волин Виталий,Грибы,0.07515294364858205
Волин Виталий,Браток,0.07149298419816061
Волин Виталий,Марго Сирин,0.07120154013954948
Волин Виталий,Восточный округ,0.07027639037126364
Воробей,Ваня Воробей,0.9544569108763125
Воробей,ЗОЖ,0.8871705708413703
Воробей,ОУ74,0.0691752763003422
Воробей,Ми типа гриби,0.0679593785806383
Воробей,Нюрнберг,0.06220219475564427
Воробей,Feduk,0.06012345498633722
Воробей,Восточный округ,0.058093702805781286
Воробей,Птаха,0.05740697176687305
Воробей,ТГК,0.056463934503291756
Воробей,Крестная Семья,0.05630428929235525
Восточный Округ (УРМК),Восточный Округ,0.9807094566584277
Восточный Округ (УРМК),Chemodan,0.3836129787276261
Восточный Округ (УРМК),Восточный округ,0.10230821530379118
Восточный Округ (УРМК),Триагрутрика,0.09854917360563241
Восточный Округ (УРМК),ТРИАГРУТРИКА (Т.Г.К.липсис),0.09615581805730239
Восточный Округ (УРМК),TRIAGRUTRIKA,0.09504958063480921
Восточный Округ (УРМК),Триагрутрика (ТГК) - Т.Г.К.липсис,0.09173287836299521
Восточный Округ (УРМК),ОУ74,0.09103309415309098
Восточный Округ (УРМК),Смоки Мо,0.08850255279869344
Восточный Округ (УРМК),ТГК,0.08779146669255607
Враги,БАРТО,0.9076325952541798
Враги,Domino-Прыгай в такт,0.0916982543579896
Враги,ЛСП,0.09126094360402595
Враги,Miyagi,0.08911528183686768
Враги,Krec,0.0885021374571528
Враги,Тимати,0.08453379533782802
Враги,Feduk,0.0813422711450411
Враги,Сява,0.08106307728365499
Враги,Корж,0.07936857823367288
Враги,Rate1.2,0.07806353160044917
Вульгарный ТоН,Вульгарный Тонн,0.33760392754255636
Вульгарный ТоН,Баста,0.10394676511248159
Вульгарный ТоН,Гуф,0.09314529069134887
Вульгарный ТоН,Хром,0.09284730276424843
Вульгарный ТоН,Johnyboy,0.09151273985181002
Вульгарный ТоН,Триагрутрика,0.08936048645374044
Вульгарный ТоН,Каста,0.08912558599463463
Вульгарный ТоН,Krec,0.08909221073343569
Вульгарный ТоН,Chemodan,0.0890601588469355
Вульгарный ТоН,Feduk,0.08731346176495952
Вульгарный тон,Вульгарный Тонн,0.41008815841897023
Вульгарный тон,Гуф,0.11476533491730619
Вульгарный тон,Птаха,0.10193797895181461
Вульгарный тон,Баста,0.10162088476133915
Вульгарный тон,Смоки Мо,0.10032646210433695
Вульгарный тон,ОУ74,0.09922482667147425
Вульгарный тон,Oxxxymiron,0.09709991807136509
Вульгарный тон,Johnyboy,0.09677989559416307
Вульгарный тон,Триагрутрика,0.09567103590872544
Вульгарный тон,Децл,0.09452443927603704
Вэ,Макс,0.9713430939631644
Вэ,Корж,0.4508067548489979
Вэ,Скриптонит,0.09703843694876015
Вэ,Каста,0.09428080239377865
Вэ,Птаха,0.09059934830388704
Вэ,Гуф,0.08992018902878138
Вэ,Русский,0.0866670938872685
Вэ,Centr,0.08563976609712107
Вэ,Johnyboy,0.08461580411207682
Вэ,Truwer,0.08322206945139136
ГИМН РУССКОГО РАДИО,Русские романсы,0.08215886597575138
ГИМН РУССКОГО РАДИО,Русский,0.07204759094951216
ГИМН РУССКОГО РАДИО,Патриотические. Русские народные военные песни.,0.06681756376600628
ГИМН РУССКОГО РАДИО,Муровей (Сложные),0.06463380256587128
ГИМН РУССКОГО РАДИО,Децл,0.06440982540930171
ГИМН РУССКОГО РАДИО,Mrs. DvaTree,0.06399790621906318
ГИМН РУССКОГО РАДИО,1 klass,0.062645486648233
ГИМН РУССКОГО РАДИО,Вульгарный Тонн,0.06252989455539842
ГИМН РУССКОГО РАДИО,Игорь Растеряев,0.06200114843449802
ГИМН РУССКОГО РАДИО,Гуф,0.06169958254356302
Гайтана,Алла Пугачева,0.13234513826919245
Гайтана,Dino MC47,0.09939386029692611
Гайтана,Святитель Иоанн Златоуст,0.09704645849489649
Гайтана,Валдай,0.08784046952856465
Гайтана,Грибы,0.08411632370583623
Гайтана,Тандем,0.07357881087677104
Гайтана,Гречка,0.07122662138990726
Гайтана,Владимир Трошин,0.070791624452617
Гайтана,D-Bosh,0.0699909317690356
Гайтана,Типа РВ!,0.06942537538284888
Гарри Топор,Ассаи,0.1420501658005221
Гарри Топор,Король и Шут,0.14122519627963168
Гарри Топор,Нигатив,0.1260961670786304
Гарри Топор,Вульгарный Тонн,0.1250627856664388
Гарри Топор,Баста,0.12118057201750226
Гарри Топор,Джиз,0.1192472794019602
Гарри Топор,Птаха,0.11867909405624892
Гарри Топор,Thomas Mraz,0.11688976379455564
Гарри Топор,Krec,0.11676905152015403
Гарри Топор,Триада,0.11425970030499136
Гаяр Нуриманов,Алина Булатова,0.9631732610940953
Гаяр Нуриманов,Гөлфәридә Әбүбәкерова,0.9614363502028852
Гаяр Нуриманов,Абубакирова Гульфарида,0.9614363502028852
Гаяр Нуриманов,Эмир Камалиев,0.1445211832188944
Гаяр Нуриманов,КрэФ,0.10621489595917939
Гаяр Нуриманов,Айсылу Мухамадиева,0.08774026626286734
Гаяр Нуриманов,Фархетдинова Зайнап,0.07186461451258556
Гаяр Нуриманов,Лилия Биктимирова и Фадис Ганиев,0.04611010687923451
Гаяр Нуриманов,Айгуль Бариева,0.04611010687923451
Гаяр Нуриманов,КОЈЕКУДА 2014-11-09 Radio Beograd 1,0.02173371703211617
Гимн ВДВ,Голубые молнии,0.9999999999999998
Гимн ВДВ,Голубые Береты,0.9539073550498759
Гимн ВДВ,Андрей Климнюк,0.08572976171851628
Гимн ВДВ,Крестная Семья,0.0782123034206523
Гимн ВДВ,Markul,0.07448643759726112
Гимн ВДВ,♡ Акула ♡,0.07434551845815482
Гимн ВДВ,Krec,0.07378218408139785
Гимн ВДВ,Баста,0.07302835917521089
Гимн ВДВ,Дюна,0.07094612697705532
Гимн ВДВ,Ассаи,0.07087161270405452
Глеб Романов,Валдай,0.13104862164173275
Глеб Романов,dom1No,0.08959954211628185
Глеб Романов,Домино,0.08397525763974549
Глеб Романов,Alex Fish [Время Иллюзий],0.08285159624585563
Глеб Романов,207. Soulkast,0.07877110112352474
Глеб Романов,Soulkast,0.07877110112352474
Глеб Романов,Nasty Nay,0.07434946119386981
Глеб Романов,Shot,0.06688606188301943
Глеб Романов,Nebo7,0.06518073953070895
Глеб Романов,Domino-Прыгай в такт,0.06367313375966026
Гнойный (a.k.a Соня Мармеладова),Соня Мармеладова (ГНОЙНЫЙ SLOVO SPB),1.0000000000000029
Гнойный (a.k.a Соня Мармеладова),Соня Мармеладова (Гнойный),1.0000000000000029
Гнойный (a.k.a Соня Мармеладова),Redo,0.9593821743056283
Гнойный (a.k.a Соня Мармеладова),Flowdan vs Logan Sama,0.9593821743056283
Гнойный (a.k.a Соня Мармеладова),Вульгарный Тонн,0.09972629385910046
Гнойный (a.k.a Соня Мармеладова),Рем Дигга,0.09196302604008993
Гнойный (a.k.a Соня Мармеладова),Смоки Мо,0.09099715552984174
Гнойный (a.k.a Соня Мармеладова),Oxxxymiron,0.09096384925027674
Гнойный (a.k.a Соня Мармеладова),Yanix,0.09025406309558276
Гнойный (a.k.a Соня Мармеладова),Гекто,0.08680663811153226
Голубые Береты,Голубые молнии,0.9539073550498759
Голубые Береты,Гимн ВДВ,0.9539073550498759
Голубые Береты,Андрей Климнюк,0.08987220956487313
Голубые Береты,Крестная Семья,0.08199150893072098
Голубые Береты,♡ Акула ♡,0.07793788156111618
Голубые Береты,Markul,0.07673126823075868
Голубые Береты,Дюна,0.07437423204829557
Голубые Береты,Krec,0.07344844418919871
Голубые Береты,Баста,0.07326661645215603
Голубые Береты,Триада,0.07073244129954943
Голубые молнии,Гимн ВДВ,0.9999999999999998
Голубые молнии,Голубые Береты,0.9539073550498759
Голубые молнии,Андрей Климнюк,0.08572976171851628
Голубые молнии,Крестная Семья,0.0782123034206523
Голубые молнии,Markul,0.07448643759726112
Голубые молнии,♡ Акула ♡,0.07434551845815482
Голубые молнии,Krec,0.07378218408139785
Голубые молнии,Баста,0.07302835917521089
Голубые молнии,Дюна,0.07094612697705532
Голубые молнии,Ассаи,0.07087161270405452
"Гр. ""Они""",Ассаи,0.16501710035782163
"Гр. ""Они""",Krec,0.156135913684399
"Гр. ""Они""",Эльбрус Джанмирзоев,0.1545303966020237
"Гр. ""Они""",T9,0.14845290380642379
"Гр. ""Они""",Нигатив,0.14823791687986365
"Гр. ""Они""",L'One,0.1477095219584944
"Гр. ""Они""",Джиз,0.13171347035773973
"Гр. ""Они""",Порнофильмы,0.131081276249656
"Гр. ""Они""",Johnyboy,0.12385872123983242
"Гр. ""Они""",Гречка,0.12293051778940643
Грозный,Словетский,0.09586609352279087
Грозный,T-Fest,0.08711778861300393
Грозный,Каста,0.08694281015480947
Грозный,Баста,0.08324893308305906
Грозный,Скриптонит,0.082363102875514
Грозный,Витос,0.08232720327668383
Грозный,Johnyboy,0.08160281603037461
Грозный,Джиз,0.08137746898332797
Грозный,Корж,0.08076130588756421
Грозный,Птаха,0.08075638260517563
Гөлфәридә Әбүбәкерова,Абубакирова Гульфарида,1.0000000000000024
Гөлфәридә Әбүбәкерова,Алина Булатова,0.9952373958022743
Гөлфәридә Әбүбәкерова,Гаяр Нуриманов,0.9614363502028852
Гөлфәридә Әбүбәкерова,Эмир Камалиев,0.11962063451559599
Гөлфәридә Әбүбәкерова,Айсылу Мухамадиева,0.08646343185128816
Гөлфәридә Әбүбәкерова,КрэФ,0.08623865481436634
Гөлфәридә Әбүбәкерова,Фархетдинова Зайнап,0.07448347944697015
Гөлфәридә Әбүбәкерова,Лилия Биктимирова и Фадис Ганиев,0.03250535018205148
Гөлфәридә Әбүбәкерова,Айгуль Бариева,0.03250535018205148
Гөлфәридә Әбүбәкерова,КОЈЕКУДА 2014-11-09 Radio Beograd 1,0.019851031454513647
Две Причины,ОУ74,0.10314594369181408
Две Причины,Триагрутрика,0.10034585942566061
Две Причины,Рем Дигга,0.0963873445831131
Две Причины,Скриптонит,0.09625375671856358
Две Причины,Boulevard Depo,0.08991543014373145
Две Причины,Тимати,0.08942224082397066
Две Причины,Смоки Мо,0.08901913632520071
Две Причины,Гуф,0.08530840096610245
Две Причины,Каста,0.08530347293598926
Две Причины,Восточный округ,0.08291620945740187
Дворовые песни,Армейские Песни,0.9308788749480564
Дворовые песни,Bones,0.11996121738108302
Дворовые песни,Курские соловьи,0.08435388971336127
Дворовые песни,ВИА Пламя,0.08334378272424972
Дворовые песни,Баста,0.08289618612409791
Дворовые песни,витос,0.08221483470320781
Дворовые песни,ШИРЯЕВ ОЛЕГ,0.08060608972366305
Дворовые песни,Птаха,0.07623665777418494
Дворовые песни,Krec,0.07601503825608491
Дворовые песни,на грузинском,0.0744774364304883
Детская,Песьня.,1.0
Детская,детская песенка,1.0
Детская,♨♨♨Детская песня♨♨♨,0.9782558394762274
Детская,"Вокальный Квартет ""Аккорд""",0.9325272387847319
Детская,Анатолий Александрович,0.9325272387847319
Детская,Шишков Сергей,0.9325272387847319
Детская,Детские Песни,0.9202798702516777
Детская,Неизвестный исполнитель,0.5777818779015663
Детская,Четыре таракана,0.14612583197529863
Детская,Тараканы,0.14478836920484134
Дино (Триада),группа Весна,0.12822490512038975
Дино (Триада),Гуф,0.09679773293060687
Дино (Триада),Восточный округ,0.09655198408787191
Дино (Триада),Баста,0.09422379060820939
Дино (Триада),Вульгарный Тонн,0.09331040828043999
Дино (Триада),Смоки Мо,0.09187943362400496
Дино (Триада),Каста,0.08914617523008
Дино (Триада),Джиз,0.08870372058255
Дино (Триада),Корж,0.08686026315625012
Дино (Триада),Триада,0.08679682892792268
Для доты именно для Васи Бояркина,Lil'Stop,1.0000000000000004
Для доты именно для Васи Бояркина,Johnyboy,0.2530521061524122
Для доты именно для Васи Бояркина,Вульгарный Тонн,0.10205317222061697
Для доты именно для Васи Бояркина,Каста,0.09950703607399694
Для доты именно для Васи Бояркина,Chemodan,0.09916747927526944
Для доты именно для Васи Бояркина,Markul,0.09881288354341905
Для доты именно для Васи Бояркина,ОУ74,0.09655562674177726
Для доты именно для Васи Бояркина,L'One,0.09612975386714859
Для доты именно для Васи Бояркина,Dino MC47,0.0959842498352309
Для доты именно для Васи Бояркина,Тимати,0.09544621100246672
Дмитрий Авилов,Братья Карамазовы,0.10406693068913397
Дмитрий Авилов,Семёнова Мария,0.09886233571307289
Дмитрий Авилов,Кемикэл Депазитз,0.08810667378904598
Дмитрий Авилов,Триада,0.06929914518473179
Дмитрий Авилов,ЮГ,0.06809037014075388
Дмитрий Авилов,Oxxxymiron,0.06402413961413218
Дмитрий Авилов,Каста,0.0637151169976141
Дмитрий Авилов,Вульгарный Тонн,0.06300662972812865
Дмитрий Авилов,Ассаи,0.06055434341183691
Дмитрий Авилов,ВАДИМ САЖИН,0.05855297888356749
Доктор Айболит,реги,1.0000000000000007
Доктор Айболит,Регги,0.9864535924659165
Доктор Айболит,♫. ιllιlιιl Сява,0.17733643586058562
Доктор Айболит,Птаха,0.06470527933060527
Доктор Айболит,Любэ,0.06084882897707933
Доктор Айболит,Сергей Хижняк,0.05993372699823668
Доктор Айболит,Miyagi,0.058772219368314116
Доктор Айболит,Браток,0.057047954888582934
Доктор Айболит,Нойз MC,0.0566331258468975
Доктор Айболит,Tony Gun,0.05623506544725713
Женщины деревни Кеба (Лешуконский,Мельница--Сонный рыцарь-,0.09487241209879144
Женщины деревни Кеба (Лешуконский,Ас Вентура,0.08159039751951208
Женщины деревни Кеба (Лешуконский,Король и Шут,0.07007836088697154
Женщины деревни Кеба (Лешуконский,"Гр. ""Они""",0.06902656123999192
Женщины деревни Кеба (Лешуконский,Чемодан,0.060981075456780005
Женщины деревни Кеба (Лешуконский,Русский,0.0581265651605194
Женщины деревни Кеба (Лешуконский,ВИТОС,0.056874840480619866
Женщины деревни Кеба (Лешуконский,Баста,0.05665104082028069
Женщины деревни Кеба (Лешуконский,Белый Аликорн,0.05487375187741474
Женщины деревни Кеба (Лешуконский,Вообще,0.05468422842219473
ЗАПАС,Daily,0.27858587367355186
ЗАПАС,KOt StYlE,0.17324524059210922
ЗАПАС,Elect,0.17324524059210922
ЗАПАС,Lasha MC,0.16607678418724095
ЗАПАС,Greenaleх - Пати для Богатеньких\Нет Денег,0.15743776974073112
ЗАПАС,RSA 2010,0.09264708645177816
ЗАПАС,Vomut & Wolfigo,0.07937287248158288
ЗАПАС,Гуф,0.07179525489974818
ЗАПАС,Jerry aka Нелегальный,0.06624725002277175
ЗАПАС,Лёша Маэстро,0.05896776833968946
ЗОЖ,Ваня Воробей,0.9583678513861521
ЗОЖ,Воробей,0.8871705708413703
ЗОЖ,Ми типа гриби,0.06695793585306692
ЗОЖ,Нюрнберг,0.06586410871804028
ЗОЖ,ОУ74,0.0652108127224296
ЗОЖ,Крестная Семья,0.061406270130598434
ЗОЖ,Feduk,0.058522794664302914
ЗОЖ,Юрий Хованский,0.057577054735445624
ЗОЖ,Lx24,0.055657326246972554
ЗОЖ,Голубые Береты,0.05545550528587201
Зи,Джиз,0.12614385446766735
Зи,Ассаи,0.12128452002594287
Зи,Нигатив,0.11444197559166289
Зи,Корж,0.10659931975257005
Зи,Триада,0.10305784320645305
Зи,Хром,0.10132115707939483
Зи,Баста,0.10049192439666041
Зи,Скриптонит,0.0991691466432783
Зи,Лигалайз,0.0982412279604451
Зи,Тараканы!,0.0957344964918314
Зиннур и Ильназ Сафиуллинар,КрэФ,0.14810303145666326
Зиннур и Ильназ Сафиуллинар,Фархетдинова Зайнап,0.07980177833740709
Зиннур и Ильназ Сафиуллинар,Эмир Камалиев,0.07608449447664226
Зиннур и Ильназ Сафиуллинар,Айсылу Мухамадиева,0.0731036571327054
Зиннур и Ильназ Сафиуллинар,Моя Дерзкая Правда,0.020384600691017073
Зиннур и Ильназ Сафиуллинар,Greenaleх - Пати для Богатеньких\Нет Денег,0.018376511166991613
Зиннур и Ильназ Сафиуллинар,Гаяр Нуриманов,0.017303405435595876
Зиннур и Ильназ Сафиуллинар,Алина Булатова,0.015810948922216888
Зиннур и Ильназ Сафиуллинар,Абубакирова Гульфарида,0.015754455451508425
Зиннур и Ильназ Сафиуллинар,Гөлфәридә Әбүбәкерова,0.015754455451508425
Злой Дух ( няшка ^^ ),Круть,0.9999999999999988
Злой Дух ( няшка ^^ ),Злой дух,0.9344347780248554
Злой Дух ( няшка ^^ ),Кровосток,0.24216049514804114
Злой Дух ( няшка ^^ ),Птаха,0.09889430161550429
Злой Дух ( няшка ^^ ),Тимати,0.09598491482757546
Злой Дух ( няшка ^^ ),Баста,0.0912220440394864
Злой Дух ( няшка ^^ ),Feduk,0.08269780350455545
Злой Дух ( няшка ^^ ),Каста,0.07556625538148883
Злой Дух ( няшка ^^ ),Восточный округ,0.07539520150395597
Злой Дух ( няшка ^^ ),Johnyboy,0.07512424321054716
Злой дух,Злой Дух ( няшка ^^ ),0.9344347780248554
Злой дух,Круть,0.9344347780248554
Злой дух,Кровосток,0.2566622937888527
Злой дух,Птаха,0.1038187922856347
Злой дух,Тимати,0.09857681580838983
Злой дух,Баста,0.09514720401012713
Злой дух,Feduk,0.08578815380078458
Злой дух,Восточный округ,0.07928391423236202
Злой дух,Каста,0.07888581542777626
Злой дух,Johnyboy,0.07703072411595735
Ивангай,Монеточка,0.08759971364378973
Ивангай,Авеню (Москва),0.08235343905808397
Ивангай,Johnyboy,0.08115902622252058
Ивангай,Chemodan,0.07874233569040284
Ивангай,Баста,0.07829056548641146
Ивангай,Птаха,0.07763035816631293
Ивангай,Тимати,0.07755631986606154
Ивангай,IC3PEAK,0.07348158651521444
Ивангай,DJ Хобот,0.07344486610136355
Ивангай,Вульгарный Тонн,0.07306657141188778
Игорь Белый,Аля Кудряшова,1.0000000000000002
Игорь Белый,Игорь Белый (на стихи Али Кудряшёвой),1.0000000000000002
Игорь Белый,Аля Кудряшева,0.9810949050054741
Игорь Белый,Полюса,0.10100554901638838
Игорь Белый,Птаха,0.0934456134395063
Игорь Белый,Батарея,0.09327522440860543
Игорь Белый,ПОЛЮСА [26/08 клуб Грибоедов],0.08238437942477124
Игорь Белый,Каста,0.07977792501459746
Игорь Белый,Домино,0.07880997693294725
Игорь Белый,Feduk,0.07851256392703931
Игорь Белый (на стихи Али Кудряшёвой),Аля Кудряшова,1.0000000000000002
Игорь Белый (на стихи Али Кудряшёвой),Игорь Белый,1.0000000000000002
Игорь Белый (на стихи Али Кудряшёвой),Аля Кудряшева,0.9810949050054741
Игорь Белый (на стихи Али Кудряшёвой),Полюса,0.10100554901638838
Игорь Белый (на стихи Али Кудряшёвой),Птаха,0.0934456134395063
Игорь Белый (на стихи Али Кудряшёвой),Батарея,0.09327522440860543
Игорь Белый (на стихи Али Кудряшёвой),ПОЛЮСА [26/08 клуб Грибоедов],0.08238437942477124
Игорь Белый (на стихи Али Кудряшёвой),Каста,0.07977792501459746
Игорь Белый (на стихи Али Кудряшёвой),Домино,0.07880997693294725
Игорь Белый (на стихи Али Кудряшёвой),Feduk,0.07851256392703931
"Из к/ф ""Снежная любовь, или сон в зимнюю ночь""",Ассаи,0.11990842411581502
"Из к/ф ""Снежная любовь, или сон в зимнюю ночь""",♪♫ Перевалов Геннадий,0.11261838623278832
"Из к/ф ""Снежная любовь, или сон в зимнюю ночь""",Курские соловьи,0.11132539023099948
"Из к/ф ""Снежная любовь, или сон в зимнюю ночь""",Стас Михайлов,0.10185987871846755
"Из к/ф ""Снежная любовь, или сон в зимнюю ночь""",Оксана Почепа,0.10170891957490863
"Из к/ф ""Снежная любовь, или сон в зимнюю ночь""",Узелок,0.09301428858412163
"Из к/ф ""Снежная любовь, или сон в зимнюю ночь""",Корж,0.09025366033086712
"Из к/ф ""Снежная любовь, или сон в зимнюю ночь""",Krec,0.08988627489041377
"Из к/ф ""Снежная любовь, или сон в зимнюю ночь""",Dino MC47,0.08601620342467294
"Из к/ф ""Снежная любовь, или сон в зимнюю ночь""",Белый Аликорн,0.08463422154569658
Иллет - Сопряжение сфер,Ясвена,0.11803396647387822
Иллет - Сопряжение сфер,4SGM,0.08585273607228432
Иллет - Сопряжение сфер,Dav / 4SGM,0.08376498125741352
Иллет - Сопряжение сфер,Lil'Stop,0.07221987311710011
Иллет - Сопряжение сфер,Для доты именно для Васи Бояркина,0.07221987311710011
Иллет - Сопряжение сфер,Мастер (По ту сторону сна) - 2006,0.0715037348220682
Иллет - Сопряжение сфер,Мастер & Margenta,0.0715037348220682
Иллет - Сопряжение сфер,Белый Аликорн,0.06616412188699472
Иллет - Сопряжение сфер,Тараканы!,0.06541750128327067
Иллет - Сопряжение сфер,Ассаи,0.06165593277303743
История России. ХХ век,Оратория 2005 (demo),0.10366141925241606
История России. ХХ век,Кемикэл Депазитз,0.07130593242928232
История России. ХХ век,«Полкино»,0.06542233509765213
История России. ХХ век,Мирко Саблич,0.06421080674925093
История России. ХХ век,Монеточка,0.05923608333593254
История России. ХХ век,ВАДИМ САЖИН,0.0588203925146617
История России. ХХ век,Фанаты ЦСКА,0.05549563012901481
История России. ХХ век,Песни Фанатов ЦСКА,0.05549563012901481
История России. ХХ век,Каратель,0.05414786361512727
История России. ХХ век,Вадим Сажин,0.05227905013979127
К.Никольский,Krec,0.09019553957532266
К.Никольский,Дюна,0.08801993810275562
К.Никольский,Тандем,0.08325298364950973
К.Никольский,Баста,0.08260027594727963
К.Никольский,Владимир Трошин,0.07822520374338521
К.Никольский,Lebron(п.у.А-ki),0.07776961357786998
К.Никольский,Витос,0.07550156831349605
К.Никольский,витос,0.07299172454607965
К.Никольский,Раиса Неменова,0.07243291259458
К.Никольский,Alex Fish [Время Иллюзий],0.0723166777159996
КОЈЕКУДА 2014-11-09 Radio Beograd 1,СИЛЕН Radio Beograd 2 - 2016-12-30,0.4647373559077093
КОЈЕКУДА 2014-11-09 Radio Beograd 1,Bandit-Aul B.CH.S,0.07441287135079573
КОЈЕКУДА 2014-11-09 Radio Beograd 1,I.B.,0.052175893791822865
КОЈЕКУДА 2014-11-09 Radio Beograd 1,Витоса,0.050239876001131646
КОЈЕКУДА 2014-11-09 Radio Beograd 1,Вульгарный ТоН,0.04608209484124674
КОЈЕКУДА 2014-11-09 Radio Beograd 1,О. Васильчак та С.Роговський,0.04430721088940359
КОЈЕКУДА 2014-11-09 Radio Beograd 1,Shot,0.04128218042828302
КОЈЕКУДА 2014-11-09 Radio Beograd 1,"Скрябін, (1995 Птахи)",0.034773453077161176
КОЈЕКУДА 2014-11-09 Radio Beograd 1,Гарри Топор,0.0347165001385531
КОЈЕКУДА 2014-11-09 Radio Beograd 1,Check,0.03420031965585201
Каратели Сиона,"Ginex - DoN-A, Beny Krik, Som -Мостовой Двор",0.07639688825051766
Каратели Сиона,Centr,0.06961311548185393
Каратели Сиона,MC Молодой & DZA & CanabiZ,0.06644253067439083
Каратели Сиона,Братья Карамазовы,0.06300089452172898
Каратели Сиона,Каратель,0.06270600701249669
Каратели Сиона,Птаха,0.060944612997362216
Каратели Сиона,Louis Armstrong,0.06082754302520358
Каратели Сиона,Сява,0.06021741260909162
Каратели Сиона,Восточный округ,0.05902205233610394
Каратели Сиона,Нойз MC,0.05697419249099355
Каспийский Груз,я дура миша,0.9999999999999998
Каспийский Груз,Миша Fint,0.9186645946185268
Каспийский Груз,Смоки Мо,0.1834179833499917
Каспийский Груз,Ассаи,0.10692478914039408
Каспийский Груз,Centr,0.10555848630234911
Каспийский Груз,группа Весна,0.10111220946872884
Каспийский Груз,Домино,0.10024270865928707
Каспийский Груз,Светлана Разина,0.09910985172572136
Каспийский Груз,Thomas Mraz,0.09530516667879668
Каспийский Груз,ChipaChip x Женя Дэп,0.09499648910012073
Каста - Влади - Что Нам Делать в Греции?,Гуф,0.16500706648260752
Каста - Влади - Что Нам Делать в Греции?,Птаха,0.1588403299494129
Каста - Влади - Что Нам Делать в Греции?,Каста,0.15414058046217324
Каста - Влади - Что Нам Делать в Греции?,Centr,0.14352306232090778
Каста - Влади - Что Нам Делать в Греции?,Вульгарный Тонн,0.14158971140339682
Каста - Влади - Что Нам Делать в Греции?,Смоки Мо,0.13788733771540918
Каста - Влади - Что Нам Делать в Греции?,ТГК,0.12886833075716633
Каста - Влади - Что Нам Делать в Греции?,Триада,0.12870853064844745
Каста - Влади - Что Нам Делать в Греции?,Bad Balance,0.12855139453469716
Каста - Влади - Что Нам Делать в Греции?,Триагрутрика,0.12795414826744897
Квартет физфака пу Сергея Никитина,Песни нашего века,0.9726445406131052
Квартет физфака пу Сергея Никитина,Вадим Мулерман,0.904422578606627
Квартет физфака пу Сергея Никитина,РВиА,0.08998420268884208
Квартет физфака пу Сергея Никитина,Артиллеия,0.08998420268884208
Квартет физфака пу Сергея Никитина,Чичерина,0.08390364864134733
Квартет физфака пу Сергея Никитина,dom1No,0.07574924966722518
Квартет физфака пу Сергея Никитина,"Марьяж ""Декорации""",0.07512864879648185
Квартет физфака пу Сергея Никитина,Чечерина,0.07001080834913985
Квартет физфака пу Сергея Никитина,Русский,0.06354116969328213
Квартет физфака пу Сергея Никитина,T9,0.06328833866756897
Кемикэл Депазитз,Дмитрий Авилов,0.08810667378904598
Кемикэл Депазитз,Мытарь,0.07680788726904327
Кемикэл Депазитз,История России. ХХ век,0.07130593242928232
Кемикэл Депазитз,Братья Карамазовы,0.06746581057530135
Кемикэл Депазитз,Face,0.061008090949684304
Кемикэл Депазитз,Семёнова Мария,0.059586106872772465
Кемикэл Депазитз,Триада,0.05930498820279004
Кемикэл Депазитз,Триагрутрика,0.057055903748925364
Кемикэл Депазитз,Патриотические. Русские народные военные песни.,0.0549503202070601
Кемикэл Депазитз,Каста,0.05482428785772708
Клоунеско,"Клоунеско,Ek.playaz,Worna Brazass",1.0000000000000007
Клоунеско,Птаха,0.10663022922163233
Клоунеско,Баста,0.1033171052020899
Клоунеско,Гуф,0.10251647496865368
Клоунеско,Каста,0.10179200708382795
Клоунеско,Восточный округ,0.10087083006218642
Клоунеско,Вульгарный Тонн,0.0998657160179639
Клоунеско,Триада,0.09905216170885557
Клоунеско,Centr,0.0989755652843695
Клоунеско,Триагрутрика,0.09485620242046287
Клоунеско & EK Playaz,EK Playaz п.у. Клоунеско,0.9938413026403452
Клоунеско & EK Playaz,EK Playaz и Клоунеско,0.8212502111942658
Клоунеско & EK Playaz,ОУ74,0.06549516619777242
Клоунеско & EK Playaz,Триагрутрика,0.06445001884636296
Клоунеско & EK Playaz,Лигалайз,0.06401276015083779
Клоунеско & EK Playaz,Ми типа гриби,0.062438808449434946
Клоунеско & EK Playaz,ТГК,0.06228393600490505
Клоунеско & EK Playaz,Гуф,0.059477975031578784
Клоунеско & EK Playaz,Рем Дигга,0.05575572688288509
Клоунеско & EK Playaz,Bad Balance,0.053805280486650245
"Клоунеско,Ek.playaz,Worna Brazass",Клоунеско,1.0000000000000007
"Клоунеско,Ek.playaz,Worna Brazass",Птаха,0.10663022922163233
"Клоунеско,Ek.playaz,Worna Brazass",Баста,0.1033171052020899
"Клоунеско,Ek.playaz,Worna Brazass",Гуф,0.10251647496865368
"Клоунеско,Ek.playaz,Worna Brazass",Каста,0.10179200708382795
"Клоунеско,Ek.playaz,Worna Brazass",Восточный округ,0.10087083006218642
"Клоунеско,Ek.playaz,Worna Brazass",Вульгарный Тонн,0.0998657160179639
"Клоунеско,Ek.playaz,Worna Brazass",Триада,0.09905216170885557
"Клоунеско,Ek.playaz,Worna Brazass",Centr,0.0989755652843695
"Клоунеско,Ek.playaz,Worna Brazass",Триагрутрика,0.09485620242046287
Коля RotoFF,трол фейс,0.8633933145468214
Коля RotoFF,TROLLFACE,0.8633933145468214
Коля RotoFF,ROTOFF,0.8359104143183216
Коля RotoFF,Паук,0.4634719984643306
Коля RotoFF,Неизвестный исполнитель,0.3995633254648272
Коля RotoFF,Неизвестен,0.3388496630821878
Коля RotoFF,Лавров Василий,0.16186627997580572
Коля RotoFF,Василий Лавров,0.13762815121964886
Коля RotoFF,Агата Кристи,0.11806548557680922
Коля RotoFF,Балабама,0.11635263419410169
Коньяк,Гуф,0.08850208513067737
Коньяк,Баста,0.0763120864880032
Коньяк,Баста / Гуф,0.07261733104214411
Коньяк,Восточный округ,0.07162825535462064
Коньяк,Can4eZ(SV),0.0712272942280137
Коньяк,Птаха,0.07027403276353608
Коньяк,Триагрутрика,0.0675814507611684
Коньяк,Тимати,0.06605677424048338
Коньяк,Каста,0.06597428064654717
Коньяк,ТГК,0.06279933705398168
Кравц,Krec,0.12016402011527044
Кравц,ОУ74,0.11551646566202638
Кравц,Корж,0.11478689257791841
Кравц,Ассаи,0.11103073661555679
Кравц,Тимати,0.10955230151498975
Кравц,Dino MC47,0.1092677941617584
Кравц,Miyagi,0.10730692757901131
Кравц,Johnyboy,0.1066982647777203
Кравц,Гуф,0.1063198580077459
Кравц,Триада,0.10470799602623927
Красная Шапочка,Песня Красной Шапочки (рок-версия),0.9999999999999992
Красная Шапочка,Детские песни,0.9942778763244547
Красная Шапочка,:)),0.9649697602134324
Красная Шапочка,˜”*°•.☆ааааааааа!!!,0.9589643783309264
Красная Шапочка,Красная шапочка,0.9575593991294575
Красная Шапочка,к/ф Красная Шапочка,0.9480020545239748
Красная Шапочка,DJ Little Red Riding Hood,0.8749881298843853
Красная Шапочка,про Красную Шапочку,0.87226061761259
Красная Шапочка,Красная шапка,0.87226061761259
Красная Шапочка,из к/ф,0.87226061761259
Красная шапка,про Красную Шапочку,1.0
Красная шапка,из к/ф,1.0
Красная шапка,к/ф Красная Шапочка,0.9678989054190306
Красная шапка,Песни из детских фильмов,0.9579647508915554
Красная шапка,Красная шапочка,0.9542092414467055
Красная шапка,Детские песни,0.878433921727712
Красная шапка,Песня Красной Шапочки (рок-версия),0.87226061761259
Красная шапка,Красная Шапочка,0.87226061761259
Красная шапка,:)),0.8389169509157134
Красная шапка,˜”*°•.☆ааааааааа!!!,0.8388316843765679
Крек,Ассаи,0.14860064295174982
Крек,Krec,0.12512590449650735
Крек,ОУ74,0.10994013490200022
Крек,Смоки Мо,0.09878572502963978
Крек,Джиз,0.09483258734006048
Крек,витос,0.09315293107439238
Крек,Тимати,0.09278288795047274
Крек,Каста,0.09254385965840284
Крек,Miyagi,0.09239637219620123
Крек,Баста,0.09216480249682646
Крестная Семья,StilRyder,0.12750295461251543
Крестная Семья,Андрей Климнюк,0.10621617045345291
Крестная Семья,Браток,0.09531295152109741
Крестная Семья,Guf,0.08218798064218835
Крестная Семья,Хром,0.08214442704665399
Крестная Семья,Голубые Береты,0.08199150893072098
Крестная Семья,Ольга Арефьева,0.08127138519356294
Крестная Семья,Sandy Fish & Cj Alco,0.08046543219483368
Крестная Семья,ПОЛЮСА [26/08 клуб Грибоедов],0.08006449493369633
Крестная Семья,Голубые молнии,0.0782123034206523
Кристаллинская Майя,Майя Кристалинская,0.8879571141241043
Кристаллинская Майя,Людмила Зыкина dnb mix,0.12067850759545928
Кристаллинская Майя,ОУ74,0.07024810597692413
Кристаллинская Майя,Каста,0.06476491766734636
Кристаллинская Майя,Рем Дигга,0.06335504783823494
Кристаллинская Майя,Алые паруса (минус),0.06311660572051717
Кристаллинская Майя,Lil'Stop,0.06220471794372499
Кристаллинская Майя,Для доты именно для Васи Бояркина,0.06220471794372499
Кристаллинская Майя,Тимати,0.06219691968379799
Кристаллинская Майя,Песни орлятского круга,0.06135605886905038
Круть,Злой Дух ( няшка ^^ ),0.9999999999999988
Круть,Злой дух,0.9344347780248554
Круть,Кровосток,0.24216049514804114
Круть,Птаха,0.09889430161550429
Круть,Тимати,0.09598491482757546
Круть,Баста,0.0912220440394864
Круть,Feduk,0.08269780350455545
Круть,Каста,0.07556625538148883
Круть,Восточный округ,0.07539520150395597
Круть,Johnyboy,0.07512424321054716
КрэФ,Эмир Камалиев,0.4515318226924478
КрэФ,Айсылу Мухамадиева,0.15305203267785508
КрэФ,Зиннур и Ильназ Сафиуллинар,0.14810303145666326
КрэФ,Айгуль Бариева,0.13946041601316428
КрэФ,Лилия Биктимирова и Фадис Ганиев,0.13946041601316428
КрэФ,Гаяр Нуриманов,0.10621489595917939
КрэФ,Алина Булатова,0.08654789564688435
КрэФ,Гөлфәридә Әбүбәкерова,0.08623865481436634
КрэФ,Абубакирова Гульфарида,0.08623865481436634
КрэФ,Мишари Рашид Аль-Афаси,0.08255122639466711
Курские соловьи,D-Bosh,0.21570367241715938
Курские соловьи,ВИА Пламя,0.21163755474980528
Курские соловьи,Оксана Почепа,0.19255197770826335
Курские соловьи,Типа РВ!,0.17245462361209776
Курские соловьи,"Марьяж ""Декорации""",0.14755117304794282
Курские соловьи,Бабич Анжела,0.14411292116302274
Курские соловьи,Tony Gun,0.12864617286068072
Курские соловьи,Большая разница,0.11151644848163017
Курские соловьи,"Из к/ф ""Снежная любовь, или сон в зимнюю ночь""",0.11132539023099948
Курские соловьи,Армейские Песни,0.10823695437663643
Л.П.П.Л,Батарея,0.11550601049601722
Л.П.П.Л,D1sH,0.08953270011541772
Л.П.П.Л,Хоми,0.08783635066585077
Л.П.П.Л,Владимир Трошин,0.08677145665249723
Л.П.П.Л,Krec,0.08561846927440435
Л.П.П.Л,L'One,0.08516116484061831
Л.П.П.Л,Птаха,0.0830047334507635
Л.П.П.Л,Патриотические. Русские народные военные песни.,0.08085541610076286
Л.П.П.Л,Эдуард Эдуаши (Успешная Группа),0.08033428039195209
Л.П.П.Л,Ассаи,0.08019021120827186
Лавров Василий,Василий Лавров,0.9165530467880492
Лавров Василий,трол фейс,0.18294468667621855
Лавров Василий,TROLLFACE,0.18294468667621855
Лавров Василий,Коля RotoFF,0.16186627997580572
Лавров Василий,ROTOFF,0.12992805952266917
Лавров Василий,Паук,0.09452767570422335
Лавров Василий,Неизвестный исполнитель,0.0919797945019034
Лавров Василий,Неизвестен,0.09148398168989023
Лавров Василий,Агата Кристи,0.08502771322546791
Лавров Василий,Агата Кристи - Чудеса (1998),0.0826710856106871
Левон,➨ Levon,1.0000000000000004
Левон,Валерия Лесовская,0.11799230331081204
Левон,"""Алые паруса""",0.11527813115650556
Левон,Джиз,0.10589483936931339
Левон,Ассаи,0.10203589407387273
Левон,Эльбрус Джанмирзоев,0.10117309643058453
Левон,I.B.,0.10081305604040115
Левон,Птаха,0.09533743587069252
Левон,Chemodan,0.09516149343773646
Левон,Гагарина Полина,0.09485747602333588
Леонид Сергеев,Тараканы!,0.07337318698624948
Леонид Сергеев,Круть,0.0730555874656745
Леонид Сергеев,Злой Дух ( няшка ^^ ),0.0730555874656745
Леонид Сергеев,Louis Armstrong,0.07226456753418774
Леонид Сергеев,НОМ,0.07199582085395786
Леонид Сергеев,Птаха,0.07187774129996667
Леонид Сергеев,Четыре таракана,0.06998854989603764
Леонид Сергеев,Тараканы,0.06934795761622728
Леонид Сергеев,Злой дух,0.06592809595781521
Леонид Сергеев,ИСН,0.06591807505493853
Лилия Биктимирова и Фадис Ганиев,Айгуль Бариева,0.9999999999999994
Лилия Биктимирова и Фадис Ганиев,Айсылу Мухамадиева,0.15352841269527184
Лилия Биктимирова и Фадис Ганиев,КрэФ,0.13946041601316428
Лилия Биктимирова и Фадис Ганиев,Эмир Камалиев,0.07075917580026973
Лилия Биктимирова и Фадис Ганиев,Фархетдинова Зайнап,0.06519056039269515
Лилия Биктимирова и Фадис Ганиев,Гаяр Нуриманов,0.04611010687923451
Лилия Биктимирова и Фадис Ганиев,Алина Булатова,0.032621910227813154
Лилия Биктимирова и Фадис Ганиев,Абубакирова Гульфарида,0.03250535018205148
Лилия Биктимирова и Фадис Ганиев,Гөлфәридә Әбүбәкерова,0.03250535018205148
Лилия Биктимирова и Фадис Ганиев,Мишари Рашид Аль-Афаси,0.02086993507557845
Лион,Нигатив,0.11346489246510683
Лион,Триада,0.09592207742026712
Лион,Баста,0.08766310703731102
Лион,Эльбрус Джанмирзоев,0.08698953254968302
Лион,"Гр. ""Они""",0.08616139290709958
Лион,Krec,0.08092330119041674
Лион,Птаха,0.07835382872005237
Лион,ЛСП,0.07802330149816114
Лион,Узелок,0.0773541652580094
Лион,Вульгарный Тонн,0.0771634080123774
Луперкаль и Вадяра Блюз,Баста,0.11069009011299986
Луперкаль и Вадяра Блюз,Триада,0.10525105322380145
Луперкаль и Вадяра Блюз,Смоки Мо,0.10128170649451645
Луперкаль и Вадяра Блюз,Krec,0.10016512799954422
Луперкаль и Вадяра Блюз,Ассаи,0.09657230129640845
Луперкаль и Вадяра Блюз,Корж,0.0942037994892121
Луперкаль и Вадяра Блюз,Птаха,0.09333092237871135
Луперкаль и Вадяра Блюз,Вульгарный Тонн,0.09293720394887073
Луперкаль и Вадяра Блюз,Джиз,0.09225449100207132
Луперкаль и Вадяра Блюз,Гуф,0.09205154954987671
Любовь и нежность,Krec,0.3072284872196076
Любовь и нежность,Ассаи,0.178907887328422
Любовь и нежность,Нигатив,0.13260678197887654
Любовь и нежность,Смоки Мо,0.1270012800761993
Любовь и нежность,Miyagi,0.12689344196895577
Любовь и нежность,Домино,0.12589219117828124
Любовь и нежность,Полина Гагарина,0.11564302956986364
Любовь и нежность,Гагарина Полина,0.11316600853215003
Любовь и нежность,PHARAOH,0.11299774473891885
Любовь и нежность,Триада,0.11283737991860021
Людмила Зыкина dnb mix,Хор,0.21135469001812432
Людмила Зыкина dnb mix,Грибы,0.1387189028691375
Людмила Зыкина dnb mix,Алла Пугачева,0.1312871707656286
Людмила Зыкина dnb mix,Кристаллинская Майя,0.12067850759545928
Людмила Зыкина dnb mix,OST Кисло,0.11363189052218936
Людмила Зыкина dnb mix,Майя Кристалинская,0.10562466202330727
Людмила Зыкина dnb mix,Ольга Арефьева,0.1039516085839998
Людмила Зыкина dnb mix,Ирина Туманова,0.0986476144756849
Людмила Зыкина dnb mix,Ми типа гриби,0.08429305159994041
Людмила Зыкина dnb mix,Король и Шут,0.0672252646383333
Ляляля,Ассаи,0.14376658924231095
Ляляля,Feduk,0.11979449239637273
Ляляля,ОУ74,0.11972722056609354
Ляляля,Thomas Mraz,0.1194788679769776
Ляляля,Krec,0.11572690498231598
Ляляля,Гречка,0.11564327429906368
Ляляля,Буерак,0.10943120433241012
Ляляля,Смоки Мо,0.10912533258994202
Ляляля,Домино,0.10740698540434135
Ляляля,Тимати,0.1065102931243999
Ляпис Трубецкой,Светлана Копылова,0.10683104806456875
Ляпис Трубецкой,Krec,0.0752278335982593
Ляпис Трубецкой,Miyagi,0.06489505676060783
Ляпис Трубецкой,"Марьяж ""Декорации""",0.06470342999543101
Ляпис Трубецкой,Смоки Мо,0.06410919947866522
Ляпис Трубецкой,Король и Шут,0.05820562493190184
Ляпис Трубецкой,Bones,0.05725447072143254
Ляпис Трубецкой,Витек,0.054200023879368196
Ляпис Трубецкой,L'One,0.054166591012844725
Ляпис Трубецкой,Триада,0.05381319304601264
Лёша Маэстро,Восточный округ,0.07331274950017042
Лёша Маэстро,ТГК,0.07185941927258996
Лёша Маэстро,Птаха,0.0702743416698239
Лёша Маэстро,группа Весна,0.06814176262819648
Лёша Маэстро,Каста,0.0648858316954662
Лёша Маэстро,тбили,0.06079594442725934
Лёша Маэстро,Юрий Хованский,0.060486704523761106
Лёша Маэстро,Триагрутрика,0.059888844673655885
Лёша Маэстро,▂▃▅▆▇the Chemodan,0.059597297230171285
Лёша Маэстро,ЗАПАС,0.05896776833968946
М8Л8Tx / Нежеголь,Молотх,0.9535845660426737
М8Л8Tx / Нежеголь,Русский,0.13110791212033068
М8Л8Tx / Нежеголь,Патриотические. Русские народные военные песни.,0.11110369993030435
М8Л8Tx / Нежеголь,Сокира Перуна,0.10399872781568772
М8Л8Tx / Нежеголь,9 ВАЛ,0.0962885377350999
М8Л8Tx / Нежеголь,Krec,0.0962326027095762
М8Л8Tx / Нежеголь,Триада,0.0924472229261118
М8Л8Tx / Нежеголь,Зи,0.09025835196658057
М8Л8Tx / Нежеголь,Ассаи,0.09023046936167377
М8Л8Tx / Нежеголь,ЮГ,0.0878224295827389
МЖ,Barry Gibb,0.9999999999999997
МЖ,HULIGAN,0.06298557869260595
МЖ,Стрелки & MC Пряников,0.052712978628307365
МЖ,НОМ,0.052089065811953626
МЖ,Смоки Мо,0.04539093281902963
МЖ,5 Шлюх,0.04484959813283157
МЖ,Оратория 2005 (demo),0.040465577721034006
МЖ,EK-Playaz,0.03958908434048291
МЖ,Domino,0.03871005769073158
МЖ,Mrs. DvaTree,0.03839909217920272
Маевский Сергей,Lx24,0.09661164874719487
Маевский Сергей,Узелок,0.09412990501151146
Маевский Сергей,Братья Карамазовы,0.0888876980912473
Маевский Сергей,Рем Дигга,0.08857791044345747
Маевский Сергей,Корж,0.0867427709706967
Маевский Сергей,Вэ,0.08225705957647295
Маевский Сергей,Макс,0.08218697299000163
Маевский Сергей,Каста,0.0780835645478055
Маевский Сергей,Скриптонит,0.07791609644771003
Маевский Сергей,Баста,0.07708385144557389
Макс,Вэ,0.9713430939631644
Макс,Корж,0.45144741743765104
Макс,Скриптонит,0.09802802007016331
Макс,Каста,0.09699700545571481
Макс,Птаха,0.09338700267332123
Макс,Гуф,0.09295942294266106
Макс,Centr,0.08954435697564296
Макс,Johnyboy,0.0869279342877728
Макс,Русский,0.08659324976007475
Макс,Витоса,0.08549001122094024
Марго Сирин,Любэ,0.0914388940121211
Марго Сирин,Ассаи,0.09100860853700857
Марго Сирин,Thomas Mraz,0.08897710463008256
Марго Сирин,Скриптонит,0.08364252636160986
Марго Сирин,Эльбрус Джанмирзоев,0.08260052275896346
Марго Сирин,L'One,0.08232994432619017
Марго Сирин,Каста,0.08024273795532356
Марго Сирин,Рем Дигга,0.08016296578312397
Марго Сирин,Feduk,0.07969064764213815
Марго Сирин,Монеточка,0.07825140730118442
Маркул,Хайд,1.0000000000000002
Маркул,"Хайд ""Нерв""",0.9807511441560082
Маркул,Корж,0.14024165267794114
Маркул,Krec,0.13479180574909533
Маркул,Смоки Мо,0.13188665483072637
Маркул,Ассаи,0.12823427939404
Маркул,Птаха,0.12690291110732488
Маркул,Триада,0.12271008663010162
Маркул,Каста,0.12258833063215989
Маркул,Баста,0.12108375923284484
"Марьяж ""Декорации""",D-Bosh,0.1541675326512421
"Марьяж ""Декорации""",Курские соловьи,0.14755117304794282
"Марьяж ""Декорации""",ВИА Пламя,0.11885810441583793
"Марьяж ""Декорации""",Оксана Почепа,0.11499563527902482
"Марьяж ""Декорации""",Типа РВ!,0.11123493911798996
"Марьяж ""Декорации""",Бабич Анжела,0.09895053937473583
"Марьяж ""Декорации""",Diamond Miners Gang,0.08211173640560682
"Марьяж ""Декорации""",Квартет физфака пу Сергея Никитина,0.07512864879648185
"Марьяж ""Декорации""",Песни нашего века,0.07448989602128848
"Марьяж ""Декорации""",Tony Gun,0.07365314490365947
Мастер & Margenta,Мастер (По ту сторону сна) - 2006,0.9999999999999994
Мастер & Margenta,Свобода воли,0.0721037438180193
Мастер & Margenta,Иллет - Сопряжение сфер,0.0715037348220682
Мастер & Margenta,VOICE OF SATURN,0.06958824304854741
Мастер & Margenta,4SGM,0.06345305601725967
Мастер & Margenta,Dav / 4SGM,0.060804822293003935
Мастер & Margenta,Русский,0.0598656665320506
Мастер & Margenta,Сплин,0.0597429651432499
Мастер & Margenta,10. Сплин,0.05954700013837677
Мастер & Margenta,БАРТО,0.05650531048318608
Мастер (По ту сторону сна) - 2006,Мастер & Margenta,0.9999999999999994
Мастер (По ту сторону сна) - 2006,Свобода воли,0.0721037438180193
Мастер (По ту сторону сна) - 2006,Иллет - Сопряжение сфер,0.0715037348220682
Мастер (По ту сторону сна) - 2006,VOICE OF SATURN,0.06958824304854741
Мастер (По ту сторону сна) - 2006,4SGM,0.06345305601725967
Мастер (По ту сторону сна) - 2006,Dav / 4SGM,0.060804822293003935
Мастер (По ту сторону сна) - 2006,Русский,0.0598656665320506
Мастер (По ту сторону сна) - 2006,Сплин,0.0597429651432499
Мастер (По ту сторону сна) - 2006,10. Сплин,0.05954700013837677
Мастер (По ту сторону сна) - 2006,БАРТО,0.05650531048318608
Мельница--Сонный рыцарь-,Зимавсегда,0.12519234056495393
Мельница--Сонный рыцарь-,Женщины деревни Кеба (Лешуконский,0.09487241209879144
Мельница--Сонный рыцарь-,Агния Барто,0.07494215362688167
Мельница--Сонный рыцарь-,"Михаил Михайлов (Афган, запись 1987 - 88 г.г.)",0.07055092413804329
Мельница--Сонный рыцарь-,Монеточка,0.06604710100353027
Мельница--Сонный рыцарь-,Семёнова Мария,0.06469260169763845
Мельница--Сонный рыцарь-,Dareen,0.06432552718917478
Мельница--Сонный рыцарь-,Джиз,0.06218149724733833
Мельница--Сонный рыцарь-,Король и Шут,0.06186876037020242
Мельница--Сонный рыцарь-,Чичерина,0.05991814963358927
Ми типа гриби,Гриби,0.921953848368536
Ми типа гриби,Грибы,0.5360434936193006
Ми типа гриби,Ирина Туманова,0.1235037158429126
Ми типа гриби,Рем Дигга,0.09203173176910563
Ми типа гриби,Хор,0.09073977210352513
Ми типа гриби,Diamond Miners Gang,0.09060874508447371
Ми типа гриби,OST Кисло,0.08994768012617388
Ми типа гриби,Big Baby Tape,0.08838721562821145
Ми типа гриби,Людмила Зыкина dnb mix,0.08429305159994041
Ми типа гриби,Триагрутрика,0.08320080915518378
Мирко Саблич,Оратория 2005 (demo),0.09972603580152924
Мирко Саблич,Артиллеия,0.07400224290139532
Мирко Саблич,РВиА,0.07400224290139532
Мирко Саблич,Марго Сирин,0.07091179640881241
Мирко Саблич,Каратель,0.06624492374752247
Мирко Саблич,Светлана Копылова,0.06567486567886936
Мирко Саблич,История России. ХХ век,0.06421080674925093
Мирко Саблич,Смоки Мо,0.059399081173432906
Мирко Саблич,Boulevard Depo,0.05583598535750327
Мирко Саблич,Триада,0.055602872896602054
"Михаил Михайлов (Афган, запись 1987 - 88 г.г.)",Пилот,0.10734682167488095
"Михаил Михайлов (Афган, запись 1987 - 88 г.г.)",Хабиб Шарипов,0.10320233427537473
"Михаил Михайлов (Афган, запись 1987 - 88 г.г.)",Сергей Хижняк,0.08974504153728073
"Михаил Михайлов (Афган, запись 1987 - 88 г.г.)",Ляляля,0.08716970895078079
"Михаил Михайлов (Афган, запись 1987 - 88 г.г.)",Стас Михайлов,0.0792926354756889
"Михаил Михайлов (Афган, запись 1987 - 88 г.г.)",Виктор Малолетний,0.07571763168214118
"Михаил Михайлов (Афган, запись 1987 - 88 г.г.)",Баста,0.07503214688161543
"Михаил Михайлов (Афган, запись 1987 - 88 г.г.)",Ассаи,0.07329759182518242
"Михаил Михайлов (Афган, запись 1987 - 88 г.г.)",Мельница--Сонный рыцарь-,0.07055092413804329
"Михаил Михайлов (Афган, запись 1987 - 88 г.г.)",Markul,0.0682085922021299
Миша Fint,Каспийский Груз,0.9186645946185268
Миша Fint,я дура миша,0.9186645946185268
Миша Fint,Смоки Мо,0.17446753262921977
Миша Fint,Ассаи,0.11050614642371229
Миша Fint,группа Весна,0.10554779339536995
Миша Fint,Светлана Разина,0.10345759635118473
Миша Fint,Домино,0.10212004655051483
Миша Fint,Centr,0.1016932227879853
Миша Fint,Thomas Mraz,0.09948600762439055
Миша Fint,ChipaChip x Женя Дэп,0.09916378899747043
Мишари Рашид Аль-Афаси,Habib Hakimov,0.17956252185755328
Мишари Рашид Аль-Афаси,Братья Карамазовы,0.09953517640273549
Мишари Рашид Аль-Афаси,КрэФ,0.08255122639466711
Мишари Рашид Аль-Афаси,Айсылу Мухамадиева,0.07888179363384332
Мишари Рашид Аль-Афаси,No Limit,0.0704418923684326
Мишари Рашид Аль-Афаси,MC NO LIMIT,0.0704418923684326
Мишари Рашид Аль-Афаси,Семёнова Мария,0.06951687761924696
Мишари Рашид Аль-Афаси,Дмитрий Авилов,0.05040336712351346
Мишари Рашид Аль-Афаси,Ek Playaz,0.044725571429127184
Мишари Рашид Аль-Афаси,IKBN - IRAQ,0.043411390577463925
Молотх,М8Л8Tx / Нежеголь,0.9535845660426737
Молотх,Русский,0.1372901714199513
Молотх,Патриотические. Русские народные военные песни.,0.11691599234107829
Молотх,Krec,0.10076002651933216
Молотх,Триада,0.09669715705437343
Молотх,Ассаи,0.09400860640698018
Молотх,Зи,0.0919180382462395
Молотх,ЮГ,0.09163388940257879
Молотх,Джиз,0.08851160005391283
Молотх,Лигалайз,0.08707237317387863
Моя Дерзкая Правда,Юлия Самошкина,0.13624649490050675
Моя Дерзкая Правда,Ас Вентура,0.1096102712774299
Моя Дерзкая Правда,Паук,0.08150759994745543
Моя Дерзкая Правда,Патриотические. Русские народные военные песни.,0.07871294088773931
Моя Дерзкая Правда,Игорь Растеряев,0.0684160944705113
Моя Дерзкая Правда,Каста,0.06263592654889798
Моя Дерзкая Правда,Русский,0.058465330645367304
Моя Дерзкая Правда,Krec,0.053912565182535614
Моя Дерзкая Правда,Сфера,0.05319249450750573
Моя Дерзкая Правда,Марго Сирин,0.0519711664743109
Музыкальная жизнь™,†.чЁ за трЕк.†,0.9245593113133055
Музыкальная жизнь™,Feduk,0.20659760090687748
Музыкальная жизнь™,(AlljЭлджей),0.10878469333814632
Музыкальная жизнь™,Валдай,0.0958943751519903
Музыкальная жизнь™,на грузинском,0.09474337986018691
Музыкальная жизнь™,Алые паруса (минус),0.09164441485522891
Музыкальная жизнь™,Валерия Лесовская,0.08999296028226529
Музыкальная жизнь™,Песни орлятского круга,0.08908812583768687
Музыкальная жизнь™,Алые Паруса.,0.08757149864258768
Музыкальная жизнь™,Thomas Mraz,0.08735108777552861
Мультфильмы детские,Instasamka,0.08644996397985476
Мультфильмы детские,OST Кисло,0.07083807711937795
Мультфильмы детские,Король и Шут,0.06626758192765879
Мультфильмы детские,Децл,0.059416892530849266
Мультфильмы детские,Хор,0.05767403028881219
Мультфильмы детские,Basta,0.05758152739186987
Мультфильмы детские,"Сэт, Крек, Эйсик",0.054517227585024905
Мультфильмы детские,Эльбрус Джанмирзоев,0.05402283461391274
Мультфильмы детские,Балахнин Геннадий,0.05384641913585483
Мультфильмы детские,Dino MC47,0.04799828657652224
Муровей (Сложные),ОУ74,0.13163284146364782
Муровей (Сложные),Krec,0.10713216181810599
Муровей (Сложные),MC-Нэмэр,0.1041789760364752
Муровей (Сложные),Баста,0.09521400192727297
Муровей (Сложные),ТГК,0.09496738655624502
Муровей (Сложные),Chemodan,0.09447693569482349
Муровей (Сложные),Триада,0.09438735124255129
Муровей (Сложные),Вульгарный Тонн,0.09208943118516147
Муровей (Сложные),Гуф,0.08949188325032555
Муровей (Сложные),Смоки Мо,0.08690182389242689
Мытарь,Паук,0.09172862235457283
Мытарь,Король и Шут,0.08938063749886173
Мытарь,Нигатив,0.08725399441938828
Мытарь,НОМ,0.0859356583269792
Мытарь,Децл,0.08523733312362573
Мытарь,Feduk,0.08362333773166623
Мытарь,Грибы,0.08348538098041393
Мытарь,Триагрутрика,0.08266813815921761
Мытарь,Джиз,0.08226803114286556
Мытарь,Волин Виталий,0.08196546518421687
Наречена_Михайло Хома (Дзідзьо)(акорди),Нежеголь,0.19353370618462717
Наречена_Михайло Хома (Дзідзьо)(акорди),О. Васильчак та С.Роговський,0.18834445414429973
Наречена_Михайло Хома (Дзідзьо)(акорди),Сокира Перуна,0.16551586760858517
Наречена_Михайло Хома (Дзідзьо)(акорди),Антонина Матвиенко,0.15963193293749267
Наречена_Михайло Хома (Дзідзьо)(акорди),Бабич Анжела,0.13963813661554353
Наречена_Михайло Хома (Дзідзьо)(акорди),"Скрябін, (1995 Птахи)",0.12714302239430098
Наречена_Михайло Хома (Дзідзьо)(акорди),9 ВАЛ,0.08734199138212667
Наречена_Михайло Хома (Дзідзьо)(акорди),Мот,0.0698233181221738
Наречена_Михайло Хома (Дзідзьо)(акорди),"""Алые паруса""",0.055501425467515395
Наречена_Михайло Хома (Дзідзьо)(акорди),Jamal TGK,0.05226469487146101
Наталья Барсукова,Юлия Самошкина,0.12905742894068978
Наталья Барсукова,Dino MC47,0.07709689461590064
Наталья Барсукова,Триада,0.0759866651791218
Наталья Барсукова,Барды.,0.07119310448475413
Наталья Барсукова,Баста,0.06656787498414099
Наталья Барсукова,Скриптонит,0.06592940269067589
Наталья Барсукова,Ассаи,0.06435027720196289
Наталья Барсукова,Барды,0.06230346120789911
Наталья Барсукова,слушай экзорцист,0.06187138367819314
Наталья Барсукова,Google Тёлка,0.06187138367819314
"Наташа, Илья, Лёша",Хай Хэт,0.08109272508781509
"Наташа, Илья, Лёша",Крестная Семья,0.07774467653626037
"Наташа, Илья, Лёша",Батарея,0.07407163243198539
"Наташа, Илья, Лёша","Из к/ф ""Снежная любовь, или сон в зимнюю ночь""",0.07238763350779225
"Наташа, Илья, Лёша",Русский,0.06955519737505853
"Наташа, Илья, Лёша",Смоки Мо,0.06867492545782788
"Наташа, Илья, Лёша",♡ Акула ♡,0.06824512565451425
"Наташа, Илья, Лёша","Гр. ""Они""",0.06747351884303127
"Наташа, Илья, Лёша",Баста,0.06692315265773048
"Наташа, Илья, Лёша",Узелок,0.06411434840112294
Нежеголь,Сокира Перуна,0.48396005772035816
Нежеголь,"Скрябін, (1995 Птахи)",0.23053416739930394
Нежеголь,Антонина Матвиенко,0.1948814732846198
Нежеголь,Наречена_Михайло Хома (Дзідзьо)(акорди),0.19353370618462717
Нежеголь,Русич,0.13352776101808358
Нежеголь,9 ВАЛ,0.12000538570861999
Нежеголь,Курские соловьи,0.07447330308824471
Нежеголь,Бабич Анжела,0.07320421932110571
Нежеголь,О. Васильчак та С.Роговський,0.07122660244511392
Нежеголь,Патриотические. Русские народные военные песни.,0.05372361011560546
Ноггано,Сява,0.14447458490759033
Ноггано,Afisha.ru,0.10402095426339415
Ноггано,Птаха,0.09363155132097684
Ноггано,Гуф,0.09069334159525022
Ноггано,Триагрутрика,0.07935952995055881
Ноггано,ТГК,0.07865194627971286
Ноггано,Каста,0.07779483387482646
Ноггано,Восточный округ,0.07515075748460728
Ноггано,Баста,0.07145720180166232
Ноггано,Словетский,0.06523678599165474
Нойз МС,Noize MC,0.5049034909101835
Нойз МС,Птаха,0.12181222244007459
Нойз МС,Johnyboy,0.11233027067090996
Нойз МС,Баста,0.1081164634472779
Нойз МС,Нигатив,0.10781872145657809
Нойз МС,Гуф,0.10581334543831077
Нойз МС,Каста,0.10523360361509279
Нойз МС,Корж,0.1026544070976266
Нойз МС,Скриптонит,0.10249104035629433
Нойз МС,Вульгарный Тонн,0.10203998232152962
Нюрнберг,Владимир Трошин,0.10843489709027931
Нюрнберг,♪♫ Перевалов Геннадий,0.08713072461939184
Нюрнберг,Алена Апина,0.08454668859781908
Нюрнберг,Андрей Макаревич,0.07761227916498915
Нюрнберг,Апина,0.07388853785565203
Нюрнберг,Раиса Неменова,0.07181692928731258
Нюрнберг,Узелок,0.07049297589044082
Нюрнберг,Nebo7,0.06768110935699995
Нюрнберг,Алёна Апина,0.06723755125342247
Нюрнберг,Баста,0.066527653066129
О. Васильчак та С.Роговський,"Скрябін, (1995 Птахи)",0.30428812618634854
О. Васильчак та С.Роговський,Антонина Матвиенко,0.1943973781683265
О. Васильчак та С.Роговський,Наречена_Михайло Хома (Дзідзьо)(акорди),0.18834445414429973
О. Васильчак та С.Роговський,Сокира Перуна,0.11967850698702859
О. Васильчак та С.Роговський,Бабич Анжела,0.11106205798341492
О. Васильчак та С.Роговський,9 ВАЛ,0.10750164676553695
О. Васильчак та С.Роговський,Нежеголь,0.07122660244511392
О. Васильчак та С.Роговський,От Вінта,0.07051473155805589
О. Васильчак та С.Роговський,Ot Vinta!,0.06966876877296999
О. Васильчак та С.Роговський,Ot vinta,0.06966876877296999
"ОСП - С.Белоголовцев,Л.Каганов",Странник Стк,0.11723181474973003
"ОСП - С.Белоголовцев,Л.Каганов",Децл,0.1162754815046873
"ОСП - С.Белоголовцев,Л.Каганов",Centr,0.08793150164354596
"ОСП - С.Белоголовцев,Л.Каганов",Смоки Мо,0.08218052850221481
"ОСП - С.Белоголовцев,Л.Каганов",Лигалайз,0.0779605736830826
"ОСП - С.Белоголовцев,Л.Каганов",MC Молодой & DZA & CanabiZ,0.07792833904849465
"ОСП - С.Белоголовцев,Л.Каганов",Вульгарный Тонн,0.07683575723764169
"ОСП - С.Белоголовцев,Л.Каганов",Нойз MC,0.07579172784620541
"ОСП - С.Белоголовцев,Л.Каганов",Domino,0.07266548332289269
"ОСП - С.Белоголовцев,Л.Каганов",ОУ74,0.0710399293008734
Оксана Дроздова.,Оксана Дроздова,0.116294070592555
Оксана Дроздова.,D-Bosh,0.10120393820649332
Оксана Дроздова.,Тимати,0.07756667621297188
Оксана Дроздова.,L'One,0.07656412788818061
Оксана Дроздова.,Курские соловьи,0.07513774333183366
Оксана Дроздова.,Баста,0.07393303222693334
Оксана Дроздова.,Корж,0.07359041698373735
Оксана Дроздова.,Миша Fint,0.06934935795057999
Оксана Дроздова.,♪♫ Перевалов Геннадий,0.06771004221380125
Оксана Дроздова.,на грузинском,0.06761163843340601
Оксана Почепа,Курские соловьи,0.19255197770826335
Оксана Почепа,D-Bosh,0.16556258668321638
Оксана Почепа,ВИА Пламя,0.13414344395409916
Оксана Почепа,Типа РВ!,0.11910131730296439
Оксана Почепа,"Марьяж ""Декорации""",0.11499563527902482
Оксана Почепа,Бабич Анжела,0.11483531575804802
Оксана Почепа,"Гр. ""Они""",0.11163613687280721
Оксана Почепа,Nebo7,0.1094450887541807
Оксана Почепа,"Из к/ф ""Снежная любовь, или сон в зимнюю ночь""",0.10170891957490863
Оксана Почепа,Tony Gun,0.09280165699984644
Ольга Арефьева,OST Кисло,0.12293266902444165
Ольга Арефьева,Людмила Зыкина dnb mix,0.1039516085839998
Ольга Арефьева,Хор,0.09268704307805048
Ольга Арефьева,"Сводный хор ""АП"")",0.08777791859292436
Ольга Арефьева,"""Алые паруса""",0.0860381855300817
Ольга Арефьева,Крестная Семья,0.08127138519356294
Ольга Арефьева,Грибы,0.07804717086995967
Ольга Арефьева,слушай экзорцист,0.06995871221291033
Ольга Арефьева,Google Тёлка,0.06995871221291033
Ольга Арефьева,Yanix [Block Star],0.06832974217679975
Оратория 2005 (demo),История России. ХХ век,0.10366141925241606
Оратория 2005 (demo),Мирко Саблич,0.09972603580152924
Оратория 2005 (demo),Каратель,0.08970135406254964
Оратория 2005 (demo),L'One,0.07954445499815829
Оратория 2005 (demo),Тараканы!,0.0776397311522503
Оратория 2005 (demo),"Сэт, Крек, Эйсик",0.0749647415401229
Оратория 2005 (demo),Instasamka,0.06919431535278923
Оратория 2005 (demo),Миша Fint,0.0685511222523901
Оратория 2005 (demo),Johnyboy,0.06755449407956382
Оратория 2005 (demo),Лигалайз,0.06710757188564863
От Винта,От Вінта,0.9943277287518
От Винта,Ot Vinta!,0.9905832570042318
От Винта,Ot vinta,0.9905832570042318
От Винта,Русич,0.11539288220659126
От Винта,Бабич Анжела,0.07496506020230842
От Винта,9 ВАЛ,0.07109384436283746
От Винта,Сокира Перуна,0.06913245057794773
От Винта,О. Васильчак та С.Роговський,0.06901271588260333
От Винта,"Скрябін, (1995 Птахи)",0.053917600561337875
От Винта,5'nizza,0.03381887351110715
Очередной MC,"Очередной MC (Сега, Anacondaz)",1.0000000000000004
Очередной MC,Баста,0.0651976222216067
Очередной MC,Монеточка,0.06474936620917275
Очередной MC,Вульгарный Тонн,0.06456804960036239
Очередной MC,PHARAOH,0.06251448848755187
Очередной MC,Каста,0.062294015348077034
Очередной MC,Feduk,0.062009276690934256
Очередной MC,Krec,0.061029946518227185
Очередной MC,Тимати,0.059994417580674766
Очередной MC,Баста / Гуф,0.05953347968590494
"Очередной MC (Сега, Anacondaz)",Очередной MC,1.0000000000000004
"Очередной MC (Сега, Anacondaz)",Баста,0.0651976222216067
"Очередной MC (Сега, Anacondaz)",Монеточка,0.06474936620917275
"Очередной MC (Сега, Anacondaz)",Вульгарный Тонн,0.06456804960036239
"Очередной MC (Сега, Anacondaz)",PHARAOH,0.06251448848755187
"Очередной MC (Сега, Anacondaz)",Каста,0.062294015348077034
"Очередной MC (Сега, Anacondaz)",Feduk,0.062009276690934256
"Очередной MC (Сега, Anacondaz)",Krec,0.061029946518227185
"Очередной MC (Сега, Anacondaz)",Тимати,0.059994417580674766
"Очередной MC (Сега, Anacondaz)",Баста / Гуф,0.05953347968590494
ПОЛЮСА [26/08 клуб Грибоедов],Полюса,0.9515605174278572
ПОЛЮСА [26/08 клуб Грибоедов],Батарея,0.23965959882613425
ПОЛЮСА [26/08 клуб Грибоедов],Лизоркин,0.08632564742595852
ПОЛЮСА [26/08 клуб Грибоедов],Аля Кудряшова,0.08238437942477124
ПОЛЮСА [26/08 клуб Грибоедов],Игорь Белый,0.08238437942477124
ПОЛЮСА [26/08 клуб Грибоедов],Игорь Белый (на стихи Али Кудряшёвой),0.08238437942477124
ПОЛЮСА [26/08 клуб Грибоедов],Птаха,0.08218861512712028
ПОЛЮСА [26/08 клуб Грибоедов],L'One,0.08159196621326047
ПОЛЮСА [26/08 клуб Грибоедов],Крестная Семья,0.08006449493369633
ПОЛЮСА [26/08 клуб Грибоедов],ОУ74,0.07960619343817511
Пабло Прекрати,Смоки Мо,0.09350764193294678
Пабло Прекрати,ОУ74,0.09155971289064105
Пабло Прекрати,Рем Дигга,0.09113262337215088
Пабло Прекрати,Boulevard Depo,0.08740687281059682
Пабло Прекрати,Триада,0.08544327789372944
Пабло Прекрати,Птаха,0.08398886786628064
Пабло Прекрати,Chemodan,0.07983090332960625
Пабло Прекрати,ЛСП,0.07656542716727657
Пабло Прекрати,Krec,0.07386289348366196
Пабло Прекрати,gone.Fludd,0.07362651709531623
Павел Пиковский,Баста,0.10000269271588674
Павел Пиковский,Смоки Мо,0.09894753347338037
Павел Пиковский,Ассаи,0.0920383023605236
Павел Пиковский,Krec,0.0885988905202141
Павел Пиковский,Нигатив,0.08644818522896279
Павел Пиковский,Децл,0.08521599164671868
Павел Пиковский,Джиз,0.08465617987429482
Павел Пиковский,Johnyboy,0.08454145195585168
Павел Пиковский,Markul,0.0830083767798588
Павел Пиковский,Эльбрус Джанмирзоев,0.08252522264469694
Пальчики,✔Слот,0.9999999999999996
Пальчики,Slot,0.9999999999999996
Пальчики,Балабама,0.12802673532936576
Пальчики,трол фейс,0.10139245105052211
Пальчики,TROLLFACE,0.10139245105052211
Пальчики,Коля RotoFF,0.0903143409930926
Пальчики,Паук,0.08931570341865226
Пальчики,Агата Кристи,0.08207611702562587
Пальчики,Агата Кристи - Чудеса (1998),0.07456866394220243
Пальчики,SD AND SCHOKK,0.06898444522687752
Патриотические. Русские народные военные песни.,Русский,0.3607164775779485
Патриотические. Русские народные военные песни.,Молотх,0.11691599234107829
Патриотические. Русские народные военные песни.,М8Л8Tx / Нежеголь,0.11110369993030435
Патриотические. Русские народные военные песни.,Триада,0.10033023261336463
Патриотические. Русские народные военные песни.,Русская Императорская армія,0.0943035098979208
Патриотические. Русские народные военные песни.,Лигалайз,0.09349890623165673
Патриотические. Русские народные военные песни.,Браток,0.08768587821742346
Патриотические. Русские народные военные песни.,Dino MC47,0.08560846582118432
Патриотические. Русские народные военные песни.,Л.П.П.Л,0.08085541610076286
Патриотические. Русские народные военные песни.,Моя Дерзкая Правда,0.07871294088773931
Пацантрэ,ФИЗТЕХпесня,0.21889669716432944
Пацантрэ,Виктор Малолетний,0.08810489971264598
Пацантрэ,D1sH,0.06769294413746417
Пацантрэ,Ассаи,0.06674621191515027
Пацантрэ,ATL,0.06373395648854048
Пацантрэ,Кравц,0.06281168978989035
Пацантрэ,T9,0.05988215087421933
Пацантрэ,Чемодан,0.0597613170104587
Пацантрэ,Марго Сирин,0.05954151319354149
Пацантрэ,Браток,0.059198760198165
Песни Фанатов ЦСКА,Фанаты ЦСКА,1.0000000000000004
Песни Фанатов ЦСКА,Любэ,0.08339447113461704
Песни Фанатов ЦСКА,Пацантрэ,0.057633155652833154
Песни Фанатов ЦСКА,История России. ХХ век,0.05549563012901481
Песни Фанатов ЦСКА,Lebron(п.у.А-ki),0.05224364522100503
Песни Фанатов ЦСКА,Кемикэл Депазитз,0.04835778037170417
Песни Фанатов ЦСКА,Владимир Трошин,0.04501348957288366
Песни Фанатов ЦСКА,Ольга Арефьева,0.04376813486484501
Песни Фанатов ЦСКА,Марго Сирин,0.043238623561954466
Песни Фанатов ЦСКА,Оратория 2005 (demo),0.04063700152254759
Песни из детских фильмов,про Красную Шапочку,0.9579647508915554
Песни из детских фильмов,из к/ф,0.9579647508915554
Песни из детских фильмов,Красная шапка,0.9579647508915554
Песни из детских фильмов,к/ф Красная Шапочка,0.9272130338179506
Песни из детских фильмов,Красная шапочка,0.914098818280913
Песни из детских фильмов,Детские песни,0.8415087330025797
Песни из детских фильмов,Песня Красной Шапочки (рок-версия),0.8355949252637592
Песни из детских фильмов,Красная Шапочка,0.8355949252637592
Песни из детских фильмов,:)),0.8036528679026741
Песни из детских фильмов,˜”*°•.☆ааааааааа!!!,0.8035711855637425
Песни нашего века,Квартет физфака пу Сергея Никитина,0.9726445406131052
Песни нашего века,Вадим Мулерман,0.9316366236607865
Песни нашего века,РВиА,0.08921914621422396
Песни нашего века,Артиллеия,0.08921914621422396
Песни нашего века,Чичерина,0.083190289765911
Песни нашего века,dom1No,0.07510522046905835
Песни нашего века,"Марьяж ""Декорации""",0.07448989602128848
Песни нашего века,Чечерина,0.06941556806673192
Песни нашего века,Русский,0.0630009350540227
Песни нашего века,T9,0.06275025362798843
Песни орлятского круга,Алые паруса (минус),0.8785965335957295
Песни орлятского круга,Алые паруса,0.5179014421005254
Песни орлятского круга,Валерия Лесовская,0.33691016283854414
Песни орлятского круга,Алые Паруса.,0.3209184461452188
Песни орлятского круга,Барды,0.20717359051560752
Песни орлятского круга,"""Алые паруса""",0.1953266801168863
Песни орлятского круга,"Сводный хор ""АП"")",0.13262807578971467
Песни орлятского круга,†.чЁ за трЕк.†,0.09679767041543591
Песни орлятского круга,Музыкальная жизнь™,0.08908812583768687
Песни орлятского круга,➨ Levon,0.08268292814386355
Песня Красной Шапочки (рок-версия),Красная Шапочка,0.9999999999999992
Песня Красной Шапочки (рок-версия),Детские песни,0.9942778763244547
Песня Красной Шапочки (рок-версия),:)),0.9649697602134324
Песня Красной Шапочки (рок-версия),˜”*°•.☆ааааааааа!!!,0.9589643783309264
Песня Красной Шапочки (рок-версия),Красная шапочка,0.9575593991294575
Песня Красной Шапочки (рок-версия),к/ф Красная Шапочка,0.9480020545239748
Песня Красной Шапочки (рок-версия),DJ Little Red Riding Hood,0.8749881298843853
Песня Красной Шапочки (рок-версия),из к/ф,0.87226061761259
Песня Красной Шапочки (рок-версия),про Красную Шапочку,0.87226061761259
Песня Красной Шапочки (рок-версия),Красная шапка,0.87226061761259
Песочные люди (Колесо - Оба Зрения 2011),Рем Дигга,0.10200302918692372
Песочные люди (Колесо - Оба Зрения 2011),Chemodan,0.0946114269642744
Песочные люди (Колесо - Оба Зрения 2011),Гуф,0.08762126393982457
Песочные люди (Колесо - Оба Зрения 2011),the Chemodan,0.0851654976177095
Песочные люди (Колесо - Оба Зрения 2011),Кровосток,0.08341958182168967
Песочные люди (Колесо - Оба Зрения 2011),Триада,0.07975218944755968
Песочные люди (Колесо - Оба Зрения 2011),Птаха,0.07960127915260466
Песочные люди (Колесо - Оба Зрения 2011),Каста,0.07858103915141623
Песочные люди (Колесо - Оба Зрения 2011),Скриптонит,0.0775713030007937
Песочные люди (Колесо - Оба Зрения 2011),Truwer,0.07749565809934596
Песьня.,Детская,1.0
Песьня.,детская песенка,1.0
Песьня.,♨♨♨Детская песня♨♨♨,0.9782558394762274
Песьня.,Анатолий Александрович,0.9325272387847319
Песьня.,Шишков Сергей,0.9325272387847319
Песьня.,"Вокальный Квартет ""Аккорд""",0.9325272387847319
Песьня.,Детские Песни,0.9202798702516777
Песьня.,Неизвестный исполнитель,0.5777818779015663
Песьня.,Четыре таракана,0.14612583197529863
Песьня.,Тараканы,0.14478836920484134
Петя OST,Хатико,1.0000000000000007
Петя OST,Юлия Самошкина,0.13616543853975208
Петя OST,Барды.,0.10639741513449656
Петя OST,Любовь и нежность,0.09907605312279938
Петя OST,KRiceT,0.09711805144053196
Петя OST,Триада,0.09177202185377989
Петя OST,Птаха,0.08881768078752009
Петя OST,Krec,0.08831483464935037
Петя OST,Ассаи,0.0873191215925682
Петя OST,♡ Акула ♡,0.08673648814173664
Пика,Смоки Мо,0.07416032006243975
Пика,ОУ74,0.06961025738415523
Пика,ЮГ,0.0674206581143991
Пика,Каста,0.06492200216774276
Пика,Баста,0.06450807288571002
Пика,Триагрутрика,0.06287589390277107
Пика,Feduk,0.06158206993686666
Пика,Chemodan,0.06091935486688317
Пика,Lasha MC,0.060525950825538834
Пика,Паук,0.06042002039169902
Пикачушь,группа Весна,0.0751021837740285
Пикачушь,Johnyboy,0.07307262820739303
Пикачушь,Кровосток,0.07264351081754906
Пикачушь,T-Fest,0.071196129013234
Пикачушь,Гуф,0.07036105465277279
Пикачушь,Птаха,0.06698090956076821
Пикачушь,ВИТОС,0.06672245417444003
Пикачушь,Децл,0.06665236436729932
Пикачушь,Каста,0.0665074671127898
Пикачушь,Александр Шуров и Николай Рыкунин,0.06594954544765477
Пилот,Птаха,0.12081676150639431
Пилот,Ассаи,0.11880229197401321
Пилот,Триада,0.11070225392074867
Пилот,"Михаил Михайлов (Афган, запись 1987 - 88 г.г.)",0.10734682167488095
Пилот,Хром,0.09852414708184198
Пилот,Смоки Мо,0.09533896653605055
Пилот,Баста,0.0934747073488851
Пилот,ОУ74,0.09289040190693945
Пилот,Thomas Mraz,0.09202203313387902
Пилот,Krec,0.09165845201921469
Полина Гагарина,Гагарина Полина,0.9918792211728612
Полина Гагарина,Любовь и нежность,0.11564302956986364
Полина Гагарина,Оксана Дроздова,0.0939273280907722
Полина Гагарина,Валерия Лесовская,0.09004596282480647
Полина Гагарина,Ассаи,0.08657633995562543
Полина Гагарина,Левон,0.08384008771795576
Полина Гагарина,➨ Levon,0.08384008771795576
Полина Гагарина,Витос,0.07705017323183769
Полина Гагарина,"""Алые паруса""",0.07656374855877822
Полина Гагарина,Miyagi,0.07635280332793612
"Потратил тыщу баксов, они вернутся",Yanix,0.10310955828653655
"Потратил тыщу баксов, они вернутся",Instasamka,0.10297964132596353
"Потратил тыщу баксов, они вернутся",Johnyboy,0.10170241222455553
"Потратил тыщу баксов, они вернутся",Big Russian Boss,0.10040131088107385
"Потратил тыщу баксов, они вернутся",Boulevard Depo,0.09979384874002577
"Потратил тыщу баксов, они вернутся",Thomas Mraz,0.09825242048269606
"Потратил тыщу баксов, они вернутся",Скриптонит,0.09737830470419871
"Потратил тыщу баксов, они вернутся",Рем Дигга,0.09609618735116092
"Потратил тыщу баксов, они вернутся",Lil Morty,0.09535445887080386
"Потратил тыщу баксов, они вернутся",Yanix [Block Star],0.09526137076635391
РАСКОЛЬНИКОВ,Словетский,0.09144007917289299
РАСКОЛЬНИКОВ,Гуф,0.07183193020940164
РАСКОЛЬНИКОВ,Вульгарный Тонн,0.07013262913529839
РАСКОЛЬНИКОВ,Centr,0.06722427975845593
РАСКОЛЬНИКОВ,Восточный округ,0.06478481415245783
РАСКОЛЬНИКОВ,Смоки Мо,0.06383471779993863
РАСКОЛЬНИКОВ,Chemodan,0.06364894677068071
РАСКОЛЬНИКОВ,Рем Дигга,0.06330483602279899
РАСКОЛЬНИКОВ,Yanix,0.06275144707926467
РАСКОЛЬНИКОВ,Баста,0.062233341652255206
РВиА,Артиллеия,1.0000000000000002
РВиА,Любэ,0.15648402225300775
РВиА,Виктор Малолетний,0.09932753510803957
РВиА,D1sH,0.0910199294921842
РВиА,Квартет физфака пу Сергея Никитина,0.08998420268884208
РВиА,Песни нашего века,0.08921914621422396
РВиА,Вадим Мулерман,0.07865434851954409
РВиА,Мирко Саблич,0.07400224290139532
РВиА,Л.П.П.Л,0.07270891480460437
РВиА,Баста,0.0701093112004296
Раиса Неменова,Владимир Трошин,0.230793500107154
Раиса Неменова,Апина,0.17920305131371786
Раиса Неменова,Алёна Апина,0.17646681509825407
Раиса Неменова,Алена Апина,0.15860667966500192
Раиса Неменова,♪♫ Перевалов Геннадий,0.13365722212946685
Раиса Неменова,Давид Тухманов,0.10791666603091057
Раиса Неменова,Андрей Макаревич,0.09791656987216368
Раиса Неменова,Ассаи,0.09706220912426707
Раиса Неменова,Узелок,0.09628340348669602
Раиса Неменова,Любовь и нежность,0.08937309342285119
Ресторатор,Ассаи,0.11139864283780833
Ресторатор,Триада,0.10522893733182949
Ресторатор,Рем Дигга,0.10471340746322942
Ресторатор,Вульгарный Тонн,0.10400564357995694
Ресторатор,Krec,0.10298100311478305
Ресторатор,Скриптонит,0.10232807210460917
Ресторатор,Тимати,0.1003250201706393
Ресторатор,Смоки Мо,0.09946448075709123
Ресторатор,Oxxxymiron,0.0992058737411646
Ресторатор,Каста,0.09825421735628957
Русская Императорская армія,Патриотические. Русские народные военные песни.,0.0943035098979208
Русская Императорская армія,ВАДИМ САЖИН,0.07479392647824092
Русская Императорская армія,Вадим Сажин,0.07194581564298339
Русская Императорская армія,Русский,0.05910107579247967
Русская Императорская армія,Курские соловьи,0.05634366108694261
Русская Императорская армія,NATALIA OREIRO,0.05238453648766171
Русская Императорская армія,Оратория 2005 (demo),0.051301578611919155
Русская Императорская армія,Lil'Stop,0.05039532976417137
Русская Императорская армія,Для доты именно для Васи Бояркина,0.05039532976417137
Русская Императорская армія,Пикачушь,0.0460651976580975
Русские Знаки,Кравц,0.08668230461484078
Русские Знаки,Русский,0.07756734703435728
Русские Знаки,Порнофильмы,0.07281072649343315
Русские Знаки,Полюса,0.06753750717142731
Русские Знаки,Виктор Малолетний,0.066399352824934
Русские Знаки,Владимир Высоцкий,0.06261656358705961
Русские Знаки,Белый Аликорн,0.06192900496718051
Русские Знаки,Хром,0.06057252892802127
Русские Знаки,Dino MC47,0.0605520496699648
Русские Знаки,Паук,0.06020294706799224
Русские народные песни - Хор Валаамского Монастыря,анна ривелотэ,0.08721400213813138
Русские народные песни - Хор Валаамского Монастыря,Русские романсы,0.0681921629820216
Русские народные песни - Хор Валаамского Монастыря,Русский,0.0590798500020416
Русские народные песни - Хор Валаамского Монастыря,Барды,0.05878261208018976
Русские народные песни - Хор Валаамского Монастыря,Хром,0.05715157387207687
Русские народные песни - Хор Валаамского Монастыря,Big Black Boots,0.05705855511311581
Русские народные песни - Хор Валаамского Монастыря,Игорь Растеряев,0.05678651248741171
Русские народные песни - Хор Валаамского Монастыря,Русские Знаки,0.0526417524343027
Русские народные песни - Хор Валаамского Монастыря,Монеточка,0.05204867855673706
Русские народные песни - Хор Валаамского Монастыря,Рем Дигга,0.05020659361085467
Русские романсы,Хром,0.08704633713907514
Русские романсы,ГИМН РУССКОГО РАДИО,0.08215886597575138
Русские романсы,Русский,0.08021719661854738
Русские романсы,Krec,0.07721404953373084
Русские романсы,Ясвена,0.07573419182580601
Русские романсы,Русские народные песни - Хор Валаамского Монастыря,0.0681921629820216
Русские романсы,Король и Шут,0.06619868103045101
Русские романсы,Любовь и нежность,0.06607800092586423
Русские романсы,Узелок,0.0650527741813558
Русские романсы,Ассаи,0.0649297352096171
СИЛЕН Radio Beograd 2 - 2016-12-30,КОЈЕКУДА 2014-11-09 Radio Beograd 1,0.4647373559077093
СИЛЕН Radio Beograd 2 - 2016-12-30,Bandit-Aul B.CH.S,0.09117489082403661
СИЛЕН Radio Beograd 2 - 2016-12-30,Русский,0.04770476386748833
СИЛЕН Radio Beograd 2 - 2016-12-30,"LIN,MALIK",0.03996757231314932
СИЛЕН Radio Beograd 2 - 2016-12-30,Триагрутрика,0.03659323197110665
СИЛЕН Radio Beograd 2 - 2016-12-30,ЮГ,0.03272021287946336
СИЛЕН Radio Beograd 2 - 2016-12-30,Кемикэл Депазитз,0.032276580487940965
СИЛЕН Radio Beograd 2 - 2016-12-30,Bones,0.03183628707367364
СИЛЕН Radio Beograd 2 - 2016-12-30,Патриотические. Русские народные военные песни.,0.03168232124203052
СИЛЕН Radio Beograd 2 - 2016-12-30,«Полкино»,0.030216249799188036
СТЕПАНЕНКО Pump,Игорь Растеряев,0.04482752492445443
СТЕПАНЕНКО Pump,Neiz,0.035764879424101455
СТЕПАНЕНКО Pump,Песочные Люди,0.032192946495434485
СТЕПАНЕНКО Pump,Porchy,0.030622806183298462
СТЕПАНЕНКО Pump,Stas Neiz,0.02945119137382265
СТЕПАНЕНКО Pump,Onyx,0.02795456191584688
СТЕПАНЕНКО Pump,Truwer,0.01792084807361527
СТЕПАНЕНКО Pump,Вульгарный Тонн,0.01635610456390913
СТЕПАНЕНКО Pump,Dino MC47,0.013160627278796369
СТЕПАНЕНКО Pump,Скриптонит,0.011329857774796925
Саша rAp [Вульгарний ТоНН],Вульгарный Тонн,0.16246943709564346
Саша rAp [Вульгарний ТоНН],5 Шлюх,0.0671590253724598
Саша rAp [Вульгарний ТоНН],MC Молодой & DZA & CanabiZ,0.06526085600341401
Саша rAp [Вульгарний ТоНН],Lasha MC,0.06498637924423059
Саша rAp [Вульгарний ТоНН],Вульгарный тон,0.06424856963628812
Саша rAp [Вульгарний ТоНН],Смоки Мо,0.06048477114828184
Саша rAp [Вульгарний ТоНН],Триагрутрика,0.058569067729811033
Саша rAp [Вульгарний ТоНН],Птаха,0.05662513849609204
Саша rAp [Вульгарний ТоНН],Каратель,0.056591119951058776
Саша rAp [Вульгарний ТоНН],Гуф,0.055410046892256114
Саша Бест,Барды.,0.08798216707460153
Саша Бест,Юлия Самошкина,0.08341478045516602
Саша Бест,ST,0.07061313022386052
Саша Бест,Барды,0.06848318924978014
Саша Бест,KRiceT,0.06846496962272017
Саша Бест,Нигатив,0.06660939008879331
Саша Бест,Витоса,0.06266387173881124
Саша Бест,Nebo7,0.0609867021908614
Саша Бест,ГИМН РУССКОГО РАДИО,0.0605000305917431
Саша Бест,Хром,0.059597285969309105
Светлана Копылова,Ляпис Трубецкой,0.10683104806456875
Светлана Копылова,Нигатив,0.09052743134210382
Светлана Копылова,Ассаи,0.08811180434514382
Светлана Копылова,Bones,0.08458591289495151
Светлана Копылова,Узелок,0.08395300203218034
Светлана Копылова,Вадим Сажин,0.07960690946456872
Светлана Копылова,Эльбрус Джанмирзоев,0.0796056305995576
Светлана Копылова,Король и Шут,0.07697306504678994
Светлана Копылова,Браток,0.07673021357881325
Светлана Копылова,Корж,0.0731704725856142
Светлана Разина,группа Весна,0.14792801458384594
Светлана Разина,Ассаи,0.11297449362787954
Светлана Разина,I.B.,0.10694368467354079
Светлана Разина,Миша Fint,0.10345759635118473
Светлана Разина,Нигатив,0.10064601439516943
Светлана Разина,я дура миша,0.09910985172572136
Светлана Разина,Каспийский Груз,0.09910985172572136
Светлана Разина,Эльбрус Джанмирзоев,0.09655796343022814
Светлана Разина,Витос,0.09601691148958104
Светлана Разина,Гречка,0.09240115724354779
Свобода воли,ШИРЯЕВ ОЛЕГ,0.08926579482101124
Свобода воли,Смоки Мо,0.08525995928810486
Свобода воли,Krec,0.08106038673749938
Свобода воли,Лигалайз,0.07589279798098972
Свобода воли,Ассаи,0.07539377698552428
Свобода воли,Триада,0.07215533457114223
Свобода воли,Мастер & Margenta,0.0721037438180193
Свобода воли,Мастер (По ту сторону сна) - 2006,0.0721037438180193
Свобода воли,VOICE OF SATURN,0.07128925770394574
Свобода воли,Нойз MC,0.07096448143562997
"Сводный хор ""АП"")",Валерия Лесовская,0.21315838022913858
"Сводный хор ""АП"")","""Алые паруса""",0.17570545647034203
"Сводный хор ""АП"")",Алые паруса (минус),0.13643369736241096
"Сводный хор ""АП"")",Песни орлятского круга,0.13262807578971467
"Сводный хор ""АП"")",сатана печет блины,0.1223965559376657
"Сводный хор ""АП"")",Алые паруса,0.10578120928236517
"Сводный хор ""АП"")",Алые Паруса.,0.10028893613150638
"Сводный хор ""АП"")",Ольга Арефьева,0.08777791859292436
"Сводный хор ""АП"")",➨ Levon,0.08713237023033651
"Сводный хор ""АП"")",Левон,0.08713237023033651
Святитель Иоанн Златоуст,Ирина Туманова,0.16701043628350037
Святитель Иоанн Златоуст,Ассаи,0.1229062985833667
Святитель Иоанн Златоуст,Птаха,0.11933656452947144
Святитель Иоанн Златоуст,Тимати,0.11922319817192345
Святитель Иоанн Златоуст,Feduk,0.11548573661585422
Святитель Иоанн Златоуст,Эльбрус Джанмирзоев,0.115308149012513
Святитель Иоанн Златоуст,ИСН,0.11520975621365044
Святитель Иоанн Златоуст,polusplus.com,0.11253916505435736
Святитель Иоанн Златоуст,Krec,0.11228350946595488
Святитель Иоанн Златоуст,Thomas Mraz,0.11116701506959208
Семёнова Мария,Братья Карамазовы,0.11190547484759841
Семёнова Мария,Дмитрий Авилов,0.09886233571307289
Семёнова Мария,Каста,0.07093201918620455
Семёнова Мария,Мишари Рашид Аль-Афаси,0.06951687761924696
Семёнова Мария,Рем Дигга,0.06944300956256239
Семёнова Мария,Мельница--Сонный рыцарь-,0.06469260169763845
Семёнова Мария,"Гр. ""Они""",0.06372161926376586
Семёнова Мария,"Марьяж ""Декорации""",0.06263734779940958
Семёнова Мария,Гайтана,0.06156199929091805
Семёнова Мария,Miyagi,0.061177962962045696
Сергей Бабкин (5'nizza),5'nizza,0.7779270586736291
Сергей Бабкин (5'nizza),5'nizza - Белые рубашки,0.7474636924026075
Сергей Бабкин (5'nizza),Чечерина,0.13921870662826963
Сергей Бабкин (5'nizza),Чичерина,0.12372320512262155
Сергей Бабкин (5'nizza),Хома,0.1178991644116183
Сергей Бабкин (5'nizza),Эльбрус Джанмирзоев,0.07584018186166153
Сергей Бабкин (5'nizza),VOICE OF SATURN,0.06625054176229583
Сергей Бабкин (5'nizza),витос,0.06149216708827337
Сергей Бабкин (5'nizza),Песня Красной Шапочки (рок-версия),0.06033604310194456
Сергей Бабкин (5'nizza),Красная Шапочка,0.06033604310194456
Сергей Хижняк,витос,0.09741726482672355
Сергей Хижняк,"Михаил Михайлов (Афган, запись 1987 - 88 г.г.)",0.08974504153728073
Сергей Хижняк,Стас Михайлов,0.08666246112134751
Сергей Хижняк,Агния Барто,0.08086038908772739
Сергей Хижняк,T9,0.0642218685067338
Сергей Хижняк,Витос,0.06152985250210577
Сергей Хижняк,Доктор Айболит,0.05993372699823668
Сергей Хижняк,реги,0.05993372699823668
Сергей Хижняк,100 music,0.057443722099846196
Сергей Хижняк,Donnie Brasco,0.05715114418421526
Сидоджи Дубоshit и Грязный Рамирес,Krec,0.07602082707530532
Сидоджи Дубоshit и Грязный Рамирес,Boulevard Depo,0.07346981981477081
Сидоджи Дубоshit и Грязный Рамирес,Рем Дигга,0.06818910028153811
Сидоджи Дубоshit и Грязный Рамирес,ОУ74,0.062413360738997316
Сидоджи Дубоshit и Грязный Рамирес,Вульгарный Тонн,0.06141772085741876
Сидоджи Дубоshit и Грязный Рамирес,Yanix,0.05917308326923925
Сидоджи Дубоshit и Грязный Рамирес,Chemodan,0.057094335558909394
Сидоджи Дубоshit и Грязный Рамирес,PHARAOH,0.05692613202856702
Сидоджи Дубоshit и Грязный Рамирес,Триада,0.056167302394999535
Сидоджи Дубоshit и Грязный Рамирес,Каратель,0.055820125409267916
Скептик,Chemodan,0.11431147536878365
Скептик,Krec,0.10845922709363881
Скептик,Птаха,0.10686704545485995
Скептик,Вульгарный Тонн,0.10375749481914759
Скептик,Гуф,0.10296720702028592
Скептик,Баста,0.1022121085586074
Скептик,Yanix,0.10128295538234493
Скептик,Баста / Гуф,0.0979043890844224
Скептик,Рем Дигга,0.09620682828465973
Скептик,Хром,0.09582074857165532
Скриптон,Truwer,0.4793272342902363
Скриптон,Скриптонит,0.4695060889048617
Скриптон,Тимати,0.1267344436386708
Скриптон,Корж,0.12444846644437128
Скриптон,Markul,0.11438050157624681
Скриптон,Вульгарный Тонн,0.11384608900344032
Скриптон,Баста,0.11375456419351378
Скриптон,Смоки Мо,0.11192466274489452
Скриптон,Нигатив,0.11098781976625284
Скриптон,Птаха,0.10994347035733434
"Скрябін, (1995 Птахи)",О. Васильчак та С.Роговський,0.30428812618634854
"Скрябін, (1995 Птахи)",Антонина Матвиенко,0.2327853514016468
"Скрябін, (1995 Птахи)",Нежеголь,0.23053416739930394
"Скрябін, (1995 Птахи)",Сокира Перуна,0.17650865043236216
"Скрябін, (1995 Птахи)",Русич,0.14606372657535666
"Скрябін, (1995 Птахи)",Наречена_Михайло Хома (Дзідзьо)(акорди),0.12714302239430098
"Скрябін, (1995 Птахи)",Бабич Анжела,0.10714334868321951
"Скрябін, (1995 Птахи)",9 ВАЛ,0.05949339786977368
"Скрябін, (1995 Птахи)",От Вінта,0.05450226190479939
"Скрябін, (1995 Птахи)",Ot vinta,0.054430155345445666
Солдат Семёнов,Bahh Tee,0.07931925239169106
Солдат Семёнов,Лавров Василий,0.06091732374765808
Солдат Семёнов,Апина,0.05855123425776399
Солдат Семёнов,Алёна Апина,0.057319761447667705
Солдат Семёнов,Триада,0.05528787530786234
Солдат Семёнов,Василий Лавров,0.05312598080291409
Солдат Семёнов,Krec,0.05242230427490328
Солдат Семёнов,Алена Апина,0.05231879567536113
Солдат Семёнов,Dav / 4SGM,0.05204311696939876
Солдат Семёнов,4SGM,0.051662353289253615
Соня Мармеладова (ГНОЙНЫЙ SLOVO SPB),Гнойный (a.k.a Соня Мармеладова),1.0000000000000029
Соня Мармеладова (ГНОЙНЫЙ SLOVO SPB),Соня Мармеладова (Гнойный),1.0000000000000029
Соня Мармеладова (ГНОЙНЫЙ SLOVO SPB),Flowdan vs Logan Sama,0.9593821743056283
Соня Мармеладова (ГНОЙНЫЙ SLOVO SPB),Redo,0.9593821743056283
Соня Мармеладова (ГНОЙНЫЙ SLOVO SPB),Вульгарный Тонн,0.09972629385910046
Соня Мармеладова (ГНОЙНЫЙ SLOVO SPB),Рем Дигга,0.09196302604008993
Соня Мармеладова (ГНОЙНЫЙ SLOVO SPB),Смоки Мо,0.09099715552984174
Соня Мармеладова (ГНОЙНЫЙ SLOVO SPB),Oxxxymiron,0.09096384925027674
Соня Мармеладова (ГНОЙНЫЙ SLOVO SPB),Yanix,0.09025406309558276
Соня Мармеладова (ГНОЙНЫЙ SLOVO SPB),Гекто,0.08680663811153226
Соня Мармеладова (Гнойный),Гнойный (a.k.a Соня Мармеладова),1.0000000000000029
Соня Мармеладова (Гнойный),Соня Мармеладова (ГНОЙНЫЙ SLOVO SPB),1.0000000000000029
Соня Мармеладова (Гнойный),Flowdan vs Logan Sama,0.9593821743056283
Соня Мармеладова (Гнойный),Redo,0.9593821743056283
Соня Мармеладова (Гнойный),Вульгарный Тонн,0.09972629385910046
Соня Мармеладова (Гнойный),Рем Дигга,0.09196302604008993
Соня Мармеладова (Гнойный),Смоки Мо,0.09099715552984174
Соня Мармеладова (Гнойный),Oxxxymiron,0.09096384925027674
Соня Мармеладова (Гнойный),Yanix,0.09025406309558276
Соня Мармеладова (Гнойный),Гекто,0.08680663811153226
Сплин,10. Сплин,0.9998715301458989
Сплин,Krec,0.08788393351522815
Сплин,Джиз,0.07740736944195681
Сплин,Смоки Мо,0.07509523683410446
Сплин,Ассаи,0.07301832759085605
Сплин,Гуф,0.07136233655273523
Сплин,Децл,0.07075873208091792
Сплин,Рем Дигга,0.06887658430087938
Сплин,Chemodan,0.06842708228873959
Сплин,Триагрутрика,0.06732312465471563
Стас Михайлов,группа Весна,0.12067273250301645
Стас Михайлов,ВИТОС,0.10307821927730673
Стас Михайлов,Nebo7,0.10293484648515008
Стас Михайлов,слушай экзорцист,0.10284846202899862
Стас Михайлов,Google Тёлка,0.10284846202899862
Стас Михайлов,"Из к/ф ""Снежная любовь, или сон в зимнюю ночь""",0.10185987871846755
Стас Михайлов,Эльбрус Джанмирзоев,0.09745087319765429
Стас Михайлов,T9,0.09377670759699891
Стас Михайлов,Оксана Дроздова,0.08833182118503032
Стас Михайлов,Tony Gun,0.08695421049791213
Странник Стк,Децл,0.5446550136658866
Странник Стк,"ОСП - С.Белоголовцев,Л.Каганов",0.11723181474973003
Странник Стк,Тимати,0.09675241635075521
Странник Стк,Птаха,0.09113883656200207
Странник Стк,Markul,0.08882188787475982
Странник Стк,Валдай,0.08861375207804185
Странник Стк,Восточный округ,0.08766906152518655
Странник Стк,Andy Panda,0.08354222202940934
Странник Стк,ЛСП,0.0830805620729796
Странник Стк,Гуф,0.08304986853950773
Стрелки & MC Пряников,MC Молодой & DZA & CanabiZ,0.08060028227136358
Стрелки & MC Пряников,ЛСП,0.07803766760326346
Стрелки & MC Пряников,Feduk,0.07718431864965872
Стрелки & MC Пряников,Децл,0.06912163039700447
Стрелки & MC Пряников,Slim,0.06884996642293545
Стрелки & MC Пряников,Полюса,0.0664351384860937
Стрелки & MC Пряников,Гуф,0.06415139217482349
Стрелки & MC Пряников,Centr,0.0641066640787663
Стрелки & MC Пряников,Птаха,0.0627749625610381
Стрелки & MC Пряников,ПОЛЮСА [26/08 клуб Грибоедов],0.0612810886580291
"Сэт, Крек, Эйсик",Dino MC47,0.13472267993002196
"Сэт, Крек, Эйсик",Баста,0.11503539437499474
"Сэт, Крек, Эйсик",Krec,0.11331864621532049
"Сэт, Крек, Эйсик",ВИТОС,0.10656127304714626
"Сэт, Крек, Эйсик",Триада,0.10432460008866168
"Сэт, Крек, Эйсик",Смоки Мо,0.10137902521076068
"Сэт, Крек, Эйсик",Гуф,0.10056153476499459
"Сэт, Крек, Эйсик",Лигалайз,0.09898064113389364
"Сэт, Крек, Эйсик",Птаха,0.09738424613497212
"Сэт, Крек, Эйсик",Markul,0.09711817194553084
ТРИАГРУТРИКА (Т.Г.К.липсис 2011),ТРИАГРУТРИКА [Т.Г.К.липсис(2011)],1.0000000000000004
ТРИАГРУТРИКА (Т.Г.К.липсис 2011),12 ТРИАГРУТРИКА (Т.Г.К.липсис),1.0000000000000004
ТРИАГРУТРИКА (Т.Г.К.липсис 2011),The Chemodan,1.0000000000000004
ТРИАГРУТРИКА (Т.Г.К.липсис 2011),Триагутрика,0.9497004672727961
ТРИАГРУТРИКА (Т.Г.К.липсис 2011),TRIAGRUTRIKA,0.7314470112611772
ТРИАГРУТРИКА (Т.Г.К.липсис 2011),ТРИАГРУТРИКА (Т.Г.К.липсис),0.7111476493960991
ТРИАГРУТРИКА (Т.Г.К.липсис 2011),ТГК,0.5186697002878987
ТРИАГРУТРИКА (Т.Г.К.липсис 2011),Триагрутрика,0.36187565712609604
ТРИАГРУТРИКА (Т.Г.К.липсис 2011),Смоки Мо,0.12585932476732528
ТРИАГРУТРИКА (Т.Г.К.липсис 2011),ОУ74,0.12455250097696087
ТРИАГРУТРИКА [Т.Г.К.липсис(2011)],ТРИАГРУТРИКА (Т.Г.К.липсис 2011),1.0000000000000004
ТРИАГРУТРИКА [Т.Г.К.липсис(2011)],12 ТРИАГРУТРИКА (Т.Г.К.липсис),1.0000000000000004
ТРИАГРУТРИКА [Т.Г.К.липсис(2011)],The Chemodan,1.0000000000000004
ТРИАГРУТРИКА [Т.Г.К.липсис(2011)],Триагутрика,0.9497004672727961
ТРИАГРУТРИКА [Т.Г.К.липсис(2011)],TRIAGRUTRIKA,0.7314470112611772
ТРИАГРУТРИКА [Т.Г.К.липсис(2011)],ТРИАГРУТРИКА (Т.Г.К.липсис),0.7111476493960991
ТРИАГРУТРИКА [Т.Г.К.липсис(2011)],ТГК,0.5186697002878987
ТРИАГРУТРИКА [Т.Г.К.липсис(2011)],Триагрутрика,0.36187565712609604
ТРИАГРУТРИКА [Т.Г.К.липсис(2011)],Смоки Мо,0.12585932476732528
ТРИАГРУТРИКА [Т.Г.К.липсис(2011)],ОУ74,0.12455250097696087
Тандем,Гречка,0.12733785930324779
Тандем,Баста,0.1197873246553508
Тандем,Тимати,0.11545133388154243
Тандем,Thomas Mraz,0.11232093440425563
Тандем,Dino MC47,0.10981258758027376
Тандем,Ассаи,0.1065585068014055
Тандем,Птаха,0.10414003694335575
Тандем,ЮГ,0.10276654331567177
Тандем,Johnyboy,0.1013603953332472
Тандем,Krec,0.10112273581425518
Тараканы,Четыре таракана,0.9908471845643052
Тараканы,Тараканы!,0.4425478352109542
Тараканы,"Вокальный Квартет ""Аккорд""",0.14866309871564157
Тараканы,Шишков Сергей,0.14866309871564157
Тараканы,Анатолий Александрович,0.14866309871564157
Тараканы,Детская,0.14478836920484134
Тараканы,детская песенка,0.14478836920484134
Тараканы,Песьня.,0.14478836920484134
Тараканы,Детские Песни,0.1379881889815198
Тараканы,♨♨♨Детская песня♨♨♨,0.13625135303428781
Типа РВ!,Курские соловьи,0.17245462361209776
Типа РВ!,D-Bosh,0.1251930558228207
Типа РВ!,Оксана Почепа,0.11910131730296439
Типа РВ!,"Марьяж ""Декорации""",0.11123493911798996
Типа РВ!,ВИА Пламя,0.10561206339078057
Типа РВ!,Элджей,0.10349367056002708
Типа РВ!,Владимир Трошин,0.10323243677543975
Типа РВ!,Rido,0.10314677879084751
Типа РВ!,Джиз,0.10247022557680593
Типа РВ!,Мот,0.09960632416689778
Триагрутрика (ТГК) - Т.Г.К.липсис,ТРИАГРУТРИКА (Т.Г.К.липсис),0.7090021985634659
Триагрутрика (ТГК) - Т.Г.К.липсис,TRIAGRUTRIKA,0.7063528722450001
Триагрутрика (ТГК) - Т.Г.К.липсис,Триагрутрика,0.3736652596168188
Триагрутрика (ТГК) - Т.Г.К.липсис,Гуф,0.1438692164055186
Триагрутрика (ТГК) - Т.Г.К.липсис,ТГК,0.14251163228864613
Триагрутрика (ТГК) - Т.Г.К.липсис,Сява,0.14098903002452173
Триагрутрика (ТГК) - Т.Г.К.липсис,Восточный округ,0.13287328159661982
Триагрутрика (ТГК) - Т.Г.К.липсис,Вульгарный Тонн,0.12476988548210735
Триагрутрика (ТГК) - Т.Г.К.липсис,ОУ74,0.12050854833656506
Триагрутрика (ТГК) - Т.Г.К.липсис,Каста,0.11407538271961598
Триагутрика,The Chemodan,0.9497004672727961
Триагутрика,ТРИАГРУТРИКА (Т.Г.К.липсис 2011),0.9497004672727961
Триагутрика,12 ТРИАГРУТРИКА (Т.Г.К.липсис),0.9497004672727961
Триагутрика,ТРИАГРУТРИКА [Т.Г.К.липсис(2011)],0.9497004672727961
Триагутрика,TRIAGRUTRIKA,0.6992499660307977
Триагутрика,ТРИАГРУТРИКА (Т.Г.К.липсис),0.6818184683756784
Триагутрика,ТГК,0.4957004897123377
Триагутрика,Триагрутрика,0.3497607256841749
Триагутрика,Смоки Мо,0.12998187895346244
Триагутрика,ОУ74,0.12674847007481674
Уматурман,Ассаи,0.09697504841836423
Уматурман,Krec,0.09000764171962197
Уматурман,Андрей Грейчайник (ДМЦ),0.08721155854830756
Уматурман,А. Грейчайник (ДМЦ),0.08721155854830756
Уматурман,Паук,0.08392145560615254
Уматурман,Каста,0.0826490865229965
Уматурман,Балабама,0.07977750428884879
Уматурман,Loc-Dog,0.07961364874000125
Уматурман,Cтрана OZ,0.07960955077087713
Уматурман,Монеточка,0.07936330098236255
ФИЗТЕХпесня,Пацантрэ,0.21889669716432944
ФИЗТЕХпесня,Виктор Малолетний,0.1345501562758639
ФИЗТЕХпесня,Армия брат,0.06835461596054779
ФИЗТЕХпесня,Любэ,0.06472463672289082
ФИЗТЕХпесня,Армейская,0.06459362736922623
ФИЗТЕХпесня,The Chemodan & Эфди Вадим,0.06296106251739803
ФИЗТЕХпесня,D1sH,0.06039957747329232
ФИЗТЕХпесня,Л.П.П.Л,0.05809434760193461
ФИЗТЕХпесня,Витос,0.057241198022063365
ФИЗТЕХпесня,Полюса,0.05550612428194398
Фанаты ЦСКА,Песни Фанатов ЦСКА,1.0000000000000004
Фанаты ЦСКА,Любэ,0.08339447113461704
Фанаты ЦСКА,Пацантрэ,0.057633155652833154
Фанаты ЦСКА,История России. ХХ век,0.05549563012901481
Фанаты ЦСКА,Lebron(п.у.А-ki),0.05224364522100503
Фанаты ЦСКА,Кемикэл Депазитз,0.04835778037170417
Фанаты ЦСКА,Владимир Трошин,0.04501348957288366
Фанаты ЦСКА,Ольга Арефьева,0.04376813486484501
Фанаты ЦСКА,Марго Сирин,0.043238623561954466
Фанаты ЦСКА,Оратория 2005 (demo),0.04063700152254759
Фархетдинова Зайнап,Айсылу Мухамадиева,0.2455595606710555
Фархетдинова Зайнап,Эмир Камалиев,0.20123183267283343
Фархетдинова Зайнап,Зиннур и Ильназ Сафиуллинар,0.07980177833740709
Фархетдинова Зайнап,Алина Булатова,0.07475056771779953
Фархетдинова Зайнап,Абубакирова Гульфарида,0.07448347944697015
Фархетдинова Зайнап,Гөлфәридә Әбүбәкерова,0.07448347944697015
Фархетдинова Зайнап,Гаяр Нуриманов,0.07186461451258556
Фархетдинова Зайнап,Лилия Биктимирова и Фадис Ганиев,0.06519056039269515
Фархетдинова Зайнап,Айгуль Бариева,0.06519056039269515
Фархетдинова Зайнап,КрэФ,0.04173687780186026
Хабиб Шарипов,T-Fest,0.17175125813446745
Хабиб Шарипов,"Михаил Михайлов (Афган, запись 1987 - 88 г.г.)",0.10320233427537473
Хабиб Шарипов,Ляляля,0.08855813080909615
Хабиб Шарипов,Типа РВ!,0.08433204950391748
Хабиб Шарипов,Эльбрус Джанмирзоев,0.0810020937043468
Хабиб Шарипов,Курские соловьи,0.07438308209784951
Хабиб Шарипов,витос,0.07296253753083319
Хабиб Шарипов,Тараканы!,0.07232815979334509
Хабиб Шарипов,Витос,0.0678359931544549
Хабиб Шарипов,polusplus.com,0.06605791683793574
Хай Хэт,Эдуард Эдуаши (Успешная Группа),0.10696899276136831
Хай Хэт,Тандем,0.08668082625909353
Хай Хэт,Корж,0.08239761988045725
Хай Хэт,"Наташа, Илья, Лёша",0.08109272508781509
Хай Хэт,Баста,0.07573178120102572
Хай Хэт,Гречка,0.07274857078332474
Хай Хэт,Кровосток,0.07099915222677652
Хай Хэт,Виктор Малолетний,0.06900291395377937
Хай Хэт,Feduk,0.06858072755983022
Хай Хэт,Loc-Dog,0.06707683536357635
Хайд,Маркул,1.0000000000000002
Хайд,"Хайд ""Нерв""",0.9807511441560082
Хайд,Корж,0.14024165267794114
Хайд,Krec,0.13479180574909533
Хайд,Смоки Мо,0.13188665483072637
Хайд,Ассаи,0.12823427939404
Хайд,Птаха,0.12690291110732488
Хайд,Триада,0.12271008663010162
Хайд,Каста,0.12258833063215989
Хайд,Баста,0.12108375923284484
"Хайд ""Нерв""",Маркул,0.9807511441560082
"Хайд ""Нерв""",Хайд,0.9807511441560082
"Хайд ""Нерв""",Корж,0.13897361169988204
"Хайд ""Нерв""",Krec,0.13389222618531127
"Хайд ""Нерв""",Смоки Мо,0.1307926005380296
"Хайд ""Нерв""",Ассаи,0.12737846374205458
"Хайд ""Нерв""",Птаха,0.1259953712200056
"Хайд ""Нерв""",Триада,0.12175291469260939
"Хайд ""Нерв""",Каста,0.12165960911693245
"Хайд ""Нерв""",Баста,0.12021858687862966
Хатико,Петя OST,1.0000000000000007
Хатико,Юлия Самошкина,0.13616543853975208
Хатико,Барды.,0.10639741513449656
Хатико,Любовь и нежность,0.09907605312279938
Хатико,KRiceT,0.09711805144053196
Хатико,Триада,0.09177202185377989
Хатико,Птаха,0.08881768078752009
Хатико,Krec,0.08831483464935037
Хатико,Ассаи,0.0873191215925682
Хатико,♡ Акула ♡,0.08673648814173664
Хома,Чечерина,0.18370290519628737
Хома,Чичерина,0.1683632411316837
Хома,про Красную Шапочку,0.14705809152316052
Хома,Красная шапка,0.14705809152316052
Хома,из к/ф,0.14705809152316052
Хома,Песни из детских фильмов,0.140876468012572
Хома,5'nizza,0.12681556657166765
Хома,Super Rags,0.1186599612386075
Хома,Корж,0.11793565824514815
Хома,Сергей Бабкин (5'nizza),0.1178991644116183
Хор,Людмила Зыкина dnb mix,0.21135469001812432
Хор,Ирина Туманова,0.11122888773893674
Хор,OST Кисло,0.10944327602356681
Хор,Грибы,0.09961905499888857
Хор,Ольга Арефьева,0.09268704307805048
Хор,Ми типа гриби,0.09073977210352513
Хор,слушай экзорцист,0.08537168457010062
Хор,Google Тёлка,0.08537168457010062
Хор,DJ Little Red Riding Hood,0.08482129231640878
Хор,Балахнин Геннадий,0.08232843346930382
ЦеРН и ЦСНА - (Не) Герои,Лигалайз,0.11593076899883102
ЦеРН и ЦСНА - (Не) Герои,Dino MC47,0.11282377691024936
ЦеРН и ЦСНА - (Не) Герои,Витос,0.10825723754830313
ЦеРН и ЦСНА - (Не) Герои,Ассаи,0.10800111404282957
ЦеРН и ЦСНА - (Не) Герои,Джиз,0.10765427735006548
ЦеРН и ЦСНА - (Не) Герои,Markul,0.10548123823647614
ЦеРН и ЦСНА - (Не) Герои,Триада,0.10396126810195824
ЦеРН и ЦСНА - (Не) Герои,Nebo7,0.10248900675907796
ЦеРН и ЦСНА - (Не) Герои,Баста,0.1016892461782389
ЦеРН и ЦСНА - (Не) Герои,Krec,0.10162378874107408
Цыганский Барон Олександр Набок,[Loc-Dog,0.07477876398579038
Цыганский Барон Олександр Набок,Loc- Dog,0.07477876398579038
Цыганский Барон Олександр Набок,ЛСП,0.07039810338343244
Цыганский Барон Олександр Набок,RSA 2010,0.06922777968810322
Цыганский Барон Олександр Набок,"ОСП - С.Белоголовцев,Л.Каганов",0.06253480095557228
Цыганский Барон Олександр Набок,Bad Balance,0.06175495892347969
Цыганский Барон Олександр Набок,Ek Playaz,0.061429372143029244
Цыганский Барон Олександр Набок,Гайтана,0.05599323381599267
Цыганский Барон Олександр Набок,Любовь и нежность,0.054309295829263846
Цыганский Барон Олександр Набок,Тимати,0.054027041823674876
Чемодан,Chemodan,0.2605430348418109
Чемодан,Птаха,0.09287175196682845
Чемодан,Кравц,0.08646204815991759
Чемодан,Смоки Мо,0.08473370177276117
Чемодан,Баста,0.0826391236463423
Чемодан,Гуф,0.08246857812917734
Чемодан,Святитель Иоанн Златоуст,0.07987496149929016
Чемодан,Каста,0.07926996554579657
Чемодан,ИСН,0.07838813045862747
Чемодан,Триада,0.07838095837114083
Четыре таракана,Тараканы,0.9908471845643052
Четыре таракана,Тараканы!,0.44663581035006045
Четыре таракана,Анатолий Александрович,0.15003635377034621
Четыре таракана,Шишков Сергей,0.15003635377034621
Четыре таракана,"Вокальный Квартет ""Аккорд""",0.15003635377034621
Четыре таракана,Детская,0.14612583197529863
Четыре таракана,Песьня.,0.14612583197529863
Четыре таракана,детская песенка,0.14612583197529863
Четыре таракана,Детские Песни,0.13926283601663153
Четыре таракана,♨♨♨Детская песня♨♨♨,0.13750995628473245
Чечерина,Чичерина,0.9892824713685701
Чечерина,Хома,0.18370290519628737
Чечерина,5'nizza,0.1420658185721298
Чечерина,Сергей Бабкин (5'nizza),0.13921870662826963
Чечерина,Корж,0.08617728263270488
Чечерина,T9,0.08299975279960996
Чечерина,Vol'naya Dusha,0.08069321951569662
Чечерина,Квартет физфака пу Сергея Никитина,0.07001080834913985
Чечерина,Песни нашего века,0.06941556806673192
Чечерина,Вадим Мулерман,0.06357993436395575
ЧиСтО боМ боММ,это девка словно пуля,0.9999999999999996
ЧиСтО боМ боММ,Неизвестный исполнитель,0.676626521629848
ЧиСтО боМ боММ,Boulevard Depo,0.09748176798991437
ЧиСтО боМ боММ,Moonlight H.S,0.09453734204992789
ЧиСтО боМ боММ,Скриптонит,0.0938729725318014
ЧиСтО боМ боММ,Yanix,0.09269269269665788
ЧиСтО боМ боММ,PHARAOH,0.09099350682023748
ЧиСтО боМ боММ,Гуф,0.09060755279440276
ЧиСтО боМ боММ,ЛСП,0.09053522269754663
ЧиСтО боМ боММ,Markul,0.0896709783247322
ШИРЯЕВ ОЛЕГ,Лигалайз,0.09206568692813273
ШИРЯЕВ ОЛЕГ,Свобода воли,0.08926579482101124
ШИРЯЕВ ОЛЕГ,Krec,0.08637847416057232
ШИРЯЕВ ОЛЕГ,Браток,0.08547834685463762
ШИРЯЕВ ОЛЕГ,"Гр. ""Они""",0.08100340070113396
ШИРЯЕВ ОЛЕГ,Баста,0.08072685411836511
ШИРЯЕВ ОЛЕГ,Дворовые песни,0.08060608972366305
ШИРЯЕВ ОЛЕГ,Каста,0.07721857162461707
ШИРЯЕВ ОЛЕГ,Markul,0.0756830597444542
ШИРЯЕВ ОЛЕГ,PHARAOH,0.07561476132272012
Шишков Сергей,Анатолий Александрович,1.0000000000000002
Шишков Сергей,"Вокальный Квартет ""Аккорд""",1.0000000000000002
Шишков Сергей,Детские Песни,0.9899514106754238
Шишков Сергей,♨♨♨Детская песня♨♨♨,0.9503491818964632
Шишков Сергей,Песьня.,0.9325272387847319
Шишков Сергей,детская песенка,0.9325272387847319
Шишков Сергей,Детская,0.9325272387847319
Шишков Сергей,Неизвестный исполнитель,0.5389288278061416
Шишков Сергей,Четыре таракана,0.15003635377034621
Шишков Сергей,Тараканы,0.14866309871564157
Эдуард Эдуаши (Успешная Группа),Хай Хэт,0.10696899276136831
Эдуард Эдуаши (Успешная Группа),ВИТОС,0.10034994762264109
Эдуард Эдуаши (Успешная Группа),♡ Акула ♡,0.09887239282230166
Эдуард Эдуаши (Успешная Группа),Светлана Разина,0.08434170589153532
Эдуард Эдуаши (Успешная Группа),Миша Fint,0.08222259582204137
Эдуард Эдуаши (Успешная Группа),Thomas Mraz,0.08153477481099879
Эдуард Эдуаши (Успешная Группа),группа Весна,0.0808553449113989
Эдуард Эдуаши (Успешная Группа),Л.П.П.Л,0.08033428039195209
Эдуард Эдуаши (Успешная Группа),Гречка,0.07977198358707398
Эдуард Эдуаши (Успешная Группа),Батарея,0.07914702362363624
Элджей (Я|Так) похож на птицу.,ND Production,0.8966687909349553
Элджей (Я|Так) похож на птицу.,(AlljЭлджей),0.8643961798181484
Элджей (Я|Так) похож на птицу.,Элджей,0.5362102552284266
Элджей (Я|Так) похож на птицу.,Feduk,0.2837424499875017
Элджей (Я|Так) похож на птицу.,Брутто (Каспийский Груз),0.08293779999504926
Элджей (Я|Так) похож на птицу.,Баста,0.07771915344678436
Элджей (Я|Так) похож на птицу.,Instasamka,0.07753217971527998
Элджей (Я|Так) похож на птицу.,Тимати,0.07488091089370355
Элджей (Я|Так) похож на птицу.,Вульгарный Тонн,0.07294801763460013
Элджей (Я|Так) похож на птицу.,Thomas Mraz,0.07105205065660078
Эмир Камалиев,КрэФ,0.4515318226924478
Эмир Камалиев,Фархетдинова Зайнап,0.20123183267283343
Эмир Камалиев,Айсылу Мухамадиева,0.17615686179803208
Эмир Камалиев,Гаяр Нуриманов,0.1445211832188944
Эмир Камалиев,Гөлфәридә Әбүбәкерова,0.11962063451559599
Эмир Камалиев,Абубакирова Гульфарида,0.11962063451559599
Эмир Камалиев,Алина Булатова,0.11956322025731374
Эмир Камалиев,Зиннур и Ильназ Сафиуллинар,0.07608449447664226
Эмир Камалиев,Лилия Биктимирова и Фадис Ганиев,0.07075917580026973
Эмир Камалиев,Айгуль Бариева,0.07075917580026973
ЮГ,Ассаи,0.16700876685028548
ЮГ,Krec,0.15944516277007084
ЮГ,Баста,0.14837332616795607
ЮГ,Лигалайз,0.14291688308929662
ЮГ,Джиз,0.142611373198735
ЮГ,Каста,0.13868934818160805
ЮГ,Вульгарный Тонн,0.137655890413528
ЮГ,Триада,0.1374168691880538
ЮГ,Птаха,0.13721560967788118
ЮГ,Рем Дигга,0.1367961356188418
Юлия Самошкина,Барды.,0.24803935045552822
Юлия Самошкина,Барды,0.17483236966080332
Юлия Самошкина,KRiceT,0.15203163631984215
Юлия Самошкина,Моя Дерзкая Правда,0.13624649490050675
Юлия Самошкина,Хатико,0.13616543853975208
Юлия Самошкина,Петя OST,0.13616543853975208
Юлия Самошкина,Наталья Барсукова,0.12905742894068978
Юлия Самошкина,StilRyder,0.0908177900653548
Юлия Самошкина,Саша Бест,0.08341478045516602
Юлия Самошкина,Хаски,0.07648277365984392
Юрий Хованский,Rewake,0.9543852003496323
Юрий Хованский,Восточный округ,0.4851897243947651
Юрий Хованский,Каста,0.10087325583463619
Юрий Хованский,Сява,0.09843363042262591
Юрий Хованский,Триагрутрика,0.09702262446788493
Юрий Хованский,Волин Виталий,0.09569408826879046
Юрий Хованский,Баста,0.09257019779366939
Юрий Хованский,Баста / Гуф,0.09237656208659216
Юрий Хованский,Птаха,0.09077574538561282
Юрий Хованский,Гуф,0.08625164486928232
Ясвена,Иллет - Сопряжение сфер,0.11803396647387822
Ясвена,VOICE OF SATURN,0.10558978342553578
Ясвена,НОМ,0.08194844477910031
Ясвена,Ассаи,0.08011907983141235
Ясвена,Krec,0.07870487020126259
Ясвена,Эльбрус Джанмирзоев,0.07774450809851394
Ясвена,D-Bosh,0.07622228448034211
Ясвена,Русские романсы,0.07573419182580601
Ясвена,Монеточка,0.06938624311041129
Ясвена,the Chemodan,0.06830124785082263
абстрактный бомж,zgheilmyfrr x mironoffdmitry,0.9928053899655408
абстрактный бомж,Монеточка,0.33080351643045103
абстрактный бомж,Элджей,0.07624189295461123
абстрактный бомж,Баста,0.07206412855367592
абстрактный бомж,Ассаи,0.06281345176349193
абстрактный бомж,KRiceT,0.061944063871722806
абстрактный бомж,Тимати,0.06031753834365755
абстрактный бомж,Эльбрус Джанмирзоев,0.059174782988972496
абстрактный бомж,Гречка,0.05867481929653074
абстрактный бомж,Кровосток,0.05615627717131162
ака47 ek playaz,Mrs. DvaTree,0.7762460611159134
ака47 ek playaz,EK-Playaz,0.5160543405442117
ака47 ek playaz,Тимати,0.06097251058974796
ака47 ek playaz,Каратель,0.05997397198427588
ака47 ek playaz,DJ Хобот,0.058211878137194105
ака47 ek playaz,Лёша Маэстро,0.05424417471617375
ака47 ek playaz,Каста,0.05368283722924961
ака47 ek playaz,Гекто,0.05191985150732719
ака47 ek playaz,Feduk,0.05022705222357185
ака47 ek playaz,Птаха,0.046874383625174945
американские сайты с порнофильмами,порнофильм полиция маями,0.4601800441216866
американские сайты с порнофильмами,вудман,0.4562532263116846
американские сайты с порнофильмами,порнофильм - екатерина - императрица,0.4152212315302595
американские сайты с порнофильмами,секс on line веб камера,0.41198676354490643
американские сайты с порнофильмами,порнофильм приличный для мужа,0.40767744894318647
американские сайты с порнофильмами,длиные порно ролики,0.35540096491040707
американские сайты с порнофильмами,снятся в порнофильме,0.289172363756574
американские сайты с порнофильмами,Порнофильмы,0.1681296444422008
американские сайты с порнофильмами,Moonlight H.S,0.10132869724739305
американские сайты с порнофильмами,Vomut & Wolfigo,0.05646229735291627
анна ривелотэ,Ассаи,0.09483850473337108
анна ривелотэ,Типа РВ!,0.08905130024330263
анна ривелотэ,ИСН,0.08794303093380719
анна ривелотэ,Русские народные песни - Хор Валаамского Монастыря,0.08721400213813138
анна ривелотэ,Триада,0.08586397575471734
анна ривелотэ,Хром,0.08434722259401793
анна ривелотэ,Смоки Мо,0.08418103853918246
анна ривелотэ,Feduk,0.0813763517106135
анна ривелотэ,Узелок,0.08060480034176122
анна ривелотэ,Гречка,0.07968958954108753
витос,♡ Акула ♡,0.11844643084553874
витос,Эльбрус Джанмирзоев,0.11575363111546715
витос,Ассаи,0.1145146281379925
витос,Krec,0.10272244672723273
витос,Сергей Хижняк,0.09741726482672355
витос,Крек,0.09315293107439238
витос,Хром,0.09289384919729199
витос,gone.Fludd,0.09003845756170335
витос,Узелок,0.09000443555580365
витос,Окси,0.08859998810385362
вудман,порнофильм полиция маями,0.5011626788082236
вудман,секс on line веб камера,0.4958447762240142
вудман,порнофильм - екатерина - императрица,0.4737885507606956
вудман,американские сайты с порнофильмами,0.4562532263116846
вудман,порнофильм приличный для мужа,0.35659041083597276
вудман,длиные порно ролики,0.3556801386133545
вудман,снятся в порнофильме,0.25583835570292535
вудман,Порнофильмы,0.15582238289300482
вудман,Moonlight H.S,0.08084978839529036
вудман,I.B.,0.05243720810036831
группа Весна,Светлана Разина,0.14792801458384594
группа Весна,ВИТОС,0.14102681776046327
группа Весна,Дино (Триада),0.12822490512038975
группа Весна,Nebo7,0.12650935119159337
группа Весна,Loc Dog,0.1207284931769783
группа Весна,Стас Михайлов,0.12067273250301645
группа Весна,Bahh Tee,0.11673349700382209
группа Весна,Миша Fint,0.10554779339536995
группа Весна,Bandit-Aul B.CH.S,0.1041789337739526
группа Весна,на грузинском,0.101904259707853
детская песенка,Детская,1.0
детская песенка,Песьня.,1.0
детская песенка,♨♨♨Детская песня♨♨♨,0.9782558394762274
детская песенка,"Вокальный Квартет ""Аккорд""",0.9325272387847319
детская песенка,Анатолий Александрович,0.9325272387847319
детская песенка,Шишков Сергей,0.9325272387847319
детская песенка,Детские Песни,0.9202798702516777
детская песенка,Неизвестный исполнитель,0.5777818779015663
детская песенка,Четыре таракана,0.14612583197529863
детская песенка,Тараканы,0.14478836920484134
длиные порно ролики,секс on line веб камера,0.48761733775651595
длиные порно ролики,порнофильм - екатерина - императрица,0.4136803388760355
длиные порно ролики,порнофильм полиция маями,0.41193017550473043
длиные порно ролики,порнофильм приличный для мужа,0.3810885498598854
длиные порно ролики,вудман,0.3556801386133545
длиные порно ролики,американские сайты с порнофильмами,0.35540096491040707
длиные порно ролики,снятся в порнофильме,0.2681489837400045
длиные порно ролики,Порнофильмы,0.15705674123210148
длиные порно ролики,Moonlight H.S,0.08849765729703699
длиные порно ролики,Птаха,0.058622692457631694
из к/ф,про Красную Шапочку,1.0
из к/ф,Красная шапка,1.0
из к/ф,к/ф Красная Шапочка,0.9678989054190306
из к/ф,Песни из детских фильмов,0.9579647508915554
из к/ф,Красная шапочка,0.9542092414467055
из к/ф,Детские песни,0.878433921727712
из к/ф,Песня Красной Шапочки (рок-версия),0.87226061761259
из к/ф,Красная Шапочка,0.87226061761259
из к/ф,:)),0.8389169509157134
из к/ф,˜”*°•.☆ааааааааа!!!,0.8388316843765679
на грузинском,Валдай,0.12100865431175133
на грузинском,†.чЁ за трЕк.†,0.10294232111762808
на грузинском,Dino MC47,0.1027178998254569
на грузинском,группа Весна,0.101904259707853
на грузинском,Музыкальная жизнь™,0.09474337986018691
на грузинском,polusplus.com,0.09421168906865704
на грузинском,Ассаи,0.08811950286808592
на грузинском,Feduk,0.08090718857189569
на грузинском,Корж,0.08051122698885396
на грузинском,Kid,0.07913603751252996
не ну это пиздец песня,dom!No,0.5003892697608405
не ну это пиздец песня,Вульгарный Тонн,0.13359355167506115
не ну это пиздец песня,Домино,0.1249806553854914
не ну это пиздец песня,Смоки Мо,0.1130622171474287
не ну это пиздец песня,Каста,0.10902053810673348
не ну это пиздец песня,Баста,0.10857130033515282
не ну это пиздец песня,Вообще,0.10830973454682644
не ну это пиздец песня,Триада,0.10651081955366246
не ну это пиздец песня,Krec,0.1047177786380779
не ну это пиздец песня,Децл,0.10291306509962418
не услышанный лирик,Johnyboy,0.12142516684413067
не услышанный лирик,Miyagi,0.11730030173413586
не услышанный лирик,Super Rags,0.11593813160578126
не услышанный лирик,Вульгарный Тонн,0.11299935339323817
не услышанный лирик,Скриптонит,0.11288636987700583
не услышанный лирик,Гуф,0.11112016947362231
не услышанный лирик,Птаха,0.10907166926821223
не услышанный лирик,PHARAOH,0.1027668830394223
не услышанный лирик,Смоки Мо,0.10193142089701425
не услышанный лирик,Тимати,0.10032053864212752
порнофильм - екатерина - императрица,порнофильм полиция маями,0.5127816350204198
порнофильм - екатерина - императрица,секс on line веб камера,0.5057908653043354
порнофильм - екатерина - императрица,вудман,0.4737885507606956
порнофильм - екатерина - императрица,порнофильм приличный для мужа,0.4567811731209003
порнофильм - екатерина - императрица,американские сайты с порнофильмами,0.4152212315302595
порнофильм - екатерина - императрица,длиные порно ролики,0.4136803388760355
порнофильм - екатерина - императрица,снятся в порнофильме,0.2825862378803575
порнофильм - екатерина - императрица,Порнофильмы,0.15672369837610417
порнофильм - екатерина - императрица,Moonlight H.S,0.09109971197062738
порнофильм - екатерина - императрица,Can4eZ(SV),0.054070169775182336
порнофильм полиция маями,порнофильм - екатерина - императрица,0.5127816350204198
порнофильм полиция маями,секс on line веб камера,0.5126110866906182
порнофильм полиция маями,вудман,0.5011626788082236
порнофильм полиция маями,американские сайты с порнофильмами,0.4601800441216866
порнофильм полиция маями,порнофильм приличный для мужа,0.4291189042757352
порнофильм полиция маями,длиные порно ролики,0.41193017550473043
порнофильм полиция маями,снятся в порнофильме,0.2679298078797713
порнофильм полиция маями,Порнофильмы,0.16451422075721775
порнофильм полиция маями,Moonlight H.S,0.0996310478451647
порнофильм полиция маями,I.B.,0.06576070488701967
порнофильм приличный для мужа,порнофильм - екатерина - императрица,0.4567811731209003
порнофильм приличный для мужа,секс on line веб камера,0.4404884904714395
порнофильм приличный для мужа,порнофильм полиция маями,0.4291189042757352
порнофильм приличный для мужа,американские сайты с порнофильмами,0.40767744894318647
порнофильм приличный для мужа,длиные порно ролики,0.3810885498598854
порнофильм приличный для мужа,вудман,0.35659041083597276
порнофильм приличный для мужа,снятся в порнофильме,0.2627027996006411
порнофильм приличный для мужа,Порнофильмы,0.14019526894374967
порнофильм приличный для мужа,Moonlight H.S,0.08670055677821759
порнофильм приличный для мужа,сатана печет блины,0.06444024530794609
про Красную Шапочку,из к/ф,1.0
про Красную Шапочку,Красная шапка,1.0
про Красную Шапочку,к/ф Красная Шапочка,0.9678989054190306
про Красную Шапочку,Песни из детских фильмов,0.9579647508915554
про Красную Шапочку,Красная шапочка,0.9542092414467055
про Красную Шапочку,Детские песни,0.878433921727712
про Красную Шапочку,Песня Красной Шапочки (рок-версия),0.87226061761259
про Красную Шапочку,Красная Шапочка,0.87226061761259
про Красную Шапочку,:)),0.8389169509157134
про Красную Шапочку,˜”*°•.☆ааааааааа!!!,0.8388316843765679
реги,Доктор Айболит,1.0000000000000007
реги,Регги,0.9864535924659165
реги,♫. ιllιlιιl Сява,0.17733643586058562
реги,Птаха,0.06470527933060527
реги,Любэ,0.06084882897707933
реги,Сергей Хижняк,0.05993372699823668
реги,Miyagi,0.058772219368314116
реги,Браток,0.057047954888582934
реги,Нойз MC,0.0566331258468975
реги,Tony Gun,0.05623506544725713
сатана печет блины,Сатана Печёт Блины,0.6894380102822733
сатана печет блины,"Сводный хор ""АП"")",0.1223965559376657
сатана печет блины,2rbina 2rista,0.12022024600892452
сатана печет блины,Вечера Насильной Поэзии,0.08791107775959274
сатана печет блины,Буерак,0.07916400574663532
сатана печет блины,Тимати,0.07582943536428206
сатана печет блины,Krec,0.07552195648974065
сатана печет блины,Валерия Лесовская,0.07502706132787251
сатана печет блины,Смоки Мо,0.07476771926433097
сатана печет блины,Левон,0.07393838691392197
секс on line веб камера,порнофильм полиция маями,0.5126110866906182
секс on line веб камера,порнофильм - екатерина - императрица,0.5057908653043354
секс on line веб камера,вудман,0.4958447762240142
секс on line веб камера,длиные порно ролики,0.48761733775651595
секс on line веб камера,порнофильм приличный для мужа,0.4404884904714395
секс on line веб камера,американские сайты с порнофильмами,0.41198676354490643
секс on line веб камера,снятся в порнофильме,0.33451210741514237
секс on line веб камера,Порнофильмы,0.16985666369262542
секс on line веб камера,Moonlight H.S,0.08519832614334273
секс on line веб камера,Regina Spektor,0.08031743050743946
слушай экзорцист,Google Тёлка,0.9999999999999997
слушай экзорцист,Стас Михайлов,0.10284846202899862
слушай экзорцист,группа Весна,0.09626813580417223
слушай экзорцист,Хор,0.08537168457010062
слушай экзорцист,OST Кисло,0.08005180252388813
слушай экзорцист,♡ Акула ♡,0.07891185850176458
слушай экзорцист,Гречка,0.07773768051261765
слушай экзорцист,Гагарина Полина,0.07552110929038088
слушай экзорцист,Полина Гагарина,0.0753400612382278
слушай экзорцист,Ирина Туманова,0.07530902348893556
снятся в порнофильме,секс on line веб камера,0.33451210741514237
снятся в порнофильме,американские сайты с порнофильмами,0.289172363756574
снятся в порнофильме,порнофильм - екатерина - императрица,0.2825862378803575
снятся в порнофильме,длиные порно ролики,0.2681489837400045
снятся в порнофильме,порнофильм полиция маями,0.2679298078797713
снятся в порнофильме,порнофильм приличный для мужа,0.2627027996006411
снятся в порнофильме,вудман,0.25583835570292535
снятся в порнофильме,Порнофильмы,0.14098550928890033
снятся в порнофильме,Баста,0.07129460882057784
снятся в порнофильме,Птаха,0.06823372028696778
тбили,Тимати,0.09220068765865323
тбили,Браток,0.08962034715845676
тбили,Птаха,0.08912804974106238
тбили,Гуф,0.08797747624638433
тбили,PHARAOH,0.0876325396533769
тбили,Вульгарный Тонн,0.08746644566587274
тбили,Каста,0.08643047449561506
тбили,Окси,0.08496340962268806
тбили,Feduk,0.08445953268020771
тбили,Dino MC47,0.08379882913574369
трол фейс,TROLLFACE,1.0000000000000002
трол фейс,Коля RotoFF,0.8633933145468214
трол фейс,ROTOFF,0.6411206694461057
трол фейс,Неизвестный исполнитель,0.4484522113101243
трол фейс,Паук,0.42662460396801644
трол фейс,Неизвестен,0.38745604776022985
трол фейс,Лавров Василий,0.18294468667621855
трол фейс,Василий Лавров,0.15504078188682968
трол фейс,Балабама,0.13304287034337092
трол фейс,Пальчики,0.10139245105052211
черниковская хата,Chernikovskaya Hata,0.9999999999999998
черниковская хата,MEOW!,0.9768532950085982
черниковская хата,Грибы,0.07362656323403877
черниковская хата,Basta,0.06940563652368624
черниковская хата,Агата Кристи - Чудеса (1998),0.06285872326188272
черниковская хата,Гриби,0.05888697798026852
черниковская хата,Агата Кристи,0.05824642800380205
черниковская хата,polusplus.com,0.055235907523923856
черниковская хата,Ми типа гриби,0.05157487593756951
черниковская хата,Джиз,0.05020703871943432
это девка словно пуля,ЧиСтО боМ боММ,0.9999999999999996
это девка словно пуля,Неизвестный исполнитель,0.676626521629848
это девка словно пуля,Boulevard Depo,0.09748176798991437
это девка словно пуля,Moonlight H.S,0.09453734204992789
это девка словно пуля,Скриптонит,0.0938729725318014
это девка словно пуля,Yanix,0.09269269269665788
это девка словно пуля,PHARAOH,0.09099350682023748
это девка словно пуля,Гуф,0.09060755279440276
это девка словно пуля,ЛСП,0.09053522269754663
это девка словно пуля,Markul,0.0896709783247322
я дура миша,Каспийский Груз,0.9999999999999998
я дура миша,Миша Fint,0.9186645946185268
я дура миша,Смоки Мо,0.1834179833499917
я дура миша,Ассаи,0.10692478914039408
я дура миша,Centr,0.10555848630234911
я дура миша,группа Весна,0.10111220946872884
я дура миша,Домино,0.10024270865928707
я дура миша,Светлана Разина,0.09910985172572136
я дура миша,Thomas Mraz,0.09530516667879668
я дура миша,ChipaChip x Женя Дэп,0.09499648910012073
ღ Крек,Ассаи,0.3855916519265801
ღ Крек,Krec,0.3174729352239414
ღ Крек,Триада,0.25168792093281167
ღ Крек,Эльбрус Джанмирзоев,0.13425265513345044
ღ Крек,polusplus.com,0.13220155957187435
ღ Крек,Miyagi,0.11591316632056861
ღ Крек,Баста,0.11493164376259465
ღ Крек,Птаха,0.11008191383586625
ღ Крек,Смоки Мо,0.10790274163641644
ღ Крек,Нигатив,0.10683525746180636
†.чЁ за трЕк.†,Музыкальная жизнь™,0.9245593113133055
†.чЁ за трЕк.†,Feduk,0.21603206876706796
†.чЁ за трЕк.†,Валдай,0.10419292170954864
†.чЁ за трЕк.†,на грузинском,0.10294232111762808
†.чЁ за трЕк.†,Алые паруса (минус),0.09957517661483063
†.чЁ за трЕк.†,Валерия Лесовская,0.0977808077923116
†.чЁ за трЕк.†,Песни орлятского круга,0.09679767041543591
†.чЁ за трЕк.†,Алые Паруса.,0.09514979671741053
†.чЁ за трЕк.†,Алые паруса,0.08814826109871028
†.чЁ за трЕк.†,Bahh Tee,0.0747707290578483
▂▃▅▆▇the Chemodan,Триагрутрика,0.10707212134660561
▂▃▅▆▇the Chemodan,Chemodan,0.10494559988578507
▂▃▅▆▇the Chemodan,Восточный округ,0.09780912745646857
▂▃▅▆▇the Chemodan,ТГК,0.09482511184307724
▂▃▅▆▇the Chemodan,Centr,0.09199514112100853
▂▃▅▆▇the Chemodan,Птаха,0.0917352000484874
▂▃▅▆▇the Chemodan,Oxxxymiron,0.08768654116698792
▂▃▅▆▇the Chemodan,Восточный Округ (УРМК),0.08751681787825469
▂▃▅▆▇the Chemodan,Смоки Мо,0.08534778456652105
▂▃▅▆▇the Chemodan,Yanix,0.08531984664292609
●,Звери,0.9921486113928886
●,ИСН,0.0842635187772667
●,Mary Gu,0.08033595160302895
●,Feduk,0.07710554886027371
●,Тимати,0.07628701481038659
●,Хром,0.07554873764893787
●,Скриптонит,0.0743294819251666
●,Ляляля,0.07336412370433988
●,Гречка,0.06976162350746465
●,Krec,0.06914452351463514
◘ Легенды Про,Centr,0.5902962709114801
◘ Легенды Про,Птаха,0.12178199136967685
◘ Легенды Про,Гуф,0.10461371708563465
◘ Легенды Про,Slim,0.08919916303519188
◘ Легенды Про,Elect,0.08890745849098874
◘ Легенды Про,KOt StYlE,0.08890745849098874
◘ Легенды Про,Каста,0.08061260025366822
◘ Легенды Про,ОУ74,0.07441979907003501
◘ Легенды Про,Смоки Мо,0.07360850121978735
◘ Легенды Про,Баста,0.07075886093691026
♡ Акула ♡,витос,0.11844643084553874
♡ Акула ♡,Dino MC47,0.10912541844321628
♡ Акула ♡,"Гр. ""Они""",0.10581262693739424
♡ Акула ♡,Узелок,0.10536357734718473
♡ Акула ♡,Волин Виталий,0.10466279637093347
♡ Акула ♡,Эдуард Эдуаши (Успешная Группа),0.09887239282230166
♡ Акула ♡,ВИТОС,0.0922225963743474
♡ Акула ♡,НОМ,0.09219531245955723
♡ Акула ♡,Домино,0.09135094352469447
♡ Акула ♡,Алена Апина,0.09011061282316282
♨♨♨Детская песня♨♨♨,детская песенка,0.9782558394762274
♨♨♨Детская песня♨♨♨,Детская,0.9782558394762274
♨♨♨Детская песня♨♨♨,Песьня.,0.9782558394762274
♨♨♨Детская песня♨♨♨,Шишков Сергей,0.9503491818964632
♨♨♨Детская песня♨♨♨,"Вокальный Квартет ""Аккорд""",0.9503491818964632
♨♨♨Детская песня♨♨♨,Анатолий Александрович,0.9503491818964632
♨♨♨Детская песня♨♨♨,Детские Песни,0.941505557286453
♨♨♨Детская песня♨♨♨,Неизвестный исполнитель,0.5653275507813091
♨♨♨Детская песня♨♨♨,Четыре таракана,0.13750995628473245
♨♨♨Детская песня♨♨♨,Тараканы,0.13625135303428781
♪♫ Перевалов Геннадий,Владимир Трошин,0.19692026808807955
♪♫ Перевалов Геннадий,Апина,0.14256788913435794
♪♫ Перевалов Геннадий,Раиса Неменова,0.13365722212946685
♪♫ Перевалов Геннадий,Алёна Апина,0.12973481450520247
♪♫ Перевалов Геннадий,Алена Апина,0.12681097760623605
♪♫ Перевалов Геннадий,Ассаи,0.11953269844426344
♪♫ Перевалов Геннадий,"Из к/ф ""Снежная любовь, или сон в зимнюю ночь""",0.11261838623278832
♪♫ Перевалов Геннадий,Узелок,0.09586035835596361
♪♫ Перевалов Геннадий,Дюна,0.0884548516259753
♪♫ Перевалов Геннадий,Нюрнберг,0.08713072461939184
♫. ιllιlιιl Сява,Доктор Айболит,0.17733643586058562
♫. ιllιlιιl Сява,реги,0.17733643586058562
♫. ιllιlιιl Сява,Регги,0.15266119346078905
♫. ιllιlιιl Сява,Bad Balance,0.07935483462454249
♫. ιllιlιιl Сява,Птаха,0.07368205631777161
♫. ιllιlιιl Сява,Нойз MC,0.07120927130654378
♫. ιllιlιιl Сява,Гуф,0.06954249118748936
♫. ιllιlιιl Сява,Лигалайз,0.06786813596791384
♫. ιllιlιιl Сява,Каста - Влади - Что Нам Делать в Греции?,0.06506957793585773
♫. ιllιlιιl Сява,Гречка,0.06379088937821019
✔Слот,Пальчики,0.9999999999999996
✔Слот,Slot,0.9999999999999996
✔Слот,Балабама,0.12802673532936576
✔Слот,TROLLFACE,0.10139245105052211
✔Слот,трол фейс,0.10139245105052211
✔Слот,Коля RotoFF,0.0903143409930926
✔Слот,Паук,0.08931570341865226
✔Слот,Агата Кристи,0.08207611702562587
✔Слот,Агата Кристи - Чудеса (1998),0.07456866394220243
✔Слот,SD AND SCHOKK,0.06898444522687752
✵ ​Бек✵,SD AND SCHOKK,0.9999999999999993
✵ ​Бек✵,Вульгарный Тонн,0.10440572295745892
✵ ​Бек✵,Johnyboy,0.09891538280402443
✵ ​Бек✵,Centr,0.09831780092936272
✵ ​Бек✵,Гуф,0.09647540826354671
✵ ​Бек✵,Птаха,0.09634006051110242
✵ ​Бек✵,Каратель,0.09171808907478421
✵ ​Бек✵,Скриптонит,0.08915552968204186
✵ ​Бек✵,Boulevard Depo,0.08573842212255225
✵ ​Бек✵,Feduk,0.08566412003152946
➨ Levon,Левон,1.0000000000000004
➨ Levon,Валерия Лесовская,0.11799230331081204
➨ Levon,"""Алые паруса""",0.11527813115650556
➨ Levon,Джиз,0.10589483936931339
➨ Levon,Ассаи,0.10203589407387273
➨ Levon,Эльбрус Джанмирзоев,0.10117309643058453
➨ Levon,I.B.,0.10081305604040115
➨ Levon,Птаха,0.09533743587069252
➨ Levon,Chemodan,0.09516149343773646
➨ Levon,Гагарина Полина,0.09485747602333588
