artist,topic_0,topic_1,topic_2,topic_3,topic_4,topic_5,topic_6,topic_7,topic_8,topic_9,topic_10,topic_11,topic_12,topic_13,topic_14,topic_15,topic_16,topic_17,topic_18,topic_19
Oxxxymiron,0.06009406664317827,0.00017164338729103913,0.039121992477274485,0.029682571583249755,0.020468831860643716,0.0036023189188033526,0.00017419518459589527,0.3140711444515302,0.05567980242745559,0.03567427152556636,0.06117239553515946,0.04170172304930355,0.015380265320078702,0.010438649025350756,0.12144813163021217,0.09407886853919493,0.0067739481435877815,0.024279053240005687,0.01952135557270471,0.046464771484813545
Скриптонит,0.007560514779230751,0.05261221909915571,0.001319081347716704,0.00017710828475016815,0.00017728609420741807,0.0001899056218507642,0.052541510015008557,0.37912988839547285,0.07204377228859118,0.07272389572723811,0.06530691684640859,0.00017423322590653681,0.0688367317998195,0.010051525086967971,0.07687021512652954,0.09433609468685267,0.025500627468495785,0.004282274519862452,0.015992428066992925,0.00017377151894182875
Скриптон,0.00017579384224910443,0.00014136052162912145,0.0001376929154709219,0.00015092162379129852,0.0001510731383182676,0.00016182678437207367,0.00014346210902682326,0.9969383127460688,0.00017108181613031875,0.00018570467055675283,0.00016304990183469404,0.00014847166357611312,0.00015501602303070008,0.00014677783535630218,0.0002470781966631721,0.0001824929904112759,0.00013899119356855912,0.00014332324011298675,0.00016949056435121133,0.0001480782234814471
Баста,0.04707561825884624,0.02696062088251858,0.013993505707611978,0.00015822643432901874,0.0362535102702808,0.0852463625994447,0.006558253464260504,0.31970575475719615,0.03875506115433069,0.1079719941500957,0.011365754535728346,0.03721615495679085,0.03571406830286305,0.01691628496660348,0.11818230223735768,0.006085226290329491,0.0813967151571954,0.008947471193744349,0.0013418692714835027,0.00015524540898952444
"Баста, Смоки Мо",8.780935793793787e-05,7.060984890493627e-05,6.877787202937465e-05,7.538563682027369e-05,7.546131890141686e-05,0.9983489498499445,7.16595924759972e-05,0.00020256433558103705,8.545569493342588e-05,9.275983673424246e-05,8.144373457627303e-05,7.416187660694317e-05,7.743079924085967e-05,7.331581133020702e-05,0.00012341602482278242,9.11555973180413e-05,6.942636839048818e-05,7.159023320163309e-05,8.466085967111007e-05,7.396535057851464e-05
Баста и Смоки Мо,0.4993330291532181,6.475725555148636e-05,6.307712608710702e-05,6.913719985711267e-05,6.920661248832774e-05,0.49923329964976626,6.571999201173759e-05,0.00018577619173858103,7.83725868200598e-05,8.507131682389032e-05,7.469316439291912e-05,6.801487255272414e-05,7.10128433850704e-05,6.723893537837432e-05,0.00011318652838574982,8.360004552850317e-05,6.367187373851839e-05,6.565638195635002e-05,7.764363413900884e-05,6.783463618017243e-05
JILLZAY - ТВОY НОМЕР (Origin) Six O!,0.04888429262383871,0.00012152547777702318,0.00011837249238490203,0.00012974501091754466,0.00012987526511454279,0.00013912000981655584,0.00012333218541667212,0.1536267742500047,0.6469499060950018,0.0001596474659037672,0.0001401715021377143,0.01645143191688712,0.0001332649155868649,0.00012618267286218418,0.13209376123348818,0.00015688644363568165,0.0001194886097634696,0.00012321280150066582,0.00014570844783551274,0.00012730058012637687
Lustral,0.000272076061756939,0.000218783625503665,0.00021310727365239301,0.0002335813344383133,0.00023381583850952826,0.8663485261201267,0.0002220362398995587,0.1291633609240868,0.00026478328345636145,0.00028741505818379845,0.0002523522539278682,0.00022978952802561986,0.0002399182412572962,0.00022716801552637663,0.00038240281306412086,0.0002824443285734953,0.000215116630845164,0.000221821337254588,0.00026232048866762033,0.00022918060324374025
Regina Spektor,0.00026025272583655426,0.0002092761411853006,0.00020384645747003745,0.0002234308045809997,0.00022365512236852608,0.0002395752824397912,0.0002123874136187796,0.0006003813851081731,0.0002532768282702618,0.00027492513185712524,0.00024138603557459872,0.00021980378313516197,0.49913257557935164,0.00021729618239144907,0.00036578511354033066,0.06594694825642944,0.00020576850365959694,0.00021218185325117678,0.4305380260863438,0.0002192213135872334
K'Maro,0.04789613221081783,0.07167805781832458,0.02085526674788528,9.932182799270122e-05,9.942154499250666e-05,0.00010649854159562591,9.441270297601228e-05,0.33023408288133815,0.03805509236463247,0.00012221263109258172,0.0001073034735162005,9.770950487786111e-05,0.00010201636977474745,9.659479905967863e-05,0.00016260266535072867,0.051141299667913115,9.147039300758342e-05,9.432132422369151e-05,0.03342587896906245,0.4054403035615662
Face,0.027919217925674124,0.3259461469936651,0.000186287792659021,0.1897993353399631,0.00020439019949670896,0.0977449097819966,0.005122874656254007,0.07220606363666665,0.010005362006951788,0.00025124396440048466,0.00022059381725176297,0.00020087059782026312,0.04902940326310913,0.00019857899145108164,0.212822461278542,0.0002468988064290949,0.00018804427275038782,0.00019390519595622615,0.007313073175617536,0.00020033830334498178
Гуф,0.042906301462765424,0.0006122786199939392,0.035052462140560854,0.014454837191336464,0.012727248533529542,0.00015042284329800924,0.012770507057818584,0.26095482276162957,0.018209636842527677,0.10863442721070063,0.1256280556665378,0.0008229968728059534,0.0018673804828800119,0.004056817868423354,0.1786396973964346,0.03028515196258285,0.04229753136572532,0.08023530969652758,0.012575678733235481,0.017118435290686327
Noize MC,0.0002355503432720122,0.038890043080429544,0.0001844979954396975,0.00020222345651692872,0.00020242648192950047,0.00021683554112592092,0.00019222827409794935,0.1599260197630709,0.00022923658588885123,0.0002488300952569758,0.00021847442294350847,0.00019894069720921407,0.00020770964501897732,0.0001966711048213609,0.0003310659171145155,0.0002445266806137607,0.1997589574108003,0.00019204221476348333,0.5979253067778115,0.00019841351187512729
Noize mc,0.00018794572119563662,0.00015113215332976935,0.00014721102316934978,0.00016135417577277362,0.00016151616770081358,0.0001730131708092103,0.00015337901280382195,0.0004335647597252831,0.0001829079643188841,0.00019854162601441616,0.00017432083507776282,0.00015873486001070607,0.00016573161036074875,0.00015692396138575058,0.0002641576409929565,0.00019510794138162456,0.00014859905766953765,0.00015323056870950505,0.9964743135272424,0.00015831422232907445
Noize MC 2012 новый альбом,0.000537265262942158,0.00043202933432140976,0.13962638278989944,0.00046125022017673315,0.8253629148999302,0.0004945788497373799,0.02573507447146816,0.0012394130374765728,0.000522864280280806,0.0005675549578595846,0.0004983169456946973,0.0004537625904568101,0.0004737636157195572,0.0004485858921702323,0.0007551261752305207,0.0005577394000694501,0.0004247881849398744,0.00043802786656658863,0.0005180010884536819,0.0004525601366061987
Noize MC  Трое В Лодке Не Считая Собаки,0.000198769734643082,0.0001598360442005867,0.00015568908331090313,0.0001706467632188658,0.000170818082906259,0.00018297721141007504,0.000162212299050911,0.1872668597569337,0.00019344185680178624,0.8094812727260222,0.00018436018169214292,0.00016787660259957472,0.00017527629469152163,0.00016596139605093034,0.0002793707944981414,0.0002063444426086616,0.00015715706587647997,0.00016205529844721739,0.00019164262901034252,0.00016743173602662843
Noize MC [://muz-.ru],0.00022387445979691107,0.00018002341362199442,0.047876759528933936,0.00019219953930216363,0.0001923924976947279,0.00020608731942931469,0.00018269980182413764,0.17442026430281873,0.0002178736720668871,0.0002364959468348804,0.00020764497096011945,0.00018907949231627234,0.00019741378147589115,0.00018692240375191556,0.0003146554754209172,0.00023240585464486191,0.7741562589153298,0.00018252296695336532,0.00021584720149134303,0.00018857845533177913
Нойз МС,0.00010865213813524313,8.737008115451517e-05,8.510325683946052e-05,9.327946768059792e-05,9.337311651949719e-05,0.000100019579288841,8.866899949947484e-05,0.00025066136549893814,0.00010573979821624905,0.00011477767878346244,0.00010077554391573833,9.176523194852411e-05,9.581008180641266e-05,9.071833819231379e-05,0.0001527105444314127,0.00011279264499608474,0.9979429205987091,8.85831723140459e-05,0.00010475629987091041,9.152206219909884e-05
Нойз MC,0.1003706976658034,0.0010421495562134852,0.014783854172012376,0.0026829551952222462,0.00015907873655580446,0.005298581838328901,0.008339970359477563,0.0469203310633859,0.047940125567728746,0.036788252753036,0.09624752495789993,0.03476538043077798,0.00016323056271808284,0.0018558986982988909,0.4059309537369503,0.025966403392512584,0.004304398632855501,0.021108580254829767,0.14517570731147095,0.00015592511392163087
Тимати,0.1789758165121266,0.005949876391701854,0.01294961059896665,0.002110889225226813,0.04904006070197842,0.0014925618302886322,0.011877667182428721,0.29060023386661005,0.02948786067338628,0.06728699772599996,0.00388431185735611,0.030931632299433878,0.0001955070777353607,0.0012080441835552083,0.21777656788988073,0.0002301611779392112,0.0001752964767540765,0.016475902835570645,0.0036460619421018383,0.07570493955095901
Big Baby Tape,0.12188191827641151,0.0026914384241392524,0.06511518675192651,0.00013419405158826645,0.17306335913171828,0.166382880946995,0.0020288350190095566,0.005743965846161872,0.02632070666282778,0.00016512187979524938,0.00014497807535180846,0.00013201563520650478,0.027613597770947095,0.04438207927268694,0.2237081900641801,0.00016226617296840554,0.00012358595318491945,0.00012743785127913474,0.006723690569189466,0.13335455164443233
IC3PEAK,0.31762952075139395,0.00841721983370299,0.00024726494113539495,0.0002710206757075291,0.027779409135921328,0.001122044983661948,0.00025762509334445845,0.19751083542477169,0.01217127620582742,0.0003334830675897997,0.00029280028277538987,0.1719104377697599,0.03235368988305828,0.0002635793994315696,0.06111756582964068,0.0003277156239601098,0.004479559780217631,0.0002573757330599202,0.16299166100813364,0.0002659145769063291
sted.d,0.257511785284944,0.00029419440559298624,0.00028656151799384493,0.0003140926378542104,0.0003144079778823374,0.0003367880685873601,0.00029856815868638275,0.6653339200910493,0.00035604933436445067,0.0003864818735219122,0.0003393335771134395,0.0003089938791825332,0.0003226137744296725,0.0003054687647490494,0.000514210242775375,0.00037979782907893113,0.00028926348872492766,0.00029827918673075074,0.07150101486389114,0.0003081750428473829
Summer of Haze,0.0009899798534567423,0.0007960691758956734,0.0007754151182850567,0.000849912369380275,0.0008507656355005286,0.0009113245962196187,0.0008079041906057098,0.0022837587673049473,0.0009634441444110253,0.981520197701128,0.0009182125417189078,0.0008361154654156413,0.0008729699377786336,0.0008265767429795663,0.00139141633001445,0.0010277059855612449,0.0007827264081115579,0.0008071222288716566,0.0009544830166070041,0.0008338997907538328
Петя OST,0.0004992932604205692,0.00040149500840868963,0.0003910781934243399,0.00042865063129905674,0.00042908098968509823,0.0004596237167188012,0.0004074639718299392,0.6244975386526972,0.00048591006631003487,0.0005274421389408019,0.00046309760849364955,0.00042169222485013063,0.3672468748910324,0.00041688139027555365,0.0007017564647138792,0.0005183202990282663,0.00039476562002561597,0.0004070695857821102,0.0004813905320050115,0.0004205747540588648
Юлия Самошкина,0.0006010186021528106,0.00048329509268237795,0.00047075596931055034,0.0005159833798821229,0.000516501428062353,0.0005532668999596607,0.0004904801590076968,0.0013864855231165078,0.000584908758939171,0.0006349025620148249,0.0005574485383043498,0.00050760723929973,0.0005299816819962088,0.0005018162755520069,0.0008447314581590424,0.0006239222106927133,0.0004751946817887211,0.0004900054173270275,0.0005794684381395048,0.9886522256836127
Барды,0.00032227598641598726,0.00025915070409654174,0.00025242703093050946,0.00027667870306832793,0.0002769564797084745,0.000296670714618812,0.00026300346405810595,0.0007434536892650333,0.0003136376208816205,0.3320255762293895,0.0002989130045309869,0.00027218729354556466,0.0002841848229613666,0.000269082075119401,0.00045295878279309515,0.0003345572587567711,0.00025480712747046665,0.00026274890742243655,0.00031072043258989355,0.6622300096723771
Хатико,0.0004992932604205692,0.00040149500840868963,0.0003910781934243399,0.00042865063129905674,0.00042908098968509823,0.0004596237167188012,0.0004074639718299392,0.624468391978349,0.00048591006631003487,0.0005274421389408019,0.00046309760849364955,0.00042169222485013063,0.36727602156538053,0.00041688139027555365,0.0007017564647138792,0.0005183202990282663,0.00039476562002561597,0.0004070695857821102,0.0004813905320050115,0.0004205747540588648
Барды.,0.00045996504329419994,0.00036987015147862723,0.0003602738621531083,0.00039488681389038434,0.00039528326625747767,0.000423420179346701,0.00037536894173567577,0.001061079061843774,0.00044763602078261457,0.0004858967301092322,0.0004266204655556241,0.00038847646258578555,0.00040559981715845004,0.00038404458961880273,0.0006464806898125552,0.00047749337765603666,0.0003636708320426082,0.0003750056386305204,0.00044347248512473475,0.991315455570923
Очередной MC,0.00017669396144271015,0.00014208432776562544,0.00013839793486628032,0.00015169438314046392,0.9966668731949103,0.00016265538006990816,0.00014419666915393398,0.0004076095212716635,0.00017195780796764332,0.00018665553286943646,0.0001638847549289736,0.0001492318790283362,0.00015580975193373189,0.00014752939231801326,0.0002483432966911046,0.00018342740886833817,0.0001397028778184677,0.0001440571017398896,0.00017035840702117087,0.00014883641619400508
"Очередной MC (Сега, Anacondaz)",0.00017669394689079544,0.00014208431321371072,0.00013839793486628032,0.0001516943685885492,0.9966668731949103,0.00016265536551799344,0.00014419665460201924,0.00040760972499846954,0.0001719577934157286,0.00018665551831752172,0.0001638847549289736,0.00014923186447642149,0.00015580973738181717,0.00014752937776609854,0.0002483432966911046,0.00018342739431642346,0.00013970286326655298,0.00014405708718797486,0.00017035839246925616,0.00014883641619400508
KRiceT,0.0006336782018602257,0.0005095575061174956,0.000496337030966402,0.0005440220926269089,0.0005445682551901677,0.0005833315945101732,0.0005171330014769621,0.6412834283003074,0.0006166929128511962,0.000669403391868786,0.000587740476231528,0.09454761356020326,0.0005587810546915154,0.00052908518971653,0.2545584221283896,0.0006578263520593793,0.0005010169275971177,0.0005166324737266198,0.0006109569544720841,0.0005337725951366158
Саша Бест,0.0005546207870316974,0.0004459853491681277,0.0004344142184616159,0.0004761501324582924,0.00047662819200586926,0.0005105553732025846,0.00045261572601032116,0.9903405302965957,0.0005397545495483011,0.0005858888966002402,0.0005144142503128499,0.0004684206493933886,0.0004890677810649741,0.00046307672014172195,0.0007795193115149029,0.0005757562227997913,0.00043851026270040947,0.00045217765512817535,0.0005347342549106035,0.00046717937095042296
Наталья Барсукова,0.00045541320373436775,0.00036620990215748656,0.00035670854892965993,0.00039097897984054155,0.00039137150321519754,0.000419230010813466,0.00037165426859381593,0.34577326156822685,0.0004432061837127197,0.00048108828369020697,0.00042239860315020127,0.0003846320744873695,0.0004015859876248434,0.00038024406071705287,0.21584060028610455,0.24652070641469856,0.00036007190410640395,0.18541794152817065,0.0004390838588196356,0.000383612829206445
Хаски,0.00022033031672594468,0.00017717348321484838,0.09330788043310001,0.00018915684024690672,0.028832053203465356,0.0333963281847089,0.00017980749225168295,0.5944597606415029,0.00021442452526506422,0.05419317045472602,0.00020435775397662564,0.00018608619505154902,0.00019428854590389864,0.00018396325786356523,0.0003096741871877378,0.16548554079870537,0.00017420391032852437,0.01700397715463989,0.0034547025939502874,0.0076331200271849645
Кровосток,0.1740857401415988,0.014015920781023325,0.002498207660285408,0.02611300390397669,0.10652602383995484,0.0032688812969170152,0.04173683519098412,0.09739485939032115,0.038448218454803444,0.00952088571038775,0.0017106103805090225,0.0344004608024817,0.0657442097861184,0.0029697364279201444,0.08343882126570396,0.13131348502144555,0.0003474693124293359,0.0001995692896605405,0.12464707539228226,0.04161998595119657
Sandy Fish & Cj Alco,0.0003000954796298947,0.0002413147779031744,0.00023505385993142274,0.539030977794772,0.0002578950703094344,0.00027625248628765245,0.00024490236348541377,0.1407133959467592,0.0002920516464238312,0.00031701411862256024,0.00027834045332579294,0.00025345411674876074,0.00026462591328719836,0.0002505626220426431,0.0451875857811233,0.19893499038044385,0.00023727014576010655,0.0002446653418863697,0.07218676921361485,0.00025278248764253053
48 kbps,0.00020368123804099573,0.00016378552064382008,0.00015953608518425456,0.3593117959501095,0.00017503892341923845,0.00018749849071455794,0.00016622049246226033,0.21345906075833154,0.00019822170904467028,0.20382017075467426,0.000188915628887861,0.00017202474175624327,0.17560063662412553,0.018449316476452416,0.00028627393088842513,0.0002114431127089063,0.02671237304240893,0.00016605960649785062,0.00019637802515964713,0.00017156888848913958
анна ривелотэ,0.0003508361069591536,0.0002821166615356644,0.000274797134974107,0.0003011979781319949,0.0003015003669516412,0.00032296167855426565,0.0002863108439406736,0.7535037330581834,0.0003414321930179766,0.0003706153916664328,0.0003254027042973063,0.2406822909776715,0.0003093692865592489,0.0002929281532317377,0.0004931000057805188,0.0003642057382202365,0.00027738816186983844,0.0002860337172476349,0.0003382564992312082,0.0002955233419755163
Павел Пиковский,0.00023303623777343166,0.00018739065628607703,0.00018252878946225173,0.0002000650667389243,0.00020026591223929827,0.00021452118429036494,0.0001901765617827145,0.5383078151207655,0.00022678987286262056,0.0002461742430640498,0.00021614257296571383,0.0001968173417378768,0.00020549269738024266,0.00019457198159386147,0.3666439336951794,0.0915590594982841,0.00018424982963640956,0.00018999248008587852,0.00022468047123983358,0.00019629578663145003
Пабло Прекрати,0.00026212365976126673,0.0002107806267693846,0.00020531191615321515,0.00022503704822613628,0.9077591444739443,0.00024129758818914278,0.00021391427928308914,0.0703999272686561,0.00025509764711503774,0.01777785508348759,0.00024312135029070896,0.00022138395064048047,0.000231142157635774,0.0002188583206906861,0.0003684147292595641,0.00027211267464221186,0.00020724777163749202,0.00021370722011879078,0.0002527249286627799,0.00022079730483617066
Horus,0.6524721312109398,0.00013749607270459506,0.00013392872958512195,0.00014679579247178648,0.00014694317424066716,0.06302634895735852,0.000139540194392632,0.2818519225068355,0.0001664048582410341,0.00018062795563746515,0.0001585925185450149,0.0001444128149513882,0.00015077827254847008,0.0001427652910841524,0.00024032368383735298,0.00017750408204866334,0.00013519151544017012,0.00013940513809356192,0.000164857102285276,0.00014403012875885028
Louis Pasteur,0.00013759293539673803,0.00011064214946904378,0.00010777152967653809,0.005152980537054725,0.00011824416418831395,0.00012666098425586386,0.0001122870469517795,0.00031741156853521237,0.0001339048545315574,0.00014535008080047475,0.00012761831105470082,0.00011620800210461254,0.0001213302469027796,0.00011488225721056596,0.0001933868236610517,0.00014283632488307018,0.00010878769714163278,0.00011217836597837878,0.9923840260584369,0.00011590006176604127
RipBeat,0.00025116229999854795,0.00020196630282105234,0.00019672627582812457,0.000215626560696715,0.00021584303493537289,0.3843906785572806,0.01081285830223065,0.5440792319490148,0.00024443009087464035,0.00026532221231482346,0.0002329546133679867,0.00021212621474919928,0.00022147637099810742,0.00020970620272733298,0.05713208502618242,0.00026073358709786243,0.00019858117891048831,0.0002047705144159924,0.00024215660205182258,0.0002115641035035098
Брутто (Каспийский Груз),0.15050461937104556,0.099428845360799,0.00015586260959779853,0.00017083695093929457,0.00017100845979575136,0.00018318113571854985,0.0001623930865213493,0.5648986156215282,0.00019365745138988586,0.18227143330254617,0.00018456564845653291,0.00016806370540831637,0.0001754716481841909,0.00016614637434527265,0.00027968216686584727,0.00020657441404959217,0.0001573322219278874,0.00016223591130001976,0.00019185621549541604,0.00016761834408540274
LOUIS PASTEUR,0.00012811271288935548,0.0001030188457328641,0.00010034601555090497,0.022151394654429446,0.00011009707887164522,0.00011793397607578312,0.00010455041291197032,0.00029554001319148486,0.00012467873754060785,0.00013533539560797286,0.00011882534632592978,0.00010820121178759655,0.00011297052174766799,0.00010696680925563046,0.0001800623639129025,0.00013299482201510474,0.00010129216648339625,0.0001044492188981506,0.9755553152159084,0.0001079144808631928
ATL,0.016815235478795224,0.0001177054330524386,0.00011465156112289127,0.00012566659415987102,0.24244888546451088,0.07656817662620774,0.00011945534071813026,0.3210276599992731,0.00014245321456861956,0.06515814367008728,0.010969012809270515,0.0001236266068232666,0.008328987523359784,0.06263105962401162,0.19001276309652143,0.0001519548503777319,0.0016231208290423452,0.0032570140375327585,0.0001411282373410746,0.00012329900322334233
RSA 2010,0.0006702727067511712,0.0005389841586237356,0.6250004400062767,0.0005754390359055737,0.0005760167469611905,0.00061701863225629,0.0005469971419323824,0.0015462269638628979,0.0006523065623096137,0.0007080610051778023,0.0006216821720109461,0.0005660977537264811,0.00059105033113141,0.0005596394970974842,0.0009420680341854802,0.0006958154516516063,0.0005299503293207909,0.36285109650022274,0.0006462393447608821,0.0005645976258347575
Dino MC47,0.0019054670128262397,0.0014514215099790861,0.0026398194320333313,0.00018069496459012738,0.000180876374079378,0.00019375146475594237,0.00017176385428813165,0.33295195916152476,0.00020483230837986977,0.05279097081357302,0.007527689647099993,0.0013299871999783185,0.01706920392262997,0.00017573371281552112,0.34002104706902975,0.07819635586870402,0.00016641094891844607,0.13384547615449446,0.028819247953894404,0.00017729062640524306
Dino MC 47,0.00015711316181585435,0.00012633888999174508,0.0001230610131010306,0.0001348839777615695,0.00013501939787550747,0.000144630311500174,0.0001282171492187297,0.9972636619894638,0.0001529018669379876,0.00016597082470360137,0.0001457234512980487,0.00013269436577745857,0.00013854328942840077,0.00013118054469075582,0.00022082250465798418,0.0001631004305154972,0.00012422133908696157,0.00012809305049407213,0.00015147970835909652,0.00013234273332170983
Centr,0.01669976445249222,0.00017352127208977998,0.00016901925309998123,0.00018525761183646575,0.00018544360193450973,0.0001986437932524941,0.004743029528756477,0.18336710475158555,0.00680419340936637,0.05345841345536615,0.06904005262551102,0.01146013271393157,0.008926098089620324,0.553757809620396,0.04411443255074382,0.011671633940296956,0.0037572337791169077,0.02485855931380554,0.006247888925560494,0.00018176731123739992
PANDAworld,0.00016133033466227424,0.00012973002362301966,0.00012636418043167423,0.00013850449316239467,0.000138643536702113,0.00014851242660099976,0.00013165870522084127,0.00037217009386971876,0.9969750501096404,0.00017042574666826228,0.00014963490305099574,0.00013625609145874877,0.0001422620302269581,0.00013470164143716324,0.0002267497452991308,0.00016747831466451708,0.00012755564750666282,0.00013153127410861593,0.00015554567230065378,0.00013589502936481987
i61,0.008990629804996464,0.00013058294029838968,0.00012719495932083297,0.00013941508624317527,0.0001395550538277571,0.00014948882331629706,0.00013252429513487416,0.0003746200699989058,0.00015803823866924414,0.00017154621288887942,0.3989228586483792,0.38971535654810313,0.1997616351070845,0.0001355872372858972,0.00022824051339662686,0.00016857939777120153,0.00012839426404234527,0.00013239602728912925,0.00015656830181717306,0.00013678847013601155
IKBN - IRAQ,6.940602664329375e-05,5.581123137255078e-05,5.436320671858842e-05,5.958609991422265e-05,5.9645922835635e-05,6.389162221603877e-05,5.664097063592734e-05,0.0036531012625116888,6.754564438192158e-05,7.331896375182535e-05,6.437452023005194e-05,0.0026793264778522735,0.9874379289639237,5.795007179804019e-05,0.005238215255888468,7.205094628294467e-05,5.487579063862959e-05,5.658614629722118e-05,6.691739456773152e-05,5.84634815392417e-05
PHARAOH,0.057313345172883876,0.0012330748113846199,0.0002863037544588799,0.0049814663453603475,0.052569977957771664,0.018202251969174472,0.04961443227573584,0.36865169998017094,0.13139943250134536,0.011399191470681753,0.03005117743189411,0.05697407298901189,0.07717938885485949,0.016705662654113905,0.05366461696158584,0.03066226443807026,0.0034491375292085794,0.0002980108623227738,0.00035242036416426053,0.0350120716758011
DOPECLVB,0.14621199656541617,0.00012006105998974146,0.00011694607367289592,0.22910960902219016,0.00012831023618046545,0.03233787795106603,0.00012184599228569271,0.00034443625567704436,0.00014530411578932237,0.00015772367585779076,0.0001384824023118199,0.0027029794147393526,0.4969363574455907,0.00012466212958576637,0.08261791277828079,0.00015499591233053228,0.00011804873948796027,0.00012172805811887963,0.00014395262134235848,0.008146769550086499
Boulevard Depo,0.030910932130347405,0.00016368143984257872,0.05005647313059856,0.00017475224661834792,0.10490149541382482,0.03731836220030904,0.00016611486630372675,0.17756891308049622,0.057693908109323046,0.03973282353261246,0.11797973457873462,0.002774743484641295,0.09095046884568851,0.03921826129276299,0.051731264404509245,0.009640039661760972,0.004186220592308501,0.052587836002145685,0.0716783259178078,0.06056564906936418
Yanix,0.04010975517712323,0.00303858526762327,0.033747954814641254,0.011809750596702237,0.007903887616206492,0.0010852395812377214,0.0002526176530695909,0.05378301805043572,0.012744086156121619,0.03576976349116885,0.019801995272276596,0.06566737681764995,0.18706132800797695,0.04278884464783702,0.23984610153228664,0.09203918644877977,0.0002447449886954838,0.0012293971531980015,0.12281468172279907,0.02826168500417049
Неизвестен,0.0004147532232013282,0.0003335141360435096,0.00032486108451720873,0.3360801155616315,0.0003564292627545663,0.0003818005102506461,0.00033847242957510973,0.0009567811654405568,0.0004036360788656937,0.00043813599026518976,0.000384686239957616,0.0003502915534582664,0.0003657317808164038,0.00034629531373126383,0.0005829355227931003,0.00043055861389881107,0.0003279241608422918,0.32734950190953854,0.32948421214896406,0.00034936331345438516
"Потратил тыщу баксов, они вернутся",0.00018037052413801593,0.00014504074680615355,0.0001412776654760979,0.000154850774176323,0.00015500623227463422,0.00016603984278983785,0.00014719704943722678,0.0004160995271999392,0.00017553582530185376,0.00019053937260601916,0.00016729479986166775,0.00015233701832734125,0.00015905176625733618,0.00015059911233041985,0.00025351072904614906,0.9794097378164621,0.00014260974769264833,0.00014705457164629118,0.00017390314419577654,0.017371943733974132
Big Russian Boss,0.00014618842335841964,0.00011755400575227323,0.0001145040627787365,0.3663554678493061,0.00012563092446409558,0.00013457355110370418,0.00011930166396941415,0.010262245745797738,0.0001422699518110607,0.00015443016675176897,0.0001355906814000375,0.00012346756171394862,0.04739840377371693,0.00012205899705217885,0.21802863671038064,0.31541111333680355,0.00011558370809848121,0.00011918618967958381,0.00014094667834374728,0.04073284601771759
No Limit,0.00019418064469554696,0.00015614583735892827,0.0001520946277253114,0.00016670696282955328,0.00016687433896221945,0.00017875273293234075,0.00015846723168718154,0.00044795598197723975,0.0001889757883008879,0.00020512807986830108,0.00018010377642783062,0.0001640007576464727,0.00017122961087127184,0.00016212977420835008,0.0002729208269106809,0.0002015804829280689,0.00015352870445093457,0.00015831385449727533,0.996357343821033,0.0001635661646885458
Хайд,0.0001478148607942683,0.00011886186125929168,0.0001157779903143941,0.00012690124136121602,0.00012702864337763045,0.00013607076684301402,0.00012062896578953473,0.27666020087199167,0.00014385278177505764,0.00015614829144395807,0.00013709920888848212,0.00012484121405662528,0.00013034399163550398,0.000123416974473241,0.00020775373329529664,0.00015344777614959408,0.00011686964587891466,0.00012051220849899205,0.7209079185813538,0.00012451039081948472
Loqiemean,8.137126355238086e-05,6.543279917532485e-05,6.373514374640273e-05,6.98584364990422e-05,6.992856945012902e-05,7.490620453991673e-05,6.640558009600182e-05,0.0001877163187416284,7.919016442577098e-05,8.595877637104369e-05,7.547235404266767e-05,6.872439853977856e-05,0.9984668469121136,6.794036322384723e-05,0.00011436727817378812,8.447215280365513e-05,6.433609415226066e-05,6.63413042904306e-05,7.845360473032325e-05,6.854228133200773e-05
"Хайд ""Нерв""",0.0001478246814525469,0.00011886976870984106,0.00011578568680148926,0.00012690967985417678,0.00012703709642088203,0.0001360798163995115,0.00012063698963287703,0.29191365142881565,0.00014386235510128982,0.00015615867952068686,0.00013710833119144394,0.00012484952160861224,0.00013035266291521646,0.00012342518017997926,0.00020776754041418346,0.00015345797508585417,0.00011687741511166839,0.00012052022506786527,0.7056543062964443,0.00012451866927185907
Markul,0.15310411451485229,0.00015612648641789595,0.03110114674588081,0.01341138795482743,0.00016685365286484032,0.01416576149943077,0.002555151585933989,0.17727527386238137,0.0001889523622910653,0.030536509659627287,0.04294706133972852,0.0016123296565496935,0.054913626999479964,0.03246404641214946,0.05143053595724634,0.32622886079287433,0.014658736292121395,0.00015829423571397347,0.051178864690219705,0.0017463652994088798
MC NO LIMIT,0.0001941806298582357,0.00015614582257751842,0.0001520946129498558,0.0001667069480326213,0.00016687432416504145,0.00017875271811770458,0.00015846721690235984,0.00044795769844489184,0.0001889757734712264,0.00020512806501489988,0.00018010376161120873,0.00016400074285351812,0.0001712295960676927,0.00016212975941814537,0.0002729208265095573,0.00020158046807988177,0.00015352868967337123,0.00015831383971267904,0.9963573423566433,0.00016356614989622998
Маркул,0.00014781484057294726,0.000118861846574081,0.00011577797544386702,0.00012690121988315092,0.0001270286219072212,0.00013607074591596527,0.00012062895121051313,0.2766623632644114,0.00014385276131564681,0.0001561482717234107,0.00013709918802323466,0.00012484119245476872,0.0001303439703643211,0.00012341696733771478,0.0002077537021239146,0.00015344775626676698,0.00011686963107398751,0.00012051219391295426,0.7209057565302863,0.00012451036919774829
Miyagi,0.05718741399787123,0.0001434910238044544,0.0001397681425041197,0.00017336575177857207,0.02371992217705837,0.00016426574758888362,0.002232629288396421,0.24924553891871531,0.019803363674892677,0.11460128694500882,0.004312766897506528,0.11931459735688353,0.014309335072208232,0.00014898999578139024,0.13076929554429886,0.033178488340901924,0.021127988532458227,0.00014548333367222756,0.00017204503364618473,0.20910996422502406
Vadim Tikot,0.00011392536743833032,9.161042847493374e-05,8.923359151121785e-05,9.780661914021225e-05,9.790480818366695e-05,0.00010487384375496357,9.29723858138082e-05,0.00026281534757184767,0.00011087168454891059,0.00012034820417279104,0.00010566649381669001,0.9978492393761836,0.00010046004434386048,9.512118700050197e-05,0.00016012206455709248,0.00011826682928218433,9.007496138287185e-05,9.288239677420482e-05,0.00010984044857211021,9.59639174761668e-05
не услышанный лирик,0.0001448277229595144,0.0001164598356726661,0.00011343827619543461,0.0001243367504825616,0.00012446157680309566,0.0001333209713803049,0.00011819122243148424,0.05927481108405591,0.0001409457233439222,0.00015299275839582798,0.00013432863323524792,0.0001223183563187664,0.938330528371642,0.00012092290050067204,0.00020355531990156497,0.00015034681292951105,0.00011450787099747405,0.00011807682983347559,0.00013963477049194366,0.00012199421242859431
R e d e m a x ™,0.11694344844533451,0.00012209737093191406,0.00011892955016487945,0.00013035558227410154,0.00013048646219095025,0.0001397747016801581,0.00012391257671662677,0.20524686698322092,0.00014776856294791005,0.00016039876596209428,0.6181876247744866,0.00012823948655824803,0.05740414922647488,0.00012677648075435461,0.0002134089303354374,0.00015762473454683225,0.00012005092067770583,0.00012379263983930113,0.00014639414919802763,0.00012789965570454915
Andy Panda,0.039541557793652996,0.003642152249378998,0.0001843890181228044,0.0002021040081684466,0.0002023069156998692,0.09114331025184788,0.0001921147285299005,0.2996150955128882,0.05833594036876183,0.0002486831107881125,0.00021834537821078685,0.09985717740283227,0.00020758695858195237,0.04559012778083531,0.008220852931490628,0.11615302960407374,0.07852371332581567,0.00019192878271012063,0.046243533512393784,0.11148605036521675
Полина Гагарина,0.0006221432883735355,0.0005002819960727116,0.0004873021529763102,0.0005341192162822124,0.0005346554252699969,0.0005727131084709538,0.0005077195965755498,0.0014352075936288897,0.0006054672004949688,0.0006572181781127,0.0005770417795071658,0.0005254486610703803,0.0005486094900151771,0.0005194541449384881,0.0008744221665453499,0.0006458518514233098,0.0004918968330305612,0.0005072281492802974,0.0005998356673469915,0.9882533835005844
"""Алые паруса""",0.0004426871101020279,0.0003559764948078963,0.00034674068507953244,0.00038005345390684813,0.00038043500513120957,0.000407515013927683,0.00036126876454009333,0.001021238877744448,0.00043082121627036003,0.0004676447220230966,0.00041059507236202076,0.0003738839073969298,0.0003903640390100741,0.000369618508133775,0.0006221966002002368,0.9917283242024406,0.00035001003483067013,0.00036091908201067285,0.00042681408440346634,0.000372893125678323
Вечера Насильной Поэзии,0.00043825085959359325,0.00035240919398380095,0.00034326593407610405,0.0003762448541634068,0.0003766225928008591,0.051280460506883674,0.004652340701162011,0.8524514932169588,0.00042650388355041665,0.08520701277763595,0.00040648044703241475,0.0003701371530526054,0.0003864521501744441,0.00036591450715004674,0.0006159614780357536,0.00045495171532205353,0.0003465025421454797,0.00035730224665989475,0.0004225369148132804,0.00036915632480537697
Левон,0.00024216259862731694,0.0001947293995496119,0.0001896771352415514,0.00020790017641845898,0.00020810890906619502,0.00022292245145392935,0.0001976244154357799,0.0005586854463110857,0.00023567161573194716,0.0002558151311456306,0.00022460733021058488,0.0002045252675277568,0.00021354038168904584,0.00020219197005592635,0.0003403594495775819,0.9954751167126097,0.00019146557996683057,0.0001974331305323715,0.00023347960278862124,0.00020398329606008528
2rbina 2rista,0.00016067766567341395,0.00012920519341294386,0.00012585295628401354,0.0001379441562226556,0.00013808264678869905,0.00014791160616864487,0.00013112606061986827,0.00037066842113258117,0.00015637080843068562,0.0001697362758272163,0.0001490295424138609,0.0001357048640324211,0.9969725995732307,0.00013415668589631085,0.00022583239110288893,0.00016680076186102483,0.00012703960666738832,0.0001309991533774111,0.00015491638827681956,0.00013534524258042662
Сатана Печёт Блины,0.0002973650266709239,0.00023911914220939014,0.00023291518749685408,0.0002552922798544966,0.00025554858275036297,0.0002737389724699605,0.000242674095243751,0.0006859947808215802,0.0002893943747729574,0.00031412973607973917,0.0002758079347778281,0.49726900522704337,0.49737935264691086,0.00024828284021358746,0.0004179464369525594,0.00030869701108539804,0.00023511131172236922,0.00024243921276818312,0.00028670269232526104,0.00025048250783063974
Алые паруса,0.0003517313385922825,0.00028283654281942224,0.0002754983375070693,0.00030196655706800807,0.00030226972194610254,0.00032378579415507036,0.00028704142997731393,0.0008113997347490865,0.0003423034396030965,0.6637418231442048,0.000326233028362532,0.0002970646380730393,0.0003101587172089772,0.00029367561368316074,0.0004943582774392555,0.00036513508731193795,0.3299705579187334,0.00028676360483239027,0.00033911963115717847,0.0002962774425758991
Тандем,0.0003339164051155313,0.00026851107408724776,0.0002615445482062709,0.00028667215583162627,0.0002869599927227849,0.00030738628386176996,0.0002725029846866624,0.8565457699589137,0.00032496601657673553,0.0003527417818084129,0.00030970955539973973,0.00028201854052469064,0.0002944493980361739,0.000278801170186591,0.1381079443650766,0.0003466412695304003,0.0002640106031404008,0.0002722392457677868,0.0003219434672850885,0.00028127118324177227
Песни орлятского круга,0.0005626779272003513,0.0004524643385301003,0.00044072513367134265,0.0004830673369737507,0.00048355232321361407,0.0005179724055088634,0.00045919104878256936,0.0012980250420462748,0.0005475957981047245,0.0005944003462959379,0.0005218873364403002,0.00047522554254016505,0.0004961726465560409,0.00046980402269293563,0.0007908436385820339,0.0005841204657314211,0.9893470592828103,0.0004587466041792956,0.0005425025112635667,0.00047396624887641994
Гагарина Полина,0.000622143345549113,0.0005002820243466159,0.0004873022103755782,0.0005341192736038146,0.0005346555116945409,0.0005727131948323632,0.0005077196830447782,0.0014352078240786473,0.0006054672576982106,0.0006572182643339224,0.0005770418658613943,0.0005254487475101976,0.0005486095764165725,0.0005194542313882498,0.0008744222815100798,0.0006458519667672193,0.0004918969195260382,0.0005072282357503411,0.0005998357245595756,0.9882533818611527
I.B.,0.0003159680913384348,0.0002540783595939241,0.00024748628381755046,0.0002712632691823584,0.0002715356228265439,0.0002908640004146169,0.00025785568752420275,0.29899781807486836,0.0003074987894022397,0.00033378158545423805,0.0002930623873420796,0.00026685977234262783,0.0002786224637184501,0.0002638153370676045,0.00044409304773334815,0.1602085374519135,0.00024981979982921423,0.0002576061221791621,0.0003046386977884977,0.5358847951556631
Александр Шуров и Николай Рыкунин,0.000285686842601978,0.0002297283975138634,0.00022376809300599999,0.0002452663944381699,0.0002455126128480223,0.0002629886193234953,0.00023314374662797548,0.5988893014742875,0.00027802921722491964,0.0003017931645851962,0.06959625451939096,0.00024128490305246744,0.00025192031599719265,0.00023853223361721294,0.0004015327499567034,0.32710037191835484,0.00022587797523085251,0.00023291809007469053,0.00027544322542952623,0.00024064550643837133
Charlie Mole,0.0008888535407979861,0.0007147508118071422,0.0006962065488584856,0.0007630939057661801,0.0007638600350269502,0.0008182329190066865,0.0007253769117311571,0.0020504811126447874,0.0008650284458288079,0.0009389649253521413,0.0008244172503727235,0.0007507063837512853,0.0007837961596139243,0.9832110762086064,0.0012492833647151024,0.0009227259186900321,0.0007027710344717562,0.0007246748108997174,0.0008569826916068093,0.0007487170204519888
сатана печет блины,0.0002923312004097891,0.0002350713025263334,0.00022897236168170005,0.0002509706677881774,0.0002512226196625606,0.00026910509093902807,0.00023856607613150787,0.0006743866629703995,0.0002844954592814904,0.0003088121184444094,0.0002711390122444767,0.0002468965678533813,0.9944920501117142,0.00024407988443201807,0.0004108713995412947,0.00030347133242566055,0.0002311313130497974,0.00023833516632772408,0.0002818493388680771,0.0002462423137080499
Валерия Лесовская,0.0008888954866367853,0.0007147845546523863,0.0006962394190453996,0.0007631299175199303,0.0007638960467618369,0.0008182714905399229,0.0007254111199760597,0.30054393762311266,0.0008650692863086545,0.3728259547461067,0.0008244561127919983,0.0007507417555257616,0.0007838331603881941,0.0007421770219910879,0.0012493422401089799,0.0009227694353016941,0.3127906061051711,0.0007247090191619071,0.0008570231248311261,0.0007487523340677854
➨ Levon,0.00024216256444389665,0.0001947293635108162,0.00018967711355704774,0.00020790014089484542,0.00020810887355074612,0.00022292241651792027,0.00019762437951022433,0.000558647167526451,0.00023567156674271446,0.0002558150829443225,0.00022460729534048074,0.00020452523187213182,0.00021354034638605197,0.00020219193430903316,0.0003403594046832709,0.9954751556511615,0.0001914655438003688,0.00019743310915124783,0.00023347955371364674,0.0002039832603832608
"Сводный хор ""АП"")",0.0005218090491547208,0.0004196005561181936,0.0004087140061542428,0.00044798080778637176,0.0004484305492886292,0.4604658887012452,0.0004258387003837324,0.0012037570395894142,0.0005078223299963114,0.000551227376271195,0.0004839811700368682,0.00044070857529739994,0.00046013421841503265,0.00043568083026420345,0.0007334024579047085,0.5302643896315196,0.00041256773174399365,0.0004254265319274475,0.0005030990110366032,0.00043954072586615124
Алые паруса (минус),0.0005537944950182402,0.00044532091026779183,0.00043376703884765366,0.0004754407553800249,0.0004759180873023039,0.0005097947421531831,0.000451941420501808,0.0012775353360974942,0.0005389504355721501,0.0005850160365261778,0.0005136478564666005,0.0004677227688057113,0.0004883391655566684,0.0004623868143337601,0.0007783579623100566,0.0005748984391359443,0.9895152428008837,0.0004515039899309981,0.0005339375918252242,0.0004664833530845862
Алые Паруса.,0.0002506997458894094,0.0002015943445931954,0.00019636397960939763,0.00021522944341333063,0.00021544552476938637,0.00023078130566119226,0.00020459142748972272,0.0005783319051141259,0.00024397993440296954,0.9953202269442689,0.00023252559981610754,0.00021173555820717005,0.00022106848581386358,0.00020931999885773014,0.0003523584205391092,0.00026025339691240393,0.0001982154631554306,0.00020439340505769315,0.00024171063633103763,0.00021117448009784
Гречка,0.00034446912984335414,0.19881159474054672,0.0002698101108304599,0.0002957318498532007,0.08935883948215988,0.00031710057971186354,0.05975389131132153,0.1666034172769369,0.00033523588848295124,0.10540987202206642,0.00031949729039246216,0.00029093113507191966,0.0003037548622377948,0.007860556216018626,0.1772586900427161,0.09951615452828413,0.00027235411309006746,0.0920558214195997,0.0003321178131541362,0.0002901601876817843
абстрактный бомж,0.00022512430044579506,0.00018102844912431759,0.00017633165867827715,0.00019327254632200256,0.9957532916955022,0.0002072378730596213,0.00018371978203821936,0.0005193310496768903,0.00021909001444274346,0.00023781626191319595,0.00020880421202260289,0.00019013509536811376,0.00019851590667318422,0.00018796595790272086,0.0003164121411576362,0.00023370333792892284,0.00017799427310697798,0.00018354195764416116,0.00021705223710870598,0.00018963124988367262
zgheilmyfrr x mironoffdmitry,0.0002561901915163817,0.00020600935845984357,0.00020066442608031475,0.0002199430630161864,0.9951672562383879,0.0002358355278888542,0.00020907207058982596,0.0005910095521407191,0.00024932320174458656,0.00027063354773914586,0.000237618006325071,0.00021637266372810478,0.00022590997328242343,0.00021390420808961794,0.0003600752251331157,0.0002659530702818244,0.00020255646587325388,0.00020886971168073036,0.00024700420880963207,0.00021579928923247803
Loc Dog,0.00011868257933758696,9.543582271396835e-05,9.295973437830108e-05,0.0001018907537969549,0.00010199304648191409,0.00010925308407808002,9.685465623307328e-05,0.5962761457595006,0.00011550137797116396,0.00012537360796195204,0.010095596003716284,0.0001002367249551879,0.00010465497732126067,9.909318455992646e-05,0.00016680832265824795,0.36092265332982915,9.383623986135773e-05,9.676090552209107e-05,0.030986298787544206,9.997110157871695e-05
Монеточка,0.14596297025352006,0.08187632130213582,0.0001794977306367568,0.00019674279507292267,0.2091449631810393,0.00021095886319151872,0.00018701849628619717,0.1595080930100122,0.0002230238156246545,0.00024208629123912396,0.06689616030032607,0.0001935490048701037,0.008065281646023372,0.00019134092425948546,0.20683294877105546,0.04446793236500355,0.0001811901917997667,0.00018683748574724264,0.07506004746043268,0.00019303611172370857
порнофильм приличный для мужа,0.0006126194735198569,0.0004926236305210111,0.00047984248035997794,0.0005259428579279686,0.0005264709177984063,0.3272736188542364,0.0004999473762174767,0.001413253523038948,0.0927486591610741,0.0006471574528632368,0.000568208427696771,0.0005174050751153526,0.0005402113592617706,0.0005115023529657338,0.0008610364269278765,0.0006359651098223017,0.00048436687427965525,0.0004994634959592152,0.5696456711566752,0.0005160339937387918
снятся в порнофильме,0.0002527622630731519,0.00020325287721761854,0.0001979794667269289,0.00021700014465512158,0.00021721800138373723,0.0002326799501415422,0.0002062745970462052,0.0005831007882697482,0.00024598715309904616,0.0002670123719546008,0.00023443859279890567,0.0002134775187873653,0.00022288722397905222,0.00021104208108683935,0.0003552572836969218,0.3677342034769163,0.00019984618646153694,0.00020607494476401918,0.6277865932648734,0.00021291181306797892
вудман,0.0006571938568731667,0.0005284670853118866,0.0005147559791508366,0.0005642106651990293,0.0005647771421796043,0.0006049789052170984,0.0005363237228920435,0.001516054217322985,0.0006395782970640478,0.0006942448390887821,0.0006095514664261045,0.0005550516311494555,0.0005795173598302315,0.0005487193940670666,0.0009236857695589947,0.0006822381697285127,0.0005196095669589196,0.0005358046269495067,0.9876716565233297,0.0005535807817020501
секс on line веб камера,0.0007900900494682754,0.0006353324717778597,0.0006188487610713742,0.0006783039854384291,0.000678985015055736,0.0007273162900121696,0.0006447778287009687,0.0018226422423505463,0.0007689122402610985,0.0008346334027686528,0.0007328134795923466,0.0006672929006797701,0.0006967059295669955,0.000659680153711472,0.0011104712943277052,0.12666301143208702,0.0006246837879078632,0.0006441537843824091,0.8593358203406505,0.0006655246101888159
длиные порно ролики,0.00046023623681310807,0.0003700882240175616,0.00036048625875389746,0.00039511961476943884,0.0003955162999957316,0.0004236698333988037,0.000375590274299691,0.001061728735768429,0.00044789993745586855,0.00048618320500694757,0.0004268719824833865,0.0003887055086089849,0.00040583896344418576,0.00038427101597803996,0.0006468618801411828,0.00047777487519346293,0.0003638852370523774,0.0003752267383377231,0.9913663697126843,0.00038767546579688254
Moonlight H.S,0.0003505855396578714,0.0002819151657262349,0.504118758062066,0.000300982861054146,0.0003012850461362704,0.00032273101926019027,0.0002861063502881698,0.0008087656159436266,0.00034118834903457026,0.0003703506792030635,0.0003251702695831229,0.0002960969098274251,0.39440254746360703,0.0002927189445243479,0.0004927478319688282,0.00036394562438907827,0.000277190042272202,0.000285829427331759,0.095485772527595,0.0002953122705310682
Порнофильмы,0.00033349050784113365,0.0002681686031032029,0.0002612109594614361,0.00028630654154833716,0.04634444657262036,0.0038000782419794735,0.062392941123723324,0.36794691243498906,0.0003245515390642157,0.004072524938941975,0.00030931454314237915,0.002157511570657277,0.05117311454265489,0.0020705258578899146,0.12673899077387682,0.03774175594075299,0.004592189452700026,0.05462412734851031,0.109874515370589,0.1246873231359539
порнофильм полиция маями,0.0006228630148097833,0.0005008607457658227,0.00048786588532846986,0.0005347370809093634,0.0005352739883793483,0.04751248335784676,0.0005083069608674952,0.2016778758789326,0.0006061676022904385,0.0006579784746520489,0.0005777093526977587,0.0005260565723448731,0.0005492441763933565,0.0005200551296101236,0.0008754337416149429,0.0006465990514452352,0.000492465920404139,0.0005078149897122141,0.7411355455189365,0.0005246625570588075
американские сайты с порнофильмами,0.0007246307448728083,0.0005826949098008373,0.0005675768081646112,0.0006221062123375688,0.0006227307805594199,0.0006670578366349926,0.0005913577234248078,0.0016716288478985236,0.0007052075462881827,0.0007654836183864609,0.0006720995515561342,0.0006120073574646433,0.0006389835241666194,0.0006050253483117045,0.0010184682071725135,0.0007522449257667423,0.0005729284206825035,0.000590785367476489,0.9864065966934707,0.0006103855755636914
порнофильм - екатерина - императрица,0.0007107255477892133,0.0005715133709096879,0.0005566854350300853,0.0006101684380377997,0.0006107810154580796,0.2836110577196008,0.0005800099431292104,0.0016395837216450046,0.0006916751117935006,0.0007507945372012494,0.0006592024549219631,0.0006002633568467899,0.0006267218818085822,0.0005934153419911183,0.0009989245975795035,0.0007378098633102446,0.0005619343690334261,0.0005794485884502691,0.7037106119893581,0.0005986727161052479
Каста,0.07045382841004837,0.007571544505944149,0.023026671764149083,0.008338365682114377,0.05022978747141956,0.24076123578103945,0.00013878097147385765,0.39564356362276204,0.0367560607310554,0.012318354893963159,0.004819983917675713,0.00014362706880206825,0.00014995789217905867,0.023578333445092088,0.018829541547193407,0.03672376528258206,0.0239505238205499,0.0028335906768694684,0.043589236048342514,0.00014324646674433202
Slim,0.004952209014175789,0.006278870495391213,0.00723031870166766,0.00019882133363623085,0.05844545345351282,0.01026009726914049,0.04032848645111384,0.2583786960377971,0.28568079080291525,0.011068008153784765,0.04328648132087118,0.002418710441283863,0.007915489367972149,0.0019280181301957189,0.17768206131555778,0.07568385833668782,0.0001831044170384757,0.00018881137410645043,0.007696638094725085,0.00019507548842630966
Johnyboy,0.05135681787579556,0.00021115997173429548,0.08906174652175929,0.00022544205464935222,0.0007955220184048073,0.019212164781818645,0.08172076326174146,0.20528156498646818,0.08909922063778364,0.04563583619118157,0.08069364658961878,0.01483947535085467,0.10735670448480138,0.002833576003840968,0.10459584659543326,0.0632937654649853,0.015718607000371088,0.00021409183575400492,0.010800591679125842,0.01705345669387792
Lil'Stop,0.0002032280824602846,0.0001634211189452928,0.00015918114241715234,0.0001744743159960417,0.0001746494773806407,0.00018708133728245665,0.00016585067734438562,0.9964605084735442,0.00019778070455281802,0.0002146855753279575,0.00018849531762795104,0.00017164201883478538,0.00017920768970838203,0.00016968386967836804,0.0002856370100968409,0.00021097268366411547,0.00016068204134287516,0.000165690155184918,0.00019594112438881678,0.0001711871842217567
"H1GH ""Клетка""",0.0003693890370368654,0.0002970355719337934,0.00028932896453437353,0.00031712594715639614,0.0003174443430783652,0.33934633731309066,0.0003014515545692794,0.4195467156643151,0.0003594878260824179,0.00039021428401721215,0.07094508783224181,0.00031197794493870114,0.16473683092550095,0.00030841877911699675,0.000519176157532168,0.00038346568745540265,0.0002920570122259434,0.000301159759549749,0.00035614417413659845,0.00031115122148719703
Rate1.2,0.000100891196123994,8.112929448214123e-05,7.90243962619359e-05,0.018674690828313717,8.670354401830843e-05,0.035788283809757626,0.025101673599878256,0.2795675479545271,0.1123887110190331,0.00010657919070890547,0.14735852617428705,8.521051019579385e-05,8.896643238681753e-05,0.060942651642465,0.215893349471726,0.00010473595048415469,7.976950527535323e-05,8.225574372134601e-05,0.07582012042971713,0.02756917930663626
[METEORA],0.00014116089372472838,0.00011351123971298377,0.021312023565896083,0.017691026960352,0.00012131038860822636,0.02029940969927218,0.00011519878872518174,0.3355721995764923,0.0782194558510286,0.1760711741487456,0.03763747848775742,0.00011922142506608266,0.00012447648477703608,0.00011786130138036807,0.26083963734809174,0.00014654024132766176,0.00011160869345689662,0.05099169999171659,0.0001360994181171597,0.00011890549575115111
Для доты именно для Васи Бояркина,0.00020322806797047545,0.00016342110444331903,0.00015918112791388287,0.00017447430149744567,0.0001746494628820982,0.00018708132278771322,0.0001658506628431543,0.9964605087780527,0.00019778069006134421,0.00021468556084164965,0.0001884953031336397,0.00017164200433532383,0.0001792076752112325,0.0001696838551783081,0.00028563698108030145,0.000210972669176673,0.00016068202684006437,0.00016569014068363764,0.00019594109534486716,0.00017118716972215614
Long Star,0.9950565346367575,0.00021231219384713613,0.00020680374214372072,0.00022667219533272222,0.00022689977268609154,0.0002430508817208885,0.00021546860544552978,0.0006090843090889019,0.0002569512028550721,0.00027891355978031107,0.0002448879005527824,0.00022299255518277495,0.00023282167331616015,0.0002204485753571226,0.00037109168656671715,0.0002740898628527858,0.0002087536692616171,0.00021526004744127828,0.0002545612841228478,0.00022240164568803312
Vomut & Wolfigo,0.00019678258820641963,0.00015823813143281762,0.1837261697217252,0.08757576762661512,0.00016911037620877657,0.0001811479528643872,0.00016059063761605873,0.4310264425578029,0.00019150798479545338,0.00020787672057745018,0.00018251709886107543,0.231509542714126,0.0001735240301394952,0.00016430224897485748,0.0002765778813981024,0.00020428158274376644,0.0001555859285667001,0.00016043519406342527,0.06341384113172957,0.00016575789155241568
L'One,0.09978669254155145,0.00018564622124197567,0.0001808296197153676,0.0036604439505564584,0.006385392716064413,0.00021252419765709448,0.00018840619194175466,0.5603569226146542,0.0002246786727163166,0.009205490785715337,0.00021413049256443278,0.008494350868681826,0.006533896544277965,0.04354941900727789,0.11790101891240565,0.04172569807557051,0.0001825346384495835,0.00018822383826145675,0.10062923165514508,0.00019446845555120353
gone.Fludd,0.07408981095039095,0.0001879371773840129,0.00018306113981936988,0.00020064855780864085,0.07676152358296792,0.01131555135449563,0.00019073121322946298,0.2733093145782334,0.023915831200798307,0.005275168938831889,0.0002167729621449711,0.004129618930680903,0.017028000754057443,0.06092838475047603,0.22852887378073752,0.05957906482054946,0.03909481502636014,0.00019054660540472173,0.0002253357574442009,0.12464900791818503
Truwer,0.14237836652635483,0.10521997523040476,0.0001657712459563037,0.00018169755085553258,0.00018187996892113123,0.0001948264951078612,0.045565175182129214,0.2261357441935346,0.10555821132150231,0.018367730710910964,0.00019629902948757496,0.0001787479964685882,0.15180722789522905,0.000176708774902212,0.10403102764737196,0.04662291526478555,0.0029647354888330904,0.0001725497181672052,0.00020405307875344083,0.04969635668032382
Lil Morty,0.00017828203829756926,0.05654807468574085,0.00013964182282684637,0.00015305777001774188,0.07553394314477796,0.03429255262717618,0.00014549266795537986,0.0004112749763441535,0.07679186239238035,0.03897877247261367,0.07679701836254459,0.00015057313641440997,0.22835430381096694,0.00014885534112662509,0.0002505753457139991,0.07687199572873281,0.00014095848731811612,0.018235326796810593,0.005138863087987796,0.3107385753042534
Нигатив,0.00020092004325523774,0.006977710650890285,0.00015737334463871997,0.00017249283345908715,0.036645761507885184,0.03185284341195898,0.0001639671272470982,0.5076338118454299,0.046418688372134705,0.047004283237283416,0.06923509303196204,0.0001696927020508143,0.0001771724500430654,0.03851536938321682,0.09386328521584264,0.09013719811952155,0.00015885720147549125,0.00016380842468092895,0.030182428070939238,0.0001692430260848343
Гарри Топор,0.5354899705617939,9.939498596146238e-05,9.681617560836993e-05,0.00010611769423720731,0.00010622423608338901,0.00011378545480927146,0.00010087267472911472,0.4624808678220048,0.00012029296208901038,0.00013057474137267774,0.00011464546571392421,0.00010439505308318927,0.00010899660145882152,0.0001032040734221947,0.0001737283727518475,0.00012831651698452497,9.772904634451283e-05,0.00010077504593091312,0.00011917410171910049,0.00010411841390175962
Lebron(п.у.А-ki),0.00021453276911052895,0.00017251152753555956,0.00016803570807138703,0.00018417955767634518,0.00018436446884604384,0.03607105875067949,0.00017507622959769408,0.6167259837799967,0.2390298473219188,0.07561011657920431,0.0001989804984606161,0.00018118972145014778,0.0001891762337940964,0.00017912263663512242,0.00030152575466344206,0.00022270817984857994,0.0001696200913510323,0.0001749067725605381,0.00020684046736144676,0.029640222951238138
Дино (Триада),0.00026645187099392625,0.00021426105680095114,0.00020870203687406338,0.0002287528703638134,0.00022898254320611474,0.15749757520688487,0.00021744644144481372,0.5221707604194169,0.11317948725528847,0.0002814737816422193,0.0002471357781416113,0.00022503945500616085,0.00023495879558148915,0.00022247211920967984,0.000374498020309972,0.20329275543307723,0.00021066986296027819,0.00021723597712762404,0.0002568979580569349,0.00022444311761292068
Рем Дигга,0.052323572865825715,0.0010948808810233705,0.0021631217026367787,0.3099936813789773,0.00015699574931365146,0.006305668549213156,0.02013202685396499,0.2585752031459179,0.11537357716261995,0.00859232876545542,0.04920250520951035,0.0035047184926408053,0.06820241871655443,0.00015253205906318827,0.044563085937730916,0.02615473871741091,0.00014444015390343765,0.02871527116589213,0.00017613520523637982,0.004473097287109235
"Bahh Tee ""Небо не предел""",0.00020566494535438677,0.00016538066463057211,0.000161089858279855,0.0001765664004800764,0.00017674367189166702,0.00018932458701039333,0.00016783935595402906,0.9964180672306083,0.00020015224392170924,0.00021725982280693503,0.00019075553488326748,0.00017370013916024525,0.00018135652664247543,0.00017171850322064773,0.0002890620059060306,0.00021350241684957324,0.0001626087433666712,0.0001676768983904929,0.00019829060306173545,0.00017323984758086395
Лион,0.00022540286221970284,0.00018125244230112248,0.0001765498457564726,0.00019351168774128753,0.0001937059703457795,0.00020749428725865828,0.00018394709298547555,0.6260863631954087,0.0002193610966807019,0.0002381105103394286,0.03048613048255543,0.016441910128437126,0.00019876153811764505,0.32364753249852324,0.0003168036380994449,0.00023399249328602664,0.00017821451196431152,0.00018376905031706426,0.00021732078736355618,0.00018986588029883337
Guf,0.00013121766388088244,0.0001055156201614406,0.00010277800876184705,0.00011265230764237157,0.00011276540511122653,0.00012079223675636543,0.00010708430548303879,0.0003027067432700781,0.0001277004664770946,0.00013861539085551595,0.00012170520559631952,0.00011082358327109881,0.00011570848952423125,0.0001095592694025291,0.00018442637772289405,0.9944456271048226,0.0032062985440809264,0.00010698065584378426,0.00012651271022350767,0.00011052991111219998
Луперкаль и Вадяра Блюз,0.40491729859742087,0.00012881335457995662,0.00012547128922450529,0.00013752581839183224,0.00013766388695296485,0.00014746304405528106,0.00013072840102953647,0.4553551325810184,0.0798340229758742,0.00016922153170277735,0.00014857758970933968,0.049333807035138476,0.00014125679820394782,0.00013374984406126997,0.00022514753534487678,0.0001662949089434237,0.00012665434529022203,0.00013060187213629782,0.008375633799045983,0.0001349347918758218
Песочные люди (Колесо - Оба Зрения 2011),0.16699652912029117,0.0001389496385779678,0.00013534459096052506,0.08780006563883425,0.0001484966257461742,0.00015906685987916876,0.00014101538469029384,0.26536716498313495,0.01618673001352841,0.07949948602764217,0.0021097204842404588,0.12148318492327766,0.00015237226621186468,0.0001442745769582177,0.00024286432087975053,0.07281807395006187,0.00013662073564565185,0.00014087890228514646,0.18605360818369104,0.00014555277346327473
the Chemodan,0.0001675711073380295,0.00013474839059794357,0.00013125234077042227,0.002978789531522357,0.00014400671061107299,0.00015425735104404538,0.022550931364249974,0.38919180539782916,0.13091415324270222,0.07177338232568405,0.3262550929124831,0.00014152690818650237,0.054341268314115974,0.00013991232249684,0.0002355211418470779,0.00017395689425798343,0.00013248989730571035,0.00013661931187476474,0.00016156265880060285,0.00014115187628220037
Словетский,0.016913322692773205,0.0002060946474409572,0.00017993259203592443,0.07679516633111329,0.07355191874483057,0.0032301659391103608,0.0001874715825331431,0.05955230209430152,0.010577458595348376,0.08122536495806394,0.007753448886657818,0.12103743181698859,0.012155636121861919,0.07690632414142726,0.08402584385036885,0.0023507289429124485,0.00018162915387923614,0.005673542620846735,0.1667433797511812,0.20075283653632467
Dj Nik One,0.0001985808273154541,0.00015968413843913637,0.00015554112069729925,0.00017048458490324055,0.00017065574453696618,0.0001828033055031008,0.00016205813798394155,0.00045809823863150935,0.00019325801299953903,0.00020977632918989524,0.00018418496625325785,0.00016771704334734235,0.00017510972216768978,0.00016580367014550187,0.0002791052795229747,0.0002061483328523106,0.00015700770642810777,0.0001619012828834545,0.9962748089429126,0.00016727261328667117
Loc-Dog,0.06934705910304499,0.008265374360727506,0.00012000040140036582,0.06698135670006097,0.00013166136338070767,0.0001410332546529843,0.00012502829155954193,0.6904623392541372,0.014970893278937272,0.040335503000276204,0.00014209920421217665,0.00012939416056203818,0.00013509762334819818,0.000127917985259367,0.0002153304911738625,0.00015904399906050586,0.00012113186367828082,0.0001249072778392188,0.00014771229233382675,0.10781711609435474
РАСКОЛЬНИКОВ,0.0003052642042973994,0.00024547108201702905,0.00023910233433687607,0.0002620738571713341,0.00026233695580349847,0.00028101055584435134,0.0002491204695927322,0.0007042164927323091,0.0002970818368370872,0.0003224742599891759,0.0002831344661186279,0.0002578195173646389,0.0002691837484596046,0.0002548782259969623,0.00042904873468634547,0.9942960921878107,0.0002413567898450656,0.00024887934435296647,0.00029431863181124835,0.00025713630493211026
Грозный,0.00022256079432733986,0.0001789670591184324,0.00017432376175536632,0.026743505951930757,0.00019126357166137387,0.00020487803647056265,0.000181627745559852,0.2870896144796689,0.00021659522277967606,0.00023510822551713514,0.00020642653470457113,0.6505430821725221,0.0001962553873560614,0.03231246788736813,0.0003128091288116095,0.000231042129808506,0.00017596742950456493,0.00018145194389119565,0.00021458064130376765,0.00018747189594012331
"Бей, но выслушай",0.0001481983460948341,0.00011917023268261809,0.00011607835851551218,0.00012723046481574212,0.000127358201512525,0.00013642378169425234,0.0001209419208763945,0.43627054305280705,0.00014422599384894647,0.00015655339999565252,0.3245161686391399,0.00012516509717948177,0.00013068214959627406,0.00012373716156257412,0.12874226241171086,0.000153845870968149,0.00011717284431031552,0.00012082485800817053,0.10837858379926588,0.0001248334154148688
Mezza Morta,0.00019803043270730944,0.0001592415467832686,0.00015511001075437254,0.00017001205930126234,0.20822812178367034,0.00018229664035922558,0.00016160896871809125,0.6292605267584442,0.00019272237435697352,0.0002091948946660703,0.03461466656754168,0.0001672522013248245,0.0001746243760472648,0.0001653441251364282,0.046249776104764516,0.00020557696847434457,0.00015657253641168848,0.07899158281651296,0.00019092984037305755,0.00016680899365204658
Смоки Мо,0.0022291396599483817,0.00015482409870786428,0.008643243652205746,0.03236164905023254,0.03234910239100024,0.10190586500347791,0.009364731179586036,0.43681860652349697,0.015031906894285718,0.041205030917276717,0.021747566062486373,0.018290588997092145,0.03015342571266118,0.09270303841804357,0.02757501877352495,0.03625844463138182,0.04247279071739785,0.04328670793530916,0.0017084796972288712,0.00573983968465595
Мот,0.06955755140950008,0.005208628798305325,0.004124239138012059,0.00034252369016843755,0.017359809742731606,0.001972807550111853,0.00032559396677864233,0.09288030408485401,0.000388278212756284,0.004186829192856392,0.00037004938820017893,0.05903959734568654,0.02489713741103055,0.000333119197250259,0.05272794129790704,0.07327857714443668,0.0003154470436705249,0.3397795568705805,0.0014985386715836103,0.25141346984357943
Сява,0.07533138110591805,0.04354083478986463,0.00026750375375649216,0.06275042609055372,0.04672335897850995,0.0003143899865522271,0.0013084732093272852,0.019018260159111695,0.009515471678686042,0.01110583303813691,0.02108174837073604,0.060395081792876074,0.14492392727791412,0.1430368112861918,0.02861694447156392,0.22090360563282374,0.003053416064248178,0.002701593987304673,0.1051232584520671,0.00028767987385733626
Afisha.ru,0.00017769192477241056,0.0001428868165924399,0.00013917960004879287,0.00015255115022945703,0.0001527043091258288,0.00016357405057101292,0.00014501109046735275,0.0004099218626218485,0.00017292902506523024,0.000187709753507828,0.00016481038119673714,0.00015007473458415928,0.9312237403646125,0.06557664531834204,0.0002497459459380516,0.0001844633960851401,0.000140491906218266,0.0001448707372554282,0.00017132058744291474,0.00014967704532250182
Ноггано,0.00014309625139008225,0.00011506750325119818,0.00011208207612490183,0.00012285024548396904,0.00012297358751140405,0.00013172705885768787,0.0001167781972178342,0.0003301066883290469,0.0001392606577620355,0.00015116365817460914,0.00013272267174502264,0.8082040748557365,0.0001261830995693276,0.00011947721356263265,0.00020112173403503844,0.18924300935909052,0.00011313887981277512,0.00011666516522183354,0.000137965377299079,0.00012053571982450427
Diamond Miners Gang,0.00038493301321142876,0.0003095349150525091,0.00030150400430509997,0.0003304706966873837,0.0003308024803451371,0.00035434957398950843,0.5606211860184517,0.0008880073766526993,0.00037461518173955083,0.00040663460391529143,0.00035702779570331877,0.00032510607508363763,0.09610787505255984,0.00032139714124356975,0.0005410232543461675,0.000399602041835594,0.0003043468372792834,0.0003138326484697707,0.0003711308421527183,0.3366566204469758
100 music,0.00024894855055978036,0.00020018617935712232,0.00019499233944578133,0.00021372602195219215,0.00021394060447067715,0.00022916925485092667,0.9952930911441484,0.000574295753657044,0.0002422756832502446,0.0002629836675354712,0.0002309013545791752,0.00021025654015104501,0.00021952427559642848,0.00020785786091484566,0.0003498971254131656,0.000258435466928358,0.00019683088642228144,0.00020296566762127735,0.00024002224666405195,0.00020969937648172761
T-Fest,0.00023803734444186693,0.012604240194035516,0.00018644597231556442,0.04600361421355293,0.049588407648313376,0.01875764056634647,0.00019425786739122637,0.543504136322543,0.06706201353649163,0.00025145730818308557,0.0002207811335615306,0.00020104116690282262,0.00020990269742886662,0.0001987476155675575,0.02574151846886511,0.000247108459651427,0.00018820394987765956,0.00019406985010094548,0.11680977813528733,0.11759859754914206
Хабиб Шарипов,0.0011880855681857857,0.0009553712971424239,0.0009305841484695984,0.0010199890724111175,0.0010210131779290342,0.0010936905600141035,0.0009695746639514449,0.9793078843313141,0.0011562398097746574,0.0012550669817837988,0.0011019568622206192,0.0010034313222902459,0.0010476607597360906,0.0009919837387960056,0.0016698540473407467,0.0012333611136439073,0.000939358545314394,0.0009686362401046873,0.0011454854794757331,0.0010007722801014614
Donnie Brasco,0.00024894715973821177,0.00020018506381491415,0.00019499125287883906,0.0002137248339855631,0.00021393940195744564,0.000229167979955077,0.9952931157804449,0.0005742941962657636,0.0002422743213673318,0.00026298218974982716,0.00023090006517428586,0.00021025536665045057,0.0002195230441175805,0.00020785670190679115,0.0003498951550137976,0.00025843404723778924,0.00019682979990084837,0.00020296453759595533,0.00024002089927727428,0.0002096982029673418
nightcore (Musical.ly),0.0002948220521664596,0.00023707425758558298,0.00023092335184276007,0.00025310910120142886,0.00025336320675963425,0.00027139803661466443,0.0002405988044144195,0.0006801299556500332,0.000286919546839647,0.0003114433962071085,0.00027344930380603723,0.0002490002803909461,0.00025997577203939836,0.000246159600857257,0.9945995182619796,0.0003060571208935551,0.00023310071138677577,0.00024036593010174276,0.00028425087095376386,0.00024834043830921054
ЛСП,0.11073937692291139,0.11546839282908923,0.00021966154686247206,0.00024076530854085548,0.10892393299316483,0.007797971721725812,0.00022886513793048108,0.1823053937296236,0.09743263009003873,0.06657651336982698,0.03110157626927217,0.0002368568875987165,0.017396871495806276,0.0002341547362319704,0.0724039338004356,0.00029113111991973986,0.00022173270328019313,0.07361839942025565,0.00027038835539695334,0.11429145156208832
Максим Демах,0.7654151024424618,0.00019372514802677178,0.00018869893122757262,0.00020682799401068347,0.00020703564255806296,0.00022177279589650432,0.0001966052229742993,0.21350655954245923,0.00023445620840389364,0.0002544958466428685,0.00022344899457559056,0.00020347048893043726,0.00021243911047093275,0.00020114922569880992,0.0003386041603329652,0.0002500944599587656,0.00019047816110099523,0.0001964149348612055,0.01735568938529899,0.00020293130410954234
Greenaleх - Пати для Богатеньких\Нет Денег,0.0004666261075899546,0.00037522648862393216,0.5199769130361197,0.0004006054070884211,0.0004010076220246425,0.00042955201860332253,0.0003808049071094868,0.0010764575544887048,0.0004541185327458372,0.0004929333218290975,0.0004327986381966877,0.00039410227259935245,0.0004114735922695562,0.00038960619646279473,0.000655842827438181,0.0004844082569301802,0.00036893738370367485,0.4715656332024847,0.0004498947229427347,0.00039305791074903634
это девка словно пуля,0.00019741579061245196,0.00015874729520033397,0.00015462859422878797,0.0001694843812700862,0.00016965453680018065,0.0001817308355129324,0.00016110736826433048,0.00045541431320700494,0.00019212420537462579,0.00020854560373652635,0.00018310439067290986,0.00016673307999890677,0.9962804054526874,0.00016483094111574862,0.00027746783389015885,0.000204938897306231,0.0001560865650417269,0.00016095142995418833,0.00019033723033865552,0.00016629125478683732
Yanix [Block Star],0.01854245149610803,0.0001195896311022496,0.00011648687178543343,0.11450557232925428,0.00012780641356411153,0.00013690389247383495,0.00012136754769745787,0.547733298380169,0.00014473356489280248,0.00015710435156317045,0.0001379386354939121,0.0001256055819391454,0.036007679439787256,0.028880223183438674,0.10683828426413748,0.14579745900750438,0.00011758521395002865,0.00012125007736360083,0.00014338738178784353,0.00012527273598729504
Porchy,0.00010218844420035447,8.217245097096765e-05,8.00404861249843e-05,8.773029338556157e-05,8.781836885767266e-05,9.40694354507759e-05,8.339409887831131e-05,0.00023573575824917774,9.944935886334319e-05,0.00010794957688267111,9.478042751882635e-05,8.630614101396385e-05,9.01103611248548e-05,8.532152926774658e-05,0.00014362582561089086,0.03308920384774421,8.079517759704128e-05,8.331337939978174e-05,9.852436631733066e-05,0.9650874706725415
ЧиСтО боМ боММ,0.00019741579061245196,0.00015874729520033397,0.00015462859422878797,0.0001694843812700862,0.00016965453680018065,0.0001817308355129324,0.00016110736826433048,0.00045541431320700494,0.00019212420537462579,0.00020854560373652635,0.00018310439067290986,0.00016673307999890677,0.9962804054526874,0.00016483094111574862,0.00027746783389015885,0.000204938897306231,0.0001560865650417269,0.00016095142995418833,0.00019033723033865552,0.00016629125478683732
Неизвестный исполнитель,0.0002716437680627992,0.00021843598534112117,0.00021276865951486005,0.3313517055482251,0.0002334443310381993,0.0002500612987958874,0.00022168343923824752,0.0006266416920586365,0.00026436255723327225,0.0002869583636654007,0.00025195129183770763,0.00022942441782776988,0.33227497807761036,0.0002268070618577769,0.0003817952224361735,0.00028199554455920757,0.00021477482049553275,0.00022146887609961161,0.3317502825858881,0.00022881645821425738
Feduk,0.06651211518299552,0.27389323045633013,0.0002101985112290811,0.00244928110444617,0.017032334385733008,0.00024704067136021657,0.00021900561265149546,0.16267731050355352,0.00026116917846487526,0.06751460135267928,0.0002489078464218602,0.0002266530792866791,0.129050651142428,0.0029454227505566,0.08188521484613459,0.08162527440376138,0.10221700528320925,0.0026230913299398933,0.0002587400113772325,0.00790275234744123
Элджей (Я|Так) похож на птицу.,0.00020189723917482443,0.9961802924335221,0.00015813873849143556,0.00017333176375928735,0.0001735057900712399,0.000185856215804897,0.0001647645876836584,0.0004657455170988842,0.00019648552873481837,0.0002132797008463978,0.00018726095549648618,0.00017051802066598253,0.00017803414126375307,0.0001685726774549488,0.000283766498093914,0.00020959112592585296,0.00015962981467510724,0.0001646051132834002,0.0001946579832489503,0.00017006615470405005
Элджей,0.0002959208827662359,0.24376522243358908,0.00023178403756760648,0.16322295953944596,0.00025430752091349664,0.00027240956406145264,0.005606426030333999,0.12501238983472204,0.029044511264292094,0.03143348198217527,0.00027446847943775267,0.0026911529977475214,0.1835507754407428,0.0002470770697538585,0.13548650707175292,0.0003071978192065643,0.00023396950153386858,0.00024126180946075458,0.00028531031447161454,0.07754286640602515
(AlljЭлджей),0.00018023408189357364,0.9965901390920785,0.00014117078208123295,0.00015473363032375011,0.00015488897199119166,0.00016591422860356457,0.0001470856980123769,0.00041577203839088126,0.00017540303607166137,0.00019039523138141766,0.00016716823967539356,0.00015222178102706758,0.00015893144966709394,0.00015048518487632866,0.0002533189385532153,0.0001871024245890363,0.0001425018600824081,0.00014694333665101104,0.00017377159204166553,0.00015181840200866203
ND Production,0.00027405951275138904,0.9948150490619359,0.00021466082462365653,0.00023528414190130567,0.0002355203630698493,0.00025228511022306916,0.00022365489504806515,0.0006322130048049473,0.0002667135335402237,0.0002895103242198119,0.0002541919053070922,0.00023146470186510493,0.00024166725027650757,0.0002288240684697108,0.0003851905349268008,0.00028450336094821584,0.00021668483534943521,0.00022343842082252118,0.0002642328110929677,0.00023085133882351595
Музыкальная жизнь™,0.0004722451752191694,0.9910655443230423,0.00036989243540972566,0.0004054294675109897,0.00040583651372555235,0.00043472462955712377,0.00038539051775755785,0.0010894132965317143,0.00045958698673123985,0.0004988691583278819,0.0004380103650415714,0.00039884798482338926,0.0004164285046618829,0.0003942978041910873,0.0006637403957335079,0.0004902414433184258,0.0003733800932906152,0.0003850175230281259,0.0004553123029863289,0.0003977910791118317
†.чЁ за трЕк.†,0.0005210587958053567,0.9901420331760142,0.00040812634649931804,0.0004473366608624188,0.0004477857912216463,0.0004796599313675289,0.00042522642031253343,0.0012020218529204608,0.0005070921571266584,0.000550434808399121,0.00048328527949658085,0.00044007490514756876,0.0004594726102036284,0.00043505437744615765,0.0007323479125026917,0.0005409152354857128,0.0004119745135779712,0.00042481483389857576,0.000502375648070432,0.0004389087436413553
ChipaChip x Женя Дэп,0.00022983278522295119,0.06178429228831517,0.00018001964797399785,0.00019731485977466452,0.0001975129549808309,0.00021157225765087084,0.00018756228338363603,0.5911751512915903,0.2141484148955876,0.0002427902024080777,0.000213171352935556,0.00019411177976216834,0.00020266788322686116,0.00019189728403167568,0.12962080992093644,0.00023859124760463143,0.0001817170268862778,0.00018738074825567556,0.0002215918907688196,0.00019359739870379987
Mary Gu,0.4383892014723763,0.05854426377407743,0.00023110844168227322,0.00025331195721949647,0.00025356628103684515,0.00027161555955368367,0.000240791642403068,0.029090516612315355,0.0002871495322977563,0.0003116930103087144,0.0002736684636774201,0.0002491998625447686,0.0002601841427040961,0.0002463569058552886,0.0004147044154349537,0.4696758035934358,0.00023328753273638443,0.00024055858620939983,0.00028447871021006194,0.00024853950392089946
Instasamka,0.010469032698402232,0.09780213191838695,0.0002011964510473653,0.00022052619589838998,0.15130193796304128,0.024812094029913426,0.0750990686712779,0.12893250934480438,0.2014365917712751,0.00027135107847280407,0.00023824799334438567,0.10570004133873356,0.00022650892503864455,0.00021447132272520473,0.0003610298774409951,0.03937868197923353,0.00020309350281865865,0.00020942407804366652,0.0390222251444191,0.12389983571568244
Хома,0.00034378945579989945,0.0002764502600500352,0.0002692777660947169,0.0002951483372641305,0.019623325529182997,0.00031647492709391923,0.15386087685702618,0.30435421027830584,0.0003345744257887546,0.00036317147307344,0.0003188668837605416,0.2814125598519453,0.0003031555291302951,0.000287044607986171,0.0004831959685863213,0.00035689057502114746,0.0002718167262183715,0.00028028864807897103,0.00033146252762211113,0.23591741937197083
КОЈЕКУДА 2014-11-09 Radio Beograd 1,0.0003188150456226375,0.00025636768104137447,0.0002497162039800788,0.9939856437128908,0.00027398225144940316,0.000293484758331046,0.00026017906066356004,0.0007354690251286096,0.0003102694620753581,0.0003367890483550297,0.00029570296508942744,0.0002692642583586956,0.000281132946539833,0.0002661924071059089,0.000448094441688751,0.00033096444026276163,0.0002520707621910629,0.00025992722520585014,0.0003073835843086186,0.0002685507197112123
Наречена_Михайло Хома (Дзідзьо)(акорди),0.0012753446803764649,0.0010255386241122197,0.0009989309749044847,0.001094902238686181,0.5840096805742655,0.00117401679918039,0.0010407851873206369,0.002942089256627612,0.0012411600246481328,0.0013472454501006876,0.001182890206533937,0.001077128415628401,0.0011246063021678743,0.0010648400817272832,0.0017924965047850182,0.0013239453925296058,0.3929407315945689,0.0010397778456892148,0.0012296158173745488,0.0010742740287728787
Бьянка,0.1450425151951603,0.0003144338110842107,0.0003062758031269567,0.000335700949144017,0.00033603798607548577,0.00035995774201051395,0.0003191084468214137,0.0009020570171587549,0.00038054409049805124,0.000413070286240433,0.49750380060907856,0.0003302514165923788,0.00034480829501134006,0.2956167147081922,0.05575445315146532,0.00040592641587615543,0.0003091636454518454,0.00031879958239973915,0.0003770045988131149,0.00032937624979926085
T.A. Yanix,0.00025621414823304807,0.0002060286270492696,0.9951473114268747,0.00021996364720295694,0.00022018447974483062,0.0002358575948300808,0.0002090916299206019,0.0005910562355913166,0.00024934651884279035,0.0002706588709354447,0.0002376402404404975,0.00021639290629104708,0.00022593111713939157,0.0002139242180612529,0.0003601089070086063,0.00026597795737447465,0.0002025754292072411,0.00020888924920325433,0.0002470273224058642,0.00021581947364335353
HOMIE – Безумно можно быть первым,0.34134209107358,0.00022759988464087963,0.0002216948047611209,0.00024299390462964362,0.00024323786748809927,0.00026055195448084715,0.0002309835832764454,0.654011427423493,0.0002754531738611053,0.00029899695030614817,0.0002625212360620632,0.00023904930242240035,0.0002495861841531667,0.00023632214254525651,0.00039781242901538473,0.00029382592723712237,0.0002237851291730339,0.00023076002220311082,0.0002728911636696527,0.00023841584300149767
на грузинском,0.000633565187878165,0.0005094666757008768,0.0004962485295428673,0.0005439250904081957,0.0005444711947354305,0.0005832275471228137,0.0005170408318906845,0.9889656064775858,0.0006165829265496913,0.000669284031396179,0.0005876357301232558,0.0005350953948516799,0.0005586814323615054,0.0005289908076183524,0.0008904756670792283,0.0006577090876638611,0.0005009276110232657,0.0005165403623739967,0.0006108480162063946,0.0005336773978877311
#SWAGGAЖОПС,0.00025621417720078545,0.0002060286487677067,0.9951473108983073,0.00021996367618994857,0.0002201845014557489,0.00023585762380863044,0.0002090916516374121,0.0005910562934850284,0.00024934654781417543,0.00027065889989550984,0.00023764026214214424,0.00021639292800397926,0.00022593113884725757,0.00021392423977549633,0.0003601089504730726,0.00026597798633702603,0.00020257545092751235,0.00020888927819612808,0.0002470273513784811,0.00021581949535659026
Кемикэл Депазитз,0.00032839516461734297,0.0002640712992848002,0.00025721996598769336,0.0002819321177933655,0.00028221515256807503,0.0003023037239640582,0.0002679972026128093,0.8206068959213062,0.027987977952745192,0.0003469092768624537,0.00030458857857157683,0.0002773554236584382,0.0002895807505920833,0.0002741912549482668,0.0004615592862756388,0.0003409096381306013,0.11112355619138552,0.0002677378292542272,0.035457982833978635,0.00027662043546301265
Bandit-Aul B.CH.S,0.0004543118085695391,0.00036532421688641214,0.00035584588396858505,0.00039003340102377736,0.0003904249931097328,0.0004182160986406442,0.0003707554579650193,0.5018193134027626,0.0004421342987785968,0.0004799247831667527,0.0004213770660472306,0.49065193482435154,0.00040061476924875506,0.0003793244706945453,0.0006385350903222048,0.0004716246898630333,0.0003592010903630322,0.00037039660769227085,0.00043802195614363456,0.0003826850904021093
VCrash,0.00016933685355963188,0.00013616828321734144,0.0001326353841032034,0.00014537820410109615,0.00014552415979790192,0.18107482676356892,0.00013819267272493195,0.33635029196196004,0.0001647979078753377,0.05006293881330497,0.00015706100448003392,0.00014301823290616394,0.00014932220933591808,0.0001413866286596084,0.00023800289710288573,0.2364224432994862,0.19378471147285173,0.00013805891153200687,0.00016326509657251244,0.00014263924285954287
Ляляля,0.08272857477669325,0.00021888213466524968,0.00021320322148886403,0.00023368650886725957,0.00023392111480964982,0.0002505720394677862,0.0002221362189123264,0.9128029179837751,0.0002649025015170964,0.00028754446333489154,0.00025246588364136516,0.00022989299975487675,0.00024002626807154308,0.00022727029391174676,0.00038257500399253744,0.0002825714925649838,0.00021521348096694134,0.00022192121439683102,0.0002624386007012152,0.00022928379846643692
Пацантрэ,0.00048543962023285363,0.0003903549303403124,0.0003802271463780569,0.00041675711096897573,0.0004171755076442674,0.0004468707867571577,0.0003961582924609651,0.1358916638559627,0.00047242776302806194,0.0005128075241836877,0.0004502482863514534,0.8560637412536091,0.0004280634545699301,0.000405314415919514,0.0006822852442396841,0.0005039387137453446,0.00038381227270312124,0.00039577484948677427,0.00046803366661490593,0.0004089053048031278
Хоми,0.05166460682639221,0.049123637618900616,0.08877379826023485,0.00024274708386695117,0.1984558824785418,0.00026028728985092386,0.00023074895868512024,0.5086969613414454,0.0002751733822532475,0.00029869323493561246,0.00026225458360588775,0.09957398732132486,0.00024933265338643003,0.00023608210163719875,0.0003974083386165915,0.00029352746519892227,0.0002235578206836824,0.00023052561807723315,0.0002726139594373792,0.00023817366292508115
Триагрутрика,0.00016085150124015056,0.0054858465581964205,0.00650388714079804,0.00013809339595692412,0.1371625344867435,0.001622517405939054,0.0025070356240619366,0.18848260362403577,0.05024437125545079,0.026848828029912782,0.08385093615173726,0.00013585168124115757,0.00014183977764808427,0.00169328588644479,0.25730544405157485,0.009476732651688469,0.07764834024252823,0.07143150979206267,0.0047150035639185895,0.07444448717882056
Витя Ак & Tip 2В12,0.00021434636570425878,0.00017236162188480548,0.00016788970249923424,0.00018401953801352696,0.00018420428910532807,0.00019731626151909596,0.00017492409740917846,0.000494478846626012,0.00020860097927822617,0.00022643069654966643,0.00019880759980612684,0.00018103227758676222,0.00018901186292406597,0.00017896699728557513,0.9960736533824848,0.00022251467480570623,0.00016947270328841188,0.00017475480044934748,0.0002066607435683944,0.0001805525592115011
Авеню (Москва),0.00020804691017142933,0.00016729606487032042,0.000162955563614997,0.00017861135671855426,0.13295321543971744,0.00019151730373536682,0.0001697832343572608,0.11758984386310924,0.00020247036934005017,0.7462320895344492,0.0001929648117258238,0.00017571190240386712,0.00018345695490918374,0.00017370730348934446,0.0002924098563140566,0.0002159751567222247,0.00016449204200771444,0.0001696188995923397,0.00020058716249220349,0.0001752462702593577
43ai,0.00017957819522501476,0.04748066736843011,0.00014065706191161847,0.0001541705374892734,0.00015432532620665392,0.00016531046480113755,0.0001465504418732553,0.8640816534009972,0.00017476474196209392,0.000189702369782287,0.00016655990675497863,0.0001516678409799222,0.00015835309248745497,0.0001499375601064229,0.0002523970826664525,0.00018642155328649503,0.08559646931326259,0.000146408589808103,0.00017313922032300495,0.0001512659316459622
Thomas Mraz,0.0002627336823359906,0.07606087200003114,0.00020578971882291762,0.00022556075757573213,0.0017421763789739163,0.03504132041611435,0.0522324141713778,0.18577197883584612,0.09586970459226091,0.015565703266192582,0.11073962333809387,0.00022189915713613997,0.054124981321215876,0.00021936765029689935,0.15720530900355437,0.007464917353952545,0.00020773008081165776,0.0002142045647188673,0.15776949524901476,0.048854218461673565
Big Black Boots,9.316788451894786e-05,7.491878033829609e-05,7.297500843186145e-05,7.998601143564886e-05,8.006631617280521e-05,0.9982481916892084,7.60325886829899e-05,0.0002149292855771445,9.067059418547968e-05,9.842046334433551e-05,8.641380283197913e-05,7.868757325734193e-05,8.215597829258784e-05,7.778987296146322e-05,0.00013094743983561912,9.671832596911068e-05,7.366308113127268e-05,7.595899480348542e-05,8.982725256417695e-05,7.847905645697296e-05
EK-Playaz,0.0002815432907523216,0.00022639646143804667,0.0002205225903357228,0.22188847500931863,0.11059246760586679,0.0002591742846952828,0.00022976226458348555,0.046611540496902124,0.00027399673028839544,0.22084131187061826,0.011355343036448858,0.053940925935986504,0.0644136172457455,0.00023507259738696839,0.1566777936544546,0.0002922723260929624,0.00022260187477606604,0.00022953987897281425,0.0002714482500445177,0.11093619459529214
Клоунеско & EK Playaz,0.00015560510737095066,0.00012512622405414468,0.000121879815592779,0.0001335892974574081,0.00013372340790258395,0.00014324207719268063,0.00012698645350820378,0.0003589567346457182,0.0001514342376013869,0.00016437774365401286,0.00014432472508880016,0.0001314206983805494,0.00013721348089837311,0.00012992140006491223,0.00021870293677684341,0.00016153491071687506,0.9970539990304156,0.0001268635480372885,0.0001500257286810896,0.00013107244195976507
Клоунеско,9.947315497129678e-05,7.998901456765699e-05,7.791370055687615e-05,8.539917627300346e-05,8.548491615325071e-05,9.156987923789543e-05,0.9981192448387317,0.0002294739710215618,9.68068513327934e-05,0.00010508120816195933,9.226198284353684e-05,8.401286631007506e-05,8.771600113282085e-05,8.3054419013299e-05,0.00013980949764071896,0.00010326387776743159,7.864833940860763e-05,8.109963123438305e-05,9.590643707105231e-05,8.379023657010518e-05
Ek Playaz,0.00017417972512471925,0.00014006256022499117,0.0001364286272849064,0.00014953587045768243,0.00014968600254913953,0.0001603409136051541,0.00014214485173366277,0.00040181136425110467,0.00016951097651266603,0.0001839995600733035,0.0001615527969604462,0.0001471084075610722,0.00015359268200373246,0.00014543014993039874,0.9968094229730219,0.00018081736218363101,0.00013771500188534432,0.00014200726339163244,0.00016793432034196675,0.00014671859090255196
Mrs. DvaTree,0.00013129473939293447,0.000105577591319859,0.00010283837524103594,0.997523165293028,0.00011283164085624182,0.00012086318465320203,0.00010714719723951928,0.00030287808496913456,0.0001277754751924711,0.0001386968037316056,0.00012177668838628474,0.00011088867645628741,0.00011577645366456697,0.000109623620287371,0.00018453469534610942,0.0001362981097371308,0.00010380802753771592,0.00010704349301806642,0.0001265870203035277,0.00011059482963894404
"Клоунеско,Ek.playaz,Worna Brazass",9.947314765480883e-05,7.998901453506516e-05,7.791369324917268e-05,8.539916896225001e-05,8.548490884246232e-05,9.15698719246277e-05,0.9981192444320444,0.00022947450934889815,9.680684401739186e-05,0.00010508120084318637,9.226197552998712e-05,8.401285899988647e-05,8.77159938211234e-05,8.305441170350094e-05,0.00013980948303183856,0.00010326387044939911,7.864833210060484e-05,8.109962392538146e-05,9.590642975601764e-05,8.37902292600073e-05
Jerry aka Нелегальный,0.0002022715790689147,0.00016265196978806364,0.5947477420543452,0.00017365314420680845,0.00017382749069152196,0.00018620082331321936,0.00016507009048398314,0.00046661079773412014,0.401618096246643,0.0002136751575726092,0.00018760815349293117,0.00017083417648076476,0.00017836423913603698,0.00016888523860432049,0.0002842926288714765,0.00020997972805086447,0.00015992578506732278,0.00016491031046544094,0.00019501890500321,0.00017038148098014275
Neiz,0.00010383637358641674,8.349759211514954e-05,0.9980333473342385,8.914506640136814e-05,8.923456067490992e-05,9.558642765347442e-05,8.473894317278899e-05,0.00023953325182518226,0.0001010531162311814,0.00010969041229750132,9.630888654754424e-05,8.769794399819736e-05,9.156350968798877e-05,8.669745137701958e-05,0.00014594198379766645,0.00010779336167840755,8.209810540375747e-05,8.465692130729007e-05,0.00010011320808027662,8.746554992527665e-05
Stas Neiz,0.00010383637842395938,8.349759695525724e-05,0.99803334720837,8.91450712407636e-05,8.92345655142941e-05,9.558643249205752e-05,8.473894801274013e-05,0.00023953327119752567,0.00010105312106907506,0.00010969041713430567,9.630889138603622e-05,8.769794883777533e-05,9.156351937771735e-05,8.669746106736186e-05,0.000145941993480537,0.00010779337136608928,8.209811024404168e-05,8.465692614725157e-05,0.00010011321291828883,8.746555476488392e-05
DJ Хобот,0.0702399919465052,0.0001465896795624978,0.0001427864058997749,0.0001565044660212996,0.00015666158303558425,0.00016781303479261259,0.0001487690032906905,0.0004205392520047486,0.00017741042945753068,0.9265393955550135,0.00016908139415929439,0.00015396387647884088,0.00016075032159311334,0.00015220740226450235,0.00025621802170992905,0.00018924371113993705,0.00014413271986917254,0.00014862501210273583,0.00017576030062990992,0.0001535558844690698
ака47 ek playaz,0.00019337174017450487,0.00015549537835332265,0.00015146103484346154,0.991604000214848,0.0001661791752707271,0.00017800809139790073,0.000157807095397799,0.00044608030631960397,0.004936290459230862,0.00020427356841809207,0.00017935351770270464,0.0001633175705032451,0.0001705163150053236,0.00016145438710135905,0.0002717839133962494,0.00020074074206938438,0.0001528891451231283,0.00015765435850935116,0.00018643818975160642,0.00016288479658342435
EK Playaz и Клоунеско,0.00022513008729190077,0.000181033101864392,0.0001763361951035093,0.00019327751894226977,0.0001934715541648271,0.0002072431946270901,0.000183724492928379,0.0005193407010386766,0.00021909564134687542,0.00023782236862991406,0.00020880957721230794,0.00019013998074401058,0.0001985210101485159,0.0001879707996692761,0.00031642025435723046,0.0002337093428702231,0.9957377135839552,0.0001835466685381247,0.00021705780584877228,0.00018963612071843327
EK Playaz п.у. Клоунеско,0.00016056125431663883,0.00012911158413068363,0.000125761777088873,0.00013784420252100843,0.0001379826057789773,0.00014780443496301151,0.00013103105440114774,0.00037038979020735977,0.0001562575256294036,0.000169613301780213,0.0001489215708804768,0.0001356065400900199,0.0001415838262460774,0.00013405949696509227,0.00022566877494093984,0.00016667991232120516,0.9969601667649788,0.00013090423446705053,0.00015480415317754352,0.0001352471951155395
Децл,0.004917107276136366,0.00018676886719928037,0.28050595209093143,0.0062840548605549475,0.045884405898455806,0.03748019881398462,0.0033414827667260566,0.16727271195084678,0.07812780587459006,0.0002453574175502893,0.004790372932707201,0.00019616428229606004,0.06231448318583326,0.00019392636514546587,0.052822595346348464,0.12584403416879103,0.00018363847383749677,0.00018936207298791307,0.1290239328978991,0.00019564445717837567
MC Молодой & DZA & CanabiZ,0.0001716430029971684,0.0001380227110117583,0.00013444171770162573,0.40213105851357583,0.00014750600446968468,0.00015800573459850173,0.00014007467646526926,0.00039596748689129697,0.25296910206132106,0.00019342106343627968,0.00015919996655987527,0.00014496595325433974,0.28007967720010346,0.00014331212817958247,0.062129699002425584,0.00017818397211729852,0.00013570934951937478,0.00013993909627854235,0.0001654885618280783,0.00014458179726535147
"ОСП - С.Белоголовцев,Л.Каганов",0.00025287476259154893,0.00020334334824881594,0.15287883021113896,0.00021709674117839433,0.00021731468520480595,0.00023278353059839798,0.00020636642121555512,0.20046594006460544,0.0002460966553488295,0.09615850097246591,0.00023454294439671019,0.06958301856178209,0.47741131230170425,0.00021113601498418526,0.00035541541157802425,0.00026251130243812976,0.00019993514430771542,0.000206166681634429,0.0002438076682708771,0.0002130065763069504
Странник Стк,0.000185944677225294,0.00014952307287651636,0.9964782166262824,0.00015963625941290733,0.00015979653418115273,0.0001711711241800293,0.00015174600853317145,0.00042894932562905364,0.000180960574311013,0.0001964277879385114,0.00017246486199289085,0.00015704484021879903,0.00016396708330314248,0.0001552532087074159,0.0002613451954332126,0.0001930306438812308,0.00014701694244368337,0.00015159913607667056,0.00017927742731000483,0.00015662867006290197
Йорш,0.0005902815042212072,0.015747652272984445,0.0004623459983266729,0.0005067654431811156,0.0005072742072425465,0.03452639653930206,0.00048171781351522805,0.2683889204437136,0.33128373196906236,0.0006235601337174027,0.0005474898366081031,0.0004985389398926238,0.0005205136561643026,0.0004928514402273352,0.0008296405159688156,0.0006127759566984254,0.0004667053883416377,0.00048125157015019597,0.34193436852641645,0.0004972178442654567
"Ginex - DoN-A, Beny Krik, Som -Мостовой Двор",0.00013917405940937653,0.00011191357515397219,0.00010900997374470485,0.6721484229551958,0.00011960295150422304,0.00012811649727530427,0.00011357737540319932,0.00032106362962666766,0.14593828473549192,0.02422017047564279,0.00012908482522230516,0.00011754339015299255,0.10928941337341418,0.04629961438442481,0.00019560909924520533,0.00014447770783033341,0.00011003781173993412,0.00011346744297641335,0.00013418383009069194,0.00011723190645514974
Krec,0.005145530451868632,0.00016782784164717755,0.0016737783359081848,0.00017917909566283444,0.06201454675999932,0.0038782189764900916,0.0015554184612936077,0.6253164006908608,0.03721447618816735,0.028786753777718613,0.017777540230134455,0.018508804829691607,0.00018404010900427973,0.0014386767026388463,0.08990103756738022,0.048749644501034965,0.002630119202337485,0.011827307805491797,0.0400902935350988,0.002960404937570896
Check,0.00020944481586832335,0.0001684201607383137,0.0001640504973392153,0.0001798114720671398,0.00017999200311682065,0.00019280413426095696,0.0001709240358844797,0.37421301781524474,0.0002038308037194862,0.00022125280671323535,0.000194261392069851,0.00017689253266738305,0.00018468965211391653,0.00017487448773439174,0.5127036865311292,0.10994733221892031,0.0001655973076291456,0.00017075859517000109,0.00020193495121146424,0.0001764237864016794
Витек,0.00022395426156395325,0.00018008758966576484,0.00017541521747304733,0.0001922680509743091,0.0001924610821131,0.00020616079234377373,0.00018276492355724191,0.5282368798651523,0.00021795133511753455,0.00023658025882246817,0.0002077189967395966,0.00018914689825870964,0.0001974841554324561,0.00018698905314399065,0.0003147676489189688,0.4680951428429966,0.00017706918801469628,0.00018258803049104198,0.00021592413708642393,0.00018864567213398186
˜”*°•.☆ааааааааа!!!,0.00036474998665649754,0.0002933051754213543,0.00028569536770045194,0.0003131432777593349,0.00031345765733871916,0.00033577010915643426,0.9931036322056492,0.0008414198020657361,0.0003549731368043811,0.00038531370570186644,0.0003383079049871277,0.00030805991537514706,0.00032163862773740493,0.00030454545319331705,0.0005126560035964964,0.00037864985979069627,0.0002883891600637782,0.00029737758714182315,0.00035167148183273974,0.0003072435820274198
Chernikovskaya Hata,0.0007554534102806507,0.0006074802029097217,0.0005917190795922845,0.0006485679485926866,0.0006492190595761224,0.0006954315830451271,0.9857165364468468,0.0017427339956362932,0.0007352040100357355,0.0007980439615572457,0.0007006877937473654,0.000638039520079284,0.0006661631373470161,0.0006307605346778343,0.0010617894864534414,0.0007842421665800047,0.0005972983428564815,0.0006159147851602819,0.0007283657731026012,0.0006363487619230297
черниковская хата,0.0007554533888217385,0.000607480185654039,0.0005917190627843019,0.0006485679301698925,0.0006492190411348332,0.0006954315632911554,0.9857165084472319,0.0017427623514749168,0.0007352039891520144,0.0007980439388885344,0.0007006877738440893,0.0006380395019555535,0.0006661631184244247,0.0006307605167608658,0.0010617894562929481,0.000784242144303338,0.000597298325890018,0.0006159147676650121,0.0007283657524131226,0.0006363487438473258
MEOW!,0.0006449594127235876,0.0005186290408713113,0.000505173174271167,0.0005537071934697359,0.0005542631349063322,0.0005937165250739329,0.987805664753097,0.0014878354902748434,0.0006276717353422541,0.0006813206369466476,0.0005982039288192499,0.0005447187071771335,0.0005687289045454198,0.0005385043401313896,0.000906490248324131,0.0006695374841004002,0.000509936424154902,0.0005258299696811503,0.000621833680869811,0.000543275215219626
Моя Дерзкая Правда,0.00048660003160011403,0.00039128806743867406,0.0003811360688277897,0.0004177533458539644,0.00041817276117413367,0.2111573168246763,0.00039710528313257443,0.4149825765484195,0.0004735570911681863,0.0005140333325651339,0.00045132458673939667,0.03441422592313832,0.0004290867272055546,0.00040628329290820893,0.0006839161823201691,0.0005051433925167241,0.0003847297517716426,0.00039672093792973245,0.11849627448487624,0.2142127553657376
про Красную Шапочку,0.0003888762171198394,0.00031270572981276625,0.0003045925713644396,0.00033385597829390306,0.0003341911671112243,0.0003579794741118063,0.9926474748217005,0.0008970753458391139,0.0003784526801810872,0.0004108001036266802,0.0003606851408297961,0.00032843640847385634,0.0003429132941115723,0.00032468946490372453,0.000546565398961337,0.00040369548022104124,0.00030746453737062713,0.0003170474974732351,0.00037493263007451683,0.0003275660584189816
Детские песни,0.000402179348487267,0.0003234031072822538,0.00031501241463792093,0.0003452769062716552,0.00034562356200101764,0.0003702256414066412,0.9923959511619782,0.0009277636546376084,0.00039139920222557327,0.0004248532117869843,0.0003730238583284178,0.00033967191590182947,0.0003546440615451408,0.0003357968281344363,0.0005652629266405678,0.0004175055713368099,0.00031798263520007463,0.00032789342093017694,0.00038775874954256596,0.0003387718217248509
Красная шапочка,0.0004049329573044022,0.0003256173710267136,0.0003171692201277813,0.0003476409310968394,0.0003479899587890996,0.00037276047666427465,0.9923438881698169,0.0009341158440362626,0.00039407901825833346,0.0004277620750344944,0.0003755778584641832,0.0003419975673149867,0.0003570722166800719,0.0003380959368462179,0.0005691331406295996,0.0004203641213222509,0.00032015977699759775,0.0003301384256048255,0.0003904136381370254,0.0003410912958481354
DJ Little Red Riding Hood,0.00038505883314607803,0.00030963607754379936,0.013534792548335357,0.0003305787294872292,0.0003309106004850709,0.0003544653795703309,0.9680453501253471,0.0008882725890887748,0.0003747376247405183,0.0004067675270551478,0.0003571445037337371,0.00032521233208741883,0.000339547104463632,0.0003215021755667785,0.0005412000776460206,0.0003997326360628383,0.011745553209902906,0.000313935237419199,0.00037125214980396446,0.00032435053851405295
Солдат Семёнов,0.0005916385535125373,0.07261744108397578,0.00046340893975123755,0.0005079304659813327,0.0005084404232962654,0.6941751806011451,0.0004828252982172541,0.22392357783520123,0.0005757801674074294,0.0006249936967469982,0.0005487485298027308,0.0004996850598123113,0.000521710314732379,0.0004939844925667984,0.0008315478297138758,0.0006141847087877395,0.0004677783560054027,0.00048235797801374566,0.0005704247133818956,0.0004983609519479019
из к/ф,0.0003888762171198394,0.00031270572981276625,0.0003045925713644396,0.00033385597829390306,0.0003341911671112243,0.0003579794741118063,0.9926474748217005,0.0008970753458391139,0.0003784526801810872,0.0004108001036266802,0.0003606851408297961,0.00032843640847385634,0.0003429132941115723,0.00032468946490372453,0.000546565398961337,0.00040369548022104124,0.00030746453737062713,0.0003170474974732351,0.00037493263007451683,0.0003275660584189816
Ас Вентура,0.00043743021932328744,0.0003517492997841597,0.0003426231535268478,0.00037554034223254346,0.0003759173532495259,0.00040267579312577075,0.00035697870510625494,0.17504651716628938,0.00042570524654432615,0.00046209146629597067,0.00040571929706972025,0.0003694440502227966,0.0003857284872554635,0.00036522932083833264,0.0006148080529436463,0.00045409978734157493,0.00034585370778777633,0.8176916777959381,0.0004217456995434427,0.0003684650555810446
Красная Шапочка,0.000402179348487267,0.0003234031072822538,0.00031501241463792093,0.0003452769062716552,0.00034562356200101764,0.0003702256414066412,0.9923959511619782,0.0009277636546376084,0.00039139920222557327,0.0004248532117869843,0.0003730238583284178,0.00033967191590182947,0.0003546440615451408,0.0003357968281344363,0.0005652629266405678,0.0004175055713368099,0.00031798263520007463,0.00032789342093017694,0.00038775874954256596,0.0003387718217248509
к/ф Красная Шапочка,0.0003955277828035532,0.00031805441854751003,0.00030980249300118027,0.0003395664422827791,0.00033990736455612094,0.0003641025577592237,0.9925217129918393,0.0009124195002383612,0.00038492594120333027,0.0004178266577068323,0.00036685449957910693,0.0003340541621878429,0.0003487786778283566,0.0003302431465190804,0.0005559141628009524,0.00041060052577892556,0.0003127235862853509,0.000322470459201706,0.0003813456898085414,0.00033316894007191626
Песня Красной Шапочки (рок-версия),0.000402179348487267,0.0003234031072822538,0.00031501241463792093,0.0003452769062716552,0.00034562356200101764,0.0003702256414066412,0.9923959511619782,0.0009277636546376084,0.00039139920222557327,0.0004248532117869843,0.0003730238583284178,0.00033967191590182947,0.0003546440615451408,0.0003357968281344363,0.0005652629266405678,0.0004175055713368099,0.00031798263520007463,0.00032789342093017694,0.00038775874954256596,0.0003387718217248509
Марго Сирин,0.00029508833598302704,0.0002372883993686616,0.00023113193452567693,0.0002533377228402291,0.03582094597505607,0.00027164316092381384,0.00024081613322081267,0.5728499273469598,0.0002871786998727355,0.020586440547681953,0.00027369629084989373,0.00024922520566389173,0.0002602105930938796,0.0002463819357652674,0.00041474656415416757,0.12669700168378295,0.00023331125867331022,0.24001855582185463,0.0002845076373562448,0.00024856475237290676
Игорь Растеряев,0.027714667151306015,0.0002622177454155689,0.00025541448484310894,0.0002799531833902642,0.0002802342390849754,0.09562095880005793,0.00026611610169719293,0.22230261257386155,0.04184287972975417,0.0003444742664012445,0.0003024506192757344,0.4256134642931299,0.0002875481336460066,0.0002722666433787741,0.0191081335096625,0.00033851672677407747,0.013063428896705842,0.04414860312287616,0.10742138098075386,0.00027467879798510767
Песни из детских фильмов,0.0003613598843440243,0.00029057913537086633,0.0002830400208714466,0.00031023280669013366,0.0003105442758857575,0.00033264936286073367,0.9835361307844803,0.0008336022202535215,0.0003516738966728247,0.0003817324784880253,0.0003351635845829867,0.00030519670893816646,0.00031864922706068824,0.0003017149012621001,0.000507891181516085,0.00037513056554321956,0.00028570878393445486,0.009926209292406622,0.0003484029462498227,0.000304387942588214
Красная шапка,0.0003888762171198394,0.00031270572981276625,0.0003045925713644396,0.00033385597829390306,0.0003341911671112243,0.0003579794741118063,0.9926474748217005,0.0008970753458391139,0.0003784526801810872,0.0004108001036266802,0.0003606851408297961,0.00032843640847385634,0.0003429132941115723,0.00032468946490372453,0.000546565398961337,0.00040369548022104124,0.00030746453737062713,0.0003170474974732351,0.00037493263007451683,0.0003275660584189816
:)),0.0003502586528133862,0.00028165230586336466,0.0002743448283928848,0.00030070221915220774,0.0003010041132023875,0.00032243012155001556,0.9933776217890635,0.0008079904815451517,0.00034087022224525823,0.00037000537004992074,0.0003248671018255147,0.00029582083712402865,0.00030886008149227234,0.00029244601496354025,0.0004922884092727085,0.0003636062813863638,0.0002769315769882746,0.0002855629295724706,0.00033769973808981296,0.00029503692540691764
Буерак,0.12542739942483822,0.00027920983670906574,0.0002719657258185734,0.0002980945617858442,0.00029839383648032943,0.0003196340160931246,0.006484700073330402,0.4261113413090983,0.0003379142080332724,0.0003667967015182919,0.0003220498668992951,0.09196494257442056,0.00030618167096289797,0.07472087604703635,0.00048801931059314454,0.07245599690892734,0.0002745300556395115,0.00028308654558265706,0.09943902454458473,0.0995498427816481
Птаха,0.02111170846206486,0.007814441004112108,0.0005300676848570491,0.012442777217099403,0.07302400264420322,0.00018421266961824999,0.005434241583250005,0.456120352009966,0.0007168078857364882,0.013860241292146363,0.12967731126257673,0.000169010098364073,0.034953172907268,0.03586920948432777,0.004336912136834022,0.13168185348899966,0.06907560717816837,0.002636572158504963,0.0001929365993977283,0.00016856223250492775
"Скрябін, (1995 Птахи)",0.0008264835238454497,0.0006645974042730683,0.0006473544302522507,0.0007095483343905115,0.9844093394129649,0.0007608182889877543,0.0006744778649429612,0.0019065946226497846,0.000804330209127401,0.0008730786459717442,0.0007665686827551076,0.0006980300263476213,0.0007287979013635412,0.0006900666352359654,0.0011616222654339565,0.00085797911113151,0.0006534582609820334,0.0006738250659420312,0.0007968490685483089,0.0006961802448540367
Ассаи,0.00023241768242137227,0.00018689325536964832,0.00018204429876153214,0.00019953402415615184,0.15341312691960163,0.00021395178043682596,0.00018967176497161045,0.6604618775356044,0.00022618789685082444,0.0002455208209522335,0.00021556886421454318,0.00019629492126282301,0.00020494725141181972,0.00019405551924917217,0.12966053660061333,0.03573364605414127,0.0001837607709983743,0.00018948818472998882,0.017674701102380144,0.0001957747518723254
Любовь и нежность,0.00020321687970171315,0.000163412113091835,0.00015917236934810235,0.00017446469908267702,0.00017463986046918517,0.00018707102201463794,0.00016584152599827045,0.7741007049350676,0.00019776980732506347,0.0002146737469619719,0.0001884849296159748,0.0001716325619616023,0.00017919781091215966,0.00016967451464723897,0.03658098742964382,0.00021096105898445498,0.000160673195530615,0.18623031348329513,0.0001959303144524948,0.00017117774189552999
Крек,0.0001503612910831707,0.00012090952648651057,0.0001177725266943282,0.0001290873966567585,0.00012921699600430746,0.00013841488259791558,0.0001227070662355938,0.00034688404786363455,0.00014633097838425842,0.00015883829040098395,0.00013946104881102934,0.00012699187736132892,0.0001325894603195855,0.00012554311789094027,0.00021133274914266465,0.9971904621650919,0.0001188829832642207,0.00012258830806409737,0.00014496992330053916,0.000126655364346275
ღ Крек,0.00019967417807502226,0.0001605633212587615,0.00015639750142715914,0.00017142323941551004,0.0001715953448922695,0.00018380978422833014,0.00016295040253906464,0.00046064945442411,0.00019432205718005767,0.00021093131980487497,0.0001851990553762312,0.0001686404625129829,0.00017607384168160677,0.00016671655407615458,0.9963423971056832,0.00020728334435443115,0.0001578721486494787,0.0001627926743524919,0.00019251463680795074,0.0001681935732603167
Триада,0.00015691786437980104,0.00012618183582410898,0.2042445715352581,0.0032753879453244344,0.0026285060538611,0.01958548816851923,0.00012805776212171288,0.35811793716059837,0.08099933981193112,0.08101848831831217,0.001051004083978808,0.00013252941595357672,0.06449211491592584,0.0012182072124851551,0.1362613552041995,0.03176790397534803,0.003278168943721918,0.00012793381581104401,0.011257727754470823,0.00013217822197517814
Vol'naya Dusha,0.04088018040663056,7.460713006309004e-05,7.267144159851029e-05,7.965327581863433e-05,7.973324586781584e-05,0.052896860354597876,7.571629885640957e-05,0.46105014726704835,9.029341055173373e-05,9.801104780466884e-05,0.38949438463940694,0.041001021371887485,8.18142206522988e-05,7.746627578106497e-05,0.013534517796963245,9.631598980742877e-05,7.335664762267717e-05,7.564301541219558e-05,8.945357587819871e-05,7.8152587750776e-05
Давид Тухманов,0.00041192728128843046,0.00033124170999199675,0.0003226476395249991,0.00035364569412672006,0.0003540007317698062,0.00037919909120277297,0.00033616622383726187,0.9928257298407323,0.0004008858987163857,0.00043515074201274116,0.0003820651492385295,0.0003479048469056928,0.00036323985956292573,0.0003439358118556172,0.0005789636884513625,0.0004276249858964905,0.00032568983395029217,0.0003358408721025246,0.0003971572031086092,0.00034698289572463836
Апина,0.0005134629773228615,0.0004128892980638814,0.00040217684651213184,0.0004408155900135706,0.00044125817200252256,0.0004726676688974175,0.0004190276456968022,0.0011844859576199311,0.0004997000075116266,0.0005424108138120531,0.0004762401644023723,0.0004336596850662731,0.00045277464604567645,0.0004287123535926131,0.9905945343890684,0.0005330300081407859,0.00040596893043733014,0.0004186220837834699,0.0004950522417913882,0.00043251052021891557
Дюна,0.0002943923072865662,0.00023672869066294596,0.00023058675643187852,0.00025274015595956427,0.00025299389770931256,0.00027100243150286643,0.0002402481005190057,0.0006791371665804982,0.00028650134195745333,0.00031098940714461936,0.0002730507154662386,0.0002486373379851334,0.00025959682934596247,0.00024580079858956363,0.10617962956305292,0.00030561099008948034,0.00023276093629178934,0.888667777565523,0.00028383655154401346,0.00024797845635726723
♪♫ Перевалов Геннадий,0.0006964332538871539,0.000560020560088762,0.0005454907623177057,0.0005978982678956307,0.0005984985053550296,0.05385799127292627,0.0005683462937005841,0.6838538734908687,0.000677765880541384,0.0007356964205777125,0.0006459461938579047,0.0005881923722977917,0.000614118823762416,0.0005814820760609401,0.25177874700210906,0.0007229729231208595,0.0005506341663736461,0.0005677961730422464,0.0006714618738183612,0.0005866336873978905
5'nizza - Белые рубашки,0.00043182424035856647,0.0003472413790707099,0.0003382321719862758,0.0003707275007340558,0.0003710996805159218,0.00039751519001037156,0.00035240375828151884,0.0009961590349765732,0.0004202495015294289,0.00045616941978085345,0.0004005196948274777,0.9918477481555985,0.00038078508599352715,0.00036054861070989745,0.0006069288323374708,0.0004482801571901623,0.00034142131150279996,0.00035206266139041237,0.0004163407116010968,0.00036374290160438454
Алёна Апина,0.0005134629773228615,0.0004128892980638814,0.00040217684651213184,0.0004408155900135706,0.00044125817200252256,0.0004726676688974175,0.0004190276456968022,0.0011844859576199311,0.0004997000075116266,0.0005424108138120531,0.0004762401644023723,0.0004336596850662731,0.00045277464604567645,0.0004287123535926131,0.9905945343890684,0.0005330300081407859,0.00040596893043733014,0.0004186220837834699,0.0004950522417913882,0.00043251052021891557
5'nizza,0.00043182706674801046,0.000347243651837489,0.00033823438647617244,0.00037072991920044106,0.00037110212808899714,0.00039751781240939134,0.00035240606019179316,0.0009961641649046447,0.0004202522405184478,0.00045617239187650403,0.0004005223172495823,0.9918476961717277,0.0003807875918486805,0.00036055097089041305,0.0006069327951217058,0.0004482831001213659,0.00034142355512103056,0.0003520649632980659,0.0004163434214562523,0.00036374529091327373
Андрей Макаревич,0.00030568116662911695,0.0002458063749152342,0.0002394289102027253,0.0002624317939839846,0.0002626952709839223,0.0002813943672560924,0.0002494607394952822,0.4008402277395268,0.0002974875936350317,0.0003229147102879146,0.0002835211880585276,0.0002581716622243605,0.0002695514064373982,0.0002552263543271228,0.2848931201604728,0.305769231568075,0.004162221576046699,0.00024921926499307486,0.00029472063402627495,0.00025748751842257823
Раиса Неменова,0.00048551135171881704,0.00039041264133285957,0.0003802833447759018,0.00041681869067377014,0.00041723717462731715,0.0004469368169559913,0.0003962168470036176,0.0011200354707732443,0.0004724976037986151,0.44858885155697087,0.00045031484015094865,0.0004100523415284791,0.00042812672139879283,0.00040537430851106973,0.5287032412757444,0.0005040132377295893,0.0003838689946851373,0.000395833345852224,0.014795407714789962,0.000408965720978397
Нюрнберг,0.0003807113187419946,0.00030614011472296295,0.00029819730085589786,0.00032684629731979156,0.0003271744430158601,0.0003504632995877773,0.00031069145914764496,0.0008782781865813706,0.00037050664243046293,0.0004021748994403299,0.0003531121556748712,0.00032154049428054763,0.00033571344886376464,0.0003178722474040526,0.0005350896515207421,0.0003952194621484153,0.0003010089637743716,0.9928015106479757,0.00036706051599320476,0.00032068845052018373
Алена Апина,0.0006750046376037547,0.0005427892359253369,0.0005287065414955585,0.0005795014792864911,0.0005800833036978481,0.0006213746082039487,0.0005508587972796648,0.0015571499415221112,0.0006569116582222714,0.0007130597705890413,0.0006260710645068274,0.0005700942475952773,0.000595223000807778,0.0005635904142071774,0.942495943343309,0.0007007276910703609,0.0005336916496064794,0.04568983346041109,0.0006508016093855007,0.0005685835452745159
Зимавсегда,0.0005453393424202474,0.0004385218810754294,0.0004271444078691514,0.0004681818713818379,0.000468651927350739,0.984575218633805,0.0004450413137650249,0.006428971989241409,0.0005307218852663555,0.0005760841925662185,0.0005058056592855643,0.0004605817261485483,0.00048088335060416656,0.0004553272478026052,0.0007664742349580606,0.0005661210782182581,0.0004311718978185305,0.0004446105625194229,0.000525785584549043,0.000459361213354305
К.Никольский,0.00034369021794337733,0.00027637046233679847,0.00026920000552014726,0.00029506315567975715,0.0002953593744904314,0.0003163835467785961,0.0002804792250422172,0.5392878497710298,0.00033447786531830634,0.0003630666185274797,0.000318774834100294,0.00029027327597431774,0.00030306801938401217,0.4550132826486491,0.0004830564826485384,0.0003567875539031386,0.00027173826719770146,0.0002802077444894593,0.0003313668402104053,0.0002895040907761147
Владимир Трошин,0.000888754158468521,0.0007146709105217057,0.0006961287410759642,0.0007630085963113861,0.0007637746674460058,0.0008181414454059456,0.0007252957892153223,0.002050263866971189,0.0008649317385170506,0.0009388599604184636,0.0008243250789379872,0.0007506224117548062,0.0007837085240551562,0.0007420590740819956,0.9837200257508959,0.0009226227564662112,0.00070269247068802,0.000724593804724515,0.0008568869147616622,0.0007486333392821804
Сергей Бабкин (5'nizza),0.00028750689915511655,0.00023119194859425333,0.0002251936637898517,0.0002468289125668904,0.00024707673167906433,0.00026466405971314834,0.00023462903815384868,0.0006632362380909348,0.00027980046691417315,0.0003037158115942764,0.00026666445325830947,0.9945722651212278,0.00025352523818114933,0.0002400518674802165,0.00040409081751240745,0.00029846318146555895,0.00022731699191279585,0.0002344019555205267,0.00027719800243847286,0.00024217860075126689
Узелок,0.0846822560199213,0.1666958293691212,0.00022212366466798226,0.0002434639726897433,0.007205884852234985,0.0065618861885510405,0.00023143041481592507,0.3147732224442813,0.017285111568466363,0.00029957534874834574,0.00026302908820644586,0.0002395117438163773,0.00025006899242733464,0.03850528740724723,0.25580028524672904,0.00029439432413834574,0.00022421803888179903,0.00023120641718471724,0.00027341905382063095,0.10571779584404992
Грибы,0.07260152651495952,0.00664861780574847,0.07454101927488056,0.00023318832185943467,0.000233422435967292,0.0002500378437445664,0.3540149436541349,0.03567372788884179,0.0002643377581922465,0.0002869314561673312,0.05214621856807005,0.003550673384422378,0.00023951456967128708,0.20269028363630767,0.0047300642435892685,0.03831584941306319,0.00021475468197759118,0.00022144810708684632,0.1369292829349704,0.016214157506345268
Гриби,0.00025430584158953084,0.00020449410200243062,0.00019918849603444132,0.00021832532505908426,0.0002185445205376609,0.00023410088753514596,0.9951918088105487,0.0005866458556288943,0.00024748934678452963,0.0002686429692077233,0.0002358702620181751,0.00021478117733298097,0.00022424834690457372,0.00021233088242033623,0.0003574267713982362,0.00026399692145979303,0.00020106660969384084,0.00020733341322847832,0.00024518743773758534,0.00021421202287782006
Ми типа гриби,0.00025992704846267665,0.00020901426618792081,0.0002035913789392439,0.00022315121802014674,0.00022337525929144814,0.00023927549567330584,0.9950855279522794,0.0005996130805469292,0.0002529599120771783,0.00027458108801472743,0.00024108397846849894,0.0002195287372542719,0.00022920516358080443,0.00021702428005777126,0.00036532737805134206,0.0002698323327441167,0.00020551102380714882,0.00021191633988851597,0.0002506070712749157,0.00021894699537957618
Балахнин Геннадий,0.09539110799965983,0.0001415066519809144,0.00013783524777234615,0.00015107763489482164,0.6937453685636523,0.00016199407321136944,0.00014361040761426915,0.0004059614927564789,0.00017125868013108254,0.0001858966394474974,0.11334957598729321,0.00014862514264605593,0.00015517626874210678,0.0946804865908057,0.00024733361191259153,0.00018268164146491493,0.00013913487919827366,0.00014347140773317567,0.00016966578398533962,0.0001482312950977105
Pimp Schwab,0.0004022847251952642,0.0003234878743959462,0.0003150949694256751,0.0003453674079734921,0.00034571415103231003,0.00037032266365939303,0.00032829713717539693,0.0009280098629143974,0.0003915017844071997,0.00042496455595523216,0.0003731216374257723,0.00033976093301785014,0.0003547370084541604,0.0003358848264155759,0.0005654110944306599,0.00041761499427147826,0.9923837240152439,0.0003279793815336163,0.0003878603711091313,0.0003388606059635834
Хор,0.0006825056160573082,0.000548820998864537,0.000534581773731853,0.0005859411921850696,0.0005865294388665243,0.0006282796446334207,0.9870957551342743,0.0015744675632486417,0.0006642115866423347,0.0007209836196230708,0.0006330282843048789,0.0005764294191331008,0.0006018374149707291,0.0005698532915523854,0.0009592614770110347,0.0007085145478477704,0.0005396222666450304,0.0005564411391583507,0.0006580336577107221,0.0005749019335389256
слушай экзорцист,0.0005061586562422402,0.00040701566628055264,0.00039645563182971787,0.00043454469005604614,0.0004349809564997073,0.00046594365039015365,0.0004130667022268153,0.0011676527300621704,0.0004925914392325173,0.0005346946144018423,0.00046946533049347413,0.0004274905905353484,0.0004463336047148294,0.0004226136322811294,0.000711405807150315,0.000525447337403161,0.0004001937571326053,0.9904295776234272,0.0004880097975629434,0.00042635778207726816
Майя Кристалинская,0.0005912686801124287,0.00047545490448012414,0.00046311921674378656,0.0005076129202523568,0.0005081225574313443,0.0005442915758360087,0.00048252343914817383,0.0013639938073153842,0.0005754201891171908,0.9889628663550828,0.0005484054314060533,0.000499372694465076,0.0005213841253330137,0.000493675648713856,0.0008310279580835541,0.0006138007494073498,0.00046748589729092365,0.00048205639542538235,0.0005700680819671562,0.0004980493723880171
Алла Пугачева,0.00042663022218007897,0.00034306474409600987,0.00033416389063654184,0.00036626835470981306,0.0003666360816029677,0.00039273386439215495,0.000348165015695851,0.0009841791927726552,0.0004151947161582969,0.0004506825877907218,0.0003957022222304318,0.0003603226168459322,0.0003762049843782625,0.00035621193367672377,0.0005996286560129929,0.0004428882328473477,0.0003373147003856368,0.00034782805155109873,0.9919968121536481,0.00035936777838842384
Кристаллинская Майя,0.0007720684571070802,0.0006208408202360489,0.0006047330723247395,0.0006628322345708457,0.000663497664555134,0.0007107266042561181,0.0006300708090926426,0.0017810785338103062,0.0007513737708602333,0.9855879019155239,0.0007160983564893249,0.0006520722573362766,0.0006808144437998628,0.0006446331435957251,0.0010851420306360424,0.0008014904508473023,0.0006104350366206533,0.0006294609674249216,0.0007443851262106901,0.0006503443047021286
Людмила Зыкина dnb mix,0.00035778519097516185,0.0002877045901657171,0.04718164567128952,0.0003071638777470706,0.00030747226194848367,0.0003293586635801246,0.2114478295937076,0.0008253801287410443,0.00034819501274631706,0.0003779562418662321,0.7352179024053421,0.0003021775764579328,0.00031549703237802624,0.00029873022758502025,0.0005028669483272253,0.0003714196376664797,0.00028288243448775055,0.0002916992656988576,0.00034495639655484413,0.0003013768427345015
Мультфильмы детские,0.0002679156372638086,0.00021543810881676672,0.00020984855919878025,0.00023000954986785298,0.00023024045961357286,0.000246629361761942,0.0002186409847326317,0.0006180911979704005,0.0002607343558134502,0.0002830200566578956,0.00024849343263459294,0.00022627571832480866,0.00023624955541752163,0.9949394904391022,0.00037655535478898876,0.0002781253463043646,0.0002118271827257233,0.0002184293708227339,0.00025830922140689604,0.00022567610677499852
Ольга Арефьева,0.9910330492759605,0.0003851125197970668,0.000375120767028638,0.00041116012874532786,0.00041157290838587446,0.00044086937803174684,0.00039083794192263223,0.0011048281219554032,0.0004660831331069697,0.0005059205739233547,0.0004442015338947846,0.00040448563067826726,0.0004223146377852873,0.0003998711017967027,0.0006731222598585044,0.0004971709144708145,0.0003786577265531385,0.0003904596503222779,0.0004617480301105414,0.0004034137656721549
Google Тёлка,0.0005061587133745298,0.00040701572362347954,0.00039645566009124836,0.00043454474734048543,0.0004349810137832197,0.00046594370760788333,0.0004130667595568863,0.0011676538917346818,0.0004925914963936317,0.0005346946714735051,0.00046946538770372174,0.0004274906478347747,0.0004463336619742222,0.00042261366048708507,0.0007114059220542049,0.0005254473944944704,0.0004001937853861938,0.9904295755191805,0.00048800982562995977,0.0004263578102752691
Ирина Туманова,0.0008671308165492907,0.000697283004357382,0.0006791919457233727,0.0007444446588129259,0.00074519204522891,0.000798236049873435,0.1744003635750564,0.002000385330317169,0.0008438880303348231,0.0009160175133587369,0.0008042692743295681,0.0007323598162785841,0.0007646409140596217,0.0007240048044890577,0.8104233984338658,0.0009001753660617961,0.000685595953004258,0.0007069644524122858,0.0008360389013600409,0.0007304191145266119
NHK World,0.0009124122676228042,0.000733695011665021,0.0007146593016235142,0.0007833194885806841,0.0007841058740996739,0.0008399198627963721,0.07080495538030346,0.002105017479159733,0.0008879557361898834,0.0009638518340750076,0.0008462681650804273,0.0007706035590686578,0.0008045704076300514,0.0007618122811937809,0.0012823951291903544,0.0009471824401329451,0.0007213977116609573,0.0007438820510765269,0.0008796967673876313,0.9127122992514625
OST Кисло,0.0007724665581626236,0.0006211609661376298,0.0006050448929228833,0.0006631739797063304,0.0006638398172106771,0.0007110930342207901,0.0006303956707361184,0.0017820405349965687,0.0007517611596403579,0.0008160163123513309,0.0007164675809579481,0.0006524084716698827,0.792527879534824,0.19356266242574482,0.0010857015145795874,0.0008019036888316723,0.0006107497681710272,0.0006297854797615519,0.0007447689636258767,0.0006506796457483334
Bahh Tee,0.00019435174278503522,0.0001562834258901897,0.00015222863685849464,0.00016685384906209468,0.00016702137069849994,0.00017891024095372898,0.0001586068572728033,0.9966151018052317,0.00018914228846446892,0.00020530882486945968,0.00018026247758185266,0.0001641452576141254,0.00017138049846401884,0.00016227262998187657,0.00027316131583287673,0.0002017580995941442,0.0001536639794686814,0.00015845334912978392,0.000187383063899672,0.00016371028634642302
Дмитрий Авилов,0.0001871477320461525,0.0001504904731334127,0.020544310048553054,0.00016066909986825833,0.00016083040782622043,0.00017227858712547646,0.00015272780068602973,0.00043173297148800115,0.00018213138197157786,0.00019769865492863032,0.9760846931698296,0.0001580609022555039,0.00016502795084814622,0.00015625768737784635,0.0002630360758653783,0.00019427955195210154,0.00014796813180861286,0.0001525799677997025,0.00018043735009875476,0.0001576420545375045
Lasha MC,7.636930217116977e-05,6.14105896236613e-05,0.7491051414042516,6.556417148265361e-05,6.562999706471572e-05,7.030165615871967e-05,6.23235694193473e-05,0.0001761733410155366,0.22142425982186764,0.011875179359740837,7.083300473911446e-05,6.449985178347563e-05,6.734288828588267e-05,6.376401243444422e-05,0.00010733702619642103,7.927957579127726e-05,6.0381296380993434e-05,0.01636624920352024,7.363099579236194e-05,6.432893227996938e-05
ЗАПАС,0.000591383849613889,0.0004755475060060736,0.9693347739596808,0.0005077117825746471,0.0005082215071201611,0.0005443975725577435,0.0004826174093174956,0.0013642268434626915,0.0005755322136934523,0.0006247246195607801,0.0005485122143754704,0.0004994699260829833,0.0005214856957987129,0.019958232041511835,0.0008311897778133692,0.0006139202869166485,0.0004675769554532748,0.0004821502927846934,0.00057017914553904,0.0004981464001362098
Соня Мармеладова (Гнойный),6.478408825448455e-05,5.209461039535718e-05,5.074301391280703e-05,5.5618098486699375e-05,5.567393782523649e-05,5.963690104681259e-05,5.286909245298236e-05,0.00014944744668948383,6.304759360155025e-05,6.843645174928478e-05,6.008764663575964e-05,5.4715232152771196e-05,5.7126979350141675e-05,5.409102045266859e-05,0.9988133042036746,6.72528789614167e-05,5.122146271127653e-05,5.281792064140747e-05,6.246118050249008e-05,5.457024050267043e-05
Билли Бро,0.00023928748417630381,0.00019241743669485382,0.00018742516913197244,0.08072683559807098,0.0002056380996268444,0.00022027576991661202,0.00019527808141641277,0.0005520077192281409,0.00023287355264257353,0.00025277792507623137,0.0002219406400570564,0.0002020970073201551,0.026239113139826194,0.00019979141632484992,0.18174535812054646,0.00024840623851667484,0.00018919236834467169,0.00019508908113335732,0.6227634218985314,0.08499077325341828
KILLJOY | RHYME TIME inc.,0.00033080976994518074,0.0002660129427826518,0.0002591112312363321,0.00028400507651951115,0.00028429020675013045,0.0003045264786744548,0.9937453396635962,0.0007631292198275507,0.00032194264759923333,0.00034945999950471683,0.00030682815513546614,0.0002793947386780898,0.00029170996648518384,0.00027620728712583634,0.0004649530224167225,0.0003434162397873679,0.00026155435231516624,0.000269706422641507,0.0003189482126530294,0.0002786543663256631
FCKN BEST,0.00015999060557335136,0.0001286527105951527,0.00012531480722736843,0.00013735430376161773,0.00013749219769398785,0.0001472791307772841,0.00013056537045046403,0.021892759218360005,0.00015570217121544302,0.9754897988679737,0.0001483922939527362,0.00013512458681486696,0.00014108062680466825,0.00013358302985775133,0.00022486673216313356,0.0001660875080858777,0.0001264963789482059,0.0001304389870816761,0.00015425396478345978,0.00013476650787925794
Гнойный (a.k.a Соня Мармеладова),6.478408825448455e-05,5.209461039535718e-05,5.074301391280703e-05,5.5618098486699375e-05,5.567393782523649e-05,5.963690104681259e-05,5.286909245298236e-05,0.00014944744668948383,6.304759360155025e-05,6.843645174928478e-05,6.008764663575964e-05,5.4715232152771196e-05,5.7126979350141675e-05,5.409102045266859e-05,0.9988133042036746,6.72528789614167e-05,5.122146271127653e-05,5.281792064140747e-05,6.246118050249008e-05,5.457024050267043e-05
Соня Мармеладова (ГНОЙНЫЙ SLOVO SPB),6.478408825448455e-05,5.209461039535718e-05,5.074301391280703e-05,5.5618098486699375e-05,5.567393782523649e-05,5.963690104681259e-05,5.286909245298236e-05,0.00014944744668948383,6.304759360155025e-05,6.843645174928478e-05,6.008764663575964e-05,5.4715232152771196e-05,5.7126979350141675e-05,5.409102045266859e-05,0.9988133042036746,6.72528789614167e-05,5.122146271127653e-05,5.281792064140747e-05,6.246118050249008e-05,5.457024050267043e-05
youhate,0.0004172341473830411,0.00033550910635410706,0.00032680429609726025,0.00035820171243239844,0.00035856131936509077,0.0003840843311910505,0.0003404970663864369,0.6089127124182192,0.00040605050565393244,0.0004407567947141962,0.00038698732189259834,0.00035238691256858694,0.0003679194815183449,0.00034836674222003957,0.19145530652273038,0.0004331340939883005,0.0003298856932812784,0.00034016749460707405,0.07787203866040698,0.11583339537898975
Flowdan vs Logan Sama,6.963962096754109e-05,5.599907453309403e-05,5.454617499368392e-05,5.9786643242739516e-05,5.984666625273207e-05,6.410665559584706e-05,5.683160412268956e-05,0.00016064848123028793,6.777298139052667e-05,7.356572754272549e-05,6.459118342231344e-05,5.8816106932490146e-05,6.140861420262323e-05,5.8145114509553166e-05,0.9987243619678444,7.229343909211412e-05,5.506048331350135e-05,5.6776597885275936e-05,6.714261427534088e-05,5.8660248650527533e-05
Redo,6.963964277033167e-05,5.599908906484007e-05,5.4546193163931894e-05,5.978666141110008e-05,5.984668442107102e-05,6.41066774006304e-05,5.6831622292114416e-05,0.00016064849572434343,6.777300319398954e-05,7.356574934410205e-05,6.459120522692227e-05,5.881612510120026e-05,6.140863600837829e-05,5.8145129040526284e-05,0.9987243616081439,7.229346089394891e-05,5.506050148356409e-05,5.677661241674194e-05,6.714263607903078e-05,5.866026681929378e-05
Grime,0.0001889685813790705,0.0001519546672576142,0.00014801220447019261,0.0001622323204193355,0.00016239519999434402,0.00017395477492871124,0.0001542137646169123,0.0004359290144455104,0.00018390342386356145,0.00019962216869077572,0.00017526955492349328,0.00015959875865338195,0.9964395614695987,0.00015777799405191525,0.00026559527962461847,0.00019616978526787994,0.00014940779124421368,0.0001540645056335421,0.00018219290456364615,0.00015917583637262855
Eminem,0.00013022598970284312,0.00010471818485886793,0.00010200126789849142,0.00011180094165276474,0.00011191318238600655,0.00011987935496838758,0.00010627501776196382,0.01308547202112407,0.4991460396336231,0.00013756781240631784,0.00012078542263031906,0.19541290746435314,0.00011483402441506453,0.07810907585593517,0.21250692883223468,0.0001351886326416827,0.0001029630275550694,0.0001061721557374262,0.00012555659693903502,0.00010969458117561905
Radiohead,0.00043746627037489767,0.0003517782802883685,0.0003426513775107691,0.07702730388475805,0.0003759483414431986,0.9151227227585728,0.00035700812206517667,0.0010091876339135997,0.0004257403082960656,0.0004621295541311857,0.0004057527293996237,0.0003694745146747038,0.00038576029016362654,0.0003652594070232528,0.0006148586815293198,0.0004541372059457047,0.0003458821936427001,0.0003566625722954765,0.00042178044123084143,0.0003684954327406952
Bassnectar,0.0007895366336716528,0.0006348874810169646,0.0006184152937405375,0.0006778289057141769,0.0006785094115322225,0.0007268068727834746,0.00064432626144095,0.001821374316764075,0.0007683737234585206,0.0008340487922239637,0.0007323002212205671,0.0006668255032399765,0.0006962179878327798,0.9850869964898024,0.0011096935207833196,0.0008196242924142224,0.0006242462466378699,0.0006437026245121552,0.0007612269862812361,0.0006650584349289487
Ronan Keating,0.00026424618665330375,0.00021248741162275723,0.0002069744040848506,0.1734629093481335,0.0002270870277689885,0.38848807715260925,0.00021564642863570953,0.08427705465525807,0.0002571632748728005,0.0002791437387066096,0.0002450900166843309,0.00022317659352278385,0.00023301381900903758,0.00022063050316832426,0.00037139793195874567,0.00027431608270799625,0.00020892594684942327,0.0002154376959673947,0.3498946365926396,0.00022258518914653022
MuDvAyNe,0.0001484612586725407,0.00011938165269613029,0.00011628429239178049,0.9971993195452804,0.000127584151786064,0.00013666581202529814,0.00012115648414095818,0.00034248330804615595,0.00014448186321591136,0.0001568311411511715,0.00013769875052387534,0.00012538714749349124,0.00013091399346557781,0.00012395669436513458,0.0002086622496532326,0.0001541188099345449,0.00011738072089034773,0.00012103921754345195,0.0001431380230786023,0.00012505488364527388
George Thorogood And The Destroyers,0.0001261703653598301,0.0001014569510527871,9.882464798688025e-05,0.00010831912455153009,0.00010842787100759894,0.00011614595172965646,0.00010296529335677161,0.00029105938762722636,0.0001227884568050638,0.00013328353027758494,0.00011702380323983728,0.00010656074397892481,0.00011125775269083148,0.00010534506250074368,0.0001773324078988482,0.00013097844883410442,9.975645071957883e-05,0.00010286563457122532,0.9976331597517304,0.00010627836408062212
Bones,0.0004373697217856356,0.0003517006399781493,0.0003425757443837839,0.0003754883666799811,0.0003758653486262566,0.3508289738993219,0.00035692931816390345,0.6419562618520266,0.0004256463486872699,0.0004620275366728957,0.0004056631623207252,0.0003693929472495708,0.0003856751447179355,0.0003651787995714379,0.0006147230073563197,0.0004540369920657946,0.00034580586237107134,0.00035658385566855174,0.00042168735431130617,0.000368414098040964
СТЕПАНЕНКО Pump,0.9985477302102514,6.23723496814783e-05,6.075410041137007e-05,6.659098602308586e-05,6.665784479343629e-05,7.140266380499733e-05,6.329963404183424e-05,0.00017893006201159358,7.54862511057436e-05,8.193827887763918e-05,7.19423360995269e-05,6.55099970677084e-05,6.839756253036521e-05,6.476263257602429e-05,0.00010901805265395442,8.052119163313367e-05,6.132694015661707e-05,6.323836320658329e-05,7.478414306759955e-05,6.533640000580928e-05
Dead Hearted,0.0006453483177448148,0.0005189417596190415,0.0005054778029587012,0.0005540410977083439,0.0005545973301499965,0.0005940744666839085,0.0005266567780905729,0.0014887759206889861,0.0006280502222259926,0.0006817314258739507,0.0005985646059209406,0.00054504714043313,0.0005690718300731591,0.0005388290484687122,0.0009070368222590552,0.0006699411723977124,0.0005102439047329743,0.00052614705357283,0.9878938205249501,0.0005436027754470305
LIL PUMP,0.00019005399061657114,0.00015282747086206767,0.00014886236506538156,0.00016316416174129423,0.94628821258469,0.00017495393409192454,0.00015509953410915218,0.00043843054311700587,0.0001849597289761759,0.00020076876935108798,0.0001762762666071362,0.0001605154658304185,0.00016759069421042283,0.00015868425284797948,0.0002671208305443059,0.00019729655146705436,0.00015026597002581666,0.00015494941655410738,0.00018323940158596657,0.05028672806770615
ТГК,0.0627454073785221,0.00554549853888426,0.012593308286316524,0.030879125137138405,0.026122626598350938,0.00018687410418274922,0.00016566696227186337,0.16764643271066873,0.05048588979500005,0.08631391150347606,0.1927975347796009,0.00017145189179443768,0.037732595547723784,0.0016493565209112213,0.19581496067805318,0.0508939668718989,0.020599730678455993,0.03053309813258227,0.00019572407508471447,0.02692683980908293
Jamal TGK,0.00034709814212003607,0.0002791108645749102,0.00027186933657887187,0.00029798889013370373,0.00029828807751961097,0.00031952071944702675,0.0002832603724283253,0.0008007211380850579,0.00033779443305241775,0.0003666666851805839,0.0003219357262656254,0.00029315154233101523,0.0003060731486692683,0.0002898071628670688,0.9936419422029764,0.0003603253386870854,0.00027443274383334026,0.00028298621433734805,0.00033465255804675367,0.0002923747028655838
Патриотические. Русские народные военные песни.,0.0003574600966800199,0.000287443175934796,0.00027998546465718476,0.0003068847972458296,0.00030719289040505147,0.0003290594138446702,0.00029171654970721776,0.0008246329648039067,0.00034787864972117164,0.00037761281190369915,0.00033154648175713007,0.0003019030362170827,0.00031521035567201784,0.0002984588014974731,0.0005024100700594031,0.0003710821740715679,0.9932323420783299,0.00029143421343878675,0.000344642973057389,0.00030110300099567245
Русский,0.00036577574293768716,0.00527069214363839,0.057352047090921815,0.033405668805685365,0.000314339158552162,0.0003367143597539566,0.00029850280846320824,0.08092793500236056,0.12186348418852827,0.262860225454374,0.01680638317567523,0.00030892623765263813,0.04986242532669772,0.08315416142006722,0.08320784104820436,0.116158921008908,0.083003660934014,0.0002982138898810273,0.0038959745998062394,0.00030810760387819534
Русская Императорская армія,0.000988366629147513,0.0007947718911701312,0.00077415153455966,0.000848527368930641,0.0008493792381180745,0.000909839482266893,0.000806587639852378,0.0022800482819525132,0.0009618741668064875,0.0010440882454398387,0.000916716252307328,0.9813409657608777,0.0008715473365593522,0.0008252297507365687,0.0013891488756104992,0.0010260311798035396,0.0007814508922530343,0.0008058069586400885,0.000952927648589301,0.0008325408663784132
Русские Знаки,0.0008268768620050017,0.0006649137394192653,0.0006476625005200629,0.0007098860301594244,0.0007105987248258993,0.0007611803719544,0.0006747989145604583,0.0019075363552160305,0.0008047130706910261,0.0008734941596031523,0.0007669335012785625,0.0006983622510035357,0.000729144793262486,0.0006903950766753951,0.001162175197153922,0.9845496735259558,0.0006537692414171457,0.0006741457663366332,0.0007972283215013816,0.0006965115964604204
Русские народные песни - Хор Валаамского Монастыря,0.0005913754038902802,0.000475540702597694,0.0004632027738657526,0.0005077045100339043,0.0005082142345244103,0.0005443897721890278,0.0004826104887308305,0.0013642449734450838,0.00057552400251115,0.9889608697007569,0.0005485044135627149,0.0004994627708469996,0.0005214781889408852,0.000493764764669071,0.0008311779301662643,0.0006139114895150068,0.00046757026932037584,0.00048214337224843806,0.0005701709931420861,0.0004981392450430571
Русские романсы,0.9924651450499228,0.0003236068899890518,0.000315210900507614,0.0003454944840375752,0.0003458413434912703,0.00037045890595866046,0.0003284179278185971,0.0009283779134449591,0.0003916458252842682,0.00042512090577955495,0.0003732588981940728,0.0003398859430405393,0.0003548675182177878,0.0003360084105791153,0.0005656190952730473,0.00041776863787291275,0.00031818298369366393,0.0003281000266763995,0.00038800307342470343,0.00033898526679339194
ГИМН РУССКОГО РАДИО,0.9902409842799895,0.00041913068758522534,0.0004082563317938866,0.0004474791296331179,0.000447928376383988,0.00047981270119015404,0.0004253618471218955,0.0012024080555888693,0.000507253656652216,0.000550610100855326,0.0004834392132812994,0.00044021507509849625,0.0004596189491439813,0.000435192917847256,0.0007325811701988604,0.0005410875016454147,0.0004121057210305466,0.0004249501443143152,0.0005025356344454557,0.00043904850620013356
Каспийский Груз,0.00026990028002626373,0.000217034015971917,0.0002114030650584662,0.00023171339143709062,0.00023194603290602593,0.00024845634489856,0.00022026062668990655,0.0006226586415578045,0.000262665824468732,0.000285116606611863,0.00025033421135256816,0.00022795192507446993,0.0002379996296456954,0.00022535136685391803,0.0003793447688819327,0.0002801856319252669,0.00021339635730415477,0.9948967106862914,0.0002602227325229877,0.00022734786052095932
Песни Фанатов ЦСКА,0.0006696261546613692,0.0005384642045516802,0.0005244937247504172,0.9873676934543726,0.0005754611126210697,0.0006164234178450106,0.00054646950467154,0.0015447470188024867,0.0006516772973963372,0.0007073780161413206,0.0006210824757392433,0.0005655516651673847,0.000590480145293409,0.0005590996365788159,0.0009411593223363098,0.0006951442202226735,0.0005294391061470828,0.0005459405716228293,0.0006456159586529258,0.000564052992425539
Фанаты ЦСКА,0.0006696261540377312,0.0005384642622578608,0.000524493782469609,0.9873676925348147,0.0005754611702927943,0.0006164234754785861,0.0005464695041626005,0.001544747133779158,0.0006516773549970799,0.0007073780736901881,0.0006210824751608151,0.0005655517228483382,0.0005904802029511461,0.0005590996942657784,0.0009411593796674515,0.0006951442777829346,0.0005294391638616688,0.0005459405711143825,0.0006456160162593137,0.0005640530501078883
История России. ХХ век,0.0014914764092446807,0.0011993359825624413,0.001168219096415403,0.0012804546495438723,0.001281740107607846,0.0013729765472570907,0.0012171662707834373,0.47263762329313946,0.0014514985703228428,0.001575562270134331,0.0013833538096934784,0.0012596685761169094,0.5027014927415528,0.001245297802230916,0.0020962696435973976,0.001548313516127453,0.0011792340820246262,0.0012159882640682274,0.0014379978846065775,0.001256330482970163
я дура миша,0.0002699002549998155,0.0002170339958474823,0.00021140304545616027,0.00023171336995151382,0.00023194601139887752,0.0002484563218604963,0.000220260606266285,0.0006226320993386291,0.0002626658001130972,0.00028511658017448395,0.00025033418814037964,0.00022795190393767433,0.00023799960757722846,0.00022535134595825867,0.0003793447337072667,0.00028018560594511154,0.00021339633751702122,0.9948967376439761,0.0002602227083938881,0.0002273478394401755
Оратория 2005 (demo),0.26475169478187593,0.0006983962374917825,0.0006802763075564941,0.0007456331552387804,0.0007463817640281004,0.0007995104617031733,0.0007087792044944515,0.3753400459382838,0.0008452353189167629,0.0009174799378959177,0.0008055533487315574,0.0007335290457672984,0.0007658617160738361,0.0007251607042841967,0.3468711068868685,0.0009016125282101517,0.0006866905594924173,0.0007080931689458219,0.0008373736751640888,0.0007315852589769592
Мирко Саблич,0.0002768062826307202,0.0002225873136690464,0.00021681228397413976,0.00023764230387077968,0.00023788088253223205,0.00025481365196384093,0.00022589649210805654,0.9951790445823556,0.000269386697262333,0.0002924119609864847,0.00025673956893156865,0.0002337845764093781,0.0002440893846984618,0.00023111747215635528,0.0003890511472770046,0.00028735482095949074,0.00021885658077784882,0.00022567784957140991,0.00026688109017215236,0.0002331650576930615
Миша Fint,0.0002851750459788577,0.00022931686471578612,0.0002233672268820511,0.0002448270089608226,0.00024507279080825003,0.00026251751031335416,0.0002327260728527576,0.0006578698500610243,0.00027753115776428907,0.00030125252574110273,0.00026450166394844765,0.0002408526480939199,0.00025146899781509647,0.00023810491181347067,0.00040081346978873864,0.000296042474444588,0.00022547332556637143,0.994607922259827,0.00027494979353011794,0.00024021440109402845
Каратель,0.15141277716424176,0.00018178435245034524,0.0001770679482631379,0.005614332730225071,0.0034721964333249544,0.13226096466969348,0.002487823398890676,0.13082513419908387,0.06630501146895007,0.00774779071081426,0.0002096760867170021,0.00019092901471824526,0.012703297375598355,0.01705102243587762,0.1015810830765126,0.02853765710044934,0.0001787374991701667,0.00018430834875563418,0.2433822599573321,0.09549614602893126
Каратели Сиона,0.00036489612117474865,0.0002934227000544333,0.0002858098363440098,0.00031326871886194085,0.0003135832148602543,0.0003359046018099563,0.9931008421751173,0.0008417841334712898,0.0003551153421933304,0.00038546804773627563,0.0003384434454076681,0.0003081833191512892,0.00032176750318949006,0.0003046674599452688,0.0005128613661069567,0.0003788015533000663,0.0002885046764761433,0.00029749674163613885,0.00035181237751143207,0.00030736666565205957
ЦеРН и ЦСНА - (Не) Герои,0.0001853387101756806,0.00014903580505425378,0.00014516905613973937,0.00015911603170956312,0.00015927578261213965,0.0001706132945637336,0.00015125149390260556,0.5428370058631793,0.00018037084709682287,0.0001957876532064212,0.00017190282689956183,0.00015653305257326894,0.00016343274033063328,0.06578939214141635,0.0002604935062857067,0.3884928268040291,0.00014653783819459034,0.00015110510165630204,0.00017869320068533253,0.0001561182502888871
Армейские песни под гитару,0.0007723109908180059,0.0006210358485440807,0.0006049230939269864,0.0006630404200181616,0.0006637061410757477,0.0007109498680059109,0.0006302686900613718,0.0017816505759367625,0.0007516097842250036,0.0008158520118012275,0.0007163233085437324,0.0006522770661734972,0.9854485384470755,0.0006448356819430235,0.0010854828353400753,0.0008017421829156657,0.0006106268047525358,0.0006296586737386033,0.0007446189855245443,0.0006505485895795459
Цыганский Барон Олександр Набок,0.00046608643063641796,0.0003747925062872714,0.00036506850797687554,0.00040014209100490194,0.0004005438112221882,0.0004290552073348608,0.0003803644934668626,0.0010752050492337103,0.000453593318959803,0.0004923632343935706,0.0004322981020107375,0.9912009169569579,0.0004109976754754303,0.0003891555974901546,0.0006550842823033728,0.0004838480056104189,0.0003685106766024559,0.000379996329969893,0.0004493743981152011,0.00039260332494798166
Витос,0.11042122418966495,0.00029552754611833124,0.0002878600691002141,0.0003155159335098557,0.00031583269232974095,0.00033831420846619,0.0002999211040912881,0.8019491037167616,0.00035766273358280005,0.00038823318658902324,0.0003408712492238373,0.00031039405944382955,0.0003240756757766284,0.0003068529672307309,0.07444106180907993,0.008053436153358559,0.0002905742705448835,0.0002996308152056334,0.00035433607839599474,0.00030957154152599816
Ресторатор,0.4692003322755632,0.00013484017402146375,0.00013134174838279214,0.00014396026596303602,0.0001441047955726333,0.0001543624251815264,0.00013684483113871247,0.462128539805403,0.00016319057662493705,0.00017713893541567818,0.0001555291248844526,0.016813133326159014,0.04939470387156111,0.00014000763143347025,0.00023568156182249592,0.0001740753937261422,0.00013258014536587202,0.0001367123796177142,0.00016167271013397194,0.00014124802202876468
Can4eZ(SV),0.00010963331778467322,8.815907465117505e-05,8.587178317297526e-05,9.412183005100548e-05,9.421632289662466e-05,0.032397305723879055,8.946972177928503e-05,0.5818780276569572,0.00010669467541460664,0.00011581417725320932,0.06078703795195958,9.259391558917453e-05,0.019154873244149235,9.153757041280365e-05,0.06696597848886157,0.1234206200374512,0.11414061054270762,8.938312334634752e-05,0.00010570229317084823,9.234854851188067e-05
Пика,0.00039398298152532664,0.0003168122241626136,0.06833022171933215,0.0003382402397423174,0.00033857979413643634,0.0003626805018113767,0.31173423316398347,0.6137039140913623,0.0003834225692026011,0.0004161947632688792,0.00036542170432435177,0.00033274945281309244,0.0003474164738714802,0.000328953323744565,0.0005537429310565715,0.0004089968620393679,0.0003115022011265808,0.00032121100625582784,0.0003798563021898507,0.0003318676940508895
ВИТОС,0.0004427361898471225,0.0003560159915988208,0.00034677913330240034,0.0003800956013104912,0.0003804771816729772,0.0004075602197018981,0.00036130881477948674,0.5867424051281839,0.00043086898527652285,0.0004676965688753908,0.0004106406276590522,0.00037392538485792634,0.0003904073223898675,0.00036965949044625744,0.4061690115189287,0.00045960797323029546,0.0003500488616972,0.00036095910311480575,0.00042686141649199346,0.0003729344866349409
Rigos,0.00021185060714711012,0.00017035471815058363,0.00016593486528153334,0.0001818768800778066,0.00018205947749591096,0.00019501878645947343,0.00017288736238406485,0.9963103355067395,0.00020617211557196307,0.00022379422161044552,0.00019649277894230965,0.0001789244131225919,0.00018681108490257233,0.00017688318702820734,0.00029775596938090733,0.00021992380536200144,0.00016749944342963092,0.0001727200153719354,0.00020425447888401462,0.00017845028265744392
Витоса,0.00012632352457081806,0.00010158010779316244,9.894460693755843e-05,0.00010845061227986467,0.00010855949334141052,0.00011628694187744432,0.00010309028728006904,0.993476245082789,0.00012293751236782993,0.0001334453333433122,0.00011716585931752517,0.00010669009984745254,0.00011139280564545914,0.00010547293770897576,0.00017754766025506765,0.0001311374506506109,9.987754472188394e-05,0.00010299050480300396,0.004445454260129052,0.00010640737434048478
RC [SKL],0.000234516991777349,0.00018858135969052812,0.00018368861350818503,0.0002013363155009487,0.00020153844157789298,0.0002158842998712517,0.0001913849749793918,0.6492389215013585,0.00022823094354394873,0.0002477384964828676,0.29834597507700383,0.00019806795575424705,0.04875498765652632,0.0001958083200916131,0.00032961355658598057,0.00024345396207244406,0.00018542058223949595,0.00019119972912197636,0.000226108139522892,0.00019754308279029432
Коньяк,0.021100914380310434,0.5632078223729207,0.00019268438341440007,0.00021119633904443668,0.00021140837498527084,0.00022645678587673325,0.00020075765440824632,0.2962908819839294,0.0002394080767667245,0.0002598709638688506,0.00022816838201707474,0.00020776792262657988,0.00021692596605948206,0.013680754131101125,0.00034575569169467143,0.00025537660518882617,0.10227888797837065,0.00020056334269882633,0.00023718131376224111,0.00020721735095535204
SKVerniy_hhiu_r 2_(vs. Vitos MC),0.10201272094099101,0.00015931672104609168,0.00015518323508471632,0.0001700923121195142,0.00017026307884012684,0.000182382699319813,0.00016168524891262728,0.20735443570897044,0.05049910260535629,0.18726741764010238,0.22290956374582493,0.00016733114448684567,0.06228717249022601,0.00016542216609086372,0.0002784630849113487,0.16538336428306563,0.0001566464446734953,0.00016152875762046978,0.00019101995926750702,0.0001668877330898463
витос,0.0003307199601144752,0.0002659407398702978,0.00025904089087336367,0.00028392798441328646,0.00028421302733637043,0.011467596821395304,0.00026989443713547106,0.40146110530875484,0.00032185525326342197,0.0003493651258662893,0.00030674483512619987,0.00027931889797260494,0.0002916307499062426,0.00027613231949103856,0.00046482677645156217,0.00034332302498341793,0.415931086887633,0.00026963320114633475,0.0003188616331829222,0.1662247821250836
Вообще,0.0003659283979055791,0.0002942527847352908,0.05704129088533328,0.00031415495451497257,0.00031447035008244704,0.07394437126022485,0.00029862739541801857,0.23390967003498775,0.0003561199624653778,0.00038655855437008153,0.00033940090047704494,0.012333433500034506,0.00032267777188982143,0.17411344136750417,0.17530712791942818,0.19829124250048408,0.00028932087141302705,0.00029833835204633977,0.03875738012247659,0.03272219211420856
Rotoff,0.00063393699915316,0.0005097656147574973,0.000496539727382472,0.0005442442846831424,0.0005447906800320761,0.9880802685238131,0.0005173442527069131,0.0014624324192146674,0.0006169447848309999,0.0006696767963431065,0.0005879805344400232,0.0005354094089132636,0.0005590092991292772,0.0005293012711982263,0.0008909982283848803,0.0006580950426663853,0.0005012215444806699,0.0005168434921671372,0.0006112064986177338,0.0005339905970851759
Billy's Band,0.00019230801493480174,0.0001546400092653824,0.00015062785762111358,0.0001650992841897715,0.026138857089889708,0.0001770288844239462,0.0001569390078242877,0.3343271147239073,0.00018715334892941654,0.6365531391983261,0.00017836690373891222,0.00016241917102414327,0.00016957831941716742,0.00016056623226057504,0.00027028886560167046,0.00019963648938982773,0.00015204810979757604,0.00015678711495430015,0.00018541260541662472,0.00016198876908741
БьЯНК@,0.2897773023878046,0.00039575173584070826,0.0003854839618309876,0.000422518938334986,0.0004229431266982751,0.0004530489462701754,0.00040163533757890153,0.0011353497149524325,0.0004789592737186926,0.0005198973070339416,0.000456473157720109,0.0004156600380553051,0.0004339815993047888,0.5909843327795203,0.11112632758120372,0.0005109059107161872,0.00038911862309601173,0.00040124659768398196,0.0004745044082372559,0.0004145585743985613
Пилот,0.0002742130668903385,0.0002205020451530971,0.0002147811062716524,0.00023541598013538658,0.00023565233229826094,0.0002524264673596388,0.0002237802126903067,0.14919084496670731,0.0002668629831965286,0.0002896725239685419,0.00025433433950408727,0.000231594400529576,0.0002418026690138453,0.00022895228253596176,0.00038540638400910883,0.8463180268283321,0.00021680625227896283,0.00022356360747269896,0.00026438086348088525,0.00023098068817167285
Волин Виталий,0.00033404744756774645,0.0002686164436296836,0.0002616471816338147,0.00028678465673753,0.0002870725809548385,0.00030750690579141153,0.08587250042468465,0.908582222253499,0.0003250935370095909,0.000352880217592405,0.0003098311087702896,0.0002821292076522506,0.0002945649552403974,0.0002789105565817378,0.0004695035536497332,0.0003467772893857429,0.0002641142262237865,0.0002723460706916333,0.00032206979430694587,0.0002813815883967951
группа Весна,0.0004722936960654851,0.0003797839591070968,0.00036993044874137726,0.0004054711482835476,0.000405878223606043,0.07943448574891075,0.0003854301610599634,0.0010895420628624839,0.000459634226881404,0.0004989204443065043,0.00043805539308309653,0.0003988889961414962,0.0004164713205947161,0.0003943383206982007,0.0006638086218036071,0.9121754005832918,0.0003734184850072259,0.0003850570790152742,0.0004553591065359412,0.00039783197400396073
Ивангай,0.00041217270892302037,0.00033143905907170244,0.0003228398664341849,0.00035385637249059273,0.0003542116429600416,0.00037942501966564365,0.0003363665123444565,0.21503361239115373,0.000401124719914615,0.3215878407965353,0.00038229279479283404,0.0003481121201906344,0.00036345627126569774,0.00034414072777815685,0.0005793086200679019,0.3738824841582175,0.0003258838652602786,0.00033604095688682934,0.08357820175089511,0.0003471896451517509
тбили,0.0002374718789643276,0.00019095747269431388,0.00018600306995567416,0.00020387312554306981,0.00020407781276087172,0.00021860442066149328,0.0001937964055338541,0.9958641064479977,0.00023110662453881546,0.00025085997424257,0.00022025665949246482,0.00020056358381516663,0.00020940407510165203,0.000198275484564099,0.0003337666502507911,0.0002465214375946321,0.000187756866592208,0.00019360883136653812,0.00022895707405788088,0.00020003210427188648
Пикачушь,0.00022805531642163465,0.00018338536612106846,0.00017862742886600347,0.0001957888786669497,0.00019598543136099816,0.00020993601602615586,0.00018611172530080884,0.0005260969543077889,0.00022194246506350033,0.00024091252852293475,0.0002115227421093978,0.00019261056616139632,0.00020110050167428017,0.9956924247899159,0.00032053167822543424,0.00023674603923536105,0.00018031168187273045,0.0001859315871650551,0.00021987814518306656,0.00019210015779952844
◘ Легенды Про,0.00018892430948292438,0.00015191906927643884,0.0001479775233633672,0.00016219432110183647,0.00016235715701681602,0.00017391401043901104,0.0001541776281554584,0.00043582082404304014,0.00018386033080576726,0.0001995753935850134,0.00017522848480899328,0.00015956137058558786,0.0001665945433366378,0.9964315482173189,0.00026553304864973917,0.00019612382516017015,0.00014937278995854752,0.00015402839827984488,0.00018215021900446564,0.0001591385356274502
Кравц,0.0002183273007909344,0.0001755628049338081,0.0001710078084285851,0.0001874372250715258,0.00018762539587314055,0.00020098089527909317,0.000178172865355989,0.49440117918916926,0.00021247519031590765,0.00023063605190968954,0.00020249994049129322,0.00018439449258651828,0.0001925222604970191,0.00018229085332797468,0.0003068589490186806,0.5020230033552315,0.00017262021872184306,0.00017800041062163467,0.00021049893851365786,0.00018390585386194778
Светлана Разина,0.00043718012065143254,0.0003515482081144534,0.00034242727103289396,0.00037532563103875264,0.0003757024383458557,0.00040244557080912997,0.000356774615976889,0.0010085369374148506,0.0004254618412268511,0.0004618272824778302,0.00040548732865995017,0.0003692328312148471,0.00038550795575318004,0.00036502048815517603,0.0006144565062857077,0.9918312207573841,0.00034565596279377233,0.00035642929901552513,0.0004215045641469013,0.0003682543895019022
SUPERIOR.CAT.PROTEUS,0.00030923989615432447,0.0002486680442099952,0.0002422163434997917,0.0002654870458485185,0.0002657535787259568,0.00028467036989703894,0.0002523649582476012,0.4696737623012284,0.00030095095067591784,0.19657929309705052,0.03542709700705505,0.00026117729973328043,0.1255231977196006,0.0002581976932479494,0.16873164146272848,0.00032102440082074123,0.00024450017199127477,0.0002521206970762662,0.0002981517733862286,0.0002604851888220423
207. Soulkast,0.0008266594842165396,0.0006647389173820728,0.0006474922193142983,0.0007096993903146131,0.000710411910331919,0.0007609802842551699,0.0006746214728153044,0.0019069719036421075,0.0008045015144830373,0.0008732644982853383,0.0007667318999687568,0.0006981786383805194,0.0007289530886435347,0.0006902135598209163,0.001161869680646697,0.0008581617631125417,0.0006535973883801534,0.0006739685574461256,0.984492655320786,0.0006963285077743545
Песочные Люди,8.990667915747634e-05,7.229635457786425e-05,7.04206224729638e-05,0.9976090432876527,7.726370644661584e-05,8.276346679355952e-05,7.337117355029275e-05,0.00020740178529237257,8.749679476993765e-05,9.497539481346265e-05,0.0007782839400927292,7.593322488463945e-05,7.928022590102076e-05,7.506695182724554e-05,0.00012636380450964735,9.333283531392509e-05,7.10846117892869e-05,7.330015778118664e-05,8.668297408911755e-05,7.573200828398073e-05
Onyx,0.008015558107418363,0.00020299787326670323,0.11001031041295355,0.28538958850662793,0.00021694548590082315,0.019814928788677817,0.00020601581055434254,0.1966084767289812,0.0002456785439240626,0.004597295867724574,0.00023414445685799971,0.005435776087029892,0.00022260758413959617,0.00021077730635183785,0.3590904979414767,0.0011905974469218882,0.0001995954587877631,0.00020581640462073763,0.0002433934494019974,0.007658997738382204
Soulkast,0.0008266593119032065,0.0006647388028240032,0.0006474921047080421,0.0007096992758821618,0.0007104117959014583,0.0007609801117583314,0.0006746213582848465,0.0019069715597241396,0.0008045013421077957,0.0008732643843098826,0.000766731727487988,0.0006981785239158794,0.0007289529742648776,0.000690213445334022,0.0011618694510622661,0.0008581616490948895,0.0006535972737909549,0.0006739684429138433,0.9844926580714268,0.0006963283933045454
Аля Кудряшева,0.0002295402698506339,0.00018457944795799075,0.00017979052233186156,0.00019706371653362443,0.00019726156435091857,0.00021130297499314315,0.00018732356051303766,0.0005295276631074823,0.000223387604365603,0.0002424811847509654,0.0002129000402346931,0.00019386471843542457,0.00020240992951890344,0.00019165303857110095,0.00032261877666829304,0.9957110061586483,0.0001814857402306381,0.00018714225094554907,0.00022130984576213198,0.00019335099222963394
Loc- Dog,9.368307853234278e-05,7.533306353587321e-05,7.337854498043041e-05,8.042831450140094e-05,8.050906307443456e-05,8.623983252181688e-05,7.645302980018635e-05,0.10202554781171304,9.117197835473559e-05,9.89647031416132e-05,0.8964297264273223,7.912269491310817e-05,8.261027947899469e-05,7.822003238660565e-05,0.00013167154230266234,9.725315062503432e-05,7.407042302677576e-05,7.637903331543665e-05,9.032397281873846e-05,7.891302365440299e-05
Полюса,0.0005367413120101935,0.00043160799675140735,0.00042040988989080114,0.0004608003530242759,0.0004612629681370504,0.0004940964660409481,0.000438024635033537,0.001238213010756902,0.9899360666830193,0.0005670014587795969,0.0004978309339602986,0.00045332003758721714,0.0004733015645653592,0.0004481483933341048,0.0007543897220905542,0.0005571954173129713,0.00042437388033150254,0.0004376006698098135,0.0005174958500501188,0.0004521187575140394
ПОЛЮСА [26/08 клуб Грибоедов],0.0007396245617402236,0.0005947518030686494,0.0005793209518982166,0.0006349786525483806,0.0006356161428615401,0.0006808603763819689,0.0006035938961576565,0.0017062560945182794,0.9861319828749715,0.0007813227844975338,0.0006860063993554718,0.0006246708323249991,0.0006522052100885148,0.0006175443518629153,0.0010395420426238722,0.0007678101086174459,0.0005847832753064993,0.000603009665855138,0.0007131045106930261,0.0006230154646281453
[Loc-Dog,9.368309615044158e-05,7.533307470259709e-05,7.337854895902627e-05,8.042832543916304e-05,8.050906673261126e-05,8.623984319843081e-05,7.64530336406262e-05,0.10203083313874825,9.117198880971709e-05,9.89647132464184e-05,0.8964244409368708,7.912270590954e-05,8.261029031870733e-05,7.82200434235998e-05,0.0001316715509377429,9.725316080675039e-05,7.407042697428117e-05,7.637903715920164e-05,9.032398331182619e-05,7.891303466025667e-05
Армия брат,0.0003369397625781097,0.0002709422543643227,0.0002639126312141173,0.0002892677731803928,0.00028955820031927027,0.0003101694467840042,0.0002749703120155957,0.0007772765633518459,0.00032790834876359636,0.00035593560085130224,0.00031251374589443687,0.00028457200086495554,0.00029711543228670576,0.0002813254975164598,0.00047356873478209135,0.0003497798493587714,0.993620863355126,0.0002747041574725519,0.0003248584272479043,0.00028381790602760874
"Наташа, Илья, Лёша",0.0005219453670336355,0.00041971018665875167,0.0004088207846125268,0.000448097830457134,0.11344405424122846,0.22732635163936668,0.00042594996068544223,0.001204088812961335,0.20627808862631067,0.0005513713773097404,0.00048410762204079377,0.0004408237353852116,0.00046025444240319947,0.0430943189696362,0.12526285825523517,0.0005418356817486969,0.2773188987856552,0.0004255376758173606,0.0005032304396320249,0.0004396555658218161
Любэ,0.0002680961026741471,0.00021558321996170576,0.00020998990640219763,0.00023016447113152796,0.00023039555553394956,0.004576006442560809,0.00021878827040142175,0.0006184708138233167,0.00026090998311848184,0.5927643471806365,0.0002486608217680592,0.0002264281419345771,0.0002364086918270761,0.00022384496465107008,0.0003768089856314905,0.0002783126991719153,0.0002119698748150455,0.3981205025296594,0.00025848322436404405,0.0002258281199331965
Армейская,0.00033693971817708775,0.0002709422101092801,0.00026391258697462346,0.00028926772888481617,0.0002895581560230512,0.00031016940244219535,0.0002749702677516435,0.0007772795884311093,0.000327908304382551,0.00035593555640826363,0.0003125137160993586,0.0002845719711316813,0.000297115373421855,0.0002813254677903666,0.0004735686464231133,0.0003497798049293486,0.9936208611573447,0.00027470411320918835,0.0003248583683216891,0.0002838178617440866
ФИЗТЕХпесня,0.00047898406283427295,0.0003851638485641991,0.0003751707572891327,0.0004112148910617261,0.0004116277580026281,0.0004409280976675735,0.000390889998131062,0.0011049755903614524,0.0004661452281068978,0.0005059879647456679,0.00044426071910200183,0.00040453952005982044,0.0004223708840961059,0.9909527946863665,0.0006732119397040814,0.0004972371413759629,0.00037870818237949834,0.0003905116774370831,0.0004618095431508154,0.0004034675095634732
Хай Хэт,0.0006459418366721996,0.000519419042664295,0.000505942688285223,0.0005545506264602851,0.06884846994224338,0.0005946208975674022,0.024829086485706506,0.5589161047370258,0.0006286278511210911,0.20026083749851503,0.0005991151111696005,0.0005455484622475979,0.0005695952698833156,0.0005393246079616886,0.0009078710781003584,0.13833071608691838,0.0005107131554524521,0.0005266309720168707,0.0006227808914482402,0.0005441027585403346
Игорь Белый (на стихи Али Кудряшёвой),0.0002310250628596765,0.00018577341594937068,0.00018095350226305496,0.00019833843974432849,0.00019853756812011133,0.00021266980382789145,0.00018853526714967414,0.0005329448915637247,0.00022483259819906868,0.00024404967971896854,0.0002142771935721619,0.00019511874170923582,0.00020371922780858907,0.00019289276470055782,0.0003247056504412628,0.9956832706080141,0.00018265969949574732,0.0001883527861622204,0.00022274140100743986,0.0001946016976928707
Аля Кудряшова,0.00023102503414918792,0.00018577338716183783,0.00018095348801922876,0.00019833841097818852,0.00019853753935431039,0.0002126697896380646,0.00018853525291875642,0.0005329435536951159,0.0002248325840299499,0.00024404966558256823,0.00021427717938507173,0.00019511872748952696,0.0002037192136035232,0.0001928927359251462,0.00032470562189027235,0.9956832723032383,0.00018265968525482606,0.00018835277193099203,0.00022274138683476064,0.00019460166892036867
Л.П.П.Л,0.00024054360046466222,0.00019342751588725306,0.0001884090264853543,0.3047122652292656,0.0002067175750168403,0.00022143207733072898,0.00019630317777721333,0.6913048533551429,0.00023409601126605207,0.0002541048490594761,0.00022310570748661988,0.0002031579004195942,0.00021211272615505192,0.00020084018800783313,0.000338083943490846,0.00024971022930520546,0.00019018552411976457,0.00019611317343897204,0.00023191865206271078,0.00020261953781734453
Игорь Белый,0.00023102501986286165,0.0001857733728234902,0.0001809534736753402,0.00019833839665428567,0.00019853752503063644,0.0002126697607787242,0.00018853523858358386,0.0005329427976083167,0.00022483255518459183,0.00024404963675930217,0.0002142771505275792,0.00019511869861000986,0.00020371918473389321,0.000192892721594983,0.0003247055931597284,0.9956832734478769,0.000182659656360986,0.00018835275759560965,0.00022274135798699857,0.00019460165459217005
Виктор Малолетний,0.15261446096491113,0.0001429141286947777,0.0001392062137070039,0.0001525803103004058,0.00015273349829863304,0.00016360532052752766,0.000145038809995924,0.07632643807755655,0.00017296207023477026,0.286777948123519,0.0001648418839679532,0.00015010341447383983,0.48170800769449607,0.0001483909888951005,0.00024979367299949196,0.00018449865299705688,0.00014051876724211382,0.00014489842768197907,0.00017135332704297583,0.00014970565245773422
Эдуард Эдуаши (Успешная Группа),0.0006015967733402823,0.00048376001054315914,0.16909149218292044,0.0005164797618498453,0.0005169982757367842,0.0005537990829079806,0.0004909519751063053,0.6866983155614563,0.0005854714454762768,0.0006355133324634647,0.0005579847961555978,0.000508095587875801,0.0005304915111610176,0.0005022990356848581,0.1350493246422339,0.0006245223863842711,0.0004756517991126686,0.0004904768259303867,0.0005800258855101028,0.000506749128150535
D1sH,0.00020698328422072505,0.00016644076362147542,0.0001621224539818557,0.00017769821175010687,0.0001778766182180725,0.00019053816599495324,0.00016891521476603333,0.6105992358208568,0.00020143523596867697,0.38601452337168685,0.0001919782961827362,0.00017481357124836988,0.00018251904264243924,0.0001728192459605867,0.00029091491266535526,0.00021487098923619194,0.00016365108891174037,0.00016875172401011214,0.00019956166246483983,0.0001743503256120552
Артиллеия,0.0004921284151095318,0.00039573355100132085,0.00038546621341791095,0.00042249950237276487,0.00042292369074147364,0.00045302811371403045,0.0004016168617763546,0.0011353038618172183,0.00047893724823643247,0.0005198733903255724,0.00045645217968854783,0.0004156409512514489,0.9907275771869378,0.00041089915102169797,0.0006916862979413891,0.0005108824013466034,0.00038910072921020765,0.0004012281509803014,0.00047448258642491007,0.0004145395166844654
РВиА,0.0004921283872946105,0.00039573358684226575,0.0003854662498391621,0.0004224995367009078,0.0004229236959418101,0.00045302814631670724,0.00040161689728477685,0.0011353594441761614,0.00047893727937473426,0.0005198734191501782,0.0004564522120976977,0.0004156409568634032,0.990727521191371,0.0004108991860054886,0.000691686317055191,0.0005108824306793765,0.0003891007654260373,0.00040122815740686196,0.0004744826178149878,0.00041453952235867233
Батарея,0.015373124167376772,0.0038575273667955413,0.00023919720348387056,0.0670539376438102,0.0002624410604262655,0.0038610299426333427,0.025771680765661952,0.4293301189354173,0.11113751698352856,0.018159483447101395,0.0002832468269388112,0.18826158056943573,0.09976391700603449,0.0002549793520432617,0.025558190668440055,0.002190447707734939,0.00024145256551575206,0.00024897810150878755,0.0012751207415400462,0.006876028944572926
Вадим Сажин,0.0003173198754251425,0.00025516536974430637,0.0002485450812464325,0.00027242381430893283,0.00027269731756251266,0.00029210837606918053,0.00025895886496462824,0.0007320238839342895,0.0003088143462443633,0.05142196176516073,0.00029431618178908935,0.0002680014616942165,0.000279814492132263,0.0002649440023646134,0.0004459929735314947,0.0003294122880906686,0.0002508885872172296,0.9429133780103015,0.0003059420272988774,0.0002672912809195283
Светлана Копылова,0.8246532119886201,0.00025199690324428453,0.00024545881454151274,0.00026904103899139743,0.00026931115166261237,0.00028848117686871633,0.0002557432941075692,0.17020223851908545,0.00030497970306435124,0.0003310471910993085,0.0002906615487025069,0.00026467360144229705,0.0002763399309845722,0.0002616541079043292,0.0004404549301357637,0.00032532185602829496,0.00024777320952485023,0.00025549576601052325,0.00030214303980335484,0.00026397222817825126
ВАДИМ САЖИН,0.0001209523046745782,9.726097295201805e-05,9.47375327335346e-05,0.00010383934780327,0.00010394359771878914,0.00011134248226944734,9.87069384887956e-05,0.00027902420039506854,0.00011771026908992945,0.0001277712954321826,0.00011218402676127165,0.00010215369040671113,0.00010665643838052207,0.00010098827850564703,0.0001699984192947216,0.00012556154355874215,9.563080200546957e-05,0.9977130394444139,0.00011661542669826095,0.00010188298841711806
Святитель Иоанн Златоуст,0.0002764875368931573,0.044635867856097716,0.00021656261630526003,0.00023736864004956053,0.00023760695677603393,0.00025452022660536554,0.00022563636159288306,0.34227673767303496,0.00026907650806664294,0.00029207522904863887,0.0002564439316778988,0.00023351536548239172,0.00024380829938681846,0.00023085133168913218,0.4803224721231126,0.0002870239097984495,0.00021860455569437122,0.0002254179664392583,0.12882702635243765,0.0002328965598112337
Мытарь,0.0004167621922890101,0.00033512958647102353,0.00032643461346282737,0.00035779649346567274,0.0003581557220422087,0.00038364986241694673,0.000340111900272026,0.0009614548105540326,0.00040559118182011746,0.00044025820919926795,0.0003865495352304795,0.0003519882711703869,0.00036750329023566507,0.0003479726701943232,0.000585759112250593,0.9334231542532803,0.0591190713520397,0.00033978270684828797,0.0004018187142418,0.0003510555225153272
Голубые молнии,0.000330625718714285,0.0002658649509248576,0.0002589670810550978,0.0002838470730197978,0.0002841320577324656,0.0003043570374557793,0.9937488009267124,0.0007627232246062381,0.0003217635439821794,0.00034926558738870774,0.00030665743335794204,0.0002792392962960442,0.00029154765565100486,0.00027605362006402753,0.00046469432042553054,0.0003432251745864131,0.00026140883426418733,0.00026955636442730203,0.000318770767941703,0.00027849933139412636
Ваня Воробей,0.0003261075431595607,0.0002622317627272155,0.0002554281502585817,0.00027996815201330533,0.00028024923682113843,0.0003001978471698844,0.00026613032771515607,0.0007522825390737214,0.00031736646920331907,0.0003444926762597394,0.00030246680130205817,0.00027542334614081345,0.0002875635051230956,0.00027228120914473997,0.0004583440433146647,0.0003385348405466969,0.0002578365456997012,0.993833986920722,0.0003144146033584857,0.00027469348024613155
Lx24,0.0005813947257952459,0.0004675149840838185,0.0004553852929479597,0.000499136005892331,0.0004996371156618632,0.0005352021140825476,0.0004744654737940261,0.001341226089815211,0.0005658108464263216,0.0006141723338647183,0.0005392472556127643,0.0004910333245997091,0.00051267720374863,0.0004854314482302251,0.0008171500794493809,0.9891365500673309,0.0004596790685100682,0.0004740062444379193,0.0005605481752121343,0.0004897321505042136
Андрей Климнюк,0.0004994214029907075,0.00040159804038629774,0.00039117854849002684,0.0004287606465263036,0.0004291911213012065,0.00045974167538737325,0.00040756854594355856,0.0011521188342026607,0.00048603474634721736,0.0005275774975301512,0.00046321646916737294,0.0004218004360677281,0.00044039263315567086,0.00041698837942806804,0.000701936574276704,0.0005184533298720386,0.000394866935290986,0.9659878433291432,0.02505062815108201,0.0004206827034106972
Крестная Семья,0.0002581127700805683,0.00020755536087174582,0.000202170323233839,0.00022159363596018248,0.9951309911603771,0.00023760535431337863,0.00021064105057902124,0.0005954424928772854,0.0002511942371937667,0.00027266453855820936,0.00023940122057163537,0.0002179964319240062,0.00022760532267053268,0.00021550945161430033,0.000362777411502416,0.0002679489035160685,0.00020407656575976133,0.00021043717826392633,0.00024885784009009954,0.000217418750042162
StilRyder,0.00041221013877755074,0.0003314691543048542,0.0003228691758153331,0.00035388850511852276,0.0003542437755899775,0.0003794594807444601,0.048703147027431344,0.028253707211484607,0.0004011611310726634,0.12454976599637024,0.0003823274887184946,0.00034814369981333253,0.00036348924795894444,0.0003441719581324536,0.3627780511320876,0.33706618595320204,0.00032591346569692893,0.0935851444458712,0.0003974298743516952,0.000347221137457746
Голубые Береты,0.0003538329286860583,0.0002845264937470548,0.0002771444236546835,0.0003037707902276166,0.00030407576926335127,0.0003257204041323297,0.9933100224801313,0.0008162557981840694,0.00034434868894475906,0.00037378115950551834,0.0003281822680176013,0.00029883958277273487,0.00031201191807337856,0.00029543033100968533,0.000497312046270139,0.0003673167622803815,0.0002797575983527029,0.0002884770185425114,0.0003411458415448577,0.0002980476966592407
ШИРЯЕВ ОЛЕГ,0.0004794382869603191,0.00038552910215437547,0.1524020741029773,0.00041160488294282274,0.0004120181282340757,0.0004413462620965087,0.00039126072324906463,0.4704104393490315,0.0004665873159183789,0.0005064678293826597,0.0004446820267491077,0.0004049231672969008,0.0004227714406826601,0.00040030366177861554,0.0006738503622342739,0.36971065634446865,0.0003790673241565977,0.000390882024204781,0.0004622475273163717,0.00040385013816504595
Гимн ВДВ,0.0003306257465671941,0.00026586497902278893,0.0002589670800752963,0.0002838471010496938,0.00028413205665745253,0.0003043570654080759,0.9937487971668657,0.000762726539557192,0.00032176357186861857,0.0003492656151710929,0.00030665746130153506,0.0002792393243433737,0.0002915476836517657,0.00027605364812341004,0.0004646943768750222,0.00034322520239165217,0.00026140886237897837,0.00026955639251126693,0.0003187707958394653,0.0002784993303404247
Маевский Сергей,0.00029493206317117817,0.00023716273204456143,0.00023100952712989297,0.00025320354186545964,0.00025345773473388523,0.00027149931658739017,0.00024068858852814193,0.000680384960011222,0.016988965634686964,0.0003115596062445907,0.000273551340468096,0.00024909320767634247,0.000260072773806169,0.00024625145131513176,0.00041452692648606476,0.9024907223734677,0.0002331876870183566,0.07553694044899731,0.00028435695299423814,0.0002484331327672638
Воробей,0.00039768868276312234,0.00031979207059569986,0.000311495033530922,0.00034142160256167114,0.00034176438750417565,0.00036609175745752506,0.00032454635630361004,0.0009174108423261427,0.0003870289092416164,0.0004201093733194351,0.0003688587461515929,0.00033587921416586156,0.00035068415927898657,0.0003320473744379718,0.0005589512739773272,0.0004128437760884456,0.0003144320759199341,0.9924805361183555,0.00038342911437249625,0.00033498913164789457
ЗОЖ,0.0002922405402930353,0.0002349984106280973,0.00022890136156759552,0.00025089284269904115,0.00025114473636431227,0.0002690216196022625,0.00023849209281948675,0.0006741556910839,0.0002844072439316578,0.00030871633595850516,0.0002710549588193817,0.0002468200233562675,0.00025769938497409857,0.00024400419851413623,0.0004107439806034555,0.00030337723799270656,0.00023105964353514906,0.9944743418149785,0.0002817619384407482,0.00024616594383768825
Владимир Высоцкий,0.0003651222248851254,0.0002936045085082493,0.00028598693005966856,0.00031346283802129177,0.00031377756684684616,0.00033611277787448136,0.0002979695010416916,0.3680447971084693,0.00035533539241280735,0.0003857069278056199,0.000338653163947735,0.0003083742951519786,0.00032196689005019064,0.00030485625319671804,0.0005131791743860112,0.0003790363006976221,0.0002886834872886393,0.13633360098410302,0.4899122165574603,0.0003075571177926374
Братья Карамазовы,0.00034359107570898116,0.0002762907352146899,0.00026912234507434963,0.0002949780144517753,0.00029527417504221677,0.00031629229284128017,0.000280398304488664,0.12645571433977792,0.8678945646233831,0.00036296188753520854,0.0003186828815695491,0.00029018953193350386,0.0003029805786136598,0.00028687894198427917,0.0004829171130050776,0.00035668459851103746,0.0002716598790484066,0.0002801269112589208,0.00033127122006255635,0.0002894205504947612
Браток,0.0002923365796575711,0.00023507563817330907,0.07891682514724153,0.14479846621473255,0.000251227254322506,0.0002691100419931588,0.13733573566569218,0.21667902712498216,0.0002845007108394233,0.00030881780105529807,0.0065441002948856564,0.0022702531673238604,0.00025778408108469505,0.2475212851361715,0.004209476805092213,0.00030347692797520596,0.06716344904638702,0.064563339628154,0.02754946588749834,0.0002462468467378529
Джиз,0.08573639541639083,0.000270144620399401,0.0002631357074033922,0.0002884162055021526,0.00028870577010383096,0.0003092563413065374,0.00027416082477804606,0.5845891652071346,0.0003269430267099085,0.0003548877715537047,0.00031159374805639584,0.006135435935406695,0.0002962407507269734,0.0002804973109475812,0.050370032780949224,0.2687585918842466,0.00026561677992528596,0.0002738954626579681,0.00032390207849202065,0.00028298237730888204
Barry Gibb,0.0005453820522554043,0.0004385562352679716,0.00042717788864393415,0.0004682185692222241,0.00046868865430746735,0.000502050696416822,0.00044507619200005044,0.0012581163739179492,0.0005307634887668679,0.0005761293770453347,0.0005058453121662145,0.00046061781260619313,0.0004809210237609611,0.9896986815197768,0.0007665342674585216,0.0005661654475249214,0.00043120568429073686,0.0004446453970872365,0.0005258267804645335,0.00045939722701988694
Madwayz LOC,0.00023837586500120964,0.07684708075204982,0.0001867111301398176,0.00020464921806344016,0.0002048546765571751,0.02072844544858437,0.0247996408309312,0.17432729630639893,0.12204163224244254,0.188102210616036,0.0588833017141291,0.0002013270739820025,0.045808757181511804,0.00019903026513661893,0.28616578711468244,0.000247459890922668,0.00018847160631473096,0.00019434585076962387,0.00022982864468747166,0.00020079357165908037
SD AND SCHOKK,0.00011932951502263396,9.595604878929174e-05,9.346646367922761e-05,0.00010244615879632501,0.00010254901172477455,0.00010984862288209864,9.738260930262364e-05,0.0002752791982185726,0.00011613097521235289,0.9977724930865005,0.0001106788823377705,0.00010078311512789498,0.00010522545796305326,9.963334657155782e-05,0.0001677176050790291,0.00012387692267717618,9.434774214553106e-05,9.728835655537298e-05,0.00011505083028875013,0.00010051605112543739
OSLIKt,0.00033703993672673483,0.00027102280992295,0.0002639910910191353,0.0002893537718795531,0.0002896442863413999,0.00031026164542510013,0.00027505206099046314,0.0007775143141581619,0.00032800581589905895,0.9937085214328205,0.00031260665767202886,0.00028465661694658995,0.00029720374505053093,0.0002814091239395523,0.0004737095287257968,0.0003498838366166357,0.0002664802254474972,0.0002747858191254086,0.00032495500659600454,0.00028390227469687977
Стрелки & MC Пряников,0.7729931846607582,0.0002848803332715385,0.0002774890955983084,0.0003041485818767864,0.0003044539392571225,0.0003261254948006102,0.0002891156098688171,0.0008172711587181259,0.22071845192250608,0.0003742459995191302,0.0003285904145461481,0.00029921123359766955,0.00031239995413050186,0.0002957977327334418,0.0004979305524045163,0.0003677735697468923,0.00028010550077700006,0.00028883577654705467,0.00034157011137467486,0.00029841835796742784
✵ ​Бек✵,0.00011932954410388789,9.59560633230533e-05,9.346647821346014e-05,0.00010244618060481583,0.00010254903353324592,0.0001098486446891891,9.738263111207236e-05,0.00027527899443970013,0.00011613100429421191,0.997772492897747,0.00011067890414470389,0.00010078313693670041,0.0001052254797710183,9.963336838058075e-05,0.00016771763415112924,0.00012387695175756984,9.43477639555539e-05,9.72883710888825e-05,0.00011505085209485646,0.00010051606565833632
HULIGAN,0.00030796319047815904,0.0002476413945007665,0.00024121634518187477,0.00026439097010249647,0.0002646563970526117,0.00028349510394087374,0.0002513230583841579,0.11818034184772677,0.00029970847053723926,0.0003253254017487405,0.0002856377862787449,0.00026009902796066576,0.125325732202383,0.00025713171763983787,0.7518347368825408,0.0003196990488982712,0.00024349073691259094,0.0002510798085542167,0.00029692084727671965,0.00025940976190150136
МЖ,0.0005453821098440315,0.0004385562929778514,0.0004271779172628975,0.0004682186268984357,0.000468688682879314,0.0005020507540546324,0.0004450762497025298,0.0012581164889052506,0.0005307635463720878,0.0005761294345990621,0.0005058453697997179,0.000460617870291032,0.00048092108142275475,0.9896986803964198,0.0007665343830037929,0.0005661655050899584,0.00043120574200895985,0.0004446454547902048,0.0005258268380753569,0.0004593972556022798
Лизоркин,0.0005454965985519202,0.00043864834676136813,0.00042726760602498844,0.00046831690249955293,0.00046878708218556025,0.0005021561392630204,0.00044516967155815363,0.30877593795616504,0.08264983072021562,0.0005762503561592853,0.0005059515263713998,0.00046071455950947486,0.00048102203495048435,0.00045545856019968336,0.0007666952915603618,0.4939632139264267,0.09903514598427252,0.008048505817355603,0.0005259372225670602,0.00045949369740220543
Иллет - Сопряжение сфер,0.0005819214635338563,0.00046793857459285495,0.0004557978818624424,0.0004995881772665322,0.000500089752711673,0.0005356869991928761,0.1087840788352692,0.001342443366749708,0.0005663234974656393,0.000614728758447107,0.0005397358079213318,0.0004914782197847431,0.1251975375429949,0.0004858712500848385,0.0008178904460409243,0.7561331263363582,0.00046009552835670734,0.00047443568500238185,0.000561056053072861,0.0004901758232911809
Ясвена,0.9804179653249329,0.0002138262089371364,0.0002082784811143573,0.00022828862810597098,0.00022851782074259538,0.0002447841096529281,0.014820318706776935,0.0006134311378867382,0.000258783545143868,0.0002809025117749544,0.00024663421082341387,0.00022458273596684576,0.000234481951568359,0.000222020624223827,0.00037373798604573184,0.00027604444278566987,0.0002102423054883491,0.00021679509031644477,0.0002563765713499954,0.0002239876063630345
4SGM,0.00015986017792178725,0.00012854782132669582,0.00012521263914276148,0.00013724232777378583,0.00013738010529183833,0.0001471590639968315,0.0001304589241410004,0.0003687873130584515,0.0001555752359923171,0.0001688727018888941,0.00014827131040972833,0.9969820463022228,0.00014096562404559282,0.00013347413884849424,0.00022468342332388486,0.0001659521182756013,0.00012639326499770825,0.0001303326571866128,0.00015412820825492555,0.00013465664190029662
Сидоджи Дубоshit и Грязный Рамирес,0.7860702040528371,0.0002034460115913954,0.00019816759633936544,0.00021720634378769924,0.20941018234795925,0.00023290106172395387,0.00020647061207031687,0.0005836611484809188,0.00024622089297439106,0.0002672661017857102,0.00023466136293364787,0.00021368037171256728,0.00022309900982186314,0.00021124262076438184,0.00035559484329809735,0.0002626438613759721,0.00020003609101913042,0.00020627077065478428,0.00024393077117938248,0.00021311412769005195
Белый Аликорн,0.00025648304718594873,0.00020624484794742559,0.00020089381804570675,0.00022019448755404613,0.0002204155602350722,0.00023610511401886265,0.12649869053464,0.8692436219671178,0.00024960819903341845,0.0002709429351132314,0.00023788962981315635,0.00021661999899762137,0.00022616822296961885,0.00021414872016302058,0.00036048682967304796,0.00026625707321109804,0.00020278801161757376,0.00020910847549357358,0.00024728655753287446,0.00021604596963687648
Kid,0.0002685113203590047,0.00021591709716618985,0.023825547137005833,0.00023052093159624745,0.00023075236522383983,0.0002471777208372632,0.0002191271036998043,0.6620552214748754,0.11958592211360518,0.130998816741635,0.0002490459245581866,0.00022677880525251155,0.0002367748200223424,0.00022419163515593064,0.00037739254755069635,0.05989202768792636,0.0002122981527677237,0.0002189150095648597,0.00025888354175279465,0.00022617786944484965
"Сэт, Крек, Эйсик",0.00023756886956504322,0.00019103546093553734,0.0001860790357407644,0.00020395639545150697,0.00020416115541814159,0.00021869369973759475,0.00019387555777926403,0.5244052768749762,0.00023120101068085296,0.00025096240655677097,0.00022034662242184552,0.00020064550056922369,0.0002094896002666004,0.00019835647011569576,0.4717910433988178,0.000246622123906755,0.0001878335453290786,0.00019368789631030517,0.00022905057264593264,0.00020011380277511556
Свобода воли,0.0002973787447692868,0.00023913016463136753,0.0002329259265509975,0.00025530403611973414,0.00025556035355121716,0.00027375158612516064,0.00024268527023477694,0.24264497737902,0.0002894077004764678,0.752489914597595,0.0002758206356129532,0.00025115962161302243,0.00026223028201663993,0.00024829429133433917,0.0004179657207666137,0.00030871122322827173,0.00023512214522430897,0.00024245038777414522,0.00028671588723270006,0.0002504940461230049
Мастер & Margenta,0.0007397619135741572,0.0005948622551357811,0.0005794284927485721,0.0006350965573695605,0.0006357341641324852,0.0006809867820006257,0.0006037059785170303,0.0017065499025624526,0.0007199331232299103,0.0007814678219956546,0.0006861337947824056,0.9860342845182066,0.0006523263172617943,0.0006176589961131089,0.0010397351153938123,0.0007679527006637243,0.0005848918641898825,0.0006031216317676235,0.0007132369134429048,0.0006231311569118413
10. Сплин,0.0002948109814488358,0.0002370653718611797,0.00023091469918396187,0.9944384285162798,0.0002533537092325619,0.0002713878690105705,0.0002405897875881433,0.0006801394757264692,0.00028690879656603026,0.0003114317136741186,0.0002734390488120944,0.00024899095765351827,0.00025996604142908606,0.0002461503655398326,0.0004143567426328557,0.0003060456422931313,0.0002330919713333121,0.00024035692783627756,0.0002842402371974113,0.00024833114470081884
VOICE OF SATURN,0.00048541141812457434,0.00039033225235641904,0.0003802050498739354,0.00041673289203796477,0.00041715125963408197,0.00044684479426710495,0.0003961352655731011,0.0011198291049435676,0.0004724003168525776,0.0005127776938737077,0.00045022211943745777,0.9908360435492528,0.0004280385669171077,0.0004052908657022786,0.0006822455868224404,0.0005039094649893344,0.0003837899726834607,0.0003957518516801447,0.0004680064530111165,0.00040888152196686024
Сплин,0.0002899637337240457,0.00023316757933017172,0.00022711802801123055,0.9945299056268786,0.0002491881029905779,0.0002669257235487484,0.00023663404927376443,0.0006689223246127884,0.00028219149757187725,0.00030631118071285714,0.00026894320108146984,0.0002448970633202531,0.0002556917031697035,0.00024210319745225127,0.0004075439366832604,0.0003010136723749535,0.00022925950241394847,0.00023640500212745,0.0002795667686150325,0.00024424810610697235
Dav / 4SGM,0.00016281020406499802,0.000130920019299115,0.00012752329698889357,0.00013977496081177208,0.0001399152994700752,0.00014987470214904204,0.00013286639599993183,0.0003756059415702799,0.00015844618692952505,0.00017198904207874503,0.00015100748133993266,0.9969263405117172,0.0001435669713130083,0.00013593724274876378,0.0002288296765989523,0.00016901455810420623,0.00012872569253620498,0.00013273778618428655,0.00015697245639437454,0.00013714157370063286
Враги,0.9922002340800102,0.00033498472313483194,0.00032629353322162133,0.0003576418522929626,0.0003580009062631638,0.0003834840174677027,0.0003399648834832896,0.000961009100844911,0.00040541587914286225,0.0004400679196559958,0.0003863824680547449,0.0003518361326579095,0.00036734442945740635,0.0003478222486217361,0.0005855059360730482,0.0004324571221786942,0.0003293700992579325,0.0003396358355634473,0.0004016450412042126,0.00035090379141324745
Мастер (По ту сторону сна) - 2006,0.0007397618551511932,0.0005948621967549883,0.0005794284925799361,0.000635096498977058,0.0006357341057397971,0.0006809867235947673,0.0006037059201336637,0.0017065511826344119,0.0007199330648127171,0.0007814677635605525,0.0006861337363750493,0.986034284231233,0.0006523262588642773,0.0006176589377256814,0.0010397349986758795,0.0007679526422325557,0.0005848918058119915,0.000603121631592092,0.0007132368550276604,0.0006231310985228213
БАРТО,0.9916051658816689,0.00036054165803190574,0.00035118736675021276,0.00038492735019817457,0.0003853138199640805,0.0004127410952537246,0.0003659017687124113,0.0010343292994913415,0.00043634619358074616,0.00047364193752645335,0.00041586067664298046,0.00037867869957090275,0.00039537018295019024,0.00037435858517135845,0.0006301758133110668,0.00046545048979448347,0.00035449868417514814,0.00036554760419841854,0.00043228766441020725,0.0003776752285972849
Сфера,0.04466368667079716,0.0003083488379798832,0.00030034871491696236,0.00032920441738844736,0.1968226062095033,0.05254236789570663,0.005305047960346084,0.20959389308741025,0.08883678145720514,0.17642817119796853,0.19182526565202096,0.0003238603310933276,0.0003381355159978724,0.011491544924490503,0.019184144606572806,0.0003980708516663874,0.00030318066761179815,0.0003126301287442465,0.0003697087472676561,0.00032300212531204814
Корж,0.001532040564726772,0.06170969824365166,0.0033550816016611196,0.00024368179884972805,0.03303314120384366,0.00026128955093386493,0.0002316374783643486,0.21669538061401988,0.04625462164782669,0.006728973726567531,0.03628065695965606,0.06247725157207068,0.04577390542500403,0.001101098233414701,0.34528308532635515,0.00029465771864830957,0.008772870101522784,0.005376038545323613,0.12435579891408158,0.00023909077347783827
Макс,0.0002223208061896384,0.00017877409066796793,0.00017413578487269246,0.00019086569703350017,0.0001910573311733938,0.00020465711233524456,0.00018143189568069453,0.0005128686630776831,0.0002163616523717441,0.00023485470339334574,0.00020620395156391912,0.00018776731830831095,0.00019604376237900237,0.0001856252039820109,0.995927586065437,0.00023079298803963802,0.00017577769174780377,0.00018125628319681295,0.00021434925379629923,0.0001872697447533422
Super Rags,0.0002899531567087705,0.00023315905654904754,0.00022710973831788382,0.0002489290683177969,0.6165829055483592,0.00026691596241995054,0.00023662539537806215,0.378616347741398,0.00028218118282143356,0.0003062999918222998,0.0002689333816592582,0.000244888118035029,0.0002556823499720307,0.00024209435414918612,0.0004075290473033682,0.0003010026583325486,0.00022925112531808805,0.00023639636279339826,0.00027955657039147307,0.0002442391899531622
Вэ,0.00022515944191772028,0.0001810567106655509,0.0001763591784047112,0.0001933027132963539,0.00019349679216505402,0.00020727022183149004,0.00018374845084233746,0.0005194162288853209,0.0002191242104678481,0.00023785338154607344,0.0002088368080660188,0.00019016476779970895,0.0001985468881831754,0.00018799531034591224,0.9958755894632791,0.00023373981756902583,0.00017802205465005115,0.00018357059735705196,0.00021708611313609952,0.00018966084959140002
Абубакирова Гульфарида,0.0001086576113906508,8.737448307909197e-05,8.51075494366702e-05,9.328416840954131e-05,9.337782453216501e-05,0.9979569508530489,8.867346701539803e-05,0.00025065469240771586,0.0001057451257109648,0.00011478345813712153,0.00010078061634021939,9.176985979230564e-05,9.581490643651618e-05,9.072291501756615e-05,0.00015271824050794717,0.00011279832959766268,8.591001476949865e-05,8.85876398228507e-05,0.0001047615763523549,9.152666819484026e-05
ИСН,0.0003538164216666647,0.2055550311024959,0.0002771315032637041,0.0003037566406298665,0.000304061598519257,0.0003257052148562584,0.01893027879023272,0.2706595744525677,0.0003443326324103358,0.0003737637178467016,0.00032816695256652584,0.0002988256557592177,0.18113037192621814,0.09063817651616758,0.10451633777523778,0.0943582468528025,0.00027974453856766693,0.024671829495131678,0.006052814430898643,0.0002980337821611509
КрэФ,0.00021969211148010828,0.0001766602821705459,0.00017207682209593938,0.00018860893168831338,0.0001887982811960197,0.00020223726500764993,0.00017928665530298965,0.0005067960819554171,0.9958807725459501,0.00023207781318927232,0.0002037658126282293,0.00018554717983460732,0.00019372576307447536,0.00018343038563398492,0.00030877718404674783,0.00022806413331557577,0.00017369931687466136,0.0001791131382779443,0.00021181481107205333,0.0001850554852053506
Лилия Биктимирова и Фадис Ганиев,0.00043717052594941105,0.9917291461074103,0.0003424197343225326,0.0003753173696422846,0.000375694176982715,0.00040243672973464456,0.00035676678949715955,0.0010084790517788861,0.00042545250742289536,0.00046181713698291676,0.00040547842964682953,0.0003692247439024967,0.00038549949153046464,0.0003650124877817608,0.0006144430564532324,0.0004538302008875305,0.0003456483681613094,0.0003564214725052536,0.0004214953173044404,0.000368246302103012
Алина Булатова,0.00010967211974098335,8.819027052358126e-05,8.590217112562732e-05,9.415513670310524e-05,9.424966594042921e-05,0.9979378754869049,8.950138347826909e-05,0.0002529949890510335,0.00010673243653837476,0.00011585516277629524,0.00010172157932894346,9.262668362771972e-05,9.670950703464199e-05,9.156996724429076e-05,0.00015414412412539182,0.00011385149510136075,8.671213069296908e-05,8.94147559305798e-05,0.00010573970492349775,9.238122920799034e-05
Эмир Камалиев,0.00030794659787013005,0.0002476280621925507,0.00024120333308724165,0.0002643767062854428,0.0002646421332326072,0.5330907971553385,0.00025130949320435514,0.0007103874008219848,0.46141868178763845,0.0003253078485212307,0.0002856223871760312,0.00026008499702198396,0.0002715490837290966,0.00025711786135713716,0.0004328188297433156,0.0003196818158754645,0.0002434776083773442,0.0002510662724809503,0.00029690483686809426,0.0002593957891781464
Айгуль Бариева,0.00043717052594941105,0.9917291461074103,0.0003424197343225326,0.0003753173696422846,0.000375694176982715,0.00040243672973464456,0.00035676678949715955,0.0010084790517788861,0.00042545250742289536,0.00046181713698291676,0.00040547842964682953,0.0003692247439024967,0.00038549949153046464,0.0003650124877817608,0.0006144430564532324,0.0004538302008875305,0.0003456483681613094,0.0003564214725052536,0.0004214953173044404,0.000368246302103012
Зиннур и Ильназ Сафиуллинар,0.002249578207302104,0.0018089457562716202,0.0017620125708561508,0.0019312961618851731,0.0019332351754514372,0.0020708462325043767,0.0018358390921247537,0.005189401472033977,0.002189279961099234,0.002376403850638659,0.0020864980394182256,0.0018999448177763648,0.0019836909720281444,0.0018782695658017526,0.003161781411917299,0.0023353050518046294,0.9574097822689361,0.001834062245098944,0.0021689170590245077,0.0018949100880264976
Гөлфәридә Әбүбәкерова,0.0001086576113906508,8.737448307909197e-05,8.51075494366702e-05,9.328416840954131e-05,9.337782453216501e-05,0.9979569508530489,8.867346701539803e-05,0.00025065469240771586,0.0001057451257109648,0.00011478345813712153,0.00010078061634021939,9.176985979230564e-05,9.581490643651618e-05,9.072291501756615e-05,0.00015271824050794717,0.00011279832959766268,8.591001476949865e-05,8.85876398228507e-05,0.0001047615763523549,9.152666819484026e-05
Зи,0.00024239131378638598,0.00019491331453204538,0.00018985627774650122,0.0002080965318527607,0.23652853705402754,0.0002231329933681088,0.0001978110658627112,0.609645229373279,0.00023589419069032744,0.00025605675236534006,0.00022481947265178082,0.00020471843646049787,0.00021374206250952325,0.00020238292735189048,0.1501536478204383,0.00025162834362417566,0.00019164641029900163,0.0001976196063571693,0.00023370011161397375,0.00020417594118295724
Мишари Рашид Аль-Афаси,0.0004266081126680715,0.0003430469401098691,0.00033414658121942346,0.0003662493870816558,0.0003666170848790814,0.00039271350036320025,0.00034814697899143157,0.000984115884520032,0.09582109838836397,0.00045065922734390516,0.0003956817127477212,0.0003603039401250881,0.000376185493100072,0.00035619346059212985,0.0005995975281248919,0.0004428652796824391,0.00033729721641495146,0.00034781001483925547,0.8965913141089786,0.00035934915985420465
Фархетдинова Зайнап,0.0015555543475009074,0.0012508626416966471,0.0012184089625418663,0.0013354664233938024,0.0013368071785649102,0.0014319634263977846,0.9705889762878631,0.0035884033332479266,0.0015138588058151946,0.0016432526810742796,0.0014427864417231933,0.0013137873307938147,0.0013716967317494088,0.0012987992083648289,0.0021863310521135944,0.0016148333746254765,0.001229897174971357,0.0012682304095586986,0.001499778257173997,0.0013103059308292421
Айсылу Мухамадиева,0.0007558820746528713,0.0006078249272990196,0.0005920548395186655,0.0006489359573058261,0.0006495874175551829,0.0006958261940958379,0.9857084603363466,0.0017436941262114272,0.0007356212068780459,0.0007984968416219618,0.0007010853735499016,0.0006384015330806132,0.0006665411583171908,0.0006311184147121122,0.0010623919682914065,0.0007846871881874203,0.0005976372461675717,0.0006162642828363218,0.0007287790698220116,0.0006367098435499614
Гаяр Нуриманов,8.653862612082171e-05,6.958801796933351e-05,6.77825474151158e-05,7.4294689117758e-05,7.436928223025745e-05,0.998372846005614,7.062257176177134e-05,0.00019962997012176815,8.421902188386535e-05,9.141746096686248e-05,8.026512126013787e-05,7.308864101575987e-05,7.631026021006918e-05,7.225481632863174e-05,0.00012163000711138087,8.9836431862242e-05,6.842166021348096e-05,7.055421414453251e-05,8.343569233922125e-05,7.289496231290941e-05
От Винта,0.0006009638476513838,0.0004832510623895883,0.0004707130724582847,0.0005159363560889444,0.0005164543461279817,0.000553216446698237,0.9886375109878852,0.0013863272597559161,0.0005848554575622525,0.0006348447268549343,0.0005573977363334999,0.0005075610293390895,0.0005299333794305759,0.0005017705887172904,0.0008446544996013173,0.0006238653636541961,0.00047515137805234853,0.0004899607767147829,0.0005794156599335044,0.0005062160247507049
Ot Vinta!,0.0006113739910723183,0.0004916221343565879,0.0004788669717612362,0.0005248736136639013,0.0005254005676778094,0.0005627995179177415,0.9884406851207099,0.0014103419812812443,0.0005949865536094205,0.0006458417777997825,0.0005670532178435538,0.0005163531752947558,0.0005391131299882567,0.0005104624429280784,0.0008592859766976456,0.000634672192067223,0.0004833821405294737,0.0004984480893170422,0.0005894525178292037,0.0005149848876547538
Ot vinta,0.0006113739910723183,0.0004916221343565879,0.0004788669717612362,0.0005248736136639013,0.0005254005676778094,0.0005627995179177415,0.9884406851207099,0.0014103419812812443,0.0005949865536094205,0.0006458417777997825,0.0005670532178435538,0.0005163531752947558,0.0005391131299882567,0.0005104624429280784,0.0008592859766976456,0.000634672192067223,0.0004833821405294737,0.0004984480893170422,0.0005894525178292037,0.0005149848876547538
9 ВАЛ,0.0009913454662893388,0.000797167277152028,0.0007764847571491154,0.0008510847406038677,0.6419558905152077,0.04604654231720479,0.0008090186475535867,0.0022869153575833727,0.0009647731461073925,0.001047235063434237,0.032638504003113175,0.22765811511860284,0.000874174089096916,0.0008277169266703781,0.0013933357081057016,0.0010291235175197133,0.03645348798773973,0.0008082355799176634,0.0009557996787798932,0.0008350501021685218
От Вінта,0.0006061689482120751,0.00048743661272107044,0.0004747900364630339,0.0005204050137625289,0.0005209274857887829,0.0005580080111783628,0.9885390976370869,0.0013983346781412105,0.0005899210344428583,0.0006403432811632844,0.000562225505957136,0.0005119571021027291,0.0005345232835896156,0.0005061165156109344,0.0008519702668968667,0.0006292688067012689,0.00047926677364231157,0.0004942044619129805,0.0005844340886368374,0.0005106004559891034
М8Л8Tx / Нежеголь,0.0004167841912548297,0.30636026957802737,0.00032645186926936315,0.0003578154079249071,0.05439829738012486,0.0003836701154334027,0.0003401298544546456,0.6108655830361241,0.022215924796284932,0.00044028145943078405,0.0003865699628453574,0.00035200686553668256,0.00036752269937780026,0.00034799106086781797,0.0005857900737647764,0.00043266699528821676,0.0003295299485361404,0.0003398006610336955,0.00040183995663459947,0.0003510740877856925
Сокира Перуна,0.0003878054815522946,0.00031184473360535163,0.00030375390132303837,0.02361188995809716,0.8541284266043465,0.0003569938049840869,0.0003164808720237507,0.0008946137269099641,0.0003774106554010603,0.00040966901428777434,0.000359692035710055,0.09898033755968329,0.00034196910865205824,0.016948111152059943,0.000545060476397679,0.0004025839667498354,0.00030661796204019086,0.00031617455056426514,0.0003739002931843591,0.0003266641424272875
Нежеголь,0.00024220141243650936,0.00019476060195277797,0.00018970753720902935,0.0002079334890587972,0.9954311443369446,0.00022295816539919048,0.00019765608354627457,0.0005587333601053603,0.00023570938170001333,0.00025585611340731967,0.00022464332066903048,0.00020455804169355782,0.00021357459663782846,0.00020222436583482384,0.00034041399556882895,0.00025143119657319266,0.00019149625844914174,0.00019746476953599342,0.00023351700492394686,0.00020401596835386188
Молотх,0.00044282690362529444,0.33743570476566725,0.00034685015071537307,0.0003801734557181998,0.00038055512336462774,0.0004076436891659614,0.0003613828288379661,0.6552079557173041,0.0004309572551897385,0.0004677923740217728,0.0004107247371849829,0.0003740019591425789,0.000390487300632702,0.00036973522102782196,0.0006223930620546735,0.0004597021200423314,0.00035012057736603306,0.00036103302988704203,0.00042694884268346827,0.0003730108863681538
Русич,0.0003892382583720614,0.00031299684136631994,0.00030487614463565825,0.0003341667941580159,0.00033450230313359535,0.0003583127301895544,0.0003176501366534038,0.0008979105525077447,0.00037880500025255765,0.0004111825477186036,0.9926840005634028,0.0003287421600107842,0.0003432325214183481,0.00032499175290459924,0.0005470742184154916,0.00040407131740171487,0.00030775075922855917,0.00031734268377189606,0.0003752816903476606,0.0003278710241106242
Don't Smoke,0.00020692741714870236,0.00016639585458614548,0.0001620787091470921,0.00017765026124106256,0.00017782860949941198,0.00019048675198930117,0.000168869636315472,0.8155066295327921,0.13899711119704225,0.04231231311150343,0.00019192648925958305,0.00017476640657437586,0.00018246979696008128,0.00017277260517740877,0.000290836416444885,0.00021481299749806108,0.00016360692205467524,0.00016870618921708912,0.00019950781819040638,0.00017430327735846294
Гекто,0.19346230045740515,0.15563677389804273,0.023485727263390883,0.028125236354797904,0.000251392969834873,0.0002692875547259013,0.000238727834002922,0.13264817637696075,0.03586151674469712,0.01754537636165523,0.04592924533623271,0.07323018546295569,0.03704986565154748,0.01391525111503467,0.09683757875258674,0.024158403577741624,0.00023128803776915115,0.00023849677359785493,0.00028204044879374046,0.1206031290282269
ιllιlι.ιl,0.00020346569698685634,0.00016361218261923147,0.00015936725851704715,0.00017467831612153333,0.00017485368122975906,0.00018730006371681004,0.00016604457859759487,0.3262288157582839,0.0001980119454396208,0.18670733890602395,0.00018871571750682953,0.136273337047417,0.00017941721947554992,0.0001698822528517329,0.34791962870063303,0.0002112193493410674,0.00016086991819720702,0.00016588386726614976,0.00019617021162563237,0.000171387328149515
Чечерина,0.00036102652255325313,0.0002903110547482612,0.00028277892530411016,0.00030994662313055217,0.0003102578012822545,0.0003323424860734402,0.00029462706544438895,0.0008328337476810558,0.0003513494699326797,0.00038138031525538236,0.0003348543794439156,0.9931843167771857,0.0003183552726265942,0.0003014365758903528,0.0005074226588941453,0.0003747845142340304,0.0002854452144934016,0.00029434190611681883,0.00034808154636703303,0.0003041071433426727
T9,0.00022271357721179847,0.00017908992280948609,0.00017444342397653374,0.00019120290674507073,0.0001913948610398844,0.0002050186683209651,0.00018175242826812266,0.5955345638346021,0.0002167439019616817,0.00023526960871465602,0.00020656824341288587,0.00018809904174116099,0.00019639011103874562,0.00018595314377400948,0.2737261084501144,0.09290828383012065,0.03467249900289468,0.00018157651018230642,0.00021472793803276768,0.00018760059503808676
Сергей Хижняк,0.00037667638071695226,0.00030289551698218267,0.00029503687103751,0.00032338225762357003,0.00032370691087466096,0.00034674890979836845,0.00030739860745955104,0.0008689570838784421,0.00036657985378293537,0.9929686276117224,0.00034936970991138845,0.00031813268294743596,0.00033215540419179976,0.00031450328952051585,0.0005294185030528682,0.0003910307401321974,0.00029781873175936343,0.0003071010789803128,0.0003631702233949204,0.0003172896322325681
Агния Барто,0.0005543414371246349,0.0004457607166839858,0.0004341954360840335,0.00047591030715776354,0.00047638810476108886,0.0005102982595231576,0.00045238777555391265,0.0012788122322317582,0.0005394827087335209,0.0005855938299852801,0.000514155157494034,0.00046818472416421396,0.0004888214362422486,0.5812350739242512,0.0007791266849003882,0.40886981896877916,0.0004382894138670978,0.0004519499084075382,0.0005344649171279097,0.0004669440569270723
"Михаил Михайлов (Афган, запись 1987 - 88 г.г.)",0.0003218505480627577,0.000258808591828166,0.00025209381389333245,0.0002763134699955338,0.0002765908586192948,0.00029627907716709795,0.00026265626395116746,0.5079964090409056,0.00031322359015118015,0.0003399956814325302,0.00029851841332049686,0.00027182798739202414,0.0002838096567184651,0.48666685590017106,0.0004523608332524524,0.0003341156014023726,0.0002544707529649081,0.0002624020419777594,0.0003103102383501386,0.00027110763844367567
●,0.00038906700096166195,0.00031285914272362206,0.00030474199687875313,0.00033401978172001946,0.000334355116063589,0.0003581550942038236,0.00031751037151355165,0.9932238727551457,0.000378638341528065,0.00041100165634993857,0.0003608620997552983,0.0003285975342328286,0.0003430815215116766,0.0003248487570420489,0.0005468335150192337,0.0004038935403342275,0.00030761535992960675,0.00031720306415946805,0.00037511657422097236,0.0003277267767059012
Вадим Мулерман,0.0004760749226752226,0.0003828245311315474,0.00037289213577026595,0.0004087173655316171,0.0004091277149963336,0.00043825011420729705,0.0003885159162443457,0.0010982419382008738,0.00046331408605334754,0.0005029148393906988,0.0004415624939692067,0.9910123528414333,0.0004198056049878298,0.0003974954230759429,0.0006691231509594292,0.0004942171595062686,0.00037640808227787294,0.00038813989474825456,0.0004590047545616699,0.00040101703027867295
Семёнова Мария,0.8081126327847294,0.00031670177572379083,0.00030848492025807036,0.00033812231165949747,0.06752959734744053,0.0003625540463523466,0.00032141013527429155,0.0009085688636225417,0.11770544368308784,0.0004160496814593278,0.00036529428844408866,0.00033263344557272275,0.0003472953443846237,0.000328838655273234,0.0005535499154977838,0.00040885428314565476,0.0003113935862190576,0.00032109904442612124,0.0003797238804779846,0.0003317520069509913
Квартет физфака пу Сергея Никитина,0.0006009906220390012,0.0004832725806078116,0.0004707340680456639,0.0005159593553749096,0.0005164773453627956,0.0005532411303250295,0.0004904572978996146,0.0013864173447338235,0.000584881535048613,0.0006348730112960614,0.0005574225941703803,0.9886541026615931,0.0005299570176186316,0.0005017929491178285,0.0008446921347575262,0.0006238931835182283,0.0004751725478244354,0.0004899826144125699,0.000579441446918729,0.0005062385593352466
Стас Михайлов,0.0005066168786824561,0.00040738413020935865,0.00039681452035350524,0.0004349380675018859,0.0004353747414092878,0.0004663654630062247,0.00041344063781601864,0.4528145261342249,0.0004930373795417725,0.0005351786817050105,0.00046989031550870146,0.0004278775940787947,0.00044673766353973195,0.00042299621192929044,0.5390741067913309,0.0005259230225887912,0.0004005560217873802,0.0004130404601149539,0.0004884515468144,0.000426743737856556
Песни нашего века,0.000600992677970285,0.0004832742254298547,0.00047073565427067443,0.0005159611176273293,0.0005164791076313009,0.0005532430101505182,0.0004904590011524346,0.0013864123819282113,0.0005848835322719845,0.0006348751846948504,0.0005574244741257192,0.9886540737584006,0.0005299587803057317,0.0005017946527226634,0.0008446950131639646,0.0006238952983683877,0.00047517416329110967,0.000489984259442985,0.0005794434439731651,0.0005062402630781346
Звери,0.0003890670154003442,0.0003128591571844837,0.00030474201134197715,0.0003340197961747225,0.0003343551305181945,0.0003581551086515024,0.00031751038597305957,0.9932238724660796,0.00037863835596978234,0.00041100167078223697,0.00036086211420218925,0.0003285975486891097,0.0003430815359637423,0.0003248487714994211,0.0005468335439639154,0.0004038935547685946,0.0003076153743919945,0.0003172030786190654,0.00037511658866371466,0.0003277267911624358
Мельница--Сонный рыцарь-,0.000448696433144533,0.0003608087672599273,0.00035144754866009507,0.00038521253448597036,0.00038559926621140576,0.6549199073301181,0.0003661728364088999,0.33767848525399974,0.0004366694490125473,0.00047399281491144774,0.0004161687676509245,0.0003789592559445213,0.00039566308043012234,0.00037463593984352956,0.000630642679609394,0.00046579534215547916,0.0003547613110214794,0.00036581843904130306,0.00043260792188433493,0.00037795502820625
Ляпис Трубецкой,0.0003687547815943064,0.00029652553079059297,0.00028883216554359857,0.00031658141820985485,0.0003168992611627811,0.0003394567102826994,0.0003009339464819804,0.0008506807465443625,0.0003588705671606599,0.00038954426021139445,0.0003420223586221566,0.00031144226349621014,0.0003251700755471264,0.0003078892094371368,0.0005182847132975354,0.0003828072468949152,0.993018512425538,0.0003006426753279756,0.0003555326777340363,0.00031061696612269773
Чичерина,0.00036102653696857385,0.0002903110691903371,0.0002827789397490359,0.00030994663756519895,0.0003102578157167836,0.00033234250049961355,0.00029462707988483193,0.0008328338637812738,0.0003513494843516618,0.00038138032966300226,0.0003348543938691386,0.9931843164014146,0.0003183552870580596,0.0003014365903282194,0.0005074226878059921,0.0003747845286441458,0.00028544522893731854,0.0002943419205573697,0.00034808154623533645,0.0003041071577795289
Хром,0.00024363587440636494,0.11737078948094071,0.00019083109860385707,0.0002091650066502442,0.09971469028842378,0.0032956364234704555,0.00019882672429990468,0.42472479034130933,0.10871194248588448,0.011582119371632883,0.00022597380714178703,0.08201107760560582,0.0009837410024916722,0.05355173153707514,0.06919623178056869,0.013705082296090867,0.013444976263440354,0.00019863428105438126,0.00023490004594562598,0.00020522428496369804
Чарли Z,0.0002602624926563204,0.004644540233522008,0.00020385412301367214,0.04989722957724847,0.0002236635297581958,0.00023958428053761992,0.03877613520943665,0.4626353215015597,0.05374162164618448,0.0002749354530700946,0.0002413951005171527,0.00021981204302300356,0.000229500962953978,0.00021730435000492145,0.09233168166817383,0.00027018056523705656,0.0002057762389525573,0.0999451702652344,0.0751325187164091,0.12030951204250677
Король и Шут,0.06364278541019189,0.00033065090684146784,0.03541270681284235,0.016112322085511204,0.00035336932823835324,0.0003785227586443427,0.02432142267668096,0.32279129767816767,0.0004001708551260108,0.030228733938784794,0.0009243047331447817,0.00034728430621974233,0.0003625919760724668,0.16942516998972487,0.026221971225713524,0.02028028138142945,0.03590200672325659,0.0958942787707011,0.08014762843802087,0.07652250000468759
Паук,0.07943242832426631,0.0003702755896021496,0.0003606687771842736,0.23167107555646238,0.00039571655640192714,0.011505456991197375,0.06644538690818574,0.23446980372360623,0.03558711431442954,0.00048642936944234155,0.0004270881210451082,0.054611732756104536,0.0004060444337061955,0.107107333457465,0.0026882638409031876,0.00047801678763694487,0.03909101316447486,0.0003754167086676421,0.0004439586182389542,0.1336467760009793
Агата Кристи,0.0009357963592292092,0.0007524987820030861,0.0007329751733625323,0.0008033950432774625,0.0008042016269368083,0.0008614460747213899,0.982306723921491,0.00215880460415741,0.0009107130451529613,0.000988554218150493,0.0008679570098721038,0.000790353265953483,0.0008251906136262925,0.0007813366070986833,0.0013152615201763428,0.0009714576364465117,0.0007398862862326663,0.0007629469420438779,0.000902242374226621,0.0007882588958411268
А. Грейчайник (ДМЦ),0.00047884911245987143,0.00038505532936789936,0.00037506506168630656,0.000411099065443385,0.0004115117868435728,0.9909963139109019,0.00039077990702885004,0.001104685891329003,0.00046601391638184973,0.0005058454459649846,0.00044413557853199555,0.000404425557435271,0.0004222519146814197,0.0003998117274111702,0.000673022263984278,0.0004970970677740774,0.00037860149706168354,0.00039040167366612236,0.0004616794540130908,0.00040335383803321787
Агата Кристи - Чудеса (1998),0.0007395832562124234,0.0005947186423215103,0.0005792886056011876,0.000634943222894189,0.0006355806550185722,0.0006808223869499478,0.986016557889482,0.0017061606845023755,0.0007197592975878621,0.0007812791518986109,0.0006859681190375974,0.0006246359262343831,0.0006521687914144249,0.0006175098530148035,0.00103948409859014,0.0007677672905254643,0.0005847506381329883,0.0006029760396913513,0.000713064717778752,0.0006229807331114756
Пальчики,0.00021290085427049326,0.00017119924646519954,0.00016675747858402768,0.00018277853876266678,0.00018296203839240108,0.9959968960745719,0.00017374444890284242,0.0004911336012186007,0.0002071942049606327,0.00022490368001153041,0.00019746687649169558,0.0001798114326957704,0.0001877372051646786,0.00017776007854792075,0.0002992320749562962,0.00022101406993770494,0.00016832981284198092,0.00017357627243806532,0.00020526706594675706,0.0001793349448388299
✔Слот,0.00021290083979293446,0.00017119923197307662,0.0001667574640903535,0.00018277852427458789,0.00018296202390438626,0.9959968964224197,0.00017374443441160842,0.0004911335431824729,0.0002071941904810809,0.00022490366553816355,0.00019746686200874654,0.00017981141820665528,0.00018773717612641794,0.00017776006405808922,0.00029923204595697463,0.00022101405546297968,0.00016832979834885588,0.00017357625794677258,0.0002052670514665322,0.00017933493034954836
Лавров Василий,0.9194215815070159,0.00015197777193318626,0.00014803469806303016,0.07720203675993396,0.00016241989056993403,0.0001739812114476551,0.0001542372039305495,0.00043599271192724324,0.00018393137353513704,0.00019965250448689996,0.00017529619513666648,0.00015962301274081894,0.00016665890671069736,0.00015780197169808587,0.00026563564005535964,0.00019619959728061438,0.00014943050308119298,0.0001540879158470485,0.00018222060689505244,0.00015920001771097127
Уматурман,0.00015635368222484576,0.0001257281601924595,0.00012246614490151272,0.00013423194959513927,0.0001343667148723892,0.00014393116419604882,0.00012759733901736812,0.0003606956193049907,0.00015216273094010481,0.0001651685187931899,0.00014501902164463696,0.9970482467698436,0.00013787358067138128,0.00013054641539380672,0.00021975504809654498,0.00016231200714287019,0.00012362085384385812,0.00012747383692169592,0.0001507474554223963,0.0001317029869811676
Slot,0.0002129008687418558,0.00017119926095233987,0.00016675749307284857,0.0001827785532454261,0.00018296205287509094,0.9959968956977368,0.0001737444633890198,0.0004911336592404345,0.00020719421943415437,0.00022490370903026523,0.00019746690552081112,0.00017981144717965232,0.0001877372196455618,0.00017776009303257883,0.00029923210394690883,0.00022101408440599785,0.00016832982733020691,0.00017357630147621985,0.00020526708042100785,0.0001793349593228921
трол фейс,0.00033688183442044553,0.00027089564700578234,0.0002638672461535158,0.9936448333305552,0.0002895083917060613,0.00031011608768802626,0.00027492300620119006,0.0007771328555959555,0.0003278519630280812,0.0003558743841308783,0.00031245999391773854,0.00028452305077010016,0.000297064328620707,0.0002812771294691468,0.0004734872774008365,0.0003497197094249587,0.0002663552163525967,0.00027465690986342486,0.0003248025508021132,0.00028376908689323855
TROLLFACE,0.00033688183442044553,0.00027089564700578234,0.0002638672461535158,0.9936448333305552,0.0002895083917060613,0.00031011608768802626,0.00027492300620119006,0.0007771328555959555,0.0003278519630280812,0.0003558743841308783,0.00031245999391773854,0.00028452305077010016,0.000297064328620707,0.0002812771294691468,0.0004734872774008365,0.0003497197094249587,0.0002663552163525967,0.00027465690986342486,0.0003248025508021132,0.00028376908689323855
Animal ДжаZ,0.00036512607934266337,0.0002936076037684342,0.00028598996684614915,0.04368635833697246,0.0003137808665383893,0.0003361163111767268,0.0002979726255581539,0.42315026018042257,0.0003553391592170489,0.5275033946817765,0.00033865675554636593,0.0003083775655509829,0.00032197027733923793,0.0003048594652651927,0.0005131846056212931,0.0003790403011602623,0.0002886865241692961,0.0002976842356893417,0.00035203409897966977,0.00030756035905927034
ROTOFF,0.00045995306932970927,0.0003698605316310563,0.0003602644747853961,0.991323121202467,0.0003952729779507625,0.0004234091644727469,0.00037535917656995643,0.0010610513937840827,0.0004476243665095813,0.0004858840877045534,0.0004266093634871626,0.00038846637775706637,0.00040558926729437406,0.0003840345919395711,0.0006464638914301405,0.000477480938670993,0.0003636613574875782,0.00037499587345152073,0.0004434609471148286,0.00038743694616192193
Андрей Грейчайник (ДМЦ),0.00047884917593546785,0.0003850553918116472,0.00037506509491631954,0.00041109909906981697,0.0004115118204745452,0.9909963248130977,0.0003907799404317459,0.0011046741455348482,0.00046601397971624296,0.0005058455097375743,0.00044413561252187037,0.00040442559098828606,0.00042225194843054694,0.0003998117609134274,0.0006730223295960213,0.0004970971314504242,0.0003786015303306017,0.0003904017070648572,0.00046167951729979956,0.00040335390067827205
«Полкино»,0.0008672915690554519,0.0006974122584579419,0.0006793178811286555,0.0007445826463009329,0.0007453302073753751,0.0007983840516320852,0.0007077806156569735,0.00200074235463141,0.0008440444743709647,0.0009161873485801853,0.0008044183823201135,0.0007324955913019282,0.0007647826860041153,0.0007241390075090221,0.0012189779890710393,0.0009003422901483271,0.9835799267050016,0.0007070955114098207,0.0008361938898321368,0.0007305545402118851
Василий Лавров,0.9501397178451527,0.0001799577423242757,0.000175288732017143,0.045862286897767474,0.00019232231340638418,0.0002060121417338297,0.00018263315513765156,0.0005162637962864649,0.0002177941851969586,0.00023640967591656947,0.00020756922550106135,0.00018901053089688294,0.00019734176287617246,0.00018685422846675652,0.0003145406998661586,0.00023232106864915598,0.0001769415091625668,0.00018245637850166036,0.00021576845707986714,0.0001885096540602994
Балабама,0.00042684895275582434,0.0003432406308384467,0.028779637734400225,0.15811297663312338,0.00036682404727980954,0.0003929352187663171,0.00034834352196581604,0.14929896938535037,0.0004154075964542874,0.00045091365925258606,0.00039590509011015957,0.0003605073517713272,0.0003763978689453886,0.00035639454387517363,0.0005999360721601749,0.00044311528770126906,0.6574125442026116,0.00034800635408217356,0.0004115438300411143,0.00035955201851448087
Коля RotoFF,0.0002658158599258634,0.00021374962567049084,0.00020820387719588118,0.9949854658672825,0.00022843596892075285,0.00024469643622144756,0.0002169273996021858,0.0006131986828873028,0.0002586908651275574,0.00028080191436970155,0.00024654589701171586,0.0002245022958848477,0.0002343979603056874,0.0002219411010453558,0.0003736041181479589,0.00027594556275835027,0.00021016700297610012,0.00021671744460602556,0.00025628473546959334,0.0002239073845906265
НОМ,0.07914240410240905,0.0541116783395079,0.003145160841803097,0.0028861141361607085,0.00040818360911573914,0.06470232515000317,0.016292193934749642,0.15269367981871576,0.10498155753904091,0.011332331548055493,0.0004405435347639789,0.21513918724689116,0.04770293151479531,0.008308754981566356,0.04853917028302187,0.06950414249496806,0.052628184067310554,0.04193400909274956,0.016846982549869324,0.009260465214502378
Habib Hakimov,0.0004991477123876717,0.0004013779586827519,0.0003909642002031408,0.0004285256928643042,0.00042895590570629925,0.0004594897252011997,0.00040734520463274297,0.0011514522442635212,0.990640984758306,0.000527288440207164,0.0004629626272448733,0.00042156929498217367,0.00044015130579715784,0.00041675988677356327,0.000701551940609402,0.0005181692201670021,0.0003946505497493981,0.0004069509350230483,0.00048125022369714454,0.00042045217350151224
Dareen,0.0004998448197327655,0.0004019385375307372,0.0003915102268772368,0.000429124165573847,0.0004295550187108007,0.0004601314760757288,0.0004079141073244546,0.7042648104805256,0.00048644684131816387,0.28755774174255666,0.000463609209441518,0.0004221580759433908,0.0004407660478366891,0.0004173419446304868,0.0007025317093832729,0.0005188928706779334,0.0003952017278930479,0.0004075192847321881,0.000481922330407332,0.00042103938282813644
Женщины деревни Кеба (Лешуконский,0.000789898372197614,0.0006351783269381099,0.0006186986313342223,0.0006781394828311249,0.0006788202796684374,0.0007271399166874195,0.000644621472672624,0.0018222227006788718,0.0007687257418971223,0.0008344309021860538,0.0007326357096925949,0.0006671310165982347,0.0006965369463384782,0.0006595201317088746,0.0011102019918663294,0.98524062969164,0.000624532261620841,0.0006439975447229701,0.0007615757452907514,0.000665363133429386
СИЛЕН Radio Beograd 2 - 2016-12-30,0.000545566623975026,0.0004387046900689274,0.000427322472735021,0.9242294062517556,0.0004688472660815353,0.0005022206583927879,0.00044522682953122784,0.0012585553650859625,0.0005309431129632522,0.0005763243676671625,0.000506016496469848,0.0004607737177946645,0.00048108379727572834,0.0004555170420156482,0.0007667937505022363,0.0005663570621896195,0.03243206521350539,0.03392271781143913,0.000526004774889619,0.00045955269566158336
О. Васильчак та С.Роговський,0.000990114578261146,0.000796177584515134,0.0007755206740557306,0.0008500280557128369,0.5602424451608758,0.000911448666457622,0.0008080142294255428,0.0022841262485228248,0.000963575317682953,0.0010459347968120503,0.42199846433362426,0.0008362292886532238,0.0008730887680766481,0.0008266892853376116,0.0013916057831084496,0.0010278458338698214,0.0007828329536508426,0.0008072321512506724,0.0009546129672258861,0.0008340133228808721
storm in life ♛,0.0006454858231471151,0.0005190523693785815,0.0005055855019407288,0.0005541591590768084,0.0005547155079500789,0.0005942010857514156,0.0005267690178906496,0.6353362180549774,0.0006281840600388626,0.0006818767321687592,0.0005986921564425707,0.0005451632806852816,0.0005691930933033396,0.0005389438497624858,0.0009072300982673835,0.000670083975417675,0.0005103525933848708,0.0005262591769426504,0.0006223412327161986,0.35396549323075716
Антонина Матвиенко,0.0009129471565192443,0.0007341251699152603,0.0007150782241906535,0.000783778696636602,0.5820540232334654,0.000840412253989902,0.0007450392821570303,0.0021060674899454008,0.40161274309735867,0.0009644168788756836,0.0008467642820993597,0.0007710553154721431,0.0008050420739166619,0.0007622588563744179,0.0012831469310175142,0.0009477377046415101,0.000721820651124693,0.0007443181473668494,0.0008802124449983507,0.0007690121099345751
♡ Акула ♡,0.00046014031173547,0.0003700110706857934,0.0003604111135624897,0.0003950372519144322,0.00039543384983022246,0.0004235815334335712,0.00037551198593225427,0.7622896781855282,0.00044780657348455105,0.00048608186668154014,0.0004267830131380376,0.00038862448451418643,0.00040575435962096113,0.0003841909231947596,0.2303430841516724,0.0004776753121807492,0.0003638093933775141,0.00037514850817704,0.000443641465909547,0.00038759464542632854
Восточный округ,0.0588835162551286,0.0001521945543248843,0.03222031745594769,0.0005834953368929568,0.01231397344715096,0.007891188713251165,0.00015445720750062184,0.18903325278774108,0.03589906974514995,0.02809728078639562,0.1857901751549303,0.00015985070373891505,0.00016689663746160725,0.021836910471226795,0.16411302108928297,0.016832348597165907,0.18618344197733916,0.05395767843246333,0.00018248052251691767,0.005548450124390569
Юрий Хованский,0.00016431493916473102,0.00013213002102320455,0.00012870189579872532,0.00014106680219739518,0.00014120843597124536,0.00015125987916569198,0.00013409436927125392,0.00037905222941580705,0.00015991059882479504,0.000173578599971306,0.9969115844080104,0.00013877682578152025,0.0001448938535778725,0.00013719360669928928,0.00023094458574702563,0.0001705766420848497,0.0001299154089672156,0.00013396458075497222,0.00015842324774853603,0.00013840906982418518
▂▃▅▆▇the Chemodan,0.00018670008522473245,0.000150130513460536,0.00014623537346157618,0.00016028479558886534,0.0184661454584382,0.12833050546502162,0.0001523624860726899,0.32338196910280403,0.2916177917063623,0.00019722577586121147,0.00017316550982464374,0.00015768284055616108,0.00016463321316571,0.03583556924982955,0.12973504412406375,0.00019381485080989424,0.07046125369659656,0.0001522150169733838,0.0001800057535469272,0.00015726498233763195
TRIAGRUTRIKA,8.935033667727143e-05,7.184898867320931e-05,6.99848629022319e-05,7.670858975690717e-05,7.678559849082391e-05,8.225133048794416e-05,7.291715380023826e-05,0.00020611894039444968,8.695536796284522e-05,9.438768940208639e-05,0.49926956231716707,7.546335329078488e-05,7.878964092404788e-05,7.460244017445602e-05,0.49917661681528724,9.275529196275538e-05,7.06447413135231e-05,7.284658065070834e-05,8.614658344384689e-05,7.526337723755993e-05
Rewake,0.00017844557522482679,0.0001434928393905571,0.00013976990694096944,0.0001531981653491334,0.00015335197907497607,0.0001642678350630392,0.00014562612080787842,0.0004116498845874235,0.0001736624776680922,0.00018850589511357647,0.9966459888259717,0.00015071125788150902,0.00015735433736785903,0.00014899187654026562,0.00025080519800367064,0.00018524577172138716,0.0001410877864364488,0.00014548517097358207,0.00017204721526804125,0.00015031188061511805
Аля Кумар,0.00011486557220102748,9.236646596765327e-05,8.99700132106477e-05,0.19743681474564698,9.871280279068298e-05,0.00010573934697845035,9.37396645530641e-05,0.37920005365839954,0.00011178668563653168,0.00012134141377749847,0.17353839500483884,0.03397725844291112,0.00010128912447346092,9.590620435406141e-05,0.0001614435258362497,0.00011924286779193512,9.081833155511797e-05,0.20148183875592046,0.01287166148257829,9.675589057839273e-05
Лёша Маэстро,0.0003375897214681554,0.0002714648844669262,0.0002644217280857069,0.0002898257643062729,0.00029011674441585685,0.00031076774656596003,0.0002755007128121962,0.9314078498374889,0.0003285408745236255,0.0003566222013283822,0.06302568591052701,0.00028512092618114624,0.00029768854279652436,0.00028186816553226217,0.00047448224243416674,0.00035045457551693835,0.0002669149078304069,0.00027523406350593414,0.0003254850595040228,0.0002843653907095719
Триагрутрика (ТГК) - Т.Г.К.липсис,9.892521053431621e-05,7.954839765314894e-05,7.748451415811504e-05,8.492875707173123e-05,8.501402401529814e-05,9.106546680328113e-05,8.073103175225001e-05,0.00022820749024649533,9.627358976072203e-05,0.00010450237004587553,9.17537578116899e-05,8.355007957921206e-05,8.723281991714859e-05,8.259691462135284e-05,0.9981879157192244,0.00010269504408110127,7.821510030629294e-05,8.065289524683444e-05,9.53781376961449e-05,8.332867947461291e-05
ТРИАГРУТРИКА (Т.Г.К.липсис),8.976745122939996e-05,7.218440180010402e-05,7.03115740160739e-05,7.706668923556e-05,7.714406176602481e-05,8.263530681394897e-05,7.325755457759565e-05,0.00020708198985380804,8.736130304753836e-05,9.482831976206566e-05,0.4992464719168607,7.581563930084958e-05,7.915745740808717e-05,7.495070623283479e-05,0.4991924526689037,9.318830442335694e-05,7.097453014601856e-05,7.31866503732154e-05,8.65487423205322e-05,7.561473192850996e-05
5 Шлюх,0.0001741874696044401,0.00014006879074516973,0.00013643469767433167,0.00014954252313899711,0.0001496926697848345,0.00016034804667713903,0.00014215116959953388,0.0004018338099034754,0.00016951850263697757,0.9967484638043991,0.00016155997370808248,0.00014711495833910973,0.00015359952392657541,0.00014543661336938163,0.00024482043612032326,0.0001808253978106769,0.00013772113050355847,0.00014201358125524307,0.00016794178823272032,0.0001467251125703577
Вульгарный Тонн,0.03893530559641491,0.03713670168807512,0.004496027518524824,0.007769678436972061,0.002436611470190869,0.19937658091766702,0.00018132556985544007,0.3457892377121998,0.0915082935098658,0.05570371810702346,0.01953728986780254,0.00018765728265118694,0.011662299294857499,0.0033565958934977285,0.06819359084310711,0.006090330097949681,0.00504162807892667,0.09437058233010168,0.007783171822394282,0.0004433739619222645
Вульгарный ТоН,0.00012942180656268974,0.00010407151944602684,0.00010137138252463698,0.0001111105353621711,0.00011122208306616197,0.8810189193199615,0.00010561873725036123,0.11684616425481006,0.00012595274645574414,0.0001367182822339522,0.00012003953943911768,0.00010930684005697712,0.00011412489178291193,0.00010805982825790419,0.00018190229827219368,0.00013435379978262344,0.00010232719595379781,0.00010551651004789096,0.00012478124454330726,0.0001090171841900489
Саша rAp [Вульгарний ТоНН],0.0005143543781491076,0.0004136060564994105,0.00040287503773656834,0.00044158086184222336,0.00044202420048809987,0.00047348823493322315,0.00041975508464633845,0.8882279326518382,0.10331445851504135,0.0005433524450589376,0.00047706692920965714,0.0004344125302491893,0.0004535606677525264,0.00042945658451866415,0.0007229249402162732,0.0005339554003546363,0.00040667369876187223,0.0004193487951763432,0.0004959116301790279,0.0004332613573483161
Вульгарный тон,0.00019965553089274188,0.00016054833951906122,0.00015638289786256836,0.00017140723949713883,0.00017157931587728615,0.9962459389662874,0.00016293518806882043,0.00046058285507523877,0.00019430391909037604,0.0002109116253567494,0.00018518176091507403,0.00016862472441239395,0.00017605740540079507,0.00016670099051787265,0.0002806157870060142,0.0002072639989992977,0.00015785741417948735,0.0001627774889794626,0.00019249667326545975,0.0001681778787967336
Chemodan,0.1417307016996064,0.0011146304155930803,0.001382838874992052,0.0702209330719417,0.000171298241864135,0.07599619043439887,0.00016266826294082895,0.24335772492930227,0.06489826741082702,0.09951584103407765,0.014428146830511638,0.009912070739837959,0.0012197348980391176,0.09189241683076406,0.03443554869600609,0.059985488494219634,0.000157598813863926,0.00016251081764880423,0.08753244424319566,0.001722945260369083
Скептик,0.24065266501677116,0.00014460138845070897,0.00014084970145009912,0.00015438168578928982,0.00015453667821888439,0.05982870973328168,0.00014675115716880456,0.22215515559982116,0.0001750040899313118,0.10761539028971631,0.08454562404853624,0.0648788132092581,0.00015856995929564526,0.00015014291714344574,0.000252742783261538,0.2182324254091395,0.0001421777527224763,0.00014660911594213357,0.00017337635655443074,0.00015147310754709236
Восточный Округ,0.0001119752178928487,9.004225687715623e-05,8.770610354620909e-05,9.613238014952645e-05,9.622889571794669e-05,0.00010307863252977082,9.138090016250856e-05,0.00025831017823211395,0.9979004640037612,0.00011828810368098568,0.0001038577165299177,9.45718347303121e-05,9.874038869650599e-05,9.349292309778974e-05,0.00015738112712719685,0.00011624236289417158,8.853307607575286e-05,9.12924499923238e-05,0.00010796022299725482,9.432122530845895e-05
Восточный Округ (УРМК),0.0001131734446454505,9.100578630264706e-05,8.864463637667583e-05,9.716107861953741e-05,9.725862737570046e-05,0.00010418166412854313,9.235875051600718e-05,0.0002610742901406893,0.997877997205311,0.00011955388417728152,0.00010496908275235738,9.558383303012551e-05,9.979699778752709e-05,9.449337807115537e-05,0.00015906524133904994,0.0001174862536346454,8.948045466678356e-05,9.226935810769665e-05,0.00010911549060382951,9.533054241331726e-05
Elect,9.340350050886362e-05,7.510824424250284e-05,0.9982309440246242,8.018828849185212e-05,8.026879695884284e-05,8.598246066950432e-05,7.622486357405857e-05,0.00021546744774175643,9.089988727427678e-05,9.866935815450833e-05,8.663233461931695e-05,7.888656880781163e-05,8.236374150247011e-05,7.798659837938429e-05,0.00013127858329438328,9.696291334833873e-05,7.384936539476072e-05,7.615108536752573e-05,9.005441376566511e-05,7.867752328001134e-05
"LIN,MALIK",0.0007901604771688803,0.0006353890935605901,0.0006189038683149902,0.0006783644518984693,0.0006790455397705334,0.0007273811254362169,0.0006448353242518066,0.0018228289821571196,0.29656682799415796,0.0008347077916705884,0.30890338071172035,0.034634871158510036,0.34717635936925,0.0006597389308614158,0.0011105703241457382,0.0008202718836381977,0.0006247394776316116,0.0006442111634747667,0.000761828420768884,0.0006655839116118807
KOt StYlE,9.340350050886362e-05,7.510824424250284e-05,0.9982309440246242,8.018828849185212e-05,8.026879695884284e-05,8.598246066950432e-05,7.622486357405857e-05,0.00021546744774175643,9.089988727427678e-05,9.866935815450833e-05,8.663233461931695e-05,7.888656880781163e-05,8.236374150247011e-05,7.798659837938429e-05,0.00013127858329438328,9.696291334833873e-05,7.384936539476072e-05,7.615108536752573e-05,9.005441376566511e-05,7.867752328001134e-05
Чемодан,0.00019206726134978632,0.00015444640519795698,0.00015043927410421457,0.9963766982898999,0.00016505812559303545,0.00017680725258782445,0.00015674252239755688,0.0004430836516205809,0.00018691902747051,0.0002028955287576113,0.00017814358383401338,0.00016221583145442506,0.00016936601561826396,0.00016036520650993043,0.0002699504659488399,0.0001993865387390882,0.00015185775089754107,0.000156590818707759,0.00018518048135755715,0.00016178596795354933
ОУ74,0.04168637057022688,0.02727772176962659,0.00020306856007774329,0.0002225781651925698,0.00022280162648127412,0.007030398866449702,0.013968744820990803,0.4311588560137487,0.012298844669418166,0.13692704455671142,0.03347983407060662,0.001151894149752831,0.005878458373180881,0.0131239754752449,0.2250937793406302,0.021242272543893406,0.012399685561324836,0.0032746166736718763,0.009749449578225138,0.003609604614545373
12 ТРИАГРУТРИКА (Т.Г.К.липсис),8.247246617248765e-05,6.63183131145668e-05,6.459768019090496e-05,7.080383889909412e-05,7.087491772552172e-05,7.591992096724262e-05,6.730425625436875e-05,0.0001902519194880187,8.026185573533543e-05,8.712206479312331e-05,0.9984498723679772,6.965445593146503e-05,7.272469889046617e-05,6.8859812259821e-05,0.00011591502854082455,8.561532318489727e-05,6.520676512466558e-05,6.723911460906151e-05,7.951532796902107e-05,6.946987217185383e-05
Муровей (Сложные),0.020668854096269052,0.0001324451413468788,0.00012900885253429344,0.00014140324098214726,0.00014154520944854678,0.00015162063409274184,0.0001344141898427226,0.4404413422062239,0.00016029197372402617,0.0001739925855676795,0.00015276661181900554,0.00013910780762233516,0.00014523943092481923,0.00013752080505892816,0.5364174141240114,0.000170983468170752,0.00013022526152105056,0.00013428409573759632,0.00015880108654813135,0.00013873917855398413
Триагутрика,8.077910343493897e-05,6.49566321843773e-05,6.327133131126885e-05,6.93500588964361e-05,6.941968253132499e-05,7.436109796338139e-05,6.592233360987927e-05,0.00018634590891240504,7.861388042187112e-05,8.53332342146946e-05,0.9984816999898882,6.822427913556047e-05,7.123148319711589e-05,6.744594816106266e-05,0.00011353500457202741,8.3857429978576e-05,6.386790887375657e-05,6.58585234648301e-05,7.78826830984142e-05,6.804348614990688e-05
Блондин,0.00030030754508320707,0.00024148530926317572,0.00023521995264548788,0.00025781848185368547,0.0002580773313388009,0.00027644769943576097,0.0002450754270573246,0.8786988836578726,0.00029225803622962617,0.0003172381465927305,0.11634939184487958,0.00025363323434328026,0.0002648129185761211,0.0002507397022250361,0.000422082170678995,0.00031175166673697876,0.00023743782474330282,0.00024483823082349377,0.0002895397091822606,0.0002529611104384842
Вадяра Блюз (Bulletgrims),0.0005822037285454065,0.050011929873629485,0.0004560189671407659,0.0004998305095499086,0.000500332317839538,0.0005359468529786864,0.0004751256917526589,0.5591854953363135,0.0005665981950506932,0.000615026915055721,0.20687942567593867,0.17528316456651222,0.000513390625657129,0.0004861069172123873,0.0008182871538276875,0.0006043903371870953,0.00046031870922945997,0.0004746658220864698,0.0005613281893754277,0.0004904136151171829
MC-Нэмэр,0.000135624923904538,0.00010905961583772751,0.00010623005479621435,0.00011643600175610373,0.00011655289726357868,0.0001248493350813521,0.00011068098985028316,0.6598783964139845,0.00013198959440293483,0.012007967532393202,0.10905852578311853,0.0001145458612085912,0.00011959483618183071,0.00011323907770124497,0.12074449792446468,0.00014079331186599357,0.00010723168471315228,0.0001105738586756248,0.0965389679799195,0.0001142423228803925
Две Причины,0.0003079478726472165,0.00024762911097404866,0.00024120435349293405,0.00026437781137671277,0.00026464323829380006,0.0002834810115153813,0.0002513105706725176,0.3309963733591963,0.24733848805761094,0.00032530923774632845,0.3927927962492789,0.00026008610259957215,0.0002715502171114518,0.00025711893816711997,0.00043282064334315457,0.0003196831475304231,0.00024347864307723967,0.00025106732087284484,0.00029690608379255763,0.02435372803070062
ТРИАГРУТРИКА [Т.Г.К.липсис(2011)],8.247246617488791e-05,6.631831311649692e-05,6.459768019278501e-05,7.080383890115478e-05,7.087491772758445e-05,7.591992096945218e-05,6.730425625632756e-05,0.00019025189038972672,8.026185573767135e-05,8.712206479565891e-05,0.998449872397036,6.965445593349225e-05,7.272469889258274e-05,6.885981226182507e-05,0.00011591502854419811,8.561532318738901e-05,6.520676512656336e-05,6.723911461101843e-05,7.951532797133527e-05,6.946987217387568e-05
The Chemodan & Эфди Вадим,0.620066158994293,0.0003064562008460291,0.0002985051799732613,0.01813746968503144,0.0003275122398695472,0.0003508251354006104,0.0003110122308301304,0.27515864064739676,0.00037088917037409727,0.0004025901389950126,0.08106204776769078,0.00032187249966667036,0.00033606006388299097,0.00031820044031515227,0.0005356420819389588,0.00039562751329733976,0.0003013197531776158,0.00031071120991508057,0.00036743949338861377,0.0003210195537170073
The Chemodan,8.247246617488791e-05,6.631831311649692e-05,6.459768019278501e-05,7.080383890115478e-05,7.087491772758445e-05,7.591992096945218e-05,6.730425625632756e-05,0.00019025189038972672,8.026185573767135e-05,8.712206479565891e-05,0.998449872397036,6.965445593349225e-05,7.272469889258274e-05,6.885981226182507e-05,0.00011591502854419811,8.561532318738901e-05,6.520676512656336e-05,6.723911461101843e-05,7.951532797133527e-05,6.946987217387568e-05
GOA,0.00036892851894299223,0.00029666524821364174,0.0002889682452490279,0.0003167305936969096,0.0003170485821581973,0.0003396166243065805,0.0003010757301273266,0.18182702918183002,0.0003590396482320395,0.00038972780484514645,0.81208976604668,0.00031158899443597894,0.0003253232961750316,0.0003080342815791954,0.0005185288768394187,0.00038298761943986756,0.0002916928877319888,0.0003007843134640579,0.0003557001873118918,0.0003107633187406896
ТРИАГРУТРИКА (Т.Г.К.липсис 2011),8.247246617488791e-05,6.631831311649692e-05,6.459768019278501e-05,7.080383890115478e-05,7.087491772758445e-05,7.591992096945218e-05,6.730425625632756e-05,0.00019025189038972672,8.026185573767135e-05,8.712206479565891e-05,0.998449872397036,6.965445593349225e-05,7.272469889258274e-05,6.885981226182507e-05,0.00011591502854419811,8.561532318738901e-05,6.520676512656336e-05,6.723911461101843e-05,7.951532797133527e-05,6.946987217387568e-05
Cтрана OZ,0.04613566592104184,6.165812364535334e-05,6.005840269172299e-05,6.582845466866091e-05,0.03981935129346915,0.04963907005989764,6.257478505578488e-05,0.4415882893957461,0.029428899495098724,0.05579262677378904,0.07948431167426703,6.475984217758126e-05,6.76143382515511e-05,6.402103425380756e-05,0.10969770133307771,0.12776307724315117,6.062468676715405e-05,6.251421999184527e-05,0.02001676469149629,6.458823146181003e-05
Тараканы,0.00037254745601639916,0.0002995753573290195,0.0002918028585843329,0.0003198375040709561,0.0003201586357642729,0.0003429480720523894,0.00030402908778910415,0.0008594186679685617,0.0003625616107720985,0.9930457148329366,0.00034554011762699324,0.0003146454966791725,0.00032851449173760205,0.0003110558881246769,0.0005236153249830591,0.00038674448037656633,0.0002945542185407762,0.00030373481893364594,0.00035918937874627636,0.0003138117009675691
Четыре таракана,0.0003765109841411463,0.0003027625128731719,0.00029490733027404565,0.0003232402604577442,0.0003235647681901073,0.0003465966681147858,0.00030726362429595895,0.0008685621460347708,0.0003664188809761522,0.9929717283828311,0.00034921630407801446,0.0003179929849773496,0.00033200953622799693,0.0003143652213601904,0.0005291860805553047,0.0003908590280439564,0.0002976879686386584,0.0003069662413354849,0.00036301076398286247,0.0003171503126111756
Детские Песни,0.00030486874676382745,0.0002451531006894621,0.00023879258231008816,0.0002617343385068328,0.0002619971169889006,0.0002806465166296688,0.00024879774423037105,0.000703283926487587,0.0002966969733453987,0.00032205650840070113,0.0002827676910796131,0.00025748551400474437,0.0002688350327695345,0.0002545480353278606,0.0004284929258531741,0.00031648667560181217,0.0002410441200910551,0.0002485569391400367,0.9942809523079676,0.00025680320381163364
Круть,0.0001363565195063307,0.00010964791340887386,0.00010680309411744401,0.00011706409301703235,0.00011718162155623541,0.00012552280817522556,0.9974218851746851,0.0003145598637458916,0.0001327015878467087,0.00014404396135670852,0.00012647153480704415,0.00011516375119832405,0.00012023996836824919,0.0001138499243022406,0.00019164905150259866,0.0001415527899726621,0.00010781013027152927,0.00011117032745049521,0.00013146730899241975,0.00011485857571885931
Леонид Сергеев,0.00026609147094879237,0.00021397123497701848,0.00020841973854286646,0.0002284434612642629,0.00022867281395812776,0.00024495013223893016,0.00021715231216655256,0.0006138479259407901,0.0002589590838379009,0.9950329029173075,0.0002468015138663428,0.00022473506641927668,0.000234640989856535,0.00022217120860099302,0.00037399145786303596,0.0002762316510744484,0.00021038490157458908,0.00021694213889344234,0.00025655045127089926,0.00022413952939774126
Белки на акации,0.00024560468215872855,0.00019749726608432976,0.0001923731883238229,0.6139947364694542,0.0002110669393691681,0.00022609104723957045,0.000200433434643965,0.3164136190705912,0.00023902142588906844,0.06578441379302288,0.0002277998783655838,0.00020743236630419454,0.000216575624186309,0.00020506590513264943,0.0003451973043183428,0.00025496418146579876,0.00019418705515678988,0.0002002394285418445,0.00023679825740336046,0.00020688268234818645
Злой дух,0.00015769482641814786,0.00012680661398965443,0.000123516600896634,0.00013538333737554456,0.00013551926680259024,0.00014516575958146145,0.9970184199592038,0.00036380349178457503,0.00015346793200920247,0.00016658527451420585,0.0001462629447800901,0.00013318562003810733,0.0001390561967694048,0.00013166619650791273,0.00022164002485597267,0.00016370425751116997,0.00012468123421584466,0.00012856726459533732,0.0001520405056782138,0.0001328326924720931
Шишков Сергей,0.0003048690596763616,0.0002451533539600895,0.0002387928281519915,0.0002617346212795374,0.00026199739976791656,0.00028064681440851996,0.00024879799758853525,0.0007032845836632777,0.00029669728606166373,0.00032205685082987995,0.0002827679889094104,0.00025748578212348594,0.00026883531571278316,0.00025454830337605,0.00042849337270214134,0.0003164870178972151,0.00024104437326299323,0.00024855719249241724,0.9942809463862218,0.0002568034719139875
"Вокальный Квартет ""Аккорд""",0.0003048690596763616,0.0002451533539600895,0.0002387928281519915,0.0002617346212795374,0.00026199739976791656,0.00028064681440851996,0.00024879799758853525,0.0007032845836632777,0.00029669728606166373,0.00032205685082987995,0.0002827679889094104,0.00025748578212348594,0.00026883531571278316,0.00025454830337605,0.00042849337270214134,0.0003164870178972151,0.00024104437326299323,0.00024855719249241724,0.9942809463862218,0.0002568034719139875
Песьня.,0.0002874762602433883,0.00023116731816979257,0.00022516965894290507,0.0002468026090758331,0.00024705039909057375,0.00026463586493351033,0.00023460404402023274,0.0006631622150670943,0.00027977067181459347,0.0003036834559749704,0.0002666360256996661,0.000242796190290986,0.0002534982072671903,0.00024002627685806169,0.0004040477833784182,0.00029843137868343947,0.0002272927542900174,0.00023437697593296395,0.994607219118361,0.0002421527919052835
Анатолий Александрович,0.0003048690596763616,0.0002451533539600895,0.0002387928281519915,0.0002617346212795374,0.00026199739976791656,0.00028064681440851996,0.00024879799758853525,0.0007032845836632777,0.00029669728606166373,0.00032205685082987995,0.0002827679889094104,0.00025748578212348594,0.00026883531571278316,0.00025454830337605,0.00042849337270214134,0.0003164870178972151,0.00024104437326299323,0.00024855719249241724,0.9942809463862218,0.0002568034719139875
Детская,0.00028747623124414086,0.00023116730370197538,0.00022516964447290595,0.0002468026091656194,0.00024705037007661943,0.00026463583592595356,0.00023460402955366582,0.0006631621571006898,0.0002797706428125427,0.0003036834269816191,0.0002666360257966677,0.0002427961758273994,0.0002534982073594124,0.00024002626239346737,0.00040404775442157923,0.00029843134968817744,0.00022729275437270602,0.00023437696146631442,0.994607219480197,0.0002421527774414628
Louis Armstrong,0.0008271927589976546,0.0006651677254765655,0.0006479099114566625,0.0007101572395712113,0.000710870166971454,0.0007614711321677492,0.0006750566827720129,0.0019082513516600304,0.0008050204723779399,0.9845588976398304,0.0007672264726009955,0.0006986289799918778,0.0007294233342216804,0.0006906587799483573,0.001162619163630708,0.0008587153492418626,0.0006540189798300849,0.0006744033018063266,0.0007975328720303218,0.0006967776854160514
Злой Дух ( няшка ^^ ),0.00013635651985158994,0.00010964791368650601,0.00010680309438787299,0.00011706409331344252,0.00011718162185294316,0.0001255228084930535,0.9974218877001905,0.00031455733250920065,0.0001327015881827135,0.0001440439617214326,0.0001264715351272743,0.00011516375148992249,0.00012023996867270078,0.00011384992459051237,0.00019164905198786042,0.00014155279033107847,0.00010781013054450809,0.00011117032773198216,0.00013146730932529934,0.00011485857600968504
♨♨♨Детская песня♨♨♨,0.0003215440120634175,0.00025856209986279365,0.0002518536959684461,0.0002760503007490208,0.00027632742742584796,0.00029599690222247634,0.0002624061047303268,0.0007417508836357913,0.0003129252618195367,0.0003396718569428506,0.0002982340845918341,0.00027156906750623773,0.00028353935669677457,0.0002684709065104803,0.0004519299889309351,0.0003337973942160944,0.00025422839393830885,0.00026215211559898143,0.9939681407004038,0.00027084944618600794
детская песенка,0.00028747623124414086,0.00023116730370197538,0.00022516964447290595,0.0002468026091656194,0.00024705037007661943,0.00026463583592595356,0.00023460402955366582,0.0006631621571006898,0.0002797706428125427,0.0003036834269816191,0.0002666360257966677,0.0002427961758273994,0.0002534982073594124,0.00024002626239346737,0.00040404775442157923,0.00029843134968817744,0.00022729275437270602,0.00023437696146631442,0.994607219480197,0.0002421527774414628
Тараканы!,0.0004844455582740185,0.002514562854039215,0.000379448546461552,0.0004159036825031659,0.012949765994699968,0.02567818132563505,0.011143726789579343,0.41096530422620664,0.021474810005874593,0.2768998737086591,0.00044932630118608334,0.06034621399067599,0.00042718687555787823,0.006560867820389044,0.09895568558001996,0.0005029067834940836,0.00038302631391342863,0.000394964392649044,0.012830149505692024,0.056243649744489775
Оксана Дроздова,0.0005738496307545357,0.0004614477786552579,0.00044947550012834045,0.0004926583984540327,0.0004931530180821278,0.012730932747270829,0.005905556304690828,0.40144287900574493,0.0005584680032080948,0.15205117933027926,0.0005322491465902069,0.0004846609078997327,0.000506023896830514,0.00047913172305487465,0.42028439822625935,0.0005957178525108844,0.000453713541964408,0.0004678547835853999,0.0005532736094462134,0.00048337659459022974
Оксана Дроздова.,0.40015032541530776,0.00046058601705140816,0.0004486360998944978,0.000491738351769517,0.0004922320691818878,0.000527269998352414,0.00046743347942056516,0.3072829150790917,0.000557425061150439,0.000605069780974528,0.0005312551861192109,0.0004837558108339914,0.0005050789082448607,0.0004782369384126492,0.1798552691131079,0.0005946053816295861,0.017578114981346767,0.08745533803664074,0.0005522403880362329,0.0004824739034333025
Оксана Почепа,0.0011882606978335158,0.1122222059735542,0.0009307212596277582,0.0010201393997938833,0.0010211635053471492,0.0010938517165654167,0.0009697175390136915,0.2514921644136669,0.0011564101652951212,0.0012552518926302557,0.0011021191832104424,0.0010035790879644874,0.0010478150461948191,0.000992129874260656,0.6182160775272025,0.0012335428805275513,0.0009394968791362608,0.0009687789405115649,0.001145654321225853,0.001000919696437966
D-Bosh,0.000479689058185664,0.00038573074364157023,0.0003757229546553487,0.00041182014570916546,0.00041223362384194216,0.030274023357397706,0.00039146536258169234,0.011605573265063637,0.0004668313347167305,0.0005067327457812113,0.0004449146071653918,0.00040513493742767983,0.0004229925827167373,0.0004005130161698494,0.9508817505844508,0.000497969000068414,0.0003792655894293409,0.0003910864598006253,0.00046248927590169446,0.00040406135529479705
Бабич Анжела,0.0004856846638606292,0.0003905519838327547,0.00038041910692183294,0.0004169674934379106,0.334564566203285,0.00044709636076650214,0.0003963582562094366,0.0011203999151750237,0.0004726662585787713,0.0005130663624281067,0.00045047560651670284,0.00041019872828537056,0.000428279541142176,0.00040551903608046123,0.6569561950282613,0.0005041931284016432,0.000384006037605919,0.00039597463862065533,0.0004682699212668424,0.0004091117293229707
"Марьяж ""Декорации""",0.0003687271142055303,0.00029650330379004335,0.0002888104912998092,0.00031655767837325495,0.0003168754922312747,0.0003394312248585675,0.0003009113703592442,0.0008506132495429879,0.0003588436561939456,0.00038951502179950475,0.0003419966986470825,0.9930389251050615,0.0003251456956674113,0.00030786610964074387,0.0005182458451325737,0.0003827785321628119,0.0002915336496563417,0.000300620099197059,0.00035550599950424195,0.0003105936626760823
"Гр. ""Они""",0.00026026794369579214,0.0002092883968291026,0.00020385839365075572,0.00022344388791374858,0.0002236682202251363,0.00023958930962795716,0.00021239985804837486,0.8178247903356853,0.00025329166865212683,0.0002749412209963046,0.00024140016439971377,0.00021981664864278804,0.17787179748933538,0.00021730890269353024,0.0003658065755249417,0.00027018623746821345,0.00020578055601526044,0.00021219426860265056,0.00025093577192895433,0.000219234150063874
Большая разница,0.00043749031534885197,0.00035179763282445527,0.0003426702345658456,0.00037559193630068725,0.000375969005547498,0.00040273111407969093,0.0003570277369459528,0.2627558545446695,0.0004257637120659931,0.00046215493981587025,0.0004057750256562146,0.00036949482902524623,0.00038578147890649955,0.0003652794882125284,0.12176483006338776,0.0004541621835498635,0.00034590122557417687,0.0003566821871491495,0.0004218036409633537,0.6088432387054109
Армейские Песни,0.00037657881582591786,0.00030281707504150115,0.0002949604665496272,0.0003232984892005056,0.0003236230842363079,0.0003466591163333186,0.0003073190012598353,0.0008687286565976464,0.00036648490847389587,0.9929704520341465,0.0003492792178928218,0.00031805028252776074,0.00033206936546380375,0.000314421849612532,0.0005292814115708589,0.00039092944961355774,0.0002977415996103493,0.0003070215309952486,0.0003630761803847472,0.00031720746466334764
Tony Gun,0.00022099168978268998,0.00017770530284827167,0.00017309473245208858,0.00018972463128813386,0.00018991511584950328,0.00020343359707751196,0.6637316033617321,0.0005098099696661657,0.00021506815834493957,0.00023345064611281428,0.0002049711814719668,0.0001866447767827413,0.00019487174532543624,0.00018451545333530512,0.22548783253763938,0.10714224966486915,0.00017472681697958643,0.00018017266727054446,0.00021306777941226997,0.00018615017175933527
Курские соловьи,0.0005214241651191928,0.00041929107164054,0.00040841255343196554,0.00044765037090177637,0.00044809979229915617,0.00047999631328003657,0.00042552461801762805,0.5037326152682555,0.0005074477475581189,0.0005508207832151273,0.00048362419344112856,0.0004403835220190173,0.00045979481855743204,0.0004353594727557946,0.4505565940364578,0.03790364069725364,0.00041226339806173554,0.00042511274056550275,0.0005027279206667917,0.00043921651650210663
Типа РВ!,0.0005813012301526678,0.00046743981522258214,0.0004553120440201249,0.0004990557171537381,0.0004995567687535948,0.0005351160655192646,0.00047438917041023283,0.6474028340615168,0.0005657198525319367,0.0006140735438094688,0.0005391605670718257,0.0004909543740231547,0.0005125947623529806,0.0004853533994478044,0.3432900386403846,0.0006034534385007952,0.00045960512141576083,0.00047392999922697655,0.0005604580540337664,0.0004896533744520118
"Из к/ф ""Снежная любовь, или сон в зимнюю ночь""",0.0005818427116287924,0.00046787521801469855,0.00045573618413877887,0.0004995206007993997,0.000500022059831853,0.0005356144752643947,0.0004748310630649239,0.7487437035917673,0.0005662468409543423,0.0006146455829323387,0.0005396627601451954,0.0004914116910128559,0.000513072218285253,0.00048580550708689,0.2419404997024299,0.0006040155245593001,0.0004600332485790346,0.00047437145534347854,0.000560980095025794,0.0004901094691354273
ВИА Пламя,0.0004266545673860792,0.00034308431345250696,0.00033418296492741405,0.0003662892636259036,0.00036665701963530396,0.0003927562876009485,0.0003481849053666773,0.0009842482602862798,0.00041521842069394585,0.00045070830168880086,0.0003957247910585938,0.0003603431763153191,0.0003762264466026084,0.0003562322601766837,0.0005996628441543988,0.9920278996644832,0.00033733394940586815,0.0003478478830028869,0.0004113564005186209,0.0003593882796179129
Дворовые песни,0.0002237260353478708,0.00017990406860397644,0.00017523645506549164,0.00019207211666492406,0.00019226494406955082,0.00020595069849175065,0.0001825786811853356,0.0005161121309185163,0.00021772922093447707,0.9958237358924182,0.00020750730211755401,0.00018895415093763153,0.00019728290947535086,0.00018679848869238282,0.00031444688361521585,0.00023225178313745283,0.00017688873752198106,0.00018240196274885628,0.00021570410390445039,0.0001884534341490267
Окси,0.007659744036641635,0.20877066698608343,0.0002488502571941949,0.20527178514703182,0.00027303213408860967,0.0002924670293278071,0.00025927682654508,0.34438013039150805,0.04009027197999015,0.0003356211611582049,0.00029467754525550706,0.00026833052530443743,0.00028015804898765434,0.09935792418677517,0.033148112328605484,0.057028936281398365,0.00025119663780411397,0.00025902587440491395,0.00126217315772867,0.00026761946416667637
Баста / Гуф,0.00011154115011438541,8.969321087591276e-05,8.736611544065111e-05,9.575972847918364e-05,9.585586778292578e-05,0.00010267905273189749,9.102666519120993e-05,0.22017207212916373,0.14264038985930122,0.2852203021592494,0.00010345511777998034,9.420523057860089e-05,9.835762673284837e-05,9.313050099245168e-05,0.00015677104779014838,0.08134936251204196,0.2628333856542721,0.0010686427227037277,0.005402048056296905,9.395559248080154e-05
Toto Cutugno,0.9961740607837714,0.00016431647582127305,0.0001600532746418114,0.0001754302374077855,0.00017560635921030467,0.0001881063214731926,0.00016675934910511165,0.0004713968511175681,0.00019886431789173113,0.0002158618107884281,0.00018952807247292215,0.00017258242804209115,0.00018018954240377888,0.00017061353966708954,0.0002872019674319264,0.00021212857572694915,0.000161562409878848,0.00016659793928659205,0.00019701465333958664,0.00017212509052167704
Jencarlos,0.00026395919257551486,0.9690638934240304,0.00020674962407763633,0.00022661289403736663,0.0002268403985996947,0.0002429872853456705,0.00021541221608247874,0.0006089287522000124,0.0002568839665788873,0.0002788405870125296,0.0002448238382622457,0.0002229342002707421,0.00023276074135594602,0.00022039089018497477,0.026313222964407256,0.0002740181422167468,0.00020869904160886014,0.00021520373086663674,0.0002544946593575896,0.00022234345092877778
Basta,0.2680963296856758,0.00022825173308115742,0.01907436498608092,0.00024368983378385113,0.00024393449306940056,0.00026129816878623415,0.0002316451130923167,0.3437150872516059,0.0063688818411669346,0.009833147261862431,0.020333530268296263,0.16658483751114647,0.05808541004056922,0.00023699896361228264,0.08661629479097607,0.017270393356934203,0.00022442604786652534,0.0002314209127612993,0.001880959075897309,0.00023909866373550005
NATALIA OREIRO,0.0001284166297855583,0.9975704698082652,0.00010058406317104034,0.00011024757490995028,0.00011035826404815606,0.00011821375133296962,0.0001047984285988504,0.00029624441353820317,0.0001249745199122664,0.000135656440116668,0.00011910723161184502,0.00010845789314417419,0.00011323852449975269,0.00010722056567583395,0.00018048952103864415,0.0001333103222414181,0.00010153245509956005,0.00010469699447831357,0.00012381211297610948,0.00010817048555538392
Rido,0.00012015701003190149,9.66214565096876e-05,9.411460546900748e-05,0.00010315657580741026,0.00010326014178314317,0.00011061037202152947,9.805791237304783e-05,0.0002771927697183161,0.0001169362929959226,0.00012693116999168267,0.00011144638678742009,0.00010148199969058571,0.00010595514180278052,0.00010032425664628019,0.9977989912218671,0.00012473594820073142,9.500200304511488e-05,9.796300478646218e-05,0.00011584865016190221,0.00010121308031001185
Доктор Айболит,0.00021033975369010534,0.00016913979546013768,0.996016172684491,0.00018057979643583996,0.0001807610841682925,0.00019362797297555956,0.00017165438058259165,0.0004852279518494764,0.00020470174595618772,0.00022219818037289867,0.0001950914443164666,0.00017764838631672753,0.00018547879981874857,0.000175621697734141,0.00029563244494007447,0.00021835536938918237,0.00016630487907628717,0.00017148822683968405,0.0002027977882080453,0.00017717761737848928
Регги,0.00021033976119868615,0.00016913980292315356,0.9960161737860306,0.00018057980391150786,0.0001807610916441609,0.00019362798046565803,0.00017165438804838854,0.00048522670092159047,0.0002047017534585332,0.00022219819517055078,0.00019509145180818358,0.00017764839378915347,0.00018547880729983453,0.00017562170520432554,0.00029563245981894084,0.00021835537690662802,0.0001663048865361678,0.0001714882343052972,0.0002027977957082851,0.00017717762485039456
реги,0.0002103397814379765,0.00016913982347360428,0.9960161662636754,0.00018057982437555861,0.00018076111210684249,0.00019362800083116318,0.000171654408579848,0.0004852337694866277,0.00020470178829231725,0.00022219822259623748,0.00019509147216263594,0.00017764841427534353,0.00018547882772688583,0.00017562172570582203,0.0002956325012419324,0.00021835541163729382,0.00016630490710802906,0.0001714882548380115,0.00020279783055644868,0.00017717765989205302
♫. ιllιlιιl Сява,0.00023113225435204973,0.0001858596086197129,0.8238941961753542,0.0001984304678460649,0.00019862968353513686,0.00021276848228421526,0.0001886227549653929,0.1722613608191437,0.00022493692290825933,0.00024416293947752407,0.0002143766287425812,0.00019520928548656248,0.00020381375888830076,0.00019298226071990282,0.0003248563239017221,0.00023994023625719714,0.00018274445149838275,0.0001884401866648015,0.0002228447652713527,0.00019469199408297377
Лигалайз,0.00014714610401311685,0.0001183241024454537,0.006977614394446215,0.04560997087046334,0.08982888505134456,0.07964123064355283,0.0018293847889988282,0.3262142812002197,0.005583207171616108,0.1332115808122577,0.008400385080987418,0.040058205002722815,0.00039741698474347485,0.10826799494715927,0.07590587190430759,0.015562243611437432,0.00011634089679686768,0.00011996698313703258,0.0001418700177880537,0.06186807943156213
ЮГ,0.00010791368232531322,8.677626652741461e-05,8.452485217351355e-05,9.264549111542691e-05,9.273850696737587e-05,0.1692870437811246,8.806635215611974e-05,0.6494655101949546,0.0022671837422280888,0.00011399758406537136,0.00010009061552928601,9.114155051797303e-05,9.515890545468702e-05,9.010177240950789e-05,0.1689223974270952,0.00011202604672657269,8.532182427483001e-05,8.79811143036806e-05,0.00010404432038207873,0.008625335969668373
Bad Balance,0.00011245253661085585,9.042608327032797e-05,8.807997280124115e-05,0.010350480097583836,9.663909197440239e-05,0.00010351802899422458,9.177042908181345e-05,0.0002594134524230759,0.00010943832959087004,0.9876469281561036,0.00010430043446573555,9.49749678579044e-05,9.916129515197408e-05,9.38914578247214e-05,0.00015805200249709232,0.00011673786785023397,8.891046870977106e-05,9.168160783816289e-05,0.00010842042686090202,9.472329250931776e-05
Каста - Влади - Что Нам Делать в Греции?,0.05834822914652048,9.45039871709266e-05,0.020487402641310052,0.00010089588540189761,0.14401370046959314,0.00010818633509346946,9.590895972015169e-05,0.4303262761620345,0.00011437361889016715,0.21027177340822426,0.046493259107003984,9.92580095015208e-05,0.00010363312187216724,0.026044523107700775,0.00016517959683333633,0.06273185549161729,9.29200188284593e-05,9.581613307366642e-05,0.000113309815917184,9.89949836925819e-05
Домино,0.19754758491485108,0.09958151180007081,0.0001992778475930997,0.00021842326814048226,0.00021864255676880902,0.00023420590410628525,0.00020762738136958074,0.3625417665239587,0.0766281945276126,0.1467075968464431,0.0002359760718098962,0.0002148775296072099,0.02712187927168897,0.00021242612855346677,0.00035758710818576745,0.0002641153383650828,0.00020115681268941958,0.000207426422333424,0.011340016542426503,0.07575970720342567
Domino,0.00015507168678169703,0.0001246972699078661,0.00012146199347456486,0.00013313132727987742,0.0001332649866234099,0.00014275101651619484,0.00012655112573025726,0.3363476151937215,0.0001509150922006114,0.00016381424476153507,0.00014382995373632242,0.00013097016410672756,0.00013674309814600872,0.00012947601708267927,0.00021795319105203116,0.00016098114689185698,0.00012260723649750195,0.00012642864225780078,0.6611011135123086,0.0001306231009229225
polusplus.com,0.00014304841390457018,0.0001150290455210445,0.00011204461531235345,0.00012280918994650545,0.00012293248831359203,0.00013168301984633327,0.00011673916462318849,0.9975086185554228,0.00013921411554011673,0.00015111314283562877,0.00013267831255437705,0.00012081558500826868,0.0001261409234100144,0.00011943727864851918,0.0002010545112330094,0.00014849970639770242,0.00011310106971482243,0.00011662617628715121,0.0001379192571310409,0.00012049542834896593
Валдай,0.0006115724888168193,0.0004917817589004716,0.0004790224354710372,0.0005250440621901673,0.0005255711907851804,0.0005629822452464264,0.0004990929906037862,0.0014108424550843893,0.0005951797557591152,0.0006460514486759677,0.0005672373418180528,0.00051652083053043,0.9884770846007432,0.0005106281777790881,0.0008595649559352251,0.0006348782549560971,0.000483539088175801,0.0004986099252095709,0.0005896439159812085,0.00051515207733788
Animal Jazz,0.992874352784747,0.00030603231575345363,0.00029809229581212015,0.00032673122250213794,0.0003270592517846195,0.00035033987209564,0.0003105820594915226,0.0008779573505973674,0.0003703761719173207,0.0004020332823275467,0.00035298782597799463,0.0003214272820799924,0.0003355952308793,0.0003177603157526438,0.0005349012361512786,0.00039508028972061834,0.00030090296921522313,0.0003102814460181173,0.000366931267822723,0.0003205755293534282
Alex Dark Stalker98,0.00027222949054126795,0.00021890699447641164,0.00021322744012729854,0.00023371304446479494,0.00023394769409963478,0.00025060048400793244,0.00022216144303046566,0.000628011596968602,0.0002649325781137276,0.15174935873384188,0.3631742922236587,0.00022991911275338172,0.00024005353225668577,0.0002272961009097135,0.00038261845765703525,0.00028260360919403444,0.00021523793275052158,0.4804691112775599,0.00026246841497789885,0.00022930983861005713
Анимал джаз,0.9928743538250191,0.00030603231607409526,0.0002980922961244428,0.00032673122284446665,0.0003270592521272919,0.00035033987246270437,0.00031058205981693125,0.0008779563037793089,0.00037037617230537787,0.00040203328274877225,0.00035298782634783334,0.0003214272824167639,0.00033559523123091587,0.00031776031608557334,0.000534901236711715,0.0003950802901345589,0.0003009029695304906,0.0003102814463432109,0.0003669312682071708,0.0003205755296893073
Chpoks,0.00025479804655068077,0.00020488989148189634,0.00019957400517254108,0.00021874788125703586,0.00021896749871691402,0.4151766348324128,0.00020793595596450533,0.44415122161436876,0.0002479683684643082,0.00026916290853377657,0.00023632678044599627,0.00021519687997080162,0.00022468236935670522,0.0002127418414047677,0.048471697974299385,0.08861997408011117,0.00020145577115496114,0.0002077347030179035,0.0002456619776820442,0.0002146266196330263
dom1No,0.00014788299934798035,0.00011891665728651727,0.00011583136042219451,0.0001269597476881675,0.00012708720790529138,0.0001361334927250604,0.00012068457662759361,0.9974244178681798,0.00014391910155555073,0.00015622027124858893,0.00013716241492761521,0.00012489876006957477,0.00013040408393336677,0.00012347388027963096,0.00020784950266555013,0.0001535185191887797,0.00011692351796822595,0.000120567761135761,0.00014258048551342176,0.00012456779133133237
dom!No,0.00033847718591986203,0.00027217852887721463,0.00026511683363143496,0.00029058767670132326,0.0002908794134991194,0.36480669643228536,0.0002762249654108542,0.292570823487991,0.00032940454694781315,0.00035755969452032956,0.0003139397099728319,0.000285870469632248,0.00029847111860370457,0.0002826091525844173,0.33751475711334994,0.0003513758435646076,0.0002676165834683585,0.0002759576030711744,0.0003263407139424254,0.00028511292602591905
ST,0.00031333699420210925,0.00025196262629911684,0.00024542546872778355,0.0002690044633419097,0.5277976953452105,0.0002884419533389876,0.0002557085225068107,0.46701439207537465,0.0003049382390220109,0.000331002177151733,0.0002906220341982172,0.00026463763684556903,0.0002763023660182319,0.0002616185506729525,0.00044039504732935317,0.0003252776277167628,0.0002477395436366466,0.00025546102350635833,0.00030210195402788,0.00026393635087250915
не ну это пиздец песня,0.0001231441994166587,9.902353423779086e-05,9.645436451648706e-05,0.00010572111866330755,0.00010582726033231833,0.5332949128120751,0.0001004957005605189,0.4646737248397834,0.0001198434103339592,0.0001300867726094678,0.00011421702148552245,0.00010400491672372857,0.00010858926475706279,0.00010281838994322873,0.0001730791253138077,0.00012783697376968022,9.736381555681695e-05,0.00010039843555974182,0.00011872873363444931,0.00010372931072698748
Shot,0.00030196138336766,0.00024281519736703245,0.00023651534591959385,0.00025923832135640076,0.0002594985823572434,0.0002779701430497804,0.00024642509821185216,0.9725092637491295,0.0002938675354518729,0.0225506561427277,0.0002800710830624839,0.00025503002393645216,0.00026627129100858984,0.0002521205431432427,0.00042440661726844307,0.0003134685212038969,0.00023874541235057887,0.0002461865777721085,0.0002911342274183338,0.0002543542038972481
Глеб Романов,0.0003403316416852429,0.00027366974793083194,0.0002665693730174043,0.0002921797568441894,0.00029247309438062855,0.00031329182308296354,0.00027773834741927724,0.000785105125144484,0.00033120930705293734,0.9936470784660831,0.00031565974006899603,0.0002874367051214511,0.00030010638958671783,0.00028415751800907227,0.0004783359949865783,0.0003533009792187879,0.0002690828091702386,0.0002774695153105276,0.00032812866629174293,0.0002866749995947437
Nasty Nay,0.0006571550132852317,0.0005284358592630945,0.0005147255671929337,0.000564177287594965,0.0005647437064016048,0.0006049431435262946,0.0005362920316497511,0.9885547582388863,0.0006395404419575061,0.0006942037858157589,0.000609515413969246,0.0005550188350766723,0.0005794830518149559,0.0005486869468632225,0.0009236311093543075,0.000682197814232538,0.0005195788060440292,0.000535772935676304,0.000633591967645951,0.00055354804374935
Nebo7,0.00018515335861863587,0.00014888675842219417,0.00014502388009307807,0.00015895690118433197,0.00015911649202509753,0.00017044266869166105,0.0001511002355078152,0.9967753041245513,0.0001801904574550172,0.00019559185397968843,0.00017173090598175412,0.00015637651213928157,0.000163269302688618,0.00015459250569134757,0.00026023298388930905,0.00019220917426044027,0.0001463912943472092,0.0001509539887721816,0.00017851448441657015,0.0001559621172844917
1 klass,0.00010154425737757157,8.165443847133732e-05,7.953591252593333e-05,8.717724661073782e-05,8.726476910152412e-05,9.34764212256866e-05,8.286838829698776e-05,0.021809629260001188,0.7774141132873953,0.16403979924389814,9.418293851081602e-05,8.576207290902239e-05,8.954231109449105e-05,8.478366765018755e-05,0.00014272042061310513,0.00010541389525081904,8.028584544848247e-05,8.278817814332344e-05,0.03527192263709375,8.553480838165437e-05
Alex Fish [Время Иллюзий],0.0002833840975163517,0.00022787670198888934,0.0002219644331823724,0.00024328945102414324,0.00024353370493249737,0.00026086884936942135,0.00023126451897727293,0.9950644832043912,0.00027578820114422515,0.00029936058777350845,0.0002628405466621551,0.00023934004649740973,0.0002498897198624192,0.0002366095686539873,0.0003982962408948414,0.0002941832780313546,0.00022405730427879186,0.00023104068140692422,0.0002732230476173241,0.00023870581579489518
Domino-Прыгай в такт,0.0001750223419540835,0.00014074012584677263,0.00013708861383253767,0.0001502592755523631,0.0001504101207025626,0.0001611165756994831,0.0001428324874873847,0.10670406155057197,0.6366633643793165,0.0001848896753282851,0.00016233432359685375,0.00014782006901931373,0.00015433570348265298,0.0001461336767015133,0.00024599383552166673,0.00018169208119656733,0.0001383812167803257,0.20282460338007263,0.00016874672677565555,0.05122017384056086
Гайтана,0.00037649348923144533,0.9928770669533972,0.00029489361962252756,0.00032322523986990493,0.0003235497475992458,0.0003465805704676305,0.00030724936055655163,0.0008685387966722082,0.00036640185182175693,0.0003977192633212247,0.00034920008999113307,0.0003179782263728694,0.0003319941372086684,0.0003143506083086576,0.0005291615119924746,0.00039084089271631986,0.00029767414154591474,0.00030695197759884717,0.00036299390948320114,0.00031713561222220784
Эльбрус Джанмирзоев,0.01861926520445873,0.11708621082347023,0.0002238772655765888,0.1494275235427792,0.0406818664829703,0.0010751208188247738,0.00023325749182204913,0.33100891476273214,0.03859673299866329,0.1495070160722485,0.000265105625967778,0.007925219329440668,0.0002520432129857467,0.00023864861179880332,0.0004017286706912276,0.057450487247148976,0.00022598817655076413,0.0441974950919786,0.00027557762054898117,0.04230792094934264
Daily,0.00011433800704221916,0.004316600788180512,0.9895212106756449,9.816086737725049e-05,9.825942022959394e-05,0.00010525368960316144,9.330912755488404e-05,0.0002637612224204429,0.00011127325707893396,0.00012078409845724789,0.000106049221032964,9.656738889955915e-05,0.0001008239116943281,9.546571425711703e-05,0.00016070201998521076,0.00011869519271717796,9.040121086825171e-05,9.321881108709968e-05,0.00011023828842027071,0.0041848870874489
