song_id,artist,topic_0,topic_1,topic_2,topic_3,topic_4,topic_5,topic_6,topic_7,topic_8,topic_9,topic_10,topic_11,topic_12,topic_13,topic_14,topic_15,topic_16,topic_17,topic_18,topic_19
0ed8ed3a0c5f61aa,Oxxxymiron,0.00014924407692071173,0.00012001114508742118,0.00011689745030061199,0.5152494340652942,0.00012825688508121433,0.00013738643554919147,0.00012179533338945436,0.2827946530669086,0.0001452436976567771,0.0001576580952436967,0.12820293089284893,0.00012604831204609702,0.00013160429087684267,0.00012461030649331222,0.00020976250255640662,0.07157517927406308,0.00011799966317047869,0.0001216774483371556,0.00014389277075514098,0.0001257142874206847
fec7f2ccd038fa22,Oxxxymiron,0.0005468329074083031,0.00043972291489988234,0.0004283142705790386,0.09994723769611354,0.00046993545839818155,0.0005033862980807657,0.00044626018876021734,0.08516608172197952,0.35076919260004635,0.0005776620156083025,0.16821342675469383,0.00046184316674167746,0.0004822003956929891,0.0004565742961303157,0.11231663307127213,0.07055467234030725,0.0004323528057549661,0.0004458282587749479,0.0005272255969214102,0.10681461724183637
0f5ba991cb041b00,Oxxxymiron,0.00026611965188592305,0.00021399391363912475,0.00020844182040058933,0.00022846766833592016,0.00022869703558896714,0.0002449760715114005,0.0002171753256234796,0.0006139134290047245,0.0002589865078495001,0.7479300556852961,0.0002468276569242733,0.00022475888047174822,0.09603691879891658,0.00022219474608585807,0.15167409861757505,0.00027626093827835227,0.00021040720177329132,0.0002169651232398821,0.0002565776423755508,0.00022416328522368575
a9f435d03e291f8d,Oxxxymiron,8.120072759574538e-05,6.529567339479277e-05,6.360156852440868e-05,6.971202688016818e-05,6.97820143165965e-05,7.474922327806628e-05,6.62664098337113e-05,0.8566139953275399,7.902420490672037e-05,8.577862916834587e-05,7.531418683600227e-05,6.858036808638061e-05,7.160326654653823e-05,6.779797708663285e-05,0.057832043731575335,0.004127513159724393,6.420126022810539e-05,6.620227226721627e-05,0.08028893933571826,6.839863649269414e-05
ae32924eca8b608d,Oxxxymiron,0.00014019300266553648,0.00011273292806135074,0.00010980806592523066,0.00012035776767314964,0.00012047859949855462,0.00012905447223294394,0.0001144089084806263,0.00032341220510035784,0.00013643523257605883,0.00014809672972646964,0.0001300298870889559,0.00011840395481857036,0.0001236229990988732,0.00011705316604165345,0.0001970412078391072,0.9973804728362755,0.00011084343467064694,0.00011429817568416467,0.0001351662328368596,0.00011809019370536878
487932c9c6d6747a,Oxxxymiron,0.00032163563473261664,0.00025863576472214266,0.0002519254689993083,0.00027612894257064696,0.0002764061856660813,0.00029608124863127845,0.0002624808755807924,0.0007419674249257003,0.00031301441056099766,0.0003397686603087216,0.0002983190713114213,0.0002716464578100435,0.00028362015229061485,0.0002685474236626534,0.000452058778736955,0.9939902061932984,0.00025430083638541617,0.0002622268282387762,0.00031010303791679465,0.00027092660365064054
8d186f43d7e9fc93,Oxxxymiron,0.00036944667686026906,0.00029708191668191943,0.02410780858347053,0.00031717543589265015,0.00031749386093072126,0.0003400936276260015,0.00030149859797956325,0.0008522849725286099,0.0003595439230211386,0.00039027515516856033,0.354051324236115,0.00031202661856925763,0.0003257801878788482,0.00030846689963757713,0.5340506325509249,0.08203835788614272,0.0002921025709787342,0.0003012067738449559,0.00035619974707748063,0.0003111997786705646
1d3ee42ba05dbba8,Oxxxymiron,0.1581690781232116,0.00014671968813116125,0.00014291303837849387,0.00015664326406566683,0.00015680052660098752,0.0001679618592421932,0.00014890094729021517,0.596689772663472,0.10661268128357833,0.00019274499125885956,0.058213188323143726,0.0001541004334977933,0.00016089290318635797,0.00015234238765554625,0.00025644526749089283,0.00018941155519973282,0.00014426054562108632,0.07781553392388445,0.0001759161974055992,0.00015369207768524873
b977822ea91757bf,Oxxxymiron,0.00011511977719382349,9.25708806302316e-05,0.8736160872621297,9.883203081826426e-05,9.893125304410544e-05,0.00010597335352664647,9.39471206240449e-05,0.0002655659700715904,0.00011203407292673115,0.00012160994540492405,0.00010677431997890869,9.722766046813915e-05,0.0001015132791866942,9.611844809685067e-05,0.00016180081129195495,0.00011950675726958272,0.12429456882787973,9.385618571324612e-05,0.00011099203219062385,9.697001155420926e-05
854ca75643d935fb,Oxxxymiron,8.514191666929183e-05,6.846488350556318e-05,0.02808902021791545,0.025457996708895203,7.31689792473293e-05,0.04101437303477802,6.948273903744108e-05,0.24461915929406397,8.285974709487933e-05,0.10321183435312549,7.896966365780254e-05,7.190900895146201e-05,7.507863434624207e-05,7.108864473581696e-05,0.5131618347054888,8.838649897892399e-05,6.731735585793163e-05,0.015247671765412368,8.208906311749969e-05,0.028284152785120496
c69bcee5e9c33914,Oxxxymiron,0.3793642117743519,0.00045327195524779687,0.0004415117952542236,0.06848360201229961,0.000484415441934071,0.0005188969926243021,0.0004600106855982061,0.0013003774881292912,0.0005485732387273296,0.0005954613164146117,0.5426049508367098,0.00047607381803975907,0.0004970582920464465,0.00047064260644292903,0.0007922553161645203,0.0005851631001068726,0.0004456747491667567,0.00045956545517724154,0.00054347087132755,0.00047481225423680757
168a39efc20d1710,Oxxxymiron,8.638093593479087e-05,6.946121390148821e-05,6.765903932178412e-05,7.415931406122114e-05,7.423376165598528e-05,0.040883319368734676,7.049388324054978e-05,0.4227134086117888,0.03112788350212401,9.125087965327471e-05,0.21386062080789967,7.295546327552005e-05,7.617120355725504e-05,7.212315924769915e-05,0.2529691039295223,8.967273907380345e-05,0.0343891067822702,7.042564931329236e-05,0.003068807621608661,7.276213381495733e-05
5cf5f0dee5af799e,Oxxxymiron,0.00010378278990880701,8.345450785991974e-05,8.12892776081059e-05,8.909905715132832e-05,8.918851504413294e-05,9.553710049849893e-05,8.469521134417662e-05,0.8981666552381208,0.0001010009659467178,0.00010963380903544266,9.625918831107396e-05,8.765268418712768e-05,9.151626107420496e-05,8.665271302018143e-05,0.013645872480381438,0.00010773773826541178,8.205574148316285e-05,8.461323313529254e-05,0.0866258830738163,8.742041380794898e-05
5705b88ad1e8e202,Oxxxymiron,0.00019645503852990648,0.00015797472671941453,0.0001538760635470247,0.00016865955735197698,0.00016882888343067499,0.00018084642206129528,0.00016032331843008737,0.0004532017444003594,0.7899393117429271,0.00020753068993383303,0.0001822132834030025,0.00016592165826906212,0.20655038111230437,0.00016402875976519822,0.00027611748703742394,0.000203941532948574,0.000155326947643837,0.000160168136812415,0.00018941092231615646,0.0001654819721683522
d324ea24fcea925b,Oxxxymiron,6.545403734143637e-05,5.263333744223946e-05,5.126776019174257e-05,5.619325993145728e-05,5.624967770926062e-05,6.025362644520471e-05,5.341582670003816e-05,0.30592469716465115,6.369959288129435e-05,6.914417764975999e-05,6.0709032290136335e-05,5.528105853362905e-05,0.02649511885080365,5.465038941403572e-05,0.18091432049903905,6.794835941174938e-05,5.175116028481688e-05,0.4857289705132558,6.310711162690618e-05,5.5134564396629765e-05
0cd6d94539727a10,Oxxxymiron,0.900541953510434,0.0001563057374222487,0.0001522503811540018,0.0001668776877940887,0.00016704522397050598,0.0001789357814030493,0.00015862951788571633,0.00044841409046794233,0.00018916931248202378,0.00020533814694078645,0.00018028822166189128,0.00016416870363688857,0.00017140496260669528,0.00016229581420323857,0.09609183060154908,0.00020178691260076194,0.00015368592738900283,0.00015847598064977616,0.00018740981155585605,0.0001637336741924349
40d3af905b5f4813,Oxxxymiron,0.00014397237439469905,0.0001157720163334861,0.00011276830481240305,0.0001236024158626173,0.00012372650003414812,0.0001325335658300158,0.00011749318035345042,0.8162770830453892,0.00014011329408686015,0.0001520891701452326,0.0001335352759409184,0.00012159593246289404,0.03611914160922103,0.00012020872031961094,0.0002023531112610573,0.00014945885346399882,0.0001138315840718628,0.00011737946442071586,0.14536206787216682,0.00012127370942897744
65e15d4b997bcf69,Oxxxymiron,0.00027235969672490613,0.0002190116831542032,0.0002133294228468872,0.0002338248326575169,0.00023405958412692552,0.0002507203318861862,0.00022226770291512065,0.9952564880596563,0.00026505929273451913,0.0002877146721773868,0.00025261534027648313,0.0002300290824229839,0.00024016834646851487,0.00022740481943698003,0.00038280147372588295,0.00028273876175384803,0.00021534087564942115,0.0002220525674251791,0.00026259393664449486,0.0002294195173162359
f9aa7e49cfaf6972,Oxxxymiron,0.00017671130329038765,0.00014209826525554258,0.00013841152319441982,0.00015170926628539972,0.00015186158117325797,0.00016267135435816177,0.000144210824874338,0.00040765072298667754,0.00017197468426219614,0.00018667384946793555,0.00016390084560447327,0.9966639298116339,0.00015582504243830854,0.00014754386810444118,0.0002483676800294497,0.0001834454053984252,0.00013971658253212788,0.00014407124291156585,0.00017037512328118296,0.00014885102291782053
485f37ad1da7356f,Oxxxymiron,0.000479468910069957,0.00038555372302253926,0.0003755505319749965,0.0004116311646320293,0.19227924976662025,0.000441374466808707,0.0003912856937814197,0.5535319290143509,0.00046661709407921724,0.0005065001715905955,0.0004447104354315238,0.0004049490119410958,0.0004227984507824347,0.24665059613848492,0.00067389342686545,0.0004977405000055261,0.0003790915370996301,0.00039090699470950487,0.0004622770432260699,0.00040387592452328366
8801d19f407ae2d8,Oxxxymiron,7.634227876488643e-05,6.138886178723347e-05,5.979612193899393e-05,6.55409742713353e-05,6.560677803136527e-05,7.027677862154987e-05,6.230151424583564e-05,0.0001761121221881173,7.429598118919137e-05,8.064626231080884e-05,7.080793807419329e-05,6.447702555155855e-05,6.731905822407763e-05,6.374144807171016e-05,0.00010729904066978138,0.022300656670483893,6.035993225111706e-05,6.224121838566665e-05,7.360493984547118e-05,0.9763371850550933
b29d9cb17c881382,Oxxxymiron,0.00013046949528260765,0.00010491399813876769,0.00010219200435588517,0.00011200999905468095,0.0001121224489726577,0.00012010351914592761,0.00010647374507611338,0.0003009821917160027,0.00012697236467916636,0.00013782505141844877,0.00012101128211368019,0.00011019170097949609,0.0001150487516327183,0.00010893459748040619,0.9976100901061894,0.0001354414187475424,0.00010315555936317486,0.00010637068841883593,0.0001257913749679739,0.00010989970226657191
233f1fbeaf1000a2,Oxxxymiron,0.00016788600063246913,0.0001350016085257911,0.00013149899129571426,0.0001441326160717373,0.2951265560643563,0.00015454723363209096,0.00013700866707567984,0.4872432523886556,0.05402901173151095,0.00017735100376900905,0.00015571533053225422,0.00014179287160375194,0.0001480428470386615,0.00014017525144683414,0.00023596372290629546,0.012531074974778135,0.00013273887280063523,0.00013687605545939017,0.14878995664134437,0.00014141712656433404
7e1255d8f18f2c03,Скриптонит,0.00017579385676520434,0.00014136052160032252,0.00013769291544287019,0.0001509216383124656,0.00015107315283940378,0.00016182679889101907,0.00014346210899759618,0.9969383125429658,0.00017108183064737864,0.00018570468507083366,0.00016304991635339024,0.0001484716780977793,0.00015501603755103298,0.00014677784987831346,0.0002470781966128357,0.00018249300492601103,0.00013899120809215672,0.00014332325463570182,0.0001694905788685954,0.00014807822345127962
053daed925feba37,Скриптонит,0.0001757938277406789,0.0001413605071121777,0.0001376929009530709,0.00015092160927672005,0.0001510731238037266,0.00016182676986019293,0.00014346209451039944,0.996938312992694,0.00017108180162072754,0.00018570465605077907,0.00016304988732311588,0.00014847164906092855,0.0001550160085171345,0.00014677783539261246,0.0002470781676204672,0.00018249297590450762,0.0001389911936029431,0.00014332324014844242,0.00016949054984122648,0.00014807820896616523
955bcd26556cf785,Скриптон,0.00017579384224910443,0.00014136052162912145,0.0001376929154709219,0.00015092162379129852,0.0001510731383182676,0.00016182678437207367,0.00014346210902682326,0.9969383127460688,0.00017108181613031875,0.00018570467055675283,0.00016304990183469404,0.00014847166357611312,0.00015501602303070008,0.00014677783535630218,0.0002470781966631721,0.0001824929904112759,0.00013899119356855912,0.00014332324011298675,0.00016949056435121133,0.0001480782234814471
16fd3ee6e4527706,Скриптонит,0.00017579385676520434,0.00014136052160032252,0.00013769291544287019,0.0001509216383124656,0.00015107315283940378,0.00016182679889101907,0.00014346210899759618,0.9969383125429658,0.00017108183064737864,0.00018570468507083366,0.00016304991635339024,0.0001484716780977793,0.00015501603755103298,0.00014677784987831346,0.0002470781966128357,0.00018249300492601103,0.00013899120809215672,0.00014332325463570182,0.0001694905788685954,0.00014807822345127962
f7c0e5fedf2b479f,Скриптонит,0.0002977434464670872,0.00023942343066423824,0.00023321158189885732,0.00025561716560382246,0.00025587377407498786,0.0002740873293846655,0.00024298291641323914,0.6491829703042661,0.0002897626523482223,0.2092381699697907,0.00027615891091682855,0.00025146762880067533,0.00026255188075261843,0.00024859880604693655,0.000418478299675094,0.00030908983661794,0.00023541050724020538,0.00024274772836112532,0.136994852563173,0.0002508012675036579
91b8983c3a6de62a,Скриптонит,0.0001731954607213853,0.00013927107712840151,0.00013565769122993526,0.00014869086610167228,0.00014884013964098388,0.00015943483564198718,0.00014134159628817464,0.00039954798840157493,0.9967525723276172,0.000182959795375128,0.00016063987968472404,0.00014627711093373545,0.0001527247441225745,0.00014460832647856124,0.0002434261580381992,0.00017979558342264844,0.00013693678996574648,0.0001412047937396205,0.00016698534388160494,0.00014588949158623657
af6aedf9f27d3f23,Скриптонит,0.0002312555848535735,0.00018595878235042724,0.00018113406642558363,0.00019853635017394968,0.00019873566772903178,0.00021288201910684942,0.00018872339847564909,0.18306214044204366,0.00022505695004407803,0.8131545243946877,0.00021449100959731256,0.00019531343609444906,0.00020392250801382414,0.00019308523259355635,0.000325029641456653,0.0002400682671424243,0.00018284196627005807,0.00018854074286117945,0.00022296367188236334,0.00019479586819771218
ec17224fee8b07bc,Баста,0.00012175571753651636,9.790701523414365e-05,9.536681132727265e-05,0.00010452908190337056,0.00010463403030594704,0.9977106688611979,9.936258496738196e-05,0.00028087297907877545,0.00011849214526887506,0.00012862000081152326,0.00011292918871641464,0.00010283222688683767,0.00010736489338788141,0.00010165908069730489,0.00017112761086623057,0.00012639558071082406,9.62660177388656e-05,9.926641136884786e-05,0.00011739003424672679,0.00010255972774836746
bf843ef3c4c5dd54,"Баста, Смоки Мо",9.121732137469413e-05,7.335028456331797e-05,7.144720704084688e-05,7.831142504515176e-05,7.839004176208268e-05,0.9982848713135385,7.444076864013623e-05,0.00021042578829962374,8.877230873633543e-05,9.635993150363335e-05,8.460464048478246e-05,7.704016981311381e-05,8.04359608751866e-05,7.616126329405902e-05,0.00012820591552805533,9.469343172766932e-05,7.212087336080984e-05,7.436871483654837e-05,8.794662584378221e-05,7.683601373163629e-05
1feaa8c77dea553e,Баста и Смоки Мо,8.526331951049724e-05,6.856250198320721e-05,6.678364685247425e-05,7.31998187804716e-05,7.327331322458874e-05,0.9983968226168061,6.958181266132836e-05,0.00019669058836712205,8.297789768455359e-05,9.007025342302335e-05,7.908226286486808e-05,7.201154582324065e-05,7.518568217074091e-05,7.119001021491377e-05,0.00011983756238636289,8.851252918483648e-05,6.74133445721176e-05,6.951446640108203e-05,8.220610779590089e-05,7.182071929261397e-05
4203e1d88a9242ff,Баста и Смоки Мо,0.9985807949869256,6.0952009119765525e-05,5.9370605321739784e-05,6.507458093375372e-05,6.513991175206675e-05,6.977668272642916e-05,6.18581713621468e-05,0.00017486179511004,7.376727595556603e-05,8.007238022475728e-05,7.030406592097014e-05,6.401819928220762e-05,6.684000459939991e-05,6.328786054183486e-05,0.00010653549438513675,7.868756187216984e-05,5.9930402904919196e-05,6.179829751161802e-05,7.308116048211681e-05,6.384855306773088e-05
b89be1cbea7905f1,"Баста, Смоки Мо",8.526331944411741e-05,6.856250920578667e-05,6.678365407643859e-05,7.319982599944078e-05,7.327331316754345e-05,0.9983968218395267,6.958181988311425e-05,0.00019669127215397338,8.297790489591027e-05,9.007026062885843e-05,7.908227007925761e-05,7.201154576717769e-05,7.518568938816403e-05,7.119001743544763e-05,0.00011983756956902329,8.851253639188429e-05,6.741334451963446e-05,6.951447362292035e-05,8.220611500785843e-05,7.182071923669958e-05
5e8f1498ff31e7bb,Баста,0.00013478348095418148,0.00010838298365862307,0.00010557098632923683,0.00011571361225150353,0.0001158297801817893,0.9974657121924383,0.00010999429527939809,0.0003109262666533073,0.00013117070634361083,0.00014238224311632732,0.00012501252547002435,0.0001138351929714074,0.00011885284574928525,0.00011253652194918236,0.00018943812746759082,0.0001399197973156138,0.0001065663954615514,0.00010988783347581916,0.00012995067386519941,0.00011353353906800535
707bf9114cb4fe63,"Баста, Смоки Мо",8.69474329950021e-05,6.991675294570417e-05,6.810275497083847e-05,7.464565941622853e-05,7.472060177462444e-05,0.9983651563967683,7.095618890474112e-05,0.00020057594628951407,8.461687116803196e-05,9.18493180702356e-05,8.064429316477906e-05,7.343391424053801e-05,7.66707474592284e-05,7.259615326111442e-05,0.0001222045893712687,9.026082383457033e-05,6.874488729102024e-05,7.088751114543055e-05,8.382983816168958e-05,7.323931876720806e-05
f31d3e0360caab92,JILLZAY - ТВОY НОМЕР (Origin) Six O!,0.04888429262383871,0.00012152547777702318,0.00011837249238490203,0.00012974501091754466,0.00012987526511454279,0.00013912000981655584,0.00012333218541667212,0.1536267742500047,0.6469499060950018,0.0001596474659037672,0.0001401715021377143,0.01645143191688712,0.0001332649155868649,0.00012618267286218418,0.13209376123348818,0.00015688644363568165,0.0001194886097634696,0.00012321280150066582,0.00014570844783551274,0.00012730058012637687
570718045619e8da,Скриптонит,0.0004166240545706885,0.0003350185117570156,0.00032632641964905844,0.0003576779109513593,0.0003580370231282308,0.0003835226953994843,0.0003399991668568393,0.0009611164331184214,0.0004054567398013677,0.00044011230178230454,0.12974748480247664,0.0003518716092557283,0.0003673814776192477,0.00034785734688084325,0.0005855649570244848,0.6213174088870214,0.00032940333492284134,0.07850724739960924,0.16377094974747275,0.0003509391807021495
f068d4b0ba5bd29d,Скриптонит,0.00020938897260471708,0.00016837524459446934,0.01076583816121115,0.00017976352950493967,0.00017994400235298236,0.00019275272877636526,0.00017087845043606365,0.41426732075784506,0.3686368669087497,0.00022119380607793713,0.00019420957918024723,0.00017684536125931496,0.20323560611735694,0.00017482785467986547,0.0002942961216079584,0.00021736835504487773,0.00016555314809072315,0.00017071306792372653,0.0002018811013097168,0.00017637673139329606
518b64f877fc580f,Скриптонит,0.00017845485806450886,0.9966237870818963,0.0001397771850481864,0.00015320614075674157,0.00015335995446893745,0.00016427637701308968,0.00014563370398567116,0.0004116808727414663,0.00017367151354963728,0.0001885157009295167,0.00016551800437159493,0.0001507190879906409,0.00015736251613349025,0.00014899963404238506,0.00025081824336865496,0.0001852554032036287,0.00014109512263438845,0.0001454927396119681,0.00017205616398142395,0.00015031969620777166
62b06f71db0ad3ab,Скриптонит,0.14006401329818807,0.0002684649028548048,0.00026149957055667715,0.000286622869639993,0.0002869106483100297,0.0003073334169302624,0.00027245614387943064,0.0007701861175140177,0.0003249101511285469,0.0003526811420330524,0.8539947107555778,0.00028197004035411354,0.0002943987727046248,0.0002787532231392579,0.00046923869204392257,0.00034658167777823614,0.0002639652179218515,0.00027219243407672,0.00032188809674337226,0.00028122282862529845
bdb0e2f4d540ec7e,Скриптонит,0.00019752726173139336,0.00015883693777100387,0.00015471590842107953,0.000169580077625038,0.0001697503350215108,0.0001818334587934428,0.00016119833510051047,0.31436739191932683,0.00019223269325851613,0.00020866336147725245,0.0001832077852289198,0.00016682723380278625,0.046163470106200755,0.0001649240034927622,0.1550678653259753,0.00020505461771582625,0.4815690484542713,0.0001610423240280673,0.00019044471410918136,0.0001663851466485261
e8e2f60f36251340,Скриптонит,0.00017492428972263257,0.0001406612852731964,0.011527625488402334,0.00015017509355685408,0.0001503258659337048,0.00016102632456411177,0.00014275248256956848,0.0004035313163259892,0.00017023557584795195,0.00018478609246821558,0.00016224338841029336,0.00014773725512652188,0.00015424925101621185,0.0001460518088371693,0.00024585603553042677,0.985340902486495,0.0001383036860944765,0.00014261431214989878,0.00016865219668061763,0.00014734576499483428
10c8dc8ffecd3039,Скриптонит,0.00027456487936880687,0.0002207849387080485,0.00021505665099725682,0.00023571800975124852,0.00023595466750897593,0.00025275031062991805,0.00022406731181302713,0.8975695656666276,0.0002672053658898316,0.00029004415645863407,0.00025466065663735444,0.00023189152607508466,0.00024211289148319112,0.00022924601743342401,0.00038590083654057775,0.09793354420952925,0.00021708440183709467,0.0002238504301047833,0.00026472004470417924,0.00023127702790172715
a89d22b7f799d8bb,Скриптонит,0.00015941907325999334,0.000128193124459756,0.0001248671534807584,0.00013686363520896776,0.00013700104893564084,0.00014675301429939924,0.00013009895957094114,0.000367766047948868,0.00015514596183537765,0.35594794847551103,0.13484003273597417,0.00013464187803847175,0.00014057665800434267,0.00013310583617331189,0.4219840195865334,0.08478956124824016,0.00012604450521049888,0.00012997302730464558,0.00015370293580638155,0.00013428509420382483
fcfc85cbe1f12abd,Скриптонит,0.00015450823369462027,0.00012424418197001252,0.00012102066384893069,0.0001326476066096892,0.00013278077117303725,0.00014223234106119331,0.00012609130004666652,0.8096027185622529,0.00015036674447011753,0.00016321902385795973,0.00014330734914258067,0.00013049428716247787,0.00013624625124112707,0.18783531752593796,0.0002171612658071883,0.0001603962145117259,0.0001221617448950084,0.00012596926769738918,0.00014896817458498807,0.00013014849003442188
5686ea61bbb40cef,Lustral,0.000272076061756939,0.000218783625503665,0.00021310727365239301,0.0002335813344383133,0.00023381583850952826,0.8663485261201267,0.0002220362398995587,0.1291633609240868,0.00026478328345636145,0.00028741505818379845,0.0002523522539278682,0.00022978952802561986,0.0002399182412572962,0.00022716801552637663,0.00038240281306412086,0.0002824443285734953,0.000215116630845164,0.000221821337254588,0.00026232048866762033,0.00022918060324374025
63152f3f7e94dbe5,Regina Spektor,0.00026025272583655426,0.0002092761411853006,0.00020384645747003745,0.0002234308045809997,0.00022365512236852608,0.0002395752824397912,0.0002123874136187796,0.0006003813851081731,0.0002532768282702618,0.00027492513185712524,0.00024138603557459872,0.00021980378313516197,0.49913257557935164,0.00021729618239144907,0.00036578511354033066,0.06594694825642944,0.00020576850365959694,0.00021218185325117678,0.4305380260863438,0.0002192213135872334
83b7a0c02f3b0e11,K'Maro,0.04789613221081783,0.07167805781832458,0.02085526674788528,9.932182799270122e-05,9.942154499250666e-05,0.00010649854159562591,9.441270297601228e-05,0.33023408288133815,0.03805509236463247,0.00012221263109258172,0.0001073034735162005,9.770950487786111e-05,0.00010201636977474745,9.659479905967863e-05,0.00016260266535072867,0.051141299667913115,9.147039300758342e-05,9.432132422369151e-05,0.03342587896906245,0.4054403035615662
f3070333d376293a,Face,0.00024903437386155947,0.6370014944229357,0.00019505953714009426,0.00021379969495573343,0.00021401433567852466,0.00022924823906195343,0.0002032323282683142,0.3588614909347766,0.0002423591783499726,0.0002630743218535594,0.0002309809353916316,0.000210329005399896,0.00021959994212165617,0.00020792949674205088,0.0003500177262132311,0.00025852454971074827,0.0001968987243721037,0.00020303563005475697,0.00024010497054752206,0.00020977165256439587
a579e67f20027184,Face,0.13857213506729574,0.00013285972198816964,0.00012941267902150542,0.00014184586391676352,0.00014198826895254877,0.4877819489505293,0.00013483492610959943,0.0003811475293885933,0.00016079372267729068,0.00017453722016627939,0.00015324480058921704,0.0001395432417179611,0.2442440872756116,0.00013795127681811732,0.09141951373155284,0.00017151867287545133,0.00013063288616034307,0.00013470442453991597,0.03557812629162339,0.0001391734484654192
c03cf2cfe4408054,Face,0.0002080012476172325,0.00016725935432875718,0.00016291979922323648,0.00017857215708177461,0.00017875143665100729,0.00019147526565651226,0.024813653975206122,0.00047984447370709216,0.00020242592950044493,0.0002197278485707938,0.00019292246796493424,0.00017567332868335215,0.00018341669267524273,0.00017366918100534883,0.9715459705290725,0.0002159277474353238,0.00016445594282444662,0.00016958166503449614,0.00020054314477758773,0.00017520781298369686
e0bea25c7361fb2f,Face,0.00015995033699549836,0.00012862032982688875,0.00012528327054171464,0.9481130703918873,0.0001374576048451873,0.0001472420638931734,0.0001305325094280113,0.0003689900397462882,0.04902517109618901,0.00016896793932207602,0.00014835495055838183,0.00013509057609341268,0.00014104513166022747,0.00013354941207104133,0.00022481014949808615,0.00016604572597818835,0.00012646455119892693,0.00013040616971767563,0.00015421515152005768,0.00013473259902888182
3c601665531a4076,Face,0.0004069686026005736,0.9923005011392458,0.0003187636773685543,0.0003493885919738187,0.0003497393513562766,0.0003746343908420456,0.00033211954225798723,0.0009388452057146698,0.00039606010804222805,0.0004299124920897149,0.00037746593175465006,0.0003437168372066938,0.00035886727347695437,0.00033979559061884983,0.00057199425637332,0.00042247733614576274,0.00032176925919611874,0.00033179809043428605,0.0003923763196191263,0.00034280600368251515
6d785014c32c94ac,Баста,0.0002508255242376543,0.00020169548819566353,0.0001964624894906068,0.00021533742595871574,0.00021555360917093323,0.00023089708751162277,0.00020469405528704334,0.08250425703689412,0.0002441023223803126,0.0002649664325286902,0.0002326422401710463,0.00021184178008797828,0.00022117937854649098,0.00020942501301057722,0.9134798130329704,0.00026038394796847454,0.0001983149042971261,0.00020449593099824815,0.00024183188933509108,0.00021128041095916066
c4feb30e97ebd261,Баста,0.37089998783347966,0.0001204722446644017,0.00011734658800632448,0.0001286205455614045,0.0001287496792511287,0.00013791430041227716,0.0001222632943073199,0.602145226576778,0.02462175373835924,0.00017764077975354048,0.0001389566831553834,0.00012653260775781996,0.00013210993459963742,0.00012508907238629053,0.0002105684445455883,0.00015552674452762847,0.00011845303555324081,0.0001221449581381924,0.00014444563622013356,0.00012619730254273935
34ffb825fa1ac64b,Баста,0.00018704257046087881,0.00015040591320962394,0.00014650362809696013,0.00016057882211094768,0.00016074002822244736,0.00017218179132960382,0.00015264197498062528,0.00043149090207164327,0.00018202902837902624,0.00019758757182212735,0.00017348316906488245,0.00015797209396766615,0.000164935214275016,0.00015616988298275,0.00026288828513979634,0.00019417037478735143,0.9964587950693655,0.00015249424394217568,0.0001803359567546668,0.00015755347903631469
efafa2427c0ca907,Баста,0.0001066702305445142,8.577637401605404e-05,8.355089886264274e-05,9.157797478101058e-05,9.166991377422825e-05,9.819513029515786e-05,8.705160190346192e-05,0.00024607566122147683,0.00010381101225654676,0.00011268403459668133,9.893730701755212e-05,9.009135851358113e-05,9.406242307351624e-05,8.906356409739459e-05,0.00014992496571654242,0.00011073521315798314,0.9979804569282147,8.696733904492649e-05,0.00010284544910096411,8.985261981102829e-05
7897204e8b045418,Баста,0.00014497664825216698,0.00011657958418093958,0.00011355491784910633,0.00012446458990966684,0.00012458956175020734,0.00013345805133513033,0.17953804556484226,0.7919877296020016,0.00014109064683329224,0.00015315006564759105,0.00013446674638295817,0.00012244412936008076,0.00012784124522204432,0.00012104723289281896,0.00020376462149283983,0.00015050141350691362,0.00011462561860403048,0.02618577175396662,0.00013977835519613085,0.00012211965077363782
443fece13256a857,Баста,0.0001067183993815585,8.58151041196223e-05,8.358863196654165e-05,9.161932473369405e-05,9.171130739065032e-05,9.823947124169681e-05,8.709090691854625e-05,0.0002461917486904754,0.9979990211258325,0.00011273491788873814,9.898198272266398e-05,9.013203894892206e-05,9.41048937396629e-05,8.910377878209478e-05,0.00014999267426022027,0.00011078521588974383,8.437677825406077e-05,8.700661494885487e-05,0.00010289189320353861,8.989319108624974e-05
7449a5ee43268b9a,Баста,0.00013764710745535488,0.00011068571125599757,0.00010781396348497426,0.00011817208244557301,0.00011829072421292031,0.00012671086271847043,0.00011233125641647839,0.4899711711737242,0.05788240703252628,0.00014540730931548814,0.313582426931573,0.00011625375435245283,0.00012137801495683068,0.00011492749277069973,0.00019346297309778075,0.00014289256368825624,0.047455144179607237,0.056597315963032135,0.03272961521306526,0.00011594569030060169
e9a3e3e0e1bb7a7e,Баста,0.00011829662985420587,9.512547113293234e-05,9.265743735719432e-05,0.00010155940360711661,0.00010166136887089061,0.00010889779576513256,9.65396843760623e-05,0.9979397044684769,0.00011512577499567571,0.00012496590316303903,0.00010972086659206574,9.991075902398396e-05,0.00010431464851616523,9.877094395358902e-05,0.0001662658658717773,0.000122804667397312,9.353109063837015e-05,9.644624653409101e-05,0.00011405497237903392,9.964600149449859e-05
a6f6af1f9035c4a5,Баста,0.0001600980738957446,0.00012873911897021324,0.00012539897425322078,0.0001374465629301297,0.015270224584403186,0.00014737805577632628,0.0001306530741489769,0.7935478589593332,0.00015580675780347495,0.00016912400106842827,0.0001484919612175989,0.00013521534689946298,0.00014117540385000186,0.00013367275659275545,0.00022501777580524447,0.00016619908069545023,0.18865775829756656,0.00013052660345528412,0.00015435757623946835,0.00013485703509520607
b809331ae72b3304,Баста,0.9423210158247181,9.194800499412562e-05,8.956240793535004e-05,9.816702720274721e-05,9.82655873135159e-05,0.00010526029927623836,9.331498265327065e-05,0.0002637826541244579,0.00011128023675498745,0.00012079168034583318,0.00010605587422026472,9.65734544210812e-05,0.00010083023839310255,9.547170721504786e-05,0.00016071210497789715,0.010713387939719373,0.045033792562267694,9.322466620155268e-05,0.00011024521007278026,9.631753719266931e-05
01582d3567a2dd9f,Баста,0.000283035366132554,0.00022759627911430146,0.00022169128645915982,0.0002429900519469799,0.00024323401480902474,0.0002605478255701042,0.0002309799195919865,0.007308574024831295,0.0002754488123389422,0.0002989922107805598,0.0002625170780764615,0.00023904552244128081,0.0002495822297040806,0.0002363184061797613,0.9881597888625385,0.0002938212749469505,0.00022378158179799478,0.0002307563585153629,0.0002728868312136281,0.00023841206301105869
e780bd7c6d1148ff,Баста,0.0002312017616364839,0.13488651672236104,0.0001810919129087816,0.0001984901369976855,0.00019868941090074268,0.0002128324738098183,0.00018867948431878993,0.861272707814226,0.00022500456735087315,0.0002442363470889013,0.0002144410859805244,0.000195267979557607,0.00020387504347340493,0.00019304029988406328,0.00032495400666931426,0.0002400123922698126,0.00018279940533151587,0.00018849685780474235,0.00022291176936328218,0.00019475052806652987
a10fda137657f795,Баста,0.0001859679529405404,0.0001495417924314602,0.00014566191761850676,0.00015965624537622272,0.0001598165347025925,0.0001711925366778564,0.00015176500466061298,0.00042900775363207425,0.0001809832241008395,0.9965285615555066,0.00017248644916381366,0.00015706449138768363,0.00016398760785508158,0.0001552726415281703,0.00026137788915834626,0.00019305480753778966,0.00014703534175941493,0.00015161810309459366,0.00017929987330781848,0.00015664827755991899
11bab849e566722e,Баста,0.00012753971019300773,0.00010255808322838525,9.989720758002753e-05,0.00010949473316049558,0.00010960465831743879,0.00011740650683721336,0.00010408279637792423,0.00029421990669556755,0.0001241211018404946,0.99761923384959,0.00011829388254152857,0.00010771726781993904,0.00011246525170692268,0.00010648838780226093,0.0001792570227094411,0.0001323999911988861,0.00010083912385731377,0.000103982053478597,0.00012296664031005605,0.00010743182475454062
830b86fed030d0a4,Баста,0.00015436066151763384,0.6161712373410878,0.00012090508019663896,0.00013252091866037592,0.00013265396679482006,0.04331265645185908,0.00012597088464141913,0.3380939287361676,0.00015022314538832923,0.00016306314164905966,0.0001431704883174529,0.00013036966580471805,0.00013611612867283382,0.0001288823585010834,0.00021695386431741216,0.00016024303924692298,0.00012204508428462111,0.00012584895416799604,0.00014882589987011234,0.0001300241888540631
f176735df5352a5f,Баста,0.0002423136652857538,0.00019485086698049943,0.00018979545939143495,0.0002080298658569307,0.00020823871492277102,0.00022306151252595723,0.00019774768734272765,0.0005589977960669145,0.00023581862231955388,0.00025597471085637584,0.00022474743904295802,0.0002046528468935553,0.00021367357821423598,0.00020231809419911433,0.9046663305920429,0.09114657148431105,0.0001915850100861008,0.00019755628602144854,0.00023362524146699129,0.0002041105261726985
c701b4b98a3c8512,Баста,0.00018332399753575964,0.00014741571124690452,0.00014359100281499464,0.00015738637653373253,0.00015754438120650323,0.00016875866754137504,0.00014960733122774646,0.9513006627016051,0.000178410136613686,0.0001936593628694637,0.00017003417183108772,0.00015483146804158817,0.00016165615522873805,0.0001530650986181582,0.04576416398943442,0.00019031010909526593,0.00014494491281265433,0.00014946252514018508,0.00017675072375176502,0.00015442117685087435
6fe487362cf0895e,Баста,0.00019013214820771994,0.00015289032568509313,0.00014892357614473744,0.00016323126410011383,0.00016339513318909977,0.00017502588038684574,0.00015516331989790866,0.6513514581951915,0.00018503579189162292,0.00020085131993780348,0.00017634876566715248,0.01920506397826376,0.00016765961486342693,0.19313630094615883,0.13358233044032305,0.00019737769106332708,0.00015032776296133442,0.00015501314415877936,0.00018331475172775837,0.000160155950180235
7290e1097f7bc7e0,Баста,0.00023102796058819636,0.00018577574293121693,0.00018095578524596954,0.00019834092769188908,0.00019854005608185035,0.00021267248197076206,0.0001885376379839129,0.0005329558725500024,0.00022483543727901386,0.0002440527529978408,0.00021427988638139658,0.00019512120032371799,0.9956471018824236,0.0001928951795008031,0.000324709718993189,0.00023983197036788834,0.00018266199715206134,0.00018835515698346604,0.0002227442108346587,0.00019460414171862414
ab785d546bd4adea,Баста,0.0004117633943524269,0.00033110992522084677,0.3880986708322216,0.0003535049743019491,0.00035385986642306723,0.00037904821393852715,0.00033603245996658733,0.6050524329163774,0.000400726377442511,0.0004349775998744831,0.00038191313690216734,0.0003477663972252235,0.00036309532706028057,0.0003437989629172994,0.0005787332979381169,0.00042745484151245105,0.0003255602320104535,0.0003357072246497515,0.0003969991661596574,0.00034684485350510824
394670e37549ed98,Баста,0.00026805640775167874,0.0002155513132049786,0.00020995882359181242,0.00023013040988857652,0.000230361450622531,0.0002467589544431793,0.0002187558774342735,0.3942959194905777,0.0002608713712541363,0.000283168773865049,0.00024862401501558006,0.6012619105945418,0.0002363736901866272,0.00022381182343708284,0.0003767532077678913,0.00027827150192932023,0.00021193849503658361,0.0002185441470898106,0.0002584449560585053,0.00022579469630287
a998d4dfcdeab739,Баста,0.00019522567256276678,0.0001569861697959736,0.00015291316207091107,0.00016760413328112641,0.00016777239705262966,0.00017971473015159458,0.00015932006383115262,0.0004503657624259756,0.00018999279004989513,0.9963557474422858,0.00018107304937873514,0.00016488336208351682,0.00017215112592060592,0.00016300230903297926,0.0002743896224838407,0.00020266532359772808,0.00015435495107175593,0.00015916585720773138,0.0001882256493753264,0.00016444642633992466
fed3514fd4d66880,Баста,0.00013546032046210735,0.00010892724778090809,0.00010610112780054275,0.00011629468548832837,0.00011641144277189309,0.00012469781203302264,0.00011054665027643466,0.7212710465713925,0.00013182939959108478,0.0001430972377925965,0.00012564029585986078,0.00011440683655564095,0.00011944968600551734,0.2764828307295076,0.0001903894309839153,0.00014062242284883334,0.00010710154279780168,0.00011043965732729656,0.00013060324074887794,0.00011410366197524746
97b6e5da7958f38c,Баста,0.0002265923449833374,0.0001822089499477268,0.0001774815279470872,0.00019453289291261584,0.9957255877025647,0.0002085892848609077,0.00018491781778943092,0.0005227286639560381,0.00022051871089309423,0.00023936707713126135,0.00021016582464077784,0.00019137496756560878,0.00019981043545930262,0.00018919170029534364,0.00031847547103217087,0.00023522731961405133,0.00017915498347229313,0.0001847388438026614,0.00021846763320700782,0.00019086784792458666
6ce28be2de04af73,Баста,0.0002526402845945001,0.0002031547849797141,0.00019788392177162335,0.0002168954149257304,0.0002171131697621265,0.0002325676658944157,0.0002061750492171405,0.32991396864100025,0.0002458684351454477,0.00026688352308731433,0.00023432544975619276,0.3480845320817355,0.00022277965584759638,0.00021094023342464556,0.31816988791179807,0.0002622678888967595,0.00019974973904060463,0.0002059754988247655,0.0002435815873577917,0.00021280906293975982
73beba1672d4bd14,Гуф,0.00020566958302127155,0.00016538440093939358,0.0001610934928169445,0.0001765703839324719,0.0001767476553402756,0.0001893288612285118,0.00016784313586606735,0.9964179863402808,0.0002001567652910511,0.0002172647367124803,0.0001907598381746443,0.00017370406446621725,0.00018136062640784965,0.00017172238491321195,0.00028906854809201206,0.0002135072289719919,0.00016261242152705384,0.00016768069285791492,0.00019829508081510618,0.0001732437583447555
745f8de25b9d0c5d,Гуф,0.0001952982747344938,0.00015704455422419598,0.00015297001849240164,0.00016766646142341065,0.00016783479795678705,0.00017978156955302131,0.0001593793068542541,0.00045053046715458995,0.00019006345674541772,0.0002063087180195617,0.00018114038356383474,0.00016494468610648536,0.0001722151421471659,0.00016306293453832276,0.9964225778982998,0.0002027406907349694,0.00015441236048571684,0.00015922504202106573,0.0001882956466586121,0.0001645075902858571
296130743f3c2071,Гуф,0.00019529828937450802,0.00015704456884695357,0.00015297003311332116,0.00016766647605095987,0.00016783481258441223,0.0001797815841860358,0.00015937932147806495,0.0004505297688659884,0.00019006347138307046,0.00020630873266454285,0.0001811403981974622,0.00016494468618089342,0.00017221515677676708,0.0001630629491637953,0.9964225783477954,0.00020274070537834094,0.00015441237510728704,0.00015922505664480696,0.00018829566129546736,0.00016450760491198136
2de818bf181eba87,Гуф,0.00019529827451282065,0.00015704455404594268,0.00015297001831877314,0.00016766646123310094,0.0001678347977662863,0.00017978156934896037,0.00015937930667335074,0.000450531601692454,0.00019006345652968634,0.00020630871778539117,0.0001811403833582315,0.000164944685919265,0.00017221514195169322,0.0001630629343532383,0.9964225767673112,0.00020274069050484875,0.00015441236031045122,0.00015922504184033746,0.00018829564644488728,0.0001645075900991329
0fec759452904b5e,Гуф,0.20135468452034722,0.00013481601089349846,0.0408732611280914,0.00014393447255058107,0.00014407897304890034,0.00015433476858787014,0.00013682030410956157,0.4665782405175576,0.0001631613188656693,0.00017710718856010752,0.00015550124995194597,0.00014159793005177616,0.00014783931839332988,0.00013998253671663777,0.28880848483830496,0.00017404420000122241,0.00013255638980799825,0.00013668788169921863,0.000161643743491226,0.00014122270896928246
0bc848cbb6ad3f21,Гуф,0.00012750763173784816,0.00010253228953217117,9.987208309420365e-05,0.00010946719369772806,0.00010957709703413975,0.00011737698156641598,0.00010405662443374417,0.00029415726579813824,0.00012408989627193175,0.0001346962048819325,0.00011826413905126725,0.00010769017934783295,0.00011243697029486861,0.00010646161211425967,0.00017921193829608075,0.00013236669070744805,0.00010081376660375331,0.9975890809153625,0.00012293571115078064,0.00010740480902294695
7d80f46ca99d1d55,Гуф,0.0001726087670461173,0.0001387993007325369,0.00013519815308050428,0.00014818717713223069,0.00014833595590288228,0.00015889475207766225,0.19274129084782637,0.3654845393506985,0.1297944095266675,0.3094647305358577,0.00016009570700363117,0.00014578160019791762,0.0001522074053609452,0.00014411847647735805,0.00024260155343466268,0.00017918652329708932,0.0001364729153152315,0.0001407264689360262,0.00016641969242308977,0.0001453952905319857
52e2f264fb45a472,Гуф,0.00025279095300952153,0.00020327593682430928,0.026108337587912322,0.00021702477551837235,0.00021724266134526743,0.0002327063704908398,0.0002062980203737823,0.6096149092008716,0.00024601508650845587,0.06300008302192152,0.00023446520227829047,0.00021350174228674731,0.0002229125095284837,0.00021106604271380294,0.0003552976125538693,0.0002624242917948604,0.0001998688678052353,0.00020609833899285304,0.2975827457988957,0.00021293597837411437
db0a0ad530308216,Гуф,0.00010667023001364263,8.577637358916607e-05,8.355089844683041e-05,9.157797432524948e-05,9.166991331800958e-05,9.819512980646479e-05,8.705160147022747e-05,0.0002460806367514125,0.00010381101173990482,0.00011268403403588054,9.893730652516543e-05,9.009135806521855e-05,9.406242260539065e-05,8.906356365414709e-05,0.00014992496497040267,0.00011073521260688116,0.9979804519615109,8.69673386121114e-05,0.00010284544858912754,8.985261936385384e-05
8cc18d9bfcbd7cb7,Гуф,0.00010030766355970912,8.066006878671558e-05,7.856733613537188e-05,8.611561791053659e-05,8.620207083454915e-05,9.233808203205329e-05,8.185922657660237e-05,0.00023139764668604992,9.76189936300243e-05,0.0001059627630869949,0.992870817189434,8.471767369269599e-05,8.845187685094783e-05,8.375118646366374e-05,0.00014098239642765833,0.00010413018228702885,7.930813772250699e-05,0.005325607686925932,9.67110269251322e-05,8.449317403183016e-05
e8bf150db483f9ea,Гуф,0.942320618848675,9.194803753446151e-05,8.956244057530063e-05,9.816706675935366e-05,9.826561959005032e-05,0.00010526033126069657,9.331501513652605e-05,0.00026378275952506486,0.00011128028303998585,0.00012079171895770845,0.00010605591344745883,9.65734867682735e-05,0.00010083027056254555,9.547173960824552e-05,0.00016071217102665264,0.010703429792930234,0.04504414698723825,9.322469868857939e-05,0.00011024524912504148,9.63175695505479e-05
68e3290f26a86643,Гуф,0.0004274893749455967,0.00034375558790364515,0.19805193052870174,0.00036700593968743014,0.00036737442328680536,0.0003935247389604054,0.020476019119003073,0.15552100622037962,0.0004160308184839564,0.3855235895185853,0.0003964990631374335,0.00036104821093822315,0.00037696259297035153,0.0003569292622070659,0.23471827930053246,0.0004437800986113655,0.00033799396076510005,0.0003485284997086482,0.0004121612604773112,0.00036009148071452336
31bb94dcdb6b66c7,Гуф,0.00010050094260855634,8.081548222692349e-05,0.7135945752316544,8.628154553300357e-05,8.636817308671031e-05,9.251600091570956e-05,8.201695386442059e-05,0.0002318435498836343,0.1475710014837021,0.00010616693468338782,9.321525684120817e-05,0.011359636980299294,8.862230847253853e-05,0.008131454919541937,0.00014125403342157407,0.00010433082490171829,7.946095354089833e-05,0.11778838507297225,9.689737170717119e-05,8.465598014253278e-05
51942f76f0bfee6e,Гуф,0.05351289033128257,8.452205276998135e-05,8.232912308812578e-05,0.015925908237274928,9.032940851057604e-05,9.675920779159747e-05,8.577862503723226e-05,0.6143877893389368,0.00010229296573387231,0.16708930627808777,9.749052874749795e-05,8.877393266773867e-05,9.268692760805784e-05,8.776117043223788e-05,0.11903510918298553,0.00010911591405710887,0.028755580964194477,8.569559909577472e-05,0.0001013415252611096,8.853868643697841e-05
b4b5b37411dec05b,Гуф,0.0002604102576671312,0.013674036828966044,0.00020396986468451236,0.031444919917069304,0.2209545853564683,0.00023972030482029356,0.00021251598461649663,0.000600743460483755,0.0002534301417987285,0.00027509153666826293,0.00024153214889363346,0.00021993683425875705,0.00022963126015795114,0.0002174277207461143,0.4374163224440566,0.2926670956049028,0.00020589305999229473,0.00021231029333332305,0.00025107296480448795,0.00021935401561125898
dabeb088776683b6,Гуф,0.0002056696120652404,0.0001653844154431737,0.00016109350732197342,0.00017657039843299647,0.0001767476698407486,0.00018932887572532312,0.00016784315036913187,0.996417986050285,0.0002001567797847111,0.00021726475120116122,0.0001907598526710392,0.00017370407896757602,0.00018136064090698006,0.00017172239941514746,0.0002890685480078821,0.00021350725801367972,0.00016261243603164072,0.0001676807073610267,0.000198295095309308,0.00017324377284624822
74a5f4f17148a344,Гуф,0.0003107747548348242,0.0002499022640689615,0.0002434185422684094,0.3185744663095097,0.0002670725915380143,0.00028608329959975274,0.11884166975186045,0.0007169316613054856,0.06436283444918224,0.00032829549239853876,0.09558708310072675,0.0002624736045647213,0.00027404298755807915,0.011208310885762657,0.3713740749712831,0.0003226177429195371,0.0002457136992846153,0.01598282421265273,0.00029963159740926715,0.00026177808127217757
d6f2189dfd4da149,Гуф,0.00011901781641498495,9.570540207277394e-05,9.322231432157986e-05,0.00010217855928438555,0.0001022811430053482,0.00010956169136271923,9.712823733665141e-05,0.7377257551958224,0.00011582762931246716,0.00012572775510267907,0.0001103897753308361,0.00010051985931503634,0.0001049505971249895,9.937309569627453e-05,0.19713175741565467,0.06336046419331205,9.410130088646634e-05,9.703422469330376e-05,0.00011475030742949282,0.00010025348652090609
e22cdc9411bed3d7,Гуф,0.0001216476316281061,9.782010266757124e-05,9.528215434006639e-05,0.00010443629755426324,0.030013984533224392,0.00011198256344980034,9.927438453768511e-05,0.4977662320478637,0.00011838696250931463,0.045217676762835,0.036515619363313746,0.008007649393503118,0.0001072695842451942,0.0454449678751178,0.11448951311623104,0.1862900352712649,0.035079289141328594,9.917829825187287e-05,0.00011728582647959024,0.00010246868965428867
08d9e121b3306473,Гуф,0.00013491229108081752,0.0001084865687114615,0.00010567187934925552,0.00011582419658918104,0.00011594048093183443,0.0001241933223200657,0.00011009942279428173,0.3691894629117091,0.00013129606775819466,0.00014251831445545845,0.6285859893244113,0.00011394398747127142,0.0001189664349776397,0.0001126440722933143,0.00018961917758026278,0.0001400535258590015,0.00010666824888266525,0.00010999285913000307,0.000130074871157585,0.00011364204253723484
dc1f81867e7c0f7b,Гуф,0.00012238891837915397,9.841618944607484e-05,9.586277960613164e-05,0.035547816576443896,0.05189091360127597,0.00011266495093358875,9.987932621534422e-05,0.5463580714470636,0.1182126620664255,0.00012928889769137997,0.00011351649257518286,0.0001033670198812555,0.00010792325333392174,0.00010218776913095546,0.24636034485915606,0.00012705290875677437,9.676665720729328e-05,9.978265784904167e-05,0.00011800052670534269,0.00010309310192354119
213766b0ab8d10a7,Гуф,0.0001074054102035858,8.636755616288203e-05,8.412674339359463e-05,9.220913804700526e-05,9.23017100442896e-05,9.887190623384813e-05,0.02261235099217888,0.33565803194151284,0.00010452648875444037,0.07233775258115882,0.49361404636490486,9.071227729990829e-05,9.471071382899984e-05,8.96773961484705e-05,0.0001509582757413062,0.00011149841234210157,0.07429285919396711,8.756672841694346e-05,0.00010355427541818846,9.04718942419597e-05
5ed318b6118a3293,Гуф,0.00011891156136553639,9.5619955667519e-05,9.313908702006604e-05,0.00010208733593388276,0.0001021898250700129,0.00010946387618292476,9.70415249510609e-05,0.00027431645839124313,0.00011572422635703754,0.00012561550483529353,0.00011029121802448534,0.0001004301202175816,0.00010485690001959866,9.928437520363772e-05,0.00016713015332967362,0.00012344303491877996,9.401728780394877e-05,0.9977516257095874,0.00011464785759703381,0.00010016398752325872
154199a7ed7b0c05,Гуф,0.0001558395168685586,0.00012531470628777673,0.00012206340823169697,0.00013379052756293703,0.0001339248417411721,0.00014345784511108858,0.00012717774434811273,0.16047386905999442,0.00015166234592544793,0.0001646253521473072,0.06003910333388993,0.00013161866875606746,0.010740266235683554,0.00013011711482374203,0.00021903237321959339,0.29101416615356585,0.00012321432648886932,0.0001270546496965753,0.00015025171235992775,0.47559345008329734
f5d6fce0e900df43,Гуф,0.00012237667470142244,9.840634791499368e-05,9.585319284866918e-05,0.00010506218946189353,0.000105167669007513,0.0001126536826725124,9.986933909915569e-05,0.45017028730949554,0.046282643812843305,0.00012927596976259608,0.2591605489800771,0.00010335668336188394,0.03775714283907926,0.045533141566477156,0.00017200037349567138,0.00012704019920751298,9.675697582163749e-05,0.10913866270741374,0.05048667069273805,0.00010308279452034753
8a959598dd75ac91,Гуф,9.518659350567598e-05,7.65420775265321e-05,7.455618511404328e-05,8.17190955155468e-05,8.180113920605356e-05,8.762388382198328e-05,7.768001536478903e-05,0.00021959666062555216,9.263518461562889e-05,0.9982231532738322,8.828616325094715e-05,8.039252849350238e-05,8.393608687250843e-05,7.947537956872783e-05,0.0001337847229133843,9.881395635676939e-05,7.525916624615498e-05,7.760482562572405e-05,9.177357307021211e-05,8.017948847416592e-05
4efa0826201ce1af,Гуф,0.00013035923062649024,0.00010482533673990773,0.00010210563498370106,0.00011191533473002933,0.0001120276900564248,0.00012000201512370172,0.00010638375939565138,0.0003007248445870448,0.00012686505419035136,0.9975666015815629,0.00012090901408254647,0.00011009857194871918,0.00011495152605931916,0.0001088425307856364,0.00018321985783468982,0.00013532696295713223,0.00010306837504832976,0.00010628079005365237,0.00012568506860470753,0.00010980682062908405
cd41e2498be04b87,Гуф,0.00010390700322147932,8.355438930473215e-05,8.138656869850738e-05,8.920569825664861e-05,0.05009432432781143,9.565144718041158e-05,8.479657714937936e-05,0.00023970361140661549,0.00010112184672498109,0.00010976502212604728,0.9480419609711944,8.77575935387177e-05,9.162579086140675e-05,8.675642178634718e-05,0.00014604125821233253,0.00010786668115784974,8.215394938440137e-05,8.471450434874899e-05,0.000100181298250523,8.752503938501662e-05
314b25b22e675de7,Noize MC,0.00021291247646711332,0.00017120859379936775,0.00016676657802824305,0.00018278851315192059,0.0001829720273545317,0.0001959962824985336,0.00017375392749499236,0.0004911694550334333,0.00020720550636323332,0.00022491595841544776,0.00019747765291417153,0.00017982124667501693,0.00018774744205484704,0.0001777697758775143,0.0002992484072833606,0.00022102612961857426,0.00016833899977729925,0.00017358575101100404,0.9960059505465216,0.00017934472965981562
405fca5b1164223e,Noize MC,0.00010831892061902863,8.710212764800269e-05,8.484225900675377e-05,9.299339740895376e-05,9.30867624913588e-05,9.97128311669049e-05,8.839706612532768e-05,0.0002498806709136355,0.00010541551539396758,0.00011442567512752546,0.00010046648208652731,9.14838036432004e-05,9.551624824615399e-05,9.04401257948259e-05,0.00015224220058397402,0.000112446731192609,0.9979492412691464,8.831150814496603e-05,0.00010443502923361425,9.124137602625424e-05
2973ac49752fea66,Noize mc,0.0001879457211956366,0.00015113215332976935,0.00014721102316934978,0.00016135417577277362,0.00016151616770081358,0.0001730131708092103,0.00015337901280382195,0.0004335647597252831,0.0001829079643188841,0.00019854162601441616,0.0001743208350777628,0.00015873486001070607,0.00016573161036074878,0.00015692396138575058,0.0002641576409929565,0.00019510794138162456,0.00014859905766953765,0.00015323056870950505,0.9964743135272424,0.00015831422232907445
c4c9e4127b117392,Noize MC 2012 новый альбом,0.000537265262942158,0.00043202933432140976,0.13962638278989944,0.00046125022017673315,0.8253629148999302,0.0004945788497373799,0.02573507447146816,0.0012394130374765728,0.000522864280280806,0.0005675549578595846,0.0004983169456946973,0.0004537625904568101,0.0004737636157195572,0.0004485858921702323,0.0007551261752305207,0.0005577394000694501,0.0004247881849398744,0.00043802786656658863,0.0005180010884536819,0.0004525601366061987
f4cca737b42f733a,Noize MC  Трое В Лодке Не Считая Собаки,0.000198769734643082,0.0001598360442005867,0.00015568908331090313,0.0001706467632188658,0.000170818082906259,0.00018297721141007504,0.000162212299050911,0.1872668597569337,0.00019344185680178624,0.8094812727260222,0.00018436018169214292,0.00016787660259957472,0.00017527629469152163,0.00016596139605093034,0.0002793707944981414,0.0002063444426086616,0.00015715706587647997,0.00016205529844721739,0.00019164262901034252,0.00016743173602662843
42c1a7ec38d6336c,Noize mc,0.0001879457211956366,0.00015113215332976935,0.00014721102316934978,0.00016135417577277362,0.00016151616770081358,0.0001730131708092103,0.00015337901280382195,0.0004335647597252831,0.0001829079643188841,0.00019854162601441616,0.0001743208350777628,0.00015873486001070607,0.00016573161036074878,0.00015692396138575058,0.0002641576409929565,0.00019510794138162456,0.00014859905766953765,0.00015323056870950505,0.9964743135272424,0.00015831422232907445
25e33764b810b1d9,Noize MC [://muz-.ru],0.00022387445979691107,0.00018002341362199442,0.047876759528933936,0.00019219953930216363,0.0001923924976947279,0.00020608731942931469,0.00018269980182413764,0.17442026430281873,0.0002178736720668871,0.0002364959468348804,0.00020764497096011945,0.00018907949231627234,0.00019741378147589115,0.00018692240375191556,0.0003146554754209172,0.00023240585464486191,0.7741562589153298,0.00018252296695336532,0.00021584720149134303,0.00018857845533177913
84af5c59e48a5db1,Noize MC,0.00021291247830129763,0.00017120859527428422,0.00016676657946489276,0.00018278851472659498,0.00018297202893078702,0.00019599628418698944,0.00017375392899183622,0.0004911608445308537,0.0002072055081482536,0.00022491596035303888,0.00019747765461538896,0.00017982124822412912,0.0001877474436722413,0.0001777697774089536,0.000299248409861306,0.00022102613152265554,0.00016833900122749493,0.0001735857525063991,0.9960059591268478,0.00017934473120482275
cdf6b2ff606e9195,Нойз МС,0.00010865213813524313,8.737008115451517e-05,8.510325683946052e-05,9.327946768059792e-05,9.337311651949719e-05,0.000100019579288841,8.866899949947484e-05,0.00025066136549893814,0.00010573979821624905,0.00011477767878346244,0.00010077554391573833,9.176523194852411e-05,9.581008180641266e-05,9.071833819231379e-05,0.0001527105444314127,0.00011279264499608474,0.9979429205987091,8.85831723140459e-05,0.00010475629987091041,9.152206219909884e-05
e1d61e8664a77bf0,Noize mc,0.0001879457211956366,0.00015113215332976935,0.00014721102316934978,0.00016135417577277362,0.00016151616770081358,0.0001730131708092103,0.00015337901280382195,0.0004335647597252831,0.0001829079643188841,0.00019854162601441616,0.0001743208350777628,0.00015873486001070607,0.00016573161036074878,0.00015692396138575058,0.0002641576409929565,0.00019510794138162456,0.00014859905766953765,0.00015323056870950505,0.9964743135272424,0.00015831422232907445
0488fdfb7f3451d9,Noize MC,0.00015769952755336205,0.00012681039533413404,0.00012352029460794333,0.00013538738149308194,0.00013552331093341803,0.0001451700811418582,0.00012869566871415137,0.0003637910709157608,0.00015347251631581295,0.00016659023845315202,0.00014626731010350914,0.00013318959118118818,0.00013906035766137552,0.00013167012384668724,0.00022164663854428262,0.0001637091338569352,0.00012468495714485574,0.00012857110431962435,0.9970417036488501,0.00013283664902875145
c9afdcee5a1be140,Нойз MC,0.5254519168563627,0.00010891510555484367,0.00010608929878325289,0.00011628172018593519,0.00011639846290343105,0.00012468389983747133,0.0001105343332310741,0.00031245997343917525,0.00013181470072758176,0.00014308128609843792,0.24097901424389423,0.0001143940824848732,0.00011943637107469286,0.00011308903787403316,0.00019036820576344134,0.0001406067479410737,0.041687510350976766,0.09587376213333157,0.09394555224521439,0.00011409094432101964
c2f57a329068d475,Нойз MC,0.00036138738425487685,0.00029060121689713196,0.11279582370577734,0.00031025640302395857,0.00031056790134573306,0.00033267464882308503,0.00029492153534764227,0.0008336867393067518,0.0003517006682938226,0.023996885882679488,0.00033518907445232035,0.0003052199265613111,0.00031867346428190047,0.0003017378567012659,0.857252307319605,0.00037515911417876997,0.0002857305158657493,0.0002946360849561666,0.0003484294557019505,0.00030441110194574214
c3871765ad6a283d,Нойз MC,0.00023902926110844027,0.00019220978710225806,0.00018722290434127249,0.00020521016158613455,0.00020541617303431974,0.00022003805275658204,0.0001950673464778409,0.000551419581630969,0.00023262225704856417,0.00025250513393807497,0.00022170113281360634,0.00020187890830214423,0.00021077737468219292,0.00019957580595833028,0.9340637210316233,0.00024813816271856634,0.00018898819704306986,0.0001948785499440587,0.061788256227055006,0.00020134395083529503
de35c5d16a2f7a28,Нойз MC,0.00024395517040020083,0.00019617085246707473,0.00019108118864567125,0.00020943913001262367,0.0002096493906565398,0.00022457259947691776,0.00019908728939773383,0.0005627783222355409,0.00023741613567880113,0.00025770876891849853,0.00022626994958883,0.00020603923475454914,0.00021512107139427559,0.00020368866365538856,0.8805238878779091,0.0002532518078818434,0.00019288287600008325,0.00019889459291723432,0.11524261183116788,0.00020549324684121723
942630f617f5040d,Нойз MC,0.00013541495809665384,0.00010889078185372617,0.00010606560025270068,0.00011625574630697204,0.00011637246721980433,0.00012465605770781152,0.00011050963877803163,0.0003123892841464846,0.09891963816699474,0.00014304932943429326,0.5523680485707915,0.0810280969231898,0.00011940969205500707,0.00011306377640418936,0.26557547032758383,0.0001405753437577528,0.000107065680633501,0.00011040268220038329,0.0001305595078212176,0.00011406546477163323
1aeb519c74238d48,Нойз MC,0.00016293209086793863,0.0001310180409687217,0.00012761877207414954,0.00013987961815260057,0.000140020044122363,0.00014998691193145473,0.00013296587286059516,0.00037586921473214556,0.0001585648141044995,0.00017211781193538823,0.00015112054968507147,0.00013760890839367135,0.00014367446627639778,0.00013603901881129734,0.9970154492738341,0.0001691411015185322,0.00012882206983991682,0.00013283717573348854,0.00015708999217605896,0.00013724425198162197
5de1ee5c0ad06d79,Нойз MC,0.4766749757538216,0.00010901149012726232,0.000106183187325648,0.00011638462499803706,0.0001165014768704537,0.00012479424907387037,0.08199969197222154,0.0003127368798161058,0.0001319313518935121,0.00014320790682766338,0.00012573746050779686,0.2560968248545101,0.000119542062998944,0.0001131891119131727,0.00019053666955031308,0.0001407311855532623,0.00010718437358643725,0.11392381117793686,0.06923283229703094,0.00011419191343645736
175f3180d7e814f0,Нойз MC,0.00014416345315138048,0.00011592567246818331,0.00011291798074563862,0.00012376645544745656,0.0001238907142524071,0.00013270946597697866,0.00011764912128360817,0.0003325684832814788,0.00014029926479670348,0.00015229103255381423,0.00013371251494833768,0.00012175731615443582,0.00012712416438928628,0.00012036826307719583,0.00020262168387682146,0.00014965722319168574,0.0001139826643543519,0.00011753525254619888,0.9972956246024162,0.00012143467108787498
72d2a2b04250a6a7,Нойз MC,4.7006560637961637e-05,3.779922917835424e-05,0.03391270339698718,0.02528071589924283,4.039634586910957e-05,0.0513250678809437,3.8361184126741646e-05,0.16051723063984824,0.37885767223793876,0.10332860798282704,0.011790693738295674,0.009234053083335235,4.14506575933216e-05,0.017052676529746878,0.12394914776853379,0.0376892462396089,3.716568244501765e-05,3.832405491503417e-05,0.04674208537033197,3.959551759425494e-05
008dd519e2a13855,Нойз MC,0.00024619516933215886,0.009130953385517296,0.00019283568519090914,0.00021136219326591373,0.00021157438928388339,0.00022663461676113836,0.00020091530105082042,0.3050921715154222,0.00023959607981048986,0.2392930723951473,0.15614376234402194,0.00020793107009371717,0.00021709630243480995,0.00020555891884716087,0.00034602721122318824,0.22035752699877545,0.0001946539178101157,0.00020072084381668738,0.06687403158579366,0.000207380076401192
2695c357f73533bf,Тимати,0.9978529939141305,9.220977989643939e-05,8.981738708029899e-05,9.844650454370544e-05,9.854534114139909e-05,0.00010555996743809227,9.358064292437367e-05,0.0002645314680108306,0.00011159704710566779,0.00012113556458644286,0.00010635780520925677,9.684839155583554e-05,0.00010111729729635584,9.574350840608802e-05,0.00016116964716916235,0.00011904057650607453,9.066426480055472e-05,9.349007181364852e-05,0.00011055907365500675,9.659174673027253e-05
d4909d4050c7e97e,Тимати,9.95790479772272e-05,8.007416406937977e-05,7.799663819421386e-05,8.549008826347511e-05,8.557591545410967e-05,9.166735406265852e-05,8.126461252381199e-05,0.7139926701063609,9.690989947363833e-05,0.22743333939980984,9.2360192531105e-05,8.410229402304924e-05,8.780937236712649e-05,8.314282810455162e-05,0.000139958318277053,0.00010337380160505711,7.873205556394833e-05,8.118595942693512e-05,9.600853207304653e-05,0.05702875941983892
e6eb7f3b0f87de82,Тимати,0.00020209354261847205,0.0001625088013560845,0.00015829250078924298,0.00017350029829871764,0.00017367448470519337,0.0001860369319853775,0.00016492479737292165,0.989192140582517,0.00019667657820769511,0.0002134870798316241,0.007475570434053478,0.00017068381906612285,0.0001782072457383363,0.00016873658384392254,0.0002840424406517572,0.00020979491009088475,0.00015978503236539925,0.00016476516288010303,0.00019484725714185845,0.00017023151648583223
c2a1a2bb61a49be9,Тимати,0.00014609072894953719,0.00011747544708655339,0.027360395959065604,0.0001254210462325284,0.00012554696393555096,0.0001344836138391245,0.00011922193857867888,0.0003370189867983641,0.0001421748673740652,0.30776934042421955,0.00013550006496083094,0.00012338504443165058,0.00012882364728525583,0.00012197743061306467,0.2710099397736558,0.00015165794161006645,0.0001155064641209085,0.00011910654190874141,0.00014085247683385112,0.3915760806385003
37193a162c898c96,Тимати,0.07404963521871222,0.00015072468883050257,0.00014681413857210024,0.02797468972215288,0.10989103627675474,0.02465338148111264,0.00015296549432983314,0.43360076072292986,0.0001824148273490602,0.1324672538805984,0.06278049931798642,0.0001583069051358023,0.00016528478047473996,0.00015650088170709458,0.0674218379396472,0.00019458191503099614,0.00014819841844465324,0.00015281744316220086,0.06539440854449435,0.00015788740257432178
b9137e57589ff917,Тимати,0.00019428988690904566,0.00015623368206301434,0.00015218018866893312,0.0001668007423943189,0.000166968205801698,0.00017885329104262696,0.2223964639427138,0.49609082081657196,0.000189082092171244,0.06197656584813378,0.00018020509094082685,0.00016409300985481033,0.00017132593602738123,0.00016222097908992603,0.21678920279621552,0.0002016938853632597,0.00015361507998667897,0.00015840292108583323,0.00018732342080360364,0.0001636581841617363
3c8dc8a8a0c7c1e2,Тимати,0.000622511941053449,0.0005005784666376622,0.21598470160402844,0.0005344357697717471,0.0005349722698181431,0.0005730525390329513,0.0005080204912044261,0.0014360773868572786,0.5150421009005051,0.0006576076704636672,0.0005773837713701894,0.000525760091957363,0.0005489346587873404,0.000519762024931116,0.0008749403642610832,0.0006462346494627811,0.0004921883556267519,0.2582961791048947,0.0006001911060429887,0.0005243668332928806
5c9f697eff387b9d,Тимати,0.9978529939141305,9.220977989643939e-05,8.981738708029899e-05,9.844650454370544e-05,9.854534114139909e-05,0.00010555996743809227,9.358064292437367e-05,0.0002645314680108306,0.00011159704710566779,0.00012113556458644286,0.00010635780520925677,9.684839155583554e-05,0.00010111729729635584,9.574350840608802e-05,0.00016116964716916235,0.00011904057650607453,9.066426480055472e-05,9.349007181364852e-05,0.00011055907365500675,9.659174673027253e-05
173f46cd6fadddc1,Тимати,0.99509387892111,0.00021070836158510093,0.00020524152817567978,0.0002249599081250029,0.00022518575380804588,0.00024121486012376923,0.00021384093725152986,0.0006044822570907342,0.00025501018965277684,0.00027680662637243406,0.00024303801104166362,0.00022130806201052598,0.00023106292204803697,0.00021878329062820394,0.00036828841798297726,0.00027201936727990123,0.00020717672882034164,0.00021363396539908654,0.00025263828611197327,0.0002207216053821552
1e47992149dafa61,Тимати,0.08557214725650257,0.0002566450025747963,0.0002499863370974328,0.0002740035459726339,0.00027427863538253834,0.00029380224186672827,0.0002604605148090825,0.8699696800058367,0.00031060510582071215,0.0003371533875599801,0.0002960228641663167,0.00026955554928468245,0.00028143707184454837,0.0002664803511976391,0.0004485792086944072,0.0003313224641379587,0.00025234342726022924,0.03947893966198473,0.0003077161140439278,0.00026884125396228666
b2a209ec35ff0c56,Тимати,0.00015859055848501104,0.0001275268929335781,0.00012421819510886518,0.00013615233632075443,0.00013628903700230427,0.00014599031795469906,0.00012942281817278248,0.5056762321497771,0.00015433965332274326,0.0966066795697853,0.00014709374594915091,0.0001339421333915956,0.00013984606324203195,0.00013241408054216985,0.3953454500245442,0.0001646341139517419,0.0001253894350232683,0.0001292975552957566,0.00015290412154349997,0.00013358719765349866
5a629eee35fe0e9d,Тимати,0.00022102323672336995,0.10983797332488032,0.00017311944349582013,0.0001897517276296418,0.0001899422267289958,0.00020346264237298037,0.00018037297573666506,0.49421986956803676,0.0002150988762596998,0.00023348398202781135,0.00020500044493370405,0.00018667142224014068,0.0001948995688862438,0.00018454180791013824,0.3925811176433837,0.00022944598610842817,0.00017475176073459013,0.0001801983964306571,0.00021309820643503505,0.00018617675904524793
7eed8bc62f8b3b9e,Тимати,0.00017338912513918558,0.00013942681778020144,0.00013580938629220417,0.0001488571281977223,0.0074067315715177166,0.00015961311808712655,0.00014149965078451494,0.00039999335258619783,0.0001687415635763845,0.0001831643887057843,0.0001608195009584556,0.0001464406953724416,0.0001528955320396396,0.00014477003364765,0.04535906743336967,0.00017999664050033525,0.0001370899111713186,0.00014136270271086077,0.00016717206676584683,0.9443531593807968
3e2c2a76579a1b22,Тимати,0.0002473357244778568,0.00019888924785975087,0.00019372905214777412,0.00021234138561502963,0.00021255455659066104,0.00022768455903515077,0.0002018461092989239,0.0005705767308385163,0.00024070607657670272,0.0002612798915203257,0.00022940543917961237,0.00020889437208546186,0.00021810206602285113,0.00020651123437386362,0.9954693678972787,0.0002567611732435175,0.00019555569559695884,0.00020165073531306637,0.0002384672356358302,0.0002083408173095032
51625b98b2ac77e8,Тимати,6.999212419624146e-05,5.628253302541006e-05,5.482228118018845e-05,6.0089273754697933e-05,0.5780208882778267,6.443115385165575e-05,5.711927536618167e-05,0.04287721650091441,0.041801576258317465,7.39381085542501e-05,6.491813365937781e-05,5.911382620602987e-05,6.171945557764773e-05,0.019494055284770256,0.316872335290855,7.265938092437219e-05,5.533919063738107e-05,5.706399264424723e-05,6.748247925049345e-05,5.895717848796096e-05
7de9e8ff92cb2983,Тимати,0.0003023414373002836,0.00024312079911977536,0.0002368130236664973,0.0002595645953768913,0.0002598251910919453,0.000278319978072026,0.00024673524771773455,0.0006974758457114265,0.0002942373878649557,0.0003193866788052717,0.00028042357397200216,0.00025535100073381727,0.0002666064131383259,0.0002524378526325968,0.9944617806462587,0.0003138630333556615,0.00023904589878986747,0.0002464964216692944,0.00029150063809173856,0.00025467433663118103
9dfab5439cd10e1d,Тимати,0.00023919754730617376,0.00019234512022538386,0.00018735471664793211,0.0002053546459165306,0.0002055608028530082,0.00022019298314094644,0.00019520468733721715,0.2338486977741466,0.00023278603311232263,0.44883273835391546,0.0002218572416539792,0.00020202105027319745,0.00021092577264383847,0.00019971631845987607,0.27150103278156124,0.0002483128940502585,0.00018912126055000285,0.00019501575986447848,0.00023062086868643378,0.04244194338765515
1de0c01f302b69dd,Тимати,0.08073747707607745,0.0001935631106303624,0.00018854109928750565,0.008883259044061662,0.2333994451273367,0.00022158729016196957,0.00019644078090092138,0.660841389389824,0.0002342601017181178,0.00025428298361473013,0.00022326208459696342,0.00020330030619091543,0.0002122614190273016,0.00020098097834223374,0.00033832093230789134,0.0002498852494200538,0.00019031883396833233,0.012796581412934589,0.0002320812143999044,0.00020276156519837612
b98ce014fb2ab841,Тимати,0.16670495252860618,0.0002391554218844632,0.0002329505137872892,0.00025533101213779573,0.0002555873586990831,0.0002737804848653998,0.00024271090619792297,0.07652027835277096,0.00028943828882537815,0.000314177390908093,0.00027584976739350296,0.5843943873238744,0.00026225795722849596,0.00024832050994247974,0.16816718870445038,0.0003087438216975902,0.0002351469800657132,0.00024247599460965876,0.0002867461842705322,0.0002505204977846998
6f218ba34a2160c6,Big Baby Tape,0.00015599688090354077,0.00012544123773843005,0.00012218665853691517,0.0001339256292797411,0.11368722183002113,0.000143602710236957,0.00012730616736928026,0.0003598695585680638,0.09791084236371465,0.00016479159200896365,0.00014468807928778212,0.0001317515733417196,0.00013755893659265456,0.0001302485061540473,0.637271584910894,0.00016194159966986384,0.00012333874811301356,0.00012718294176229788,0.017246797979932286,0.13159372209587472
60c9ce01f484b061,Big Baby Tape,0.0001891794658000123,0.02580958187694754,0.00014817738489861896,0.00016241337574664864,0.00016257642993043074,0.40205281435630524,0.00015438585666402178,0.0004364187065676938,0.00018410864803138763,0.00019984494109699275,0.00017546514647669514,0.00015977687472358272,0.08211568906005642,0.03027109498811797,0.23453166270761508,0.00019638871626967617,0.0001495745286058123,0.00015423643762260507,0.00018239623713172317,0.22256421426139184
5c4a6f3037c08603,Big Baby Tape,0.0001473239677675367,0.00011846712261173666,0.00011539348921606243,0.00012647980650342514,0.0001266067865028601,0.581107736442324,0.00012022835528554055,0.0003398618666242756,0.16407021710212255,0.0001556297199263144,0.0001366438962565006,0.00012442661878393437,0.00012991111866326525,0.00012300710870086294,0.00020706377923904135,0.00015293818340608866,0.0001164815212556857,0.00012011199090719059,0.0001420415066587943,0.25231942961724424
69cad8580e28ce15,Big Baby Tape,0.0001563696684299494,0.00012574101897953204,0.6500500305805103,0.0001342456811517749,0.00013438046097546697,0.00014394588488902217,0.00012761038690342903,0.05419447781304864,0.00015217829530986623,0.00016518540685905533,0.0001450338587087522,0.00013206643022792936,0.00013788767587800707,0.00013055976875032103,0.19687610141314857,0.00016232860428643767,0.00012363349443778312,0.000127486884812771,0.00015076285977856817,0.09662997381291384
b8e9af9a091d92a6,Big Baby Tape,0.9569662838669541,0.00017772887827543116,0.00017311769704199439,0.00018974980653131373,0.00018994030563042102,0.0002034605757377604,0.00018037114196196437,0.000509872737785374,0.00021509669319410185,0.00023348162431544096,0.00020499836374457902,0.0001866695302496289,0.03909038277336082,0.00018453993047429804,0.0003106449353234317,0.0002294436575051144,0.0001747499997267369,0.00018019656265618253,0.00021309605247585512,0.00018617486705537682
45a209938bbb1fb9,Big Baby Tape,0.0001431280929613329,0.00011509311178913344,0.00011210701553701074,0.00012287759229204958,0.00012300094886056584,0.6360982978419335,0.00011680418395527913,0.00033017970994326807,0.00013929164110725,0.00015119730347461517,0.0001327522004730845,0.00012088287423307398,0.07208988574448491,0.00011950379669149055,0.00020116647805748687,0.00014858241197727382,0.00011316405923864311,0.00011669113014133518,0.00013799608427169456,0.28936739777857695
7042be64831964ea,Big Baby Tape,0.00016005410087971384,0.00012870376582615572,0.00012536453842710476,0.00013740880729334824,0.5789295606917869,0.043719917282513364,0.00013061718227045697,0.000369233654476552,0.00015576396419570893,0.00016907755274791144,0.00014845117697266248,0.00013517820280870571,0.000141136614416271,0.00013363604931220584,0.17252093493798745,0.00016615343320951909,0.00012654659029281667,0.0001304907552532305,0.0001543151757708625,0.20231745552355906
4235f0ec15f1727b,Big Baby Tape,0.23089940039278456,0.00010776405230637827,0.00010496810598061655,0.00011505281441055203,0.09835739310747887,0.00012336619852578237,0.00010936615970260313,0.00030915620323001365,0.00013042163525945157,0.00014156914264378396,0.0001242986268930301,0.00011318512005305244,0.00011817411967958591,0.00011189386334299653,0.6224427394446553,0.00013912076875624736,0.00010595783978063506,0.00010926030908859228,0.00012920857325305078,0.04620770352217481
e6b5f6e80d34e661,Big Baby Tape,0.029869071096646174,9.941672198474419e-05,9.683735112310578e-05,0.00010614090068122662,0.18488419226349265,0.00011381033549605331,0.019113631773060993,0.0002852107828995351,0.000120319262243145,0.0001306032908335839,0.00011467053566224852,0.00010441788100385983,0.00010902043392523946,0.4125057829367243,0.28092577596360774,0.00012834457145280168,9.775041840207388e-05,0.00010079708040749509,0.0487526624478259,0.022341543952527125
457f3638e7ba18a6,Big Baby Tape,0.0001323752309881975,0.00010644645493344059,0.00010368469799347379,0.00011364610199258448,0.7540387184925036,0.00012185784198801816,0.00010802898292199541,0.00030537742847529486,0.00012882702309970675,0.0001398382240458322,0.0001227788690427499,0.00011180124663956074,0.0820663312324138,0.00011052577860095094,0.09179422607127304,0.00013741978315103283,0.0001046623319959941,0.00010792442013964719,0.0001276287747959144,0.07001790101300522
7485a78ab8413942,IC3PEAK,0.0003765963852568538,0.00030283118293483773,0.0002949742253906639,0.00032331358611921196,0.0003236381811470127,0.00034667528951791264,0.00030733334187284364,0.0008687793340563689,0.0003665019833885282,0.0003978279501565171,0.0003492955074281521,0.6400618685608493,0.3531605674389623,0.00031443651019259,0.00052930607857231,0.0003909476880788514,0.0002977555039019837,0.00030703587161558986,0.00036309310986425267,0.0003172222706938929
6615713d8fff3273,sted.d,0.257511785284944,0.00029419440559298624,0.00028656151799384493,0.0003140926378542104,0.0003144079778823374,0.0003367880685873601,0.00029856815868638275,0.6653339200910493,0.00035604933436445067,0.0003864818735219122,0.0003393335771134395,0.0003089938791825332,0.0003226137744296725,0.0003054687647490494,0.000514210242775375,0.00037979782907893113,0.00028926348872492766,0.00029827918673075074,0.07150101486389114,0.0003081750428473829
d9f4210e1dcf6395,Summer of Haze,0.0009899798534567423,0.0007960691758956734,0.0007754151182850567,0.000849912369380275,0.0008507656355005286,0.0009113245962196187,0.0008079041906057098,0.0022837587673049473,0.0009634441444110253,0.981520197701128,0.0009182125417189078,0.0008361154654156413,0.0008729699377786336,0.0008265767429795663,0.00139141633001445,0.0010277059855612449,0.0007827264081115579,0.0008071222288716566,0.0009544830166070041,0.0008338997907538328
e6cbd04e6e7c0180,IC3PEAK,0.00016956228961433544,0.00013634955464338576,0.00013281195530686168,0.0001455717426711524,0.00014571788754094662,0.009301942759665538,0.00013837665078071554,0.9879009912321792,0.0001650173049446197,0.00017912179100283392,0.00015727009889458292,0.00014320862829341458,0.00014952100109575858,0.00014157485583284152,0.00023831974739046074,0.00017602396505175745,0.00013406423479655702,0.00013824271496655784,0.00016348245639372113,0.00014282912893472064
57ce1291f05d3966,IC3PEAK,0.00029258145352419165,0.00023527254689073327,0.00022916838213226263,0.0002511855030581578,0.0002514376877539425,0.0002693354378854099,0.0002387703035103293,0.9949042989498094,0.0002847390188023296,0.0003090764572081769,0.0002713711344499059,0.0002471079399169896,0.00025799999046840805,0.0002442888264291083,0.0004112231333640454,0.00030373113118779545,0.00023132918151439638,0.00023853918998820276,0.0002820906283872092,0.00024645310371904886
e78c7fb72bd0c5b6,IC3PEAK,0.5081092757649857,0.0002762548964733045,0.0002690874387200639,0.0002949397573173497,0.3028845158987787,0.00031625126767773336,0.00028036194126834427,0.18366166438123702,0.0003343379866634082,0.00036291480184436607,0.0003186415359088595,0.0002901519157944488,0.0003029412725529364,0.00028684176289431166,0.0004828544971589221,0.00035663835776346935,0.00027162465217515425,0.0002800905771827348,0.0003312282718217859,0.00028938302178139466
e6c6cf0bccc0f459,IC3PEAK,0.9949068865889591,0.0002187364015966737,0.0002130612721826137,0.00023353092346289458,0.00023376536932329664,0.00025040520464688986,0.00022198831745689644,0.0006275813148704746,0.0002647261199726945,0.0002873530049522767,0.0002522977972675944,0.00022973993200844464,0.000239866462316631,0.00022711897251723518,0.0003823202985624397,0.00028238335225054317,0.00021507019279090774,0.00022177345847056187,0.00026226387818984614,0.00022913113820199064
32aec541ad8a4355,IC3PEAK,0.0002543606384210032,0.0002045381606332758,0.0001992314124584702,0.00021837237379951385,0.00021859159837702612,0.00023415133379535007,0.00020757900124660828,0.0005867782649509125,0.0002475426885767603,0.0002687008507249284,0.0002359210793126905,0.9951980152871431,0.00022429666152930708,0.00021237662162231516,0.0003575037867005063,0.00026405378444672843,0.00020110993352953808,0.000207378082976332,0.0002452402557122964,0.00021425818404331338
3d9fdfc0e8a8be67,IC3PEAK,0.9949074058599799,0.0002187169273631643,0.0002130423073639735,0.00023351013930196106,0.0002337445706064048,0.0002503829067958687,0.00022196856668093315,0.0006274594172233038,0.0002647025704100715,0.0002873274468352719,0.0002522753538647885,0.00022971949715882938,0.00023984511052178203,0.00022709877054344802,0.0003822862695935747,0.00028235823077667145,0.00021505105331465088,0.00022175372225021885,0.00026224053239648775,0.00022911074701861866
a808a9177994e125,IC3PEAK,0.0006458616226414296,0.0005193545454607911,0.0005058798791847102,0.0005544817634715113,0.0005550384615499172,0.0005945470284794682,0.0005270757336040864,0.0014899432678691514,0.13113312645348138,0.0006822737165809174,0.0005990407181857648,0.253900472650132,0.0005695244859515006,0.0005392576659170434,0.5577800964420899,0.0006704740921913158,0.04704024722384708,0.0005265655434475382,0.0006227035297317621,0.0005440351761827615
f081d79582d6273f,IC3PEAK,0.9937499863097399,0.0002684253004326392,0.0002614609865638429,0.0002865805901991491,0.0002868683106699835,0.0003072881112998039,0.000272415959497972,0.0007700759530503029,0.0003248622266699863,0.0003526291147506801,0.00030961062609780726,0.0002819284592684384,0.00029435535844295316,0.000278712107620317,0.00046916946782376857,0.00034653055253532436,0.0002639262847555256,0.00027215227879134033,0.0003218406378572709,0.00028118136393298214
73f4a93eccc28189,IC3PEAK,0.0002699692867129722,0.09001414534935855,0.00021145711205019762,0.00023177264812770408,0.00023200533325368197,0.0002485198799455927,0.0002203169438297946,0.0006227954912397957,0.00026273296846995907,0.00028518951329668384,0.00025039821207135715,0.00022801020676579284,0.00023806048708202975,0.00022540897914264229,0.0003794417740636944,0.000280257287117888,0.0002134509136240318,0.00022010370006268515,0.9051385579316471,0.00022740598213784698
b81bdd761b04a3ac,IC3PEAK,0.00024224206549837993,0.00019479330494553474,0.0001897393811356841,0.00020796840525421462,0.00020817719613371678,0.00022299560057186,0.00019768926704051974,0.0005588220660026911,0.00023574894272186892,0.00025589909613514403,0.00022468104704778544,0.00020459239002820813,0.000213610444717472,0.00020225832103541277,0.11088070263072783,0.0002514734221608626,0.00019152840814410857,0.00019749792390736013,0.8849155298574684,0.0002040502293230498
38629083037ad174,Петя OST,0.0004992932604205692,0.00040149500840868963,0.0003910781934243399,0.00042865063129905674,0.00042908098968509823,0.0004596237167188012,0.0004074639718299392,0.6244975386526972,0.00048591006631003487,0.0005274421389408019,0.00046309760849364955,0.00042169222485013063,0.3672468748910324,0.00041688139027555365,0.0007017564647138792,0.0005183202990282663,0.00039476562002561597,0.0004070695857821102,0.0004813905320050115,0.0004205747540588648
46e3641482d322ff,Юлия Самошкина,0.0006010186021528106,0.00048329509268237795,0.00047075596931055034,0.0005159833798821229,0.000516501428062353,0.0005532668999596607,0.0004904801590076968,0.0013864855231165078,0.000584908758939171,0.0006349025620148249,0.0005574485383043498,0.00050760723929973,0.0005299816819962088,0.0005018162755520069,0.0008447314581590424,0.0006239222106927133,0.0004751946817887211,0.0004900054173270275,0.0005794684381395048,0.9886522256836127
a7fe1d49ebfc3614,Барды,0.00026785523498026615,0.0002153895281572051,0.00020980124358837334,0.0002299576829975552,0.00023018854912749634,0.000246573757926079,0.00021859169158359516,0.000617921687829806,0.00026067558210143734,0.00028295625184054593,0.00024843742166774695,0.00022622470937123685,0.00023619629264341624,0.00022364385450355888,0.00037647043678033337,0.0002780626465853687,0.00021177943090033038,0.0002183801212928158,0.0002582510002479061,0.994942642875875
c235068ca79430ee,Хатико,0.0004992932604205692,0.00040149500840868963,0.0003910781934243399,0.00042865063129905674,0.00042908098968509823,0.0004596237167188012,0.0004074639718299392,0.624468391978349,0.00048591006631003487,0.0005274421389408019,0.00046309760849364955,0.00042169222485013063,0.36727602156538053,0.00041688139027555365,0.0007017564647138792,0.0005183202990282663,0.00039476562002561597,0.0004070695857821102,0.0004813905320050115,0.0004205747540588648
a94cf6f7c05cf5c6,Барды.,0.00045996504329419994,0.00036987015147862723,0.0003602738621531083,0.00039488681389038434,0.00039528326625747767,0.000423420179346701,0.00037536894173567577,0.001061079061843774,0.00044763602078261457,0.0004858967301092322,0.0004266204655556241,0.00038847646258578555,0.00040559981715845004,0.00038404458961880273,0.0006464806898125552,0.00047749337765603666,0.0003636708320426082,0.0003750056386305204,0.00044347248512473475,0.991315455570923
1b27012ff8b16d87,Очередной MC,0.00017669396144271015,0.00014208432776562544,0.00013839793486628032,0.00015169438314046392,0.9966668731949103,0.00016265538006990816,0.00014419666915393398,0.0004076095212716635,0.00017195780796764332,0.00018665553286943646,0.0001638847549289736,0.0001492318790283362,0.00015580975193373189,0.00014752939231801326,0.0002483432966911046,0.00018342740886833817,0.0001397028778184677,0.0001440571017398896,0.00017035840702117087,0.00014883641619400508
783479f98e10f39f,"Очередной MC (Сега, Anacondaz)",0.00017669394689079544,0.00014208431321371072,0.00013839793486628032,0.0001516943685885492,0.9966668731949103,0.00016265536551799344,0.00014419665460201924,0.00040760972499846954,0.0001719577934157286,0.00018665551831752172,0.0001638847549289736,0.00014923186447642149,0.00015580973738181717,0.00014752937776609854,0.0002483432966911046,0.00018342739431642346,0.00013970286326655298,0.00014405708718797486,0.00017035839246925616,0.00014883641619400508
b6b798df796a42c9,KRiceT,0.0006336782018602257,0.0005095575061174956,0.000496337030966402,0.0005440220926269089,0.0005445682551901677,0.0005833315945101732,0.0005171330014769621,0.6412834283003074,0.0006166929128511962,0.000669403391868786,0.000587740476231528,0.09454761356020326,0.0005587810546915154,0.00052908518971653,0.2545584221283896,0.0006578263520593793,0.0005010169275971177,0.0005166324737266198,0.0006109569544720841,0.0005337725951366158
3f38ef917818d9fa,Саша Бест,0.0005546207870316974,0.0004459853491681277,0.0004344142184616159,0.0004761501324582924,0.00047662819200586926,0.0005105553732025846,0.00045261572601032116,0.9903405302965957,0.0005397545495483011,0.0005858888966002402,0.0005144142503128499,0.0004684206493933886,0.0004890677810649741,0.00046307672014172195,0.0007795193115149029,0.0005757562227997913,0.00043851026270040947,0.00045217765512817535,0.0005347342549106035,0.00046717937095042296
b82e78238155aa59,Наталья Барсукова,0.00045541320373436775,0.00036620990215748656,0.00035670854892965993,0.00039097897984054155,0.00039137150321519754,0.000419230010813466,0.00037165426859381593,0.34577326156822685,0.0004432061837127197,0.00048108828369020697,0.00042239860315020127,0.0003846320744873695,0.0004015859876248434,0.00038024406071705287,0.21584060028610455,0.24652070641469856,0.00036007190410640395,0.18541794152817065,0.0004390838588196356,0.000383612829206445
aec16898a1031315,Барды,0.00044827297837828626,0.0003604682395392248,0.00035111586959375734,0.00038484898279409803,0.0003852353652285408,0.0004126570802691647,0.00036582727310100003,0.001034107474851168,0.0004362573461404546,0.00047354549205902283,0.0004157759921091063,0.00037860161305828714,0.0003952896904268199,0.00037428237199691405,0.000630047491059843,0.00046535573277254054,0.0003544264883556389,0.00036547319591680063,0.0004321996611907369,0.9915362116611586
3ca521c7e1149068,Хаски,0.00016009659089572943,0.00012873794130669554,0.00012539782566650873,0.00013744529802557173,0.00013758329383709998,0.0001473767036406317,0.0001306518673971144,0.3925565464619809,0.00015580531842448482,0.5937337254263871,0.0001484905945390016,0.00013521409652876774,0.00014117409531986795,0.00013367153531340962,0.00022501571125387918,0.011256749694228966,0.00012658018332573916,0.00013052541125431352,0.00015435615140066826,0.00013485579927352692
61a6bc7166ef3851,Хаски,0.00017871089822863172,0.00014370619505953163,0.00013997773262167327,0.00015342594264515546,0.31522335096264925,0.00016451207134969984,0.00014584264894363272,0.6818177374311544,0.00017392068445069007,0.0001887861781901298,0.0001657554742389006,0.00015093533881706074,0.00015758829951864918,0.00014921341077035136,0.0002511780938276543,0.00018552119423015276,0.00014129756216600223,0.00014570149537266103,0.00017230302087161082,0.00015053536489420216
6205fa6b91aac700,Хаски,0.00039796345497633665,0.00032001303494926317,0.00031171026497553916,0.0003416575248616253,0.0003420005426122301,0.3654948822590819,0.0003247706090773498,0.5460175948921397,0.0003872963479905951,0.0004203996563997886,0.00036911361324077306,0.00033611129512468987,0.00035092648381249,0.00033227680720022913,0.0005593375032557725,0.0004131290246839512,0.000314649344439529,0.00032445625860014947,0.0003836940504287956,0.08225801703214931
1cdf84f8cee12ce6,Хаски,0.0002563268688396813,0.00020611927368761066,0.00020077150356495095,0.00022006041458457666,0.00022028135629216625,0.00023596134902770184,0.0002091836157006657,0.0005913242941945978,0.0002494562118315138,0.0002707779670046951,0.00023774478793022814,0.00021648810891566772,0.00022603051185383295,0.0002140183289976331,0.0003602673475791664,0.9952104919322885,0.00020266454748239953,0.00020898115492363258,0.00024713599648376215,0.0002159144288169847
930a2dd67f889cc7,Хаски,0.00035052291592493315,0.0002818648222995264,0.00027455184419818526,0.0003009291128986178,0.0003012312397797268,0.0003226734007735055,0.0002860552793578751,0.9938951698452492,0.0003411274131171326,0.00037028456344515476,0.0003251122145926261,0.00029604403467935696,0.0003090931452584494,0.0002926666804824304,0.0004926598328222175,0.00036388064353969453,0.00027714054275266003,0.0002857783854992034,0.0003379545424445941,0.0002952595408848966
044cbd9d62674b15,Хаски,0.0003188403887966035,0.00025638804868696166,0.0002497360478873703,0.00027372918825331854,0.0002740040157328559,0.00029350806473443244,0.00026019971927258596,0.994446964150845,0.00031029410692525014,0.0003368158172636315,0.00029572644607222517,0.00026928564438502605,0.0002811552927594369,0.00026621353125810387,0.00044813005597548237,0.0003309907436244866,0.0002520907806750871,0.0002599478838198234,0.0003074080254883844,0.0002685720475438975
2f0ef807656b3a04,Хаски,0.00018043057844866484,0.00014508904345204035,0.00014132469613547675,0.00015490233037271226,0.0001550578466774397,0.00016609512418697987,0.00014724605910970337,0.9968575577585328,0.0001755942643886047,0.00019060280287962094,0.00016735050325430767,0.00015238774508467934,0.00015910471940396712,0.0001506492424731435,0.0002535951281256373,0.00018730641601289596,0.000142657229450738,0.00014710353766416202,0.00017396104487472986,0.00015198392947167412
253a468918feb667,Хаски,0.00015106345381105937,0.00012147414378413101,0.00011832249013582237,0.00012969021293386622,0.00012982040891314139,0.00013906125298771354,0.0001232800800327045,0.9617040290002181,0.00014701429628236897,0.0001595800345476965,0.00014011229411827218,0.00012758490014772391,0.00013320861848400476,0.00012612937400096624,0.0002123196215981404,0.00015682016209420463,0.00011943814176688193,0.00012316075433358117,0.035810643944292064,0.00012724681551751265
b65c926f059cba0c,Хаски,0.00014377755518792955,0.00011561535916511076,0.027097638800793043,0.00012343515772376314,0.00012355908182580685,0.00013235422971531066,0.00011733419490056731,0.9705108966517133,0.00013992369896849015,0.0001518833788977938,0.00013335458651085935,0.00012143139550662319,0.0001267838733426573,0.00012004606054273049,0.00020207930500223853,0.00014925662740227852,0.00011367755349946367,0.0001172206317614939,0.00013862224851448837,0.00012110960902605807
96646e71c68ecb9d,Хаски,0.0001265856047981379,0.0001017908670076044,0.9976024677891797,0.00010867562510800271,0.0001087847280864578,0.00011652820920941206,0.0001033041715211048,0.00029202272565445386,0.00012319257856573538,0.0001337221983296991,0.00011740894927850386,0.00010691145286564915,0.00011162392300748687,0.00010569176960560357,0.00017791602776612468,0.0001314095353285687,0.00010008476417979235,0.00010320418531704145,0.00012204674627143299,0.00010662814891952672
ef6d7e1565a5ae5d,Хаски,0.00015931517407768384,0.00012810958596485655,0.00012478576894177585,0.0001367744353087641,0.00013691176171268864,0.00014665736709061899,0.0001300141694552088,0.0003675238448488793,0.00015504485697084082,0.00016829697864082218,0.00014776582996718415,0.00013455413351179456,0.0001404850421820424,0.00013301909585461643,0.0002239174318588032,0.8119553928123255,0.00012596236387547513,0.18519766900249274,0.00015360276238263228,0.00013419758253701872
6286782480c74203,Кровосток,0.0001931190027223563,0.00015529214932567746,0.00015126307390831526,0.00016579553083318122,0.00016596197561215734,0.0001777754367281295,0.00015760085395226397,0.00044550043762374186,0.00018794259628964244,0.00020400658383245906,0.00017911910215141484,0.00016310411089910464,0.00017029345433008805,0.00016124337235714836,0.0002714287100939567,0.9963915495584605,0.00015268932143692405,0.00015744830625004274,0.000186194518656834,0.0001626719045360718
2ff459eae41b5b39,Кровосток,0.10278477095715315,0.00012668386102961454,0.00012339704917641015,0.023136504902620925,0.04887832872089257,0.06708534530208339,0.00012856725713226226,0.20314822252948636,0.00015331937997455764,0.1470543830524668,0.03575187028972793,0.08109100573502653,0.04024737162251697,0.06650010222033903,0.18308898051244235,0.00016354579618706584,0.00012456054751049448,0.00012844282371027795,0.00015189333599675435,0.00013270410452654853
0874f064328088bd,Sandy Fish & Cj Alco,0.0003000954796298947,0.0002413147779031744,0.00023505385993142274,0.539030977794772,0.0002578950703094344,0.00027625248628765245,0.00024490236348541377,0.1407133959467592,0.0002920516464238312,0.00031701411862256024,0.00027834045332579294,0.00025345411674876074,0.00026462591328719836,0.0002505626220426431,0.0451875857811233,0.19893499038044385,0.00023727014576010655,0.0002446653418863697,0.07218676921361485,0.00025278248764253053
09e88aafb9443314,48 kbps,0.00020368123804099573,0.00016378552064382008,0.00015953608518425456,0.3593117959501095,0.00017503892341923845,0.00018749849071455794,0.00016622049246226033,0.21345906075833154,0.00019822170904467028,0.20382017075467426,0.000188915628887861,0.00017202474175624327,0.17560063662412553,0.018449316476452416,0.00028627393088842513,0.0002114431127089063,0.02671237304240893,0.00016605960649785062,0.00019637802515964713,0.00017156888848913958
648ae72430a57c67,анна ривелотэ,0.0003508361069591536,0.0002821166615356644,0.000274797134974107,0.0003011979781319949,0.0003015003669516412,0.00032296167855426565,0.0002863108439406736,0.7535037330581834,0.0003414321930179766,0.0003706153916664328,0.0003254027042973063,0.2406822909776715,0.0003093692865592489,0.0002929281532317377,0.0004931000057805188,0.0003642057382202365,0.00027738816186983844,0.0002860337172476349,0.0003382564992312082,0.0002955233419755163
9a4f16f07f9efb72,Павел Пиковский,0.00023303623777343166,0.00018739065628607703,0.00018252878946225173,0.0002000650667389243,0.00020026591223929827,0.00021452118429036494,0.0001901765617827145,0.5383078151207655,0.00022678987286262056,0.0002461742430640498,0.00021614257296571383,0.0001968173417378768,0.00020549269738024266,0.00019457198159386147,0.3666439336951794,0.0915590594982841,0.00018424982963640956,0.00018999248008587852,0.00022468047123983358,0.00019629578663145003
00c058c1c185520a,Кровосток,0.9900950845930095,0.0004253966350625776,0.00041435967668700314,0.00045416888574304474,0.0004546248554574114,0.0004869858121804782,0.00043172092656073224,0.0012203877628546907,0.0005148370430370577,0.0005588416274850303,0.000490666544535507,0.0004467962160581973,0.0004664901961640012,0.0004416990002667591,0.0007435331396331456,0.0005491767109965043,0.00041826663311746263,0.0004313030537606508,0.0005100484733693739,0.00044561221402080245
35f59bf48a78fb2b,Кровосток,0.0002388781298837315,0.00019208826235149866,0.00018710452209338285,0.00020508040230439852,0.0002052862973666272,0.00021989893870688918,0.00019494401769690333,0.0005510580742386056,0.00023247517034304878,0.0002523454772118621,0.00022156097126306893,0.0002017512731252035,0.00021064410918242556,0.00019944962564463338,0.00033574312010006726,0.000247981270233789,0.00018886870910124435,0.00019475532299961595,0.9955188696558769,0.00020121665027615271
725b2b07f4a653ca,Кровосток,0.9975856867883102,0.00010369004857590655,0.00010099979986160463,0.00011070325619935257,0.00011081439644225232,0.00011870235599385679,0.00010523159102976453,0.0002974674021799313,0.00012549106396462386,0.000136217148780232,0.00011959953242143371,0.0001089061748603305,0.00011370656751471812,0.00010766373244608772,0.0001812355318956927,0.0001338613248766928,0.00010195211349119098,0.00010512973490797381,0.00012432385494557475,0.00010861758130259728
029092996af0b871,Кровосток,0.9900950844777473,0.00042539663501305487,0.0004143596766387653,0.0004541688856901725,0.00045462485540448606,0.0004869858121237856,0.0004317209265104733,0.0012203878791279413,0.0005148370429771228,0.0005588416274199726,0.0004906665444783859,0.00044679621600618333,0.0004664901961096946,0.00044169900021533853,0.000743533139546587,0.0005491767109325717,0.00041826663306876997,0.00043130305371044046,0.0005100484733099964,0.00044561221396892636
2ef850670b3fb335,Кровосток,0.00018122012571200312,0.00014572393217707522,0.0001419431265609601,0.00015558016201707296,0.9965814914299201,0.00016682193782605934,0.00014789039207552599,0.00041805158521168,0.00017636265306001584,0.00019143687922899892,0.00016808281754516536,0.00015305458997731208,0.00015980095931422597,0.00015130847667558242,0.00025470486280125304,0.0001881260567893119,0.00014328148067184563,0.0001477472448944713,0.00017472228851956754,0.00015264899902169997
0a80afa2404c3c27,Кровосток,0.0002388781298837315,0.00019208826235149866,0.00018710452209338285,0.00020508040230439852,0.0002052862973666272,0.00021989893870688918,0.00019494401769690333,0.0005510580742386056,0.00023247517034304878,0.0002523454772118621,0.00022156097126306893,0.0002017512731252035,0.00021064410918242556,0.00019944962564463338,0.00033574312010006726,0.000247981270233789,0.00018886870910124435,0.00019475532299961595,0.9955188696558769,0.00020121665027615271
8be281bbd5bb3220,Кровосток,0.0001931190027167358,0.00015529214932115786,0.00015126307390391292,0.00016579553082835596,0.00016596197560732722,0.00017777543672295554,0.00015760085394767717,0.00044550046671460174,0.0001879425962841726,0.0002040065838265217,0.00017911910214620178,0.00016310411089435768,0.00017029345432513187,0.00016124337235245555,0.00027142871008605706,0.9963915495294617,0.0001526893214324802,0.0001574483062454604,0.00018619451865141501,0.00016267190453133745
597ee85c695cfd47,Кровосток,0.00018121992274732377,0.00014572377271885963,0.00014194295253492994,0.0001555799880483934,0.9965814956210469,0.00016682174935274275,0.00014789021807450707,0.00041805088847790756,0.00017636245007490836,0.00019143664720345743,0.00016808261452523702,0.00015305440144609684,0.0001598007708113826,0.0001513083026889383,0.00025470454373029903,0.00018812583930176113,0.0001432813212033583,0.00014774708544476476,0.0001747220855275615,0.0001526488250406934
7d069d1f34800bcc,Кровосток,0.0001931190027223563,0.00015529214932567746,0.00015126307390831526,0.00016579553083318122,0.00016596197561215734,0.0001777754367281295,0.00015760085395226397,0.00044550043762374186,0.00018794259628964244,0.00020400658383245906,0.00017911910215141484,0.00016310411089910464,0.00017029345433008805,0.00016124337235714836,0.0002714287100939567,0.9963915495584605,0.00015268932143692405,0.00015744830625004274,0.000186194518656834,0.0001626719045360718
9059b39d1b1403ca,Кровосток,0.00023887808664941482,0.0001920882364368834,0.00018710449647357346,0.00020508037562125226,0.00020528627067130153,0.00021989889659525876,0.00019494397706144474,0.0005510579834339108,0.0002324751420394051,0.0002523454331809042,0.0002215609290531234,0.0002017512320870717,0.00021064406761825104,0.00019944958474265215,0.0003357430711358439,0.00024798125556482005,0.0001888686833770771,0.00019475529692723463,0.9955188703720609,0.00020121660926964574
fdebc3cbd9262c93,Кровосток,0.997585672061036,0.00010369003249322527,0.00010099979109459613,0.0001107032400131359,0.00011081438753035175,0.00011870233968955008,0.00010523157492432559,0.00029748238625960645,0.000125491047560096,0.00013621713221735588,0.00011959951610388206,0.00010890615870064398,0.00011370655128416381,0.00010766372358070016,0.0001812355146682139,0.0001338613083485955,0.00010195210471012356,0.00010512972607999543,0.0001243238385582783,0.00010861756514717124
e9e4833084a754df,Кровосток,0.09564787829483028,0.00011075080482158688,0.00010787737660799274,0.00011824158444991886,0.25570798734813455,0.0062315910433555855,0.00011239732478639881,0.5611584903389679,0.07937224282146121,0.00014549283009883553,0.00012774364231928488,0.00011632212878619918,0.00012144940109522556,0.00011499508154125398,0.0001935767486194283,0.0001429766004421426,0.00010889453356843754,0.00011228853467736521,0.00013278967856842895,0.0001160138828679803
26829b24cad081ed,Кровосток,0.0001087559898722057,8.745358892342994e-05,8.518460360736354e-05,9.336862897702478e-05,9.346237240509109e-05,0.00010011517993144823,8.875375148097851e-05,0.0002508864009175812,0.0001058408704839566,0.00011488738777871735,0.00010087186489202271,9.185294530159723e-05,0.9942565113292612,9.080505471998124e-05,0.0001528565174955429,0.00011290046220593092,0.003780359238524398,8.866784425844055e-05,0.00010485642624608,9.160954271706581e-05
c09e132e6881a7c3,Кровосток,0.00021214357854302485,0.17896006908415787,0.04085644345663139,0.00018212840794645902,0.0001823112527451288,0.00019528847497482437,0.00017312644846336219,0.24004414044279357,0.09154627407391963,0.07563141064364251,0.00019676450470969685,0.0001791718519353062,0.21336951454470868,0.00017712778823974332,0.00029816772712275833,0.1570719937613372,0.00016773107898716656,0.00017295888317433054,0.00020453694388008323,0.00017869705208723637
ac5fb48e5648cff3,Кровосток,0.00018917908211237957,0.00015212394383954699,0.00014817707197353736,0.00016241303441110746,0.00016257610315474473,0.00017414854153730943,0.00015438554404132538,0.25971758413435986,0.5665765957082068,0.00019984452882499757,0.00017546479122493015,0.00015977653325963007,0.1707619384841836,0.00015795374601201744,0.00026589113894370754,0.00019638830382934466,0.00014957421574877895,0.00015423611044071758,0.00018239585311371158,0.00015935313078195115
328154bbe55085b0,Кровосток,0.0004427936755293506,0.15322461082347463,0.015012023870160028,0.5990473959649723,0.0003805265797931222,0.00040761310884496584,0.0003613557400909083,0.22608715057191905,0.0004309249290852812,0.00046775731286250545,0.00041069392409233386,0.0003739739102107233,0.00039045802965559915,0.00036970749215640974,0.000622346391427064,0.0004596676408047745,0.00035009430331059746,0.0003610059702371176,0.0004269168366444013,0.00037298292472881506
555eb67464a64a2c,Кровосток,0.00030770260796337206,0.0002474318632230439,0.00024101224210068667,0.00026416723528961136,0.0002644324584991919,0.00028325521551446294,0.0002511104128062462,0.0007098482526403192,0.00029945487336850447,0.0003250501209020023,0.00028539609330407604,0.0002598789313484675,0.0002713339371952812,0.00025691415321428996,0.000432475910849696,0.00031942851226676163,0.00024328471286101398,0.0002508673376118627,0.00029666960766236303,0.9941902855213788
c6b89629e0a8f63d,Кровосток,0.0002458431799395312,0.00019768905380574027,0.0001925599994594209,0.00021106000572973808,0.00021127191067770782,0.00022631059907107936,0.00020062805989189632,0.0005671678278475109,0.00023925353559646202,0.0002597032070864596,0.00022802108905900376,0.00020763380161734752,0.00021678592131393182,0.00020526504132133635,0.9954966737238553,0.0002552117593326579,0.00019437562701423732,0.0002004338791731964,0.00023702819894879518,0.00020708357925862728
a7fbbb3d3d90e417,Кровосток,0.0004547459388273132,0.0003656733080200301,0.0003561858949487165,0.00039040612383785066,0.0003907980651597869,0.00041861574177946614,0.00037110972944200647,0.8374459941765671,0.00044255678781461236,0.0004803833890930245,0.00042177970680000915,0.00038406853132413654,0.15503498892238796,0.0003796869201294517,0.0006391452649542602,0.000472075350655172,0.00035954433178281693,0.0003707505299324396,0.00043844051626736887,0.00038305077027653056
f71289c014051d4d,Кровосток,0.00029998921784568286,0.0002412293260823165,0.0002349706055269413,0.0002575451808797016,0.2546496400782825,0.0002761546649081806,0.0002448156310517923,0.0006920520125592202,0.0002919482078103282,0.0003169018612407217,0.0002782418752209912,0.7399447587875454,0.0002645322247949698,0.0002504738813749473,0.0004216347312895012,0.00031142117338784476,0.00023718612007679835,0.0002445786967671614,0.0002892327622109382,0.00025269296114404857
6b594147f3fe3173,Кровосток,0.00018630670957919923,0.00014981419182661269,0.0001459272592804436,0.00015994706763768437,0.00016010764800460328,0.00017150438661836105,0.00015204146407124406,0.0004297952219793608,0.18025072920672755,0.0001968102226304544,0.00017280064198078992,0.00015735059879231898,0.00016428633186716177,0.00015555548927870323,0.8165178594791473,0.00019340648637640513,0.0001473031863700026,0.000151894300568693,0.00017962647900389084,0.00015693362825913417
8c06bf57bc31409b,Пабло Прекрати,0.00026212365976126673,0.0002107806267693846,0.00020531191615321515,0.00022503704822613628,0.9077591444739443,0.00024129758818914278,0.00021391427928308914,0.0703999272686561,0.00025509764711503774,0.01777785508348759,0.00024312135029070896,0.00022138395064048047,0.000231142157635774,0.0002188583206906861,0.0003684147292595641,0.00027211267464221186,0.00020724777163749202,0.00021370722011879078,0.0002527249286627799,0.00022079730483617066
c18d8cab6d293576,Horus,0.6524721312109398,0.00013749607270459506,0.00013392872958512195,0.00014679579247178648,0.00014694317424066716,0.06302634895735852,0.000139540194392632,0.2818519225068355,0.0001664048582410341,0.00018062795563746515,0.0001585925185450149,0.0001444128149513882,0.00015077827254847008,0.0001427652910841524,0.00024032368383735298,0.00017750408204866334,0.00013519151544017012,0.00013940513809356192,0.000164857102285276,0.00014403012875885028
aefbf4e7b4278b2d,Louis Pasteur,0.00013759293539673803,0.00011064214946904378,0.00010777152967653809,0.005152980537054725,0.00011824416418831395,0.00012666098425586386,0.0001122870469517795,0.00031741156853521237,0.0001339048545315574,0.00014535008080047475,0.00012761831105470082,0.00011620800210461254,0.0001213302469027796,0.00011488225721056596,0.0001933868236610517,0.00014283632488307018,0.00010878769714163278,0.00011217836597837878,0.9923840260584369,0.00011590006176604127
02ebc7b870295cd8,Скриптонит,0.00010482482485533053,8.429243594389475e-05,8.210546494970463e-05,8.999366541703307e-05,9.008401098414563e-05,9.649634890990367e-05,8.554559597131668e-05,0.0002418238474738043,0.00010201506825938476,0.00011073459055292025,0.11955487915664212,8.853276952050984e-05,9.24351348606444e-05,8.752275017249522e-05,0.8786221880459156,0.00010881948571924886,8.2879626851998e-05,8.546279557236839e-05,0.00010106621788799214,8.829816353951785e-05
c4aedc939512264a,RipBeat,0.00025116229999854795,0.00020196630282105234,0.00019672627582812457,0.000215626560696715,0.00021584303493537289,0.3843906785572806,0.01081285830223065,0.5440792319490148,0.00024443009087464035,0.00026532221231482346,0.0002329546133679867,0.00021212621474919928,0.00022147637099810742,0.00020970620272733298,0.05713208502618242,0.00026073358709786243,0.00019858117891048831,0.0002047705144159924,0.00024215660205182258,0.0002115641035035098
356442a75f51aeb5,Брутто (Каспийский Груз),0.15050461937104556,0.099428845360799,0.00015586260959779853,0.00017083695093929457,0.00017100845979575136,0.00018318113571854985,0.0001623930865213493,0.5648986156215282,0.00019365745138988586,0.18227143330254617,0.00018456564845653291,0.00016806370540831637,0.0001754716481841909,0.00016614637434527265,0.00027968216686584727,0.00020657441404959217,0.0001573322219278874,0.00016223591130001976,0.00019185621549541604,0.00016761834408540274
9ac324da4eedf04d,LOUIS PASTEUR,0.00012811271288935548,0.0001030188457328641,0.00010034601555090497,0.022151394654429446,0.00011009707887164522,0.00011793397607578312,0.00010455041291197032,0.00029554001319148486,0.00012467873754060785,0.00013533539560797286,0.00011882534632592978,0.00010820121178759655,0.00011297052174766799,0.00010696680925563046,0.0001800623639129025,0.00013299482201510474,0.00010129216648339625,0.0001044492188981506,0.9755553152159084,0.0001079144808631928
85f2e54f303a7cf1,ATL,0.054586678216379234,0.00015303232740692817,0.00014906189612478741,0.00016338287036554296,0.00016354689953002507,0.2806779034021284,0.0001553074317088971,0.44226607177292815,0.0001852076550124842,0.00020103786636866728,0.00017651255224022952,0.0001607306241317178,0.03296746204298366,0.00015889695211368832,0.18698819229142952,0.00019756100687510927,0.0001504673780998,0.00015515711044655677,0.0001834850140914205,0.00016030468963523165
f09235afcbbbace7,ATL,0.00014305329722142868,0.00011503296676121498,0.00011204843451334055,0.0001228133735793846,0.8849895949859217,0.00013168750959208247,0.00011674314417174238,0.11264187533708735,0.00013921885311199108,0.00015111828856195767,0.00013268283146257751,0.00012081970304011002,0.00012614522365444756,0.00011944134566747793,0.00020106136247486376,0.00014850476465861387,0.00011310492535782058,0.0001166301485530928,0.00013792396552281987,0.000120499539085993
51d9159ba04c8a89,ATL,0.00013007457416748777,0.00010459642708026033,0.00010188266961229322,0.00011167094227348715,0.08453749556456194,0.008245992173010551,0.00010615144468475479,0.1437580830984419,0.00012658802271763516,0.2601514661639484,0.00012064498437569662,0.00010985815205205449,0.00011470050539420309,0.00010860485384688239,0.48904259206404926,0.00013503145107829974,0.00010284330698504168,0.012656745969801549,0.0001254105981956919,0.0001095670337225887
0950b99dd0d7a34a,ATL,0.012401135827412747,9.816001096135091e-05,9.561324424114388e-05,0.00010479919042106933,0.00010490440802992846,0.017217123420099924,9.961934230712679e-05,0.5854446097886348,0.00011879832743236782,0.00012895236147008544,0.043446210869003556,0.00010309794806918405,0.00010764232140682159,0.2501372953444184,0.08381920666813206,0.0001267221788989047,0.006126067705726718,9.952292132983606e-05,0.0001176933715543662,0.00010282475044955594
1c73d80e70fee140,RSA 2010,0.0006702727067511712,0.0005389841586237356,0.6250004400062767,0.0005754390359055737,0.0005760167469611905,0.00061701863225629,0.0005469971419323824,0.0015462269638628979,0.0006523065623096137,0.0007080610051778023,0.0006216821720109461,0.0005660977537264811,0.00059105033113141,0.0005596394970974842,0.0009420680341854802,0.0006958154516516063,0.0005299503293207909,0.36285109650022274,0.0006462393447608821,0.0005645976258347575
71b9b8f1bba014f1,Dino MC47,0.00020912838040938037,0.00016816570268202532,0.00016380263138527824,0.0001795398134261097,0.0001797200679859,0.00019251284483428376,0.00017066579428166788,0.00048243809431287513,0.00020352285213600817,0.0002209185303771997,0.00019396789072379954,0.0001766252833132817,0.00018441061555725117,0.00017461027976971487,0.000293929863475644,0.00021709783802228714,0.00016534711333877008,0.9960458093165798,0.00020162985184014306,0.0001761572355486014
09b9978e1a1216f6,Dino MC 47,0.00015711316181585435,0.00012633888999174508,0.0001230610131010306,0.0001348839777615695,0.00013501939787550747,0.000144630311500174,0.0001282171492187297,0.9972636619894638,0.0001529018669379876,0.00016597082470360137,0.0001457234512980487,0.00013269436577745857,0.00013854328942840077,0.00013118054469075582,0.00022082250465798418,0.0001631004305154972,0.00012422133908696157,0.00012809305049407213,0.00015147970835909652,0.00013234273332170983
3d2b97cf0e8c3b6b,Dino MC47,0.00020912837868691887,0.00016816570129694813,0.00016380263003613698,0.00017953981194735098,0.00017972006650565663,0.0001925128432486742,0.00017066579287599898,0.0004824463267226352,0.00020352285045971595,0.00022091852855763,0.00019396788912620565,0.00017662528185852819,0.00018441061403837465,0.00017461027833155765,0.00029392986105472504,0.00021709783623418614,0.00016534711197690785,0.9960458011127648,0.00020162985017944233,0.0001761572340977029
7ab72fdb94286629,Dino MC47,0.00028781636771387626,0.000231440821503171,0.00022543607549131895,0.00024709463700315894,0.0002473426889524663,0.000264948964040772,0.00023488162189116358,0.20645782544974411,0.00028010166978325977,0.7888335063472737,0.0002669515113217752,0.00024308345974053007,0.0002537981514389104,0.00024031027212564099,0.0004045258139451416,0.0002987844664664182,0.00022756168832056177,0.00023465427731742027,0.0002774964112716798,0.0002424393046549945
6dca9c92b9a9040e,Dino MC47,0.00022980134028420586,0.01941739690623375,0.00017999500155429414,0.000197287854981337,0.00019748592107263915,0.00021154330210675535,0.00018753661790973437,0.8021860226467792,0.00022364167547477205,0.00024275696686202423,0.0002131421790236413,0.0001940852117047117,0.00020264013598769105,0.0001918710216877875,0.0003229857100640107,0.17481762779316715,0.0001816921620932986,0.00018735509734380215,0.00022156155223465829,0.00019357090343457046
ac56fc3b9f51a7f0,Dino MC47,0.0001571131763357604,0.00012633888996600647,0.000123061027627874,0.00013488399228600424,0.00013501941239991465,0.00014463032602262315,0.00012821714919260843,0.9972636617862944,0.00015290188145875163,0.0001659708392217029,0.00014572346582027518,0.0001326943803023394,0.00013854330395209,0.00013118054466403084,0.00022082251916491095,0.00016310044503418353,0.00012422135361356862,0.00012809305046797615,0.00015147970832823604,0.0001323427478466623
337865b5183738d2,Dino MC47,0.00025811469356431307,0.0002075569111910284,0.00020217183044968367,0.00022159530125497322,0.00022181777089333912,0.00023760713438127749,0.0002106426296856547,0.0005954503480479867,0.00025119613228326423,0.00027266657696479747,0.0002394030150072593,0.00021799806848390795,0.00022760703100449105,0.00021551105932544646,0.9952719136610119,0.000267950913302476,0.0002040780873320107,0.00021043874283955684,0.0002488597063153973,0.00021742038666131187
29e6be1d8786cad0,Dino MC47,0.0002581147224953592,0.0002075569401559173,0.00020217185941817726,0.0002215953156585525,0.00022181778529676947,0.00023760716332605112,0.00021064264409656556,0.0005954505804799993,0.00025119616121894154,0.00027266660588610276,0.00023940302939891832,0.00021799808288989515,0.00022760705995595863,0.0002155110882850109,0.9952719129947888,0.00026795094222693784,0.00020407811629922826,0.00021043877180251667,0.0002488597352526386,0.00021742040106768578
daba5eb684a49492,Dino MC47,0.0002619475538796935,0.00021063899410145,0.00020517396509069628,0.00022488584047393508,0.00022511161339900537,0.0002411354520352373,0.00021377053660414248,0.0006042862761883432,0.00025492622691274157,0.0002767155042448803,0.00024295799178564027,0.00022123520214248932,0.00023098684627600503,0.00021871126020140717,0.9952017107131211,0.00027192981672519856,0.00020710851091291789,0.00021356362295789214,0.00025255513826234185,0.00022064893468485276
bad416307b9259d4,Dino MC47,0.0002581083492196709,0.00020755181825421313,0.00020216686847404711,0.00022158984453607493,0.00022181231417469009,0.00023760129933059486,0.00021063744944082186,0.0005954315476442105,0.00025118996255382004,0.00027265988339056016,0.0002393971217509389,0.0002179927136243666,0.0002276014433251162,0.0002155057626707685,0.9952720339854787,0.0002679443361382549,0.00020407308170277254,0.00021043357714640805,0.0002488535947909853,0.00021741504635303577
72d38b3c8ef166a4,Dino MC47,0.00013138823514400488,0.00010565278082117071,0.00010291161479205509,0.00011279874599328921,0.0001129119889946911,0.00012094925895168062,0.00010722350723466599,0.7591208024775555,0.00012786646802227794,0.00013879558181074955,0.00012186341024287405,0.00011096764944325018,0.00011585889727198466,0.00010970168378256395,0.23877556009449016,0.00013639517069583693,0.00010388195102650382,0.00010711972297791986,0.00012667716912500546,0.00011067359162381702
d3d5e9dcdb5f25ae,Dino MC47,0.0002490031220405073,0.00020023003142469385,0.00019503505703363563,0.00021377285567730358,0.00021398748182799917,0.0002292194774784387,0.0002032068287594887,0.0005744251445041613,0.0002423287711675172,0.0002630412933789993,0.0002309519553665031,0.00021030261755710384,0.00021957237470220117,0.00020790340016313603,0.0003499738047327885,0.9953473414502101,0.00019687402581401747,0.00020301014511633992,0.00024007484006336865,0.00020974532298166223
eb7625ddbd7029d9,Dino MC47,0.00021306318329060046,0.00017132977907931344,0.00016688462055170275,0.00018291788996825368,0.0001831015351192132,0.00019613501483692144,0.0001738769169504425,0.19920426012138714,0.00020735218289360272,0.0002250751623219455,0.00019761744738989656,0.00017994852832096855,0.00018788033992425646,0.00017789561709500887,0.7973844170397771,0.000221182583613462,0.00016845816263638607,0.00017370862406844195,0.00020542357411451275,0.00017947167666076318
fa8b95b4e9496777,Dino MC47,0.02557234046454255,0.00011856350974933417,0.03723993083800986,0.0001265827135620868,0.00012670979543543586,0.0001357292178470332,0.00012032617593252834,0.3233712852055562,0.00014349170405201218,0.0001557563490189254,0.10311423797260696,0.017407910577753344,0.00013001681997358848,0.00012310719240060786,0.08084869980937176,0.00015306261493677826,0.00011657629296638626,0.01347777874534762,0.39739369614251013,0.00012419785842688886
7471473d906d740f,Dino MC47,0.0001338731610321121,0.00010765097764985432,0.00010485796350904661,0.00011493209279026298,0.00011504748218419443,0.00012323676038547332,0.00010925140431474834,0.9656751448322989,0.00013028479025981265,0.00014142059800782394,0.0001241681992311463,0.00011306636292397403,0.00011805012390735655,0.00011177645953004326,0.00018815867948190272,0.00013897479978654473,0.00010584665685631782,0.000109145662839119,0.032122346253975524,0.00011276673903582869
4b87670db3942236,Dino MC47,0.00015306406375464006,0.00012308288557741516,0.00011988949707616187,0.00013140775929321792,0.0001315396869487553,0.00014090291251331918,0.00012491274515174302,0.7370704565853553,0.00014896129702154907,0.0001616934362783095,0.007151591627704058,0.0001292745796160861,0.2533890750821343,0.00012779977220009225,0.0002151314854876889,0.00015889702400064535,0.00012101991888704352,0.00012479184784728632,0.00014757578015203406,0.00012893201300026824
9b6914603be6b403,Centr,0.0001889243094004481,0.00015191906921011746,0.0001479775232987665,0.00016219432103102934,0.0001623571569459378,0.0001739140103630876,0.000154177628088151,0.00043582126041019197,0.00018386033072550166,0.00019957539349788728,0.000175228484732496,0.00015956137051593015,0.0001665945432639097,0.9964315477823193,0.00026553304853381876,0.00019612382507455084,0.00014937278989333771,0.00015402839821260266,0.00018215021892494662,0.00015913853555797708
fa4d49ac4e25037d,Centr,0.00018892432397985394,0.00015191908378413835,0.00014797753787221382,0.00016219433560654548,0.00016235717152147762,0.00017391402494030915,0.00015417764266250055,0.00043582085302002713,0.0001838603453041706,0.00019957540807884308,0.00017522849930990883,0.0001595613705391494,0.00016659455784006618,0.9964315479273191,0.0002655330776762864,0.00019612383965500436,0.00014937280446698808,0.0001540284127869305,0.00018215023350336672,0.00015913855013304854
189b28e53bc25333,Centr,0.00046596602726357394,0.000374695711983434,0.00036497418812305864,0.00040003874671136984,0.00040044035048753695,0.0004289443815002242,0.00038026624361369235,0.001074919879065128,0.000453476146914394,0.0004922360190370146,0.00043218643195677253,0.00039354477959926455,0.0004108915365170757,0.9911987075515156,0.0006549150887740521,0.0004837230317956218,0.0003684154834126847,0.0003798981965556875,0.00044925830318243945,0.00039250190199136573
b8ac19e9f9276949,Centr,0.00018892432395786025,0.00015191908376645263,0.00014797753785498698,0.0001621943355876636,0.00016235717150257678,0.0001739140249200629,0.0001541776426445519,0.0004358209693846009,0.00018386034528276645,0.00019957540805560944,0.00017522849928950957,0.000159561370520574,0.00016659455782067203,0.9964315478113193,0.00026553307764537427,0.00019612383963217255,0.00014937280444959878,0.00015402841276899922,0.00018215023348216165,0.0001591385501145224
30bbbf92e5f9e7f0,Centr,0.00010059533704258704,8.089138920482125e-05,7.879266108206313e-05,8.636258912812329e-05,8.64492894380963e-05,9.260290141849542e-05,8.209399584579889e-05,0.00023206116491733084,9.789895449204332e-05,0.0001062666549018993,0.992449809080144,8.496063580263402e-05,8.870554931741919e-05,8.399137639572357e-05,0.0001413867123874295,0.0001044288207884314,7.953558727796902e-05,0.005741443421607902,9.698838295860066e-05,8.473549584866499e-05
0d18a5bc2ab66ae6,Centr,0.00018892432367194237,0.00015191908353653845,0.0001479775376310379,0.00016219433534219883,0.00016235717125686559,0.00017391402465686157,0.00015417764241121962,0.0004358224821240581,0.0001838603450045124,0.0001995754077535722,0.00017522849902431892,0.00015956137027909397,0.00016659455756854797,0.9964315463033208,0.0002655330772435168,0.00019612383933535893,0.00014937280422353813,0.00015402841253589277,0.00018215023320649565,0.00015913854987368225
9c34834fd9bb1494,Centr,0.0001889243239688571,0.0001519190837752955,0.0001479775378636004,0.00016219433559710452,0.0001623571715120272,0.00017391402493018604,0.00015417764265352623,0.000435820911202314,0.00018386034529346853,0.00019957540806722626,0.0001752284992997092,0.0001595613705298617,0.0001665945578303691,0.9964315478693192,0.00026553307766083033,0.00019612383964358847,0.00014937280445829343,0.00015402841277796484,0.00018215023349276417,0.00015913855012378547
d84784d2cea6c0c4,Centr,0.0002545369562097273,0.00020467995995030746,0.000199369529999418,0.00021852376319764046,0.00021874314785206626,0.00023431365210264,0.0002077229106724473,0.2846841260328808,0.0002477142913631142,0.06899890433578856,0.2907669881062092,0.0002149763849309917,0.00022445216927744347,0.29753896921867673,0.0003577516153514968,0.0002642368545826325,0.054496652245194246,0.0002075218468776608,0.0002454102577265696,0.00021440672115632952
5bfdeb031c3ab662,Centr,0.0006225210072267252,0.0005005857311591251,0.00048759800072977643,0.0005344434991809967,0.0005349800574227989,0.0005730608496365772,0.0005080278719711917,0.0014360693213903673,0.0006058347909647669,0.0006576172014964363,0.0005773921400825251,0.0005257677051494945,0.0005489426206959948,0.9882416561974589,0.0008749530917500495,0.0006462440061323936,0.0004921955039245726,0.000507536133630256,0.0006001998234802373,0.0005243744465168432
1265e1b6ff40ed0b,Centr,0.00011156514571699823,8.971250712332087e-05,8.738491390196451e-05,9.578032790879968e-05,9.587648695755038e-05,0.00010270114552238745,0.019776609201799474,0.531233390804204,0.00010857472735769612,0.2180301684579811,0.00010347737372736017,9.422549953684663e-05,9.837879046027793e-05,0.09501753048030982,0.13445809983886578,0.00011581666206099056,8.820885055750157e-05,9.095812914730492e-05,0.0001075648536190156,9.397580324182344e-05
913357142a91ce94,Centr,0.11824057413238646,0.00010545199828158225,0.00010271604190270143,0.00011258438634843052,0.00011269741834439334,0.00012071940860103181,0.00010701974151544864,0.24840235975408875,0.00012762347712920525,0.00013853181052523664,0.1087493097802939,0.00011075676774927258,0.0523880619800628,0.09042065144763362,0.3591536702443815,0.00013613596876826007,0.021127319784283127,0.00010691615371200334,0.0001264364338068138,0.00011046327018550377
80150be8d8889946,Centr,0.00022800600762122613,0.00018334570659425868,0.0001785887881174588,0.00019574652665991423,0.00019594305024417323,0.0002098906076881683,0.00018607148361476166,0.0005259912914576721,0.00022189446612072488,0.0002408604253651444,0.00021147699902927016,0.0001925689127426143,0.00020105699990496383,0.9956933482540389,0.0003204623722908446,0.00023669483842258735,0.00018027267727526082,0.00018589137458829933,0.00021983059741222525,0.00019205862081153613
d5e80bfdda28232a,Centr,0.00017415447326420692,0.00014004225400514905,0.0001364088592717812,0.0001495141969160659,0.0001496642999125402,0.00016031766909342895,0.00014212424004630947,0.5292454636885037,0.00016948639376512765,0.467905373797148,0.00016152937789715396,0.00014708708312237214,0.00015357041207265796,0.0001454090582234441,0.00024477405502019924,0.0001807911502878661,0.00013769503022121235,0.00014198668080000101,0.0001679099703321602,0.00014669731009662668
0465b4e8dfb0b02c,Centr,0.00021690161575484975,0.00017441637209062518,0.00016989111980021644,0.0001862132448111736,0.00018640019324777383,0.00019966848273230073,0.0001770093921627222,0.0005003697097273513,0.00021108771873780188,0.0002291299963753364,0.00020117760350493735,0.00018319039030922546,0.00019126508720629568,0.995903096258076,0.00030485514354908774,0.00022516729196864305,0.0001714930090233338,0.00017683805792963032,0.00020912437452778383,0.00018270493846482728
ac25fb37ebe82d6e,Centr,0.00013444551793369993,0.00010811121627987851,0.00010530626924470929,0.00011542346608722579,0.00011553934298369801,0.00012376362676667604,0.0001097184898064705,0.6876106591742284,0.00013084179447473261,0.056523857310075344,0.05424766777303502,0.00011354975427908691,0.00011855482712023103,0.04267160801601381,0.15717259930346017,0.00013956895604872385,0.0001062991900380018,0.0001096122972092074,0.0001296248178513531,0.00011324885706361485
5b145098ab98a015,Centr,0.0001859353902389618,0.0001495156025903186,0.00014563641162381548,0.00015962828044533832,0.00015978854067174317,0.00017116256386087223,0.00015173842197137435,0.0004289347424669666,0.00018095151984205178,0.00019641796319023005,0.00017245624354738975,0.00015703699205558402,0.00016395890088097167,0.996487994810783,0.0002613321151362862,0.00019302100809431898,0.00014700960296719996,0.00015159156405755632,0.0001792684745986547,0.00015662085097735835
84a4b1d1d07fc5d2,Centr,0.00027230171484408586,0.00021896505314827693,0.00021328400079702128,0.00023377504450252008,0.00023400975231010514,0.0002506669780745818,0.0002222203743329759,0.6062887051141773,0.0002650028535456996,0.0002876534011662349,0.00025256154985837064,0.21109640598520876,0.00024011721937310148,0.042982628089165156,0.13572981527664615,0.00028267856771323153,0.00021529503154194243,0.0002220052970562627,0.0002625380213884441,0.00022937067514976778
1db88cdf41072eaa,Centr,0.0003276285279881281,0.00026345484089484935,0.0002566194858641873,0.0002812739529273841,0.00028155634740693804,0.0003015980026555518,0.00026737157636526137,0.0007558059634662281,0.00031884667958561756,0.0003460994203328972,0.00030387753117421424,0.000276707940074269,0.0002889047156800093,0.9938116518166065,0.0004604817865113875,0.00034011378077426,0.0002590391202289357,0.0002671127850932637,0.00031588105733707737,0.00027597466903311044
f6482bfa0f8da56f,Centr,0.12889267835001164,7.904071406591314e-05,7.699000014872304e-05,8.438673799399945e-05,8.447145923683871e-05,9.048428096454386e-05,0.07630015223387103,0.3437863279113183,0.050266171940963125,0.0630016270237239,9.11681772630181e-05,8.301686447336048e-05,0.131266358608884,0.07088891524233062,0.13457075041104968,0.00010203964294186105,7.771592965055372e-05,8.013816120606535e-05,9.47694339881146e-05,8.279687591468261e-05
6bfeaf17a5f134b0,Centr,0.09939028334109444,0.00010502545726570487,0.00010230056040862702,0.00011212898871200312,0.00011224156231990018,0.00012023110888734954,0.00010658684855062472,0.2951813420323399,0.0884345630098786,0.24433426245544185,0.00012113983227053833,0.026079414349983135,0.00011517097177850148,0.045559611533810246,0.00018356964674375145,0.07265984475718779,0.0001032651413142968,0.00010648369003118543,0.12696251826102709,0.00011001645095444914
e84e7ab739ed01ec,Centr,0.00013233835276029747,0.00010641679517527211,0.00010365580956347813,0.00011361443387025384,0.00011372849904966626,0.00012182388898704013,0.00010799887928648201,0.3171435667229229,0.00012879111994862558,0.0001397992646868834,0.0001227446540817306,0.00011177009516143335,0.00011669671847150201,0.0001104949836801533,0.0001860015049424641,0.1680131882253278,0.00010463316705247046,0.5127836697513316,0.00012759322092406077,0.00011147391277587863
c46abb234125e400,PANDAworld,0.00016133033466227424,0.00012973002362301966,0.00012636418043167423,0.00013850449316239467,0.000138643536702113,0.00014851242660099976,0.00013165870522084127,0.00037217009386971876,0.9969750501096404,0.00017042574666826228,0.00014963490305099574,0.00013625609145874877,0.0001422620302269581,0.00013470164143716324,0.0002267497452991308,0.00016747831466451708,0.00012755564750666282,0.00013153127410861593,0.00015554567230065378,0.00013589502936481987
89cf262e2fec9ebc,i61,0.00015562346575008775,0.00012514097476055302,0.00012189418807744637,0.00013360505191213878,0.00013373917690393994,0.00014325896631604324,0.00012700142241996344,0.00035900840888871923,0.00015145208682801334,0.00016439713487309258,0.9970749405441685,0.0001314361909863474,0.00013722967176760316,0.00012993671810686747,0.00021872872869575392,0.00016155395280212663,0.00012304350552509215,0.00012687850240198097,0.000150043417892207,0.00013108789092355463
76aefebbf6e11c88,i61,9.672918841118096e-05,7.778252284313068e-05,7.576444877456505e-05,8.30434401484815e-05,8.312681534317902e-05,8.90439221335626e-05,7.893889801273287e-05,0.00022314163415677245,9.413643740721136e-05,0.00010218254023519484,8.971693363187234e-05,8.169537260786082e-05,0.9981774852409271,8.076335885755287e-05,0.00013595284830400547,0.00010041534117432365,7.64788240901237e-05,7.886249318512848e-05,9.326085598172006e-05,8.147888377436488e-05
3d207d12c4c8104d,IKBN - IRAQ,6.940602664329375e-05,5.581123137255078e-05,5.436320671858842e-05,5.958609991422265e-05,5.9645922835635e-05,6.389162221603877e-05,5.664097063592734e-05,0.0036531012625116888,6.754564438192158e-05,7.331896375182535e-05,6.437452023005194e-05,0.0026793264778522735,0.9874379289639237,5.795007179804019e-05,0.005238215255888468,7.205094628294467e-05,5.487579063862959e-05,5.658614629722118e-05,6.691739456773152e-05,5.84634815392417e-05
697ac48bb373af03,i61,0.00015562346609770681,0.00012514098959199685,0.00012189419562568076,0.0001336050522105749,0.00013373919175458973,0.00014325898118795757,0.000127001437255563,0.00035900599407290534,0.0001514521017182288,0.00016439713524030956,0.9970749427713536,0.00013143620583185294,0.00013722967207413565,0.00012993673294902364,0.00021872874373624648,0.00016155396771490681,0.0001230435203518508,0.00012687851723730596,0.0001500434182273618,0.0001310879057682822
b98f7ea4f9801325,PHARAOH,0.0002948627548857682,0.00023710700305928966,0.00023095525358785967,0.00025314404327794564,0.00025339820703214257,0.0002714355098845242,0.8705444432468338,0.0006802201462899066,0.000286959173080146,0.00031148639736569946,0.00027348706801999864,0.00024903466968337915,0.12414054710236228,0.0002461936119303505,0.00041442952811187277,0.000306099365599915,0.00023313290407018608,0.00024039912653365367,0.00028429014807085465,0.00024837474032045505
97a47d7e8d8cc685,DOPECLVB,6.271012617347812e-05,5.04268834714589e-05,4.9118557135853565e-05,5.383757232148732e-05,5.389162541131415e-05,5.7727721318746044e-05,5.117657268803482e-05,0.0001446642437189654,6.102922714737974e-05,6.62455722323793e-05,5.816403867473551e-05,0.0052067209720098725,0.9936646949830593,5.2359381477186704e-05,8.813905994870162e-05,6.509988537946333e-05,4.958169003398285e-05,5.1127041605924686e-05,6.046158603068432e-05,5.282326016098126e-05
3e7089cee2267f99,Boulevard Depo,0.00016756471692038545,0.00013474325427441648,0.00013124733166872815,0.00014385678303224276,0.0001440012107741548,0.00015425146225837467,0.00013674645614080087,0.00038655688583104624,0.00016307326880540902,0.00017701160091364955,0.8787951643577324,0.00014152150649881235,0.11820308985048039,0.0001399069862431554,0.00023551214144861083,0.00017395025665400255,0.00013248484094831897,0.00013661410648712935,0.00016155649375301887,0.0001411464891349016
98533abcce6d7712,Boulevard Depo,0.0003768057582845274,0.0003029995720545865,0.0002951382192233268,0.0003234933273196222,0.00032381809699555175,0.6818794681054915,0.000307504205166964,0.31190481861794667,0.0003667057676987357,0.00039804914098418243,0.00034948971524513994,0.0003182419480521234,0.00033226950094338064,0.0003146113321579411,0.0005296003593039586,0.0003911650657717091,0.00029792104045312813,0.0003072065893675146,0.00036329500216139283,0.0003173986353780725
0c9b282359f38414,Boulevard Depo,0.0001776945965420836,0.00014288895992518275,0.00013918169923923864,0.00015255344034974364,0.00015270659926621655,0.00016357651676097873,0.00014501326318272536,0.21838393556995628,0.0001729316234502223,0.0001877125866633549,0.00016481286210087964,0.00015007699527559975,0.3823354163249381,0.000148364860488383,0.00024974970400615124,0.0001844661706069387,0.00014049402013285978,0.0001448729099523803,0.39651387200575283,0.000149679291409832
74987b2074198d6c,Boulevard Depo,0.00023924660383600112,0.0001923845663941277,0.00018739314353319488,0.00020539675677872627,0.00020560297194969102,0.00022023813728437776,0.00019524473050660756,0.1701122508554796,0.00023283377913543133,0.3696192745266894,0.0002219027307080358,0.00020206247676156768,0.0002120069636385626,0.00019975727898703736,0.38020926055270965,0.00024836379985952647,0.07666952919308834,0.00019505574480162418,0.0002306681633184124,0.00020152702454007173
24c8caf484b2f1b2,Boulevard Depo,6.303112398348814e-05,5.0685006659430636e-05,4.936997922711561e-05,5.4113150374701896e-05,5.416747994842875e-05,5.802321348879613e-05,5.143853027114362e-05,0.00014540471126308626,6.134161757694334e-05,6.658466518615666e-05,5.8461760905700564e-05,5.3234716764735833e-05,0.9988124043654708,5.262739260255821e-05,8.859023074529866e-05,6.5433106688209e-05,4.9835484066098254e-05,5.13887445327981e-05,6.077107337930157e-05,5.3093646865150584e-05
209f8c0d8296f62a,Boulevard Depo,0.00015562346411956187,0.00012514097344940372,0.00012189418680031489,0.00013360505051230814,0.00013373917550270402,0.0001432589648150649,0.00012700142108932152,0.0003590188825052588,0.00015145208524119258,0.00016439713315064165,0.9970749300974374,0.0001314361896092407,0.000137229670329796,0.00012993671674547136,0.00021872872640405037,0.0001615539511094648,0.00012304350423591881,0.00012687850107262694,0.0001500434163201454,0.00013108788955009727
d9166634506249b4,Boulevard Depo,0.00021722934989229555,0.00017467990398064155,0.0001701478269274724,0.00018649460257449865,0.00018668184204587092,0.0001999701692670271,0.00017727683846895258,0.9962166576205184,0.0002114066636282763,0.000229476196662211,0.0002014815892137599,0.0001834671788282715,0.00019155408462968426,0.0001813741188978012,0.00030531576411493535,0.0002255075114932145,0.00017175213173825817,0.00017710525685653706,0.00020944035086463997,0.00018298099939728152
b187c14b1bbeabfb,Boulevard Depo,0.00011284376828103081,9.074068459579259e-05,8.838641050661732e-05,9.687804880491798e-05,9.697530652042845e-05,0.00010387817415207618,9.20897124835071e-05,0.00026032066926815243,0.9978841717650025,0.00011920562486349053,0.00010466330810623967,9.530539438273694e-05,9.950628449820155e-05,9.42181190434992e-05,0.00015860187542447322,0.00011714401158758507,8.921979860675713e-05,9.2000574735866e-05,0.00010879763049228067,9.505283864374661e-05
3e91f3049f3b1784,Boulevard Depo,0.0001450420798001526,0.00011663220441580053,0.00011360617765545184,0.00012452078218204993,0.00012464579767108394,0.0240895924717247,0.00011836615949892021,0.16759378728498672,0.09478723633875613,0.3816248027987208,0.00013452744916851307,0.00012249939042716394,0.08808225103135482,0.00012110187558458276,0.22707173539755066,0.00015056934766364668,0.00011467735856143282,0.00011825159228379219,0.00013984144418748584,0.015106313017806138
a6ba752de7e26e51,Boulevard Depo,0.00030243786636374124,0.0002431983584685313,0.00023688856073780134,0.00025964740682322474,0.00025990806072781285,0.00027840878360282115,0.0002468139564163748,0.0006976990235750556,0.00029433125635504553,0.0003194885782031991,0.0002805130196407427,0.0002554324445932143,0.00026669146508978027,0.0002525183944758862,0.00042507634337969976,0.00031396315780415234,0.00023912214874970033,0.0002465750721768863,0.0002915936336572813,0.9942896924691591
916c2e46dd4f21df,Boulevard Depo,0.3759171101627007,8.013348339999245e-05,0.0918377422397642,8.555341703389326e-05,8.563930971428175e-05,9.173525985200095e-05,8.132481233039579e-05,0.005273089324721315,9.698169099911275e-05,0.00010527099313077304,9.242860768700827e-05,0.0495378975443103,0.13779014469791673,0.030073683972578067,0.3084077564099523,0.00010345037389675926,7.879037799242655e-05,8.124610102023544e-05,9.607965414598572e-05,8.394156685353365e-05
b77f725da61980c6,Boulevard Depo,0.00015296620095109307,0.0001230041995776904,0.00011981285534141461,0.0001313237480201396,0.000131455602927632,0.00014081283392149686,0.00012483289515873562,0.0003528799958234716,0.00014886606775606402,0.00016159007360504087,0.0001418771173746779,0.00012919193603659276,0.0001348864789710791,0.0001277180598142704,0.0626646967989067,0.00015879543641661903,0.00012094255693129494,0.00012471207060328813,0.9346807854841931,0.00012884958766956188
9db0d779122397a6,Boulevard Depo,0.00024228933874970523,0.00019483131548733956,0.00018977640287798602,0.0002080089895800647,0.00020821782408512364,0.00022303912221184664,0.00019772784468829937,0.9957802039016609,0.00023579495089539096,0.00025594903041232603,0.00022472488858621458,0.00020463230545408748,0.0002136521341731126,0.00020229778568939567,0.0003405375842020328,0.00025152248396302754,0.00019156579342561887,0.00019753647247897386,0.0002336017884146614,0.0002040900429639114
f4800cce2bf4929a,Boulevard Depo,0.00026595185414748294,0.00021385898004861267,0.8564923524674697,0.00022832361309045593,0.0002285528494142341,0.0002448216289311626,0.0002170383989472127,0.0006135273810056773,0.0002588232200240043,0.0002809455657305518,0.00024667202139348635,0.00022461716747070596,0.00023451788327605143,0.00022205464792295518,0.0003737952553925347,0.0002760867393759376,0.00021027453768783283,0.00021682832749605663,0.00025641586755048996,0.13869454159362485
da3e6184bbec47f1,Boulevard Depo,0.0002679207239304238,0.00021544220152638617,0.0002098525350215707,0.00023001390574112698,0.9949459520659365,0.0002466340682831475,0.00021864513592009203,0.0006180914829416114,0.0002607392963551347,0.0002830254356369533,0.0002484981684168739,0.00022628001567545172,0.00023625404278440905,0.00022369853530446968,0.0003765624878880785,0.0002781306375590353,0.0002118312169230798,0.00021843352199234301,0.0002583141326401752,0.00022568038952314626
8e52a2d679dc8aa4,Boulevard Depo,0.20780695726345755,0.0001481109563409601,0.00014426820357982639,0.00015812862419495183,0.00015828738556542644,0.00016955455342636608,0.0001503128936035389,0.07724198243940705,0.00017925154077429468,0.00019457268241309024,0.00017083606764184232,0.00015556168129941112,0.00016241855724157453,0.7120811428919789,0.00025887698918770745,0.0001912076398508511,0.00014562848730019528,0.0001501674035776906,0.00017758429900179094,0.00015514944015695696
0b9d6201e3c1111e,Boulevard Depo,0.00024599622783917305,0.00019781213540246982,0.00019267987921839223,0.00021119141210751638,0.00021140343348801353,0.00022645149453572651,0.00020075297526855123,0.42682872274889716,0.00023940249387293432,0.00025986489994898963,0.3626856684867794,0.00020776306858542713,0.00021692089337580693,0.00020539283835366648,0.000345747616198821,0.17940125786657532,0.00019449664196999998,0.0002005586635668506,0.027520703712527746,0.00020721251148798523
7828268a264dbefb,Boulevard Depo,0.00024899186010196486,0.00020022097543296357,0.00019502623323940302,0.00021376319015568794,0.9953030572994145,0.00022920910079556115,0.00020319764216332318,0.0005743912212399912,0.00024231779945383273,0.00026302939286711294,0.0002309415061351975,0.00021029309713170054,0.00021956244795293746,0.00020789399586064512,0.00034995795669500774,0.0002584804064009922,0.0001968651149324213,0.00020300095849620412,0.00024006396993838915,0.00020973583159216778
d4fad0f13404b63b,Boulevard Depo,0.00020200751669930463,0.00016243962557466733,0.00015822512934092134,0.0001734264370727375,0.0001736005507239497,0.00018595774506881922,0.00016485458846534165,0.00046600991240058345,0.000196592851357015,0.00021339619385486548,0.0001873632416841413,0.00017061115102745832,0.00017813139101650904,0.00016866475976812811,0.0002839214921650294,0.00020970561018146988,0.00015971700611784774,0.9961804514292691,0.00019476431604930765,0.00017015905216278133
915a8eaaa11487c9,Yanix,0.0005291781686559788,0.000425526294448131,0.46949142917118786,0.00045430730747319695,0.0004547634227398637,0.0004871342480139728,0.00043185250725884694,0.0012207708579818695,0.0005149939501098912,0.0005590119255188363,0.0004908161156859656,0.0004469323962574401,0.10896795352020705,0.0004418336375924405,0.4127283717819229,0.000549344097944665,0.00041839410919740724,0.00043143451801306676,0.0005102039249025742,0.0004457480448880083
a4a7d3f006cf2669,Неизвестен,0.00010150068987336078,8.161940548324902e-05,7.950178901314448e-05,0.010832226519065003,8.722732782284721e-05,9.343631700341162e-05,8.283283145106916e-05,0.00023415074291421748,9.878003477783408e-05,0.00010722304847097513,9.41425287047919e-05,8.572527190085336e-05,8.950389485835242e-05,8.474728863859947e-05,0.00014265918746091482,0.00010536866886371185,8.025140180042674e-05,8.275265767645825e-05,0.987350852284986,8.549810923481043e-05
a76f894678c09538,"Потратил тыщу баксов, они вернутся",0.00018037052413801593,0.00014504074680615355,0.0001412776654760979,0.000154850774176323,0.00015500623227463422,0.00016603984278983785,0.00014719704943722678,0.0004160995271999392,0.00017553582530185376,0.00019053937260601916,0.00016729479986166775,0.00015233701832734125,0.00015905176625733618,0.00015059911233041985,0.00025351072904614906,0.9794097378164621,0.00014260974769264833,0.00014705457164629118,0.00017390314419577654,0.017371943733974132
d1b02fa05f862109,Big Russian Boss,0.00014434252571410842,0.00011606967113715718,0.00011305823266901483,0.10143316838818783,0.00012404459996112423,0.00013287430818545556,0.00011779525887063171,0.030107993830249872,0.00014047352115416207,0.00015248020313892113,0.00013387859394535918,0.00012190855367885205,0.14193576401454916,0.00012051777637172378,0.653672380153975,0.0001498431199221249,0.0001141242476460847,0.0001176812446281759,0.00013916696304655047,0.07091243479296873
dd4e95551de87c84,Big Russian Boss,0.00013280576418667932,0.00010679265973723476,0.00010402191698472147,0.9974946563033547,0.00011413018620118791,0.0001222541708911215,0.00010838033183062677,0.00030636754132861213,0.000129246016623126,0.0001402930298521375,0.0001231781883660647,0.00011216487009537049,0.0001171088903656262,0.00011088524748270343,0.00018665847120180793,0.0001378667309188296,0.00010500273058245129,0.00010827542707808549,0.00012804388295584418,0.00011186763996317022
0687e202e967db7d,Yanix,0.0016275060978240487,0.001308721017839419,0.0012747661610960832,0.0013972381058290511,0.0013986409104498802,0.0014981984782590609,0.0013281776268920145,0.0037544369505258246,0.0015838820173299396,0.0017192609287277468,0.0537267361809527,0.9170576883071873,0.0014351442149902758,0.001358874833701354,0.0022874593151909987,0.0016895270587015908,0.0012867858101825026,0.0013268920524996646,0.001569150124089489,0.0013709138077310976
aa304c11d776e274,Yanix,0.15121800411506103,0.00016368614764815837,0.00015943930237674521,0.14567688840386334,0.0001749327257150479,0.00018738472616913727,0.00016611964975339085,0.00046959106581373944,0.00019810145447818803,0.10791648363406887,0.00018880102034895033,0.00017192037755594955,0.12384974312748408,0.0840285823775034,0.29843558309931684,0.0002113148402012796,0.00016094263155701512,0.00016595885109847562,0.08628505764921682,0.0001714648007695757
fc01532d2f5394cd,Yanix,0.0001813269246542464,0.00014580982239024404,0.00014202677603195242,0.0001556718577854767,0.00015582814533471545,0.00016692025396431988,0.00014797754816048167,0.0004183006569472277,0.0001764666001516209,0.00019154970198110186,0.00016818187574680612,0.0001531447870672966,0.0001598951286260375,0.0001513976552482366,0.0002548549342265429,0.9966118828489949,0.0001433659304086979,0.00014783432822941948,0.0001748252607425205,0.00015273896330815593
b956dd548e80b4be,Yanix,0.00025833490884813844,0.00020773399152239857,0.0002023443266001504,0.00022178435866661173,0.00022200701749340975,0.00023780985701540603,0.00021082234410140288,0.7078746259573344,0.000251410439068612,0.00027289922046950035,0.00023960726570174102,0.00021818405522259327,0.00022780122560793194,0.00021569493588512322,0.0003630896513617217,0.28789430202201816,0.00020425221341295106,0.00021061829717183215,0.00024907203389813417,0.000217605878599736
3e64f96ef7191d2a,Yanix,0.00019041328950495767,0.00015311640001873313,0.00014914378578851305,0.00016347261864346624,0.00016363674967799662,0.00017528468347350042,0.0001553927558775491,0.0004392653472705663,0.00018530939495241955,0.12406455160508069,0.1753364914294568,0.00016081891711070692,0.00016790753261976268,0.00015898424093626595,0.6974887707477534,0.00019766954305974353,0.0001505500390719523,0.00015524234729763015,0.00018358580808710214,0.00016039276431824114
cf3b25990229f84c,Yanix,0.00015108911715869323,0.00012149479079179561,0.0001183425991562167,0.00012971224124314418,0.00012984248086024916,0.00013908488071843266,0.00012330103238213523,0.00034854703046576836,0.0001470392907989667,0.1625310923790045,0.000140136110879289,0.00012760657950067582,0.15014644158772666,0.511692965363366,0.17328087747469778,0.00015684681418008564,0.00011945843980868714,0.00012318169214751198,0.00014567165840406412,0.00012726843670931619
af17c4d03ac2ce0e,Yanix,0.0001550394933996659,0.00012467138124581343,0.00012143678187500199,0.00013310369134932195,0.00013323732157256363,0.00014272138578856435,0.00012652485849010104,0.0003576558864704364,0.0001508837724453877,0.0001637802313134333,0.0001438001045970891,0.00013094297955169645,0.0001367147196229773,0.00012944913830187634,0.9971600299888107,0.00016094773042118162,0.0001225817846502986,0.0001264023895846451,0.00014948037133903343,0.00013059598917020915
4fb423dfa18e3660,Yanix,0.00014020920777464287,0.00011274595469824885,0.00010982075798750829,0.0001203716743895764,0.00012049252803791984,0.00012906938267641166,0.00011442213149994502,0.00032344542846921037,0.00013645100128114836,0.00014811385128350477,0.00013004491390791642,0.00011841764333604766,0.9973582591913662,0.00011706669454321982,0.00019706403174837413,0.00014555229235945345,0.0001108562431059697,0.00011431138415608979,0.00013518184152269913,0.00011810384585586971
d0298b908abb7309,Yanix,0.077665007465406,7.751855348618646e-05,7.55073331190317e-05,0.016196598683744456,0.10701299583327019,0.011292720199914707,7.867100705826653e-05,0.035908616272087496,0.045316368298798024,0.00010183577351129319,0.04592072219303042,8.141812511428026e-05,0.126967410630452,8.048927628977054e-05,0.3380786753259652,0.00010007456961999464,7.62192783534783e-05,0.013756931014731253,0.016115461854450355,0.16509675831159762
5edb9cdbc5f85042,Yanix,0.0001964796137728378,0.00015799449755622572,0.00015389532482458168,0.0001686806530445218,0.0001688500082370572,0.0001808690464251539,0.00016034338044399924,0.0004532617541781375,0.00019121313003589977,0.00020755664826325567,0.00018223608247062222,0.00016594240455383803,0.15243567806059422,0.00016404927310746474,0.0002761520204982327,0.00020396705450842937,0.0001553463836301204,0.00016018818426524086,0.8440517938048188,0.0001655026747713982
9052a43f509a88c2,Yanix,0.0001900723547539319,0.00015284223790039886,0.00014887673890632446,0.00016317993363257983,0.00016334375910376147,0.00017497084191175685,0.00015511451959563866,0.00043847912100017773,0.00018497759796854148,0.0002007881674734271,0.0001762933054928116,0.00016053097558971734,0.00016760688843733468,0.00015869957329582674,0.0002671466364571947,0.00019731561463642123,0.00015028048949057874,0.0001549643874774844,0.7694368214475421,0.22715769540933392
1a261ed244175596,Yanix,0.0002267249596677404,0.03923767077818559,0.00017758540193116493,0.00019464673519046968,0.0001948421528424035,0.00020871134916198772,0.00018502604289727162,0.0005230304195780191,0.00022064776027568537,0.00023950715712187277,0.00021028882028586754,0.00019148697625920492,0.9566728203818168,0.0001893024138388006,0.000318661856292658,0.00023536498393044683,0.00017925983245744518,0.00018484695249274785,0.00021859548930466154,0.0001909795364691547
454e148a5ebd220b,No Limit,0.00019418064469554696,0.00015614583735892827,0.0001520946277253114,0.00016670696282955328,0.00016687433896221945,0.00017875273293234075,0.00015846723168718154,0.00044795598197723975,0.0001889757883008879,0.00020512807986830108,0.00018010377642783062,0.0001640007576464727,0.00017122961087127184,0.00016212977420835008,0.0002729208269106809,0.0002015804829280689,0.00015352870445093457,0.00015831385449727533,0.996357343821033,0.0001635661646885458
e4be93002bf8356a,Хайд,0.0001478148607942683,0.00011886186125929168,0.0001157779903143941,0.00012690124136121602,0.00012702864337763045,0.00013607076684301402,0.00012062896578953473,0.27666020087199167,0.00014385278177505764,0.00015614829144395807,0.00013709920888848212,0.00012484121405662528,0.00013034399163550398,0.000123416974473241,0.00020775373329529664,0.00015344777614959408,0.00011686964587891466,0.00012051220849899205,0.7209079185813538,0.00012451039081948472
68328957f64a7dbc,Loqiemean,8.137126355238086e-05,6.543279917532485e-05,6.373514374640273e-05,6.98584364990422e-05,6.992856945012902e-05,7.490620453991673e-05,6.640558009600182e-05,0.0001877163187416284,7.919016442577098e-05,8.595877637104369e-05,7.547235404266767e-05,6.872439853977856e-05,0.9984668469121136,6.794036322384723e-05,0.00011436727817378812,8.447215280365513e-05,6.433609415226066e-05,6.63413042904306e-05,7.845360473032325e-05,6.854228133200773e-05
ffc319e35552d798,"Хайд ""Нерв""",0.0001478246814525469,0.00011886976870984106,0.00011578568680148926,0.00012690967985417678,0.00012703709642088203,0.0001360798163995115,0.00012063698963287703,0.29191365142881565,0.00014386235510128982,0.00015615867952068686,0.00013710833119144394,0.00012484952160861224,0.00013035266291521646,0.00012342518017997926,0.00020776754041418346,0.00015345797508585417,0.00011687741511166839,0.00012052022506786527,0.7056543062964443,0.00012451866927185907
b3c0de63c24b4c48,Markul,0.0004325739285073309,0.00034784420308496447,0.0003388193665825513,0.0003713711009380069,0.0003717439501352826,0.0003982053292046948,0.00035301557575816134,0.4755307162547862,0.0004209790780820835,0.00045696136847769815,0.0004012150438278991,0.00036534253308821485,0.00038144617833753123,0.054784871629192954,0.0006079824937393188,0.3551543297905225,0.10814847040729611,0.000352673867661587,0.000417063506674459,0.00036437439410239204
cbb84854aa669dd0,MC NO LIMIT,0.0001941806298582357,0.00015614582257751842,0.0001520946129498558,0.0001667069480326213,0.00016687432416504145,0.00017875271811770458,0.00015846721690235984,0.00044795769844489184,0.0001889757734712264,0.00020512806501489988,0.00018010376161120873,0.00016400074285351812,0.0001712295960676927,0.00016212975941814537,0.0002729208265095573,0.00020158046807988177,0.00015352868967337123,0.00015831383971267904,0.9963573423566433,0.00016356614989622998
33536fd71c513cbe,Markul,0.9969230192138602,0.0001321502469521896,0.00012872159789075705,0.00014108839592300384,0.00014123004424744832,0.00015128304440301089,0.00013411490077212468,0.0003791163416157814,0.00015993507365374838,0.00017360517014848703,0.00015242646099364416,0.00013879805573062252,0.00014491602934437253,0.00013721460383252297,0.00023097993019368794,0.00017060274662876178,0.000129935300222819,0.00013398509770513837,0.00015844748976072797,0.0001384302561209724
b000a399e861fe36,Маркул,0.00014781484057294726,0.000118861846574081,0.00011577797544386702,0.00012690121988315092,0.0001270286219072212,0.00013607074591596527,0.00012062895121051313,0.2766623632644114,0.00014385276131564681,0.0001561482717234107,0.00013709918802323466,0.00012484119245476872,0.0001303439703643211,0.00012341696733771478,0.0002077537021239146,0.00015344775626676698,0.00011686963107398751,0.00012051219391295426,0.7209057565302863,0.00012451036919774829
a21a5807903b2f06,Markul,0.9969230174730037,0.00013215021761759827,0.00012872158311406627,0.0001410883811247178,0.00014123002944891493,0.0001512830150350093,0.00013411488598601595,0.0003791184364292744,0.0001599350442706384,0.00017360515529341925,0.00015242644617555925,0.00013879804093633593,0.00014491601453940257,0.00013721458904100147,0.00023097990068651734,0.00017060271722702357,0.00012993528544400884,0.000133985068367343,0.00015844747493212895,0.0001384302413273281
a85cc8d9cbd4e285,Markul,0.00014656980948789033,0.00011786068913235823,0.0001148027864670561,0.00012583235816418978,0.00012595868332289533,0.00013492464092964616,0.000119612906831641,0.00033811675968285033,0.00014264111305925222,0.00015483305520500964,0.0001359444244565355,0.00012378967700098098,0.00012924610603953757,0.00012237744292632868,0.00020600382487461047,0.9972613272971733,0.0001158852523601618,0.00011949713908598012,0.0001413143860267096,0.00012346164777306476
cbea48c09a587c45,Markul,0.00012800835534947132,0.00010293493476127953,0.00010026428021073072,0.00010989707241242729,0.00011000740502362276,0.00011783792086084075,0.00010446525040686702,0.10274506913032076,0.0001245771886746416,0.00013522515876983915,0.00011872856347517913,0.000108113080527765,0.00011287851218815438,0.0001068796821334084,0.0001799157161733953,0.000132886491583022,0.00010120965984920677,0.00010436414370908461,0.8951489108711235,0.00010782658244688706
1217792f7acf4e0b,Markul,0.00014656984725224233,0.00011786071792438732,0.00011480281507839969,0.00012583238015129218,0.00012595871986937612,0.00013492467800590787,0.0001196129357272052,0.0003381168669729939,0.0001426411505914652,0.00015483309345762068,0.0001359444615930542,0.0001237897134192994,0.00012924612822835165,0.0001223774647092869,0.00020600386615080235,0.9972613266187575,0.00011588528103546617,0.00011949716797470383,0.00014131442348052888,0.00012346166962008651
8faacbbe6be52571,Markul,0.00014656980949215607,0.00011786068913578843,0.0001148027864703973,0.000125832358167852,0.0001259586833265612,0.00013492464093357298,0.00011961290683512218,0.0003381167305888644,0.00014264111306340363,0.0001548330552095159,0.000135944424460492,0.00012378967700458373,0.00012924610604329913,0.00012237744292989034,0.00020600382488060597,0.9972613273261974,0.0001158852523635345,0.00011949713908945794,0.00014131438603082238,0.00012346164777665797
d9f4c216ee6e9b58,Markul,0.00019228022795757455,0.0001546176487459985,0.00015060609358043698,0.0001650754252136713,0.0001652411424073849,0.0001770032942153907,0.04329758813314561,0.7642745787986631,0.00018712628935547523,0.00020312051602991505,0.0001783411244054205,0.00016239569029776344,0.0001695538057721317,0.00016054302795139418,0.16668161539412096,0.00019960762584452364,0.00015202614208311888,0.00015676444892486976,0.023009949810180723,0.00016196536110453386
4b7bf042a37d3d00,Markul,0.0002130492728330021,0.00017131860415194698,0.00016687373663816084,0.00018290595840511224,0.0001830895890051681,0.00019612222478356908,0.00017386556741412143,0.4503241330827737,0.0002073386507543487,0.5461903864883427,0.0001976045409293882,0.00017993678591637295,0.00018786807369439452,0.00017788400564634505,0.00029944069624342456,0.00022116814933162914,0.00016844716231618933,0.000173697289083109,0.0002054101583799605,0.00017945996335737218
3a216a36303848db,Markul,0.0002019347734944883,0.00016238113118881804,0.00015816814861989548,0.0001733639984253624,0.00017353803930602555,0.00018589077998596354,0.00016479522081236443,0.0004658427106258125,0.00019652205845012476,0.0002133193608440416,0.00018729576719566488,0.00017054971663968245,0.0001780672494985009,0.0001686040239949643,0.0002838192616169327,0.9962268205991581,0.00015965948688192585,0.00016463571729288709,0.00019469417809385553,0.0001700977778745691
f9159e8fcb783538,Markul,0.00025081775486683,0.00020168924651113444,0.00019645640784894056,0.00021533076234217264,0.00021554694555555413,0.0002308899437657408,0.0002046877263071836,0.15388521738312763,0.00024409477125197793,0.00026495825578045105,0.00023263505277882281,0.0002118352328679146,0.00022117254033845112,0.00020941853853706407,0.00035252427335296873,0.842006828494498,0.00019830876445778333,0.00020448961656923425,0.00024182441095409486,0.00021127387828798704
9e9642a74035af3c,Markul,0.00024911290217793605,0.00020031832713880563,0.5572783985024921,0.00021386711928615627,0.00021408183277385118,0.00022932053866745808,0.0002032964344997488,0.4385780848991155,0.00024243561102485635,0.00026315727430068067,0.00023105378801292515,0.00021039533825052315,0.0002196692001373774,0.00020799507283352292,0.00035012809662684694,0.0002586060759572369,0.00019696082228201823,0.00020309966352173383,0.00024018069012260343,0.00020983781077820493
f579c41bc805d6da,Markul,0.7590004780772699,0.0001114454699186882,0.00010855401187382831,0.2385236128973751,0.00011910268708936693,0.00012758061766029102,0.00011310231447211002,0.0003197184445728331,0.00013487707832987074,0.00014640541022681539,0.00012854488569259405,0.00011705173304785412,0.0001222111651043426,0.00011571636937952283,0.00019479091732938164,0.00014387339173483338,0.0001095775571279952,0.00011299284042274662,0.0001336225723719326,0.00011674155899997685
a8720bfee833e294,Markul,0.00014969926485043883,0.00012037716536890537,0.00011725397537351101,0.00012851904130061905,0.00012864805857035202,0.00013780544709815745,0.00012216679613530888,0.0003453408140221063,0.000145686690973752,0.0001581389384266878,0.7699444848607652,0.00012643274793897407,0.07671016564647307,0.00012499034766904395,0.00021040226860956015,0.00015540399349744228,0.12229125679330746,0.00012204855455791037,0.00014433163129179131,0.028616846963769774
aaed9be10230b88a,Markul,0.0002158561251878915,0.00017357566938590812,0.00016907223028426817,0.00018531567356626824,0.00018550173434149836,0.025684839199198468,0.00017615618943855234,0.6474977879530782,0.00021007025498978032,0.0002280255563569143,0.00020020791340518852,0.00018230738544318254,0.00019034317075475028,0.00018022756765505562,0.19794121504519194,0.09472818016915767,0.031285391817442595,0.0001759856846596245,0.00020811636946732224,0.00018182429099487267
b61855a492d9c14f,Markul,0.0002311268587235916,0.0001858552601156593,0.00018103323629279272,0.00019842582847405513,0.00019862504416582602,0.00021276350841245077,0.00018861834829112114,0.0005331905399259705,0.00022493167271499993,0.00024415720933159974,0.000214371611236864,0.0001952047188304787,0.9089891838490493,0.0001929777522413005,0.08698089701245142,0.00023993462246937,0.00018274017571169156,0.00018843577998805633,0.0002228395441535755,0.0001946874274198818
b1a4fab9d3e56975,Markul,0.00014482382802946664,0.00011645669931646027,0.00011343522007439534,0.0001243333953272052,0.0001244582216394916,0.0001333173682488083,0.00011818804230514067,0.000334095864053073,0.00014094193053376276,0.00015298863009567933,0.00013432501548525883,0.00012231505950442448,0.00012770648517437862,0.5271320836532412,0.470335987464207,0.00015034275756375438,0.00011450478570193688,0.00011807364971469028,0.00013963100687222935,0.00012199092291162618
13a8ef68ad54964c,Markul,0.00017855374499724076,0.0001435798350712365,0.00013985464696240866,0.00015329104029652835,0.00015344494133850593,0.2264447907983449,0.00014571441167340776,0.15434856851250972,0.0001737677514649938,0.00018862017699406388,0.0001656097302236688,0.02622108863144951,0.00015744972992204603,0.00014908220477552518,0.00025095724398472967,0.5903763254044355,0.00014117331230109275,0.00014557337452336552,0.00017215151403786422,0.0001504029946936466
daeece39736f4c5a,Miyagi,0.00010479530415986536,8.426870005300557e-05,8.208234755976423e-05,8.996832142336936e-05,9.00586451607686e-05,9.646917851841026e-05,8.552151080893344e-05,0.00024174971509137818,0.00010198634797649569,0.9544025614840557,9.719830950346868e-05,8.850784028619056e-05,9.240910687722888e-05,8.749811199705594e-05,0.00014728977043083715,0.00010878884444493439,8.285629116755844e-05,8.543873223954475e-05,0.00010103775955890656,0.043729513678686584
2acac7defec98fa0,Miyagi,0.00011319408748108745,9.102238352096868e-05,8.866080429380575e-05,9.717880366262504e-05,9.727636697151712e-05,0.00010420066252276661,9.237559512817159e-05,0.00026112857096143315,0.00011016000609013326,0.00011957569121935063,0.00010498822667230021,0.9978630447755825,9.98151957898442e-05,9.451060832687675e-05,0.00015909425918464578,0.00011750768230967427,8.94967753859942e-05,9.228618816720017e-05,0.00010913539125794593,9.534792547113062e-05
d8a5c20baaf360b7,Miyagi,0.0001374708933665413,0.00011054401085352697,0.00010767593784791371,0.00046090272623586735,0.00011813928750182816,0.00012654864912134604,0.00011218745302914725,0.0003171303159159577,0.0001337860869414598,0.9358217777607465,0.0001275051172899113,0.00011610492999870282,0.00012122262696340518,0.00011478036390295366,0.00019321530119826427,0.00014270962587153155,0.00010869120302285506,0.00011207886665083308,0.00013254172371680132,0.06138498711982468
6764d24e043abede,Miyagi,0.0002034902131254812,0.0001636318945273651,0.00015938646088463338,0.00017469935283663488,0.00017487474705792425,0.00018732262904760154,0.00016606459622402393,0.9654592754430379,0.0001980358064548958,0.0002149624911345808,0.00018873844298322983,0.031168531186374707,0.00017943883851678427,0.00016990272178960558,0.0002860054162440138,0.0002112447972105316,0.00016088929526689822,0.0001659038557802869,0.000196193839713289,0.00017140797178961988
bee8d698be39b354,Vadim Tikot,0.00011392536743833032,9.161042847493374e-05,8.923359151121785e-05,9.780661914021225e-05,9.790480818366695e-05,0.00010487384375496357,9.29723858138082e-05,0.00026281534757184767,0.00011087168454891059,0.00012034820417279104,0.00010566649381669001,0.9978492393761836,0.00010046004434386048,9.512118700050197e-05,0.00016012206455709248,0.00011826682928218433,9.007496138287185e-05,9.288239677420482e-05,0.00010984044857211021,9.59639174761668e-05
79344a6e9d5360eb,не услышанный лирик,0.0001448277229595144,0.0001164598356726661,0.00011343827619543461,0.0001243367504825616,0.00012446157680309566,0.0001333209713803049,0.00011819122243148424,0.05927481108405591,0.0001409457233439222,0.00015299275839582798,0.00013432863323524792,0.0001223183563187664,0.938330528371642,0.00012092290050067204,0.00020355531990156497,0.00015034681292951105,0.00011450787099747405,0.00011807682983347559,0.00013963477049194366,0.00012199421242859431
0451aa6389120b82,R e d e m a x ™,0.11694344844533451,0.00012209737093191406,0.00011892955016487945,0.00013035558227410154,0.00013048646219095025,0.0001397747016801581,0.00012391257671662677,0.20524686698322092,0.00014776856294791005,0.00016039876596209428,0.6181876247744866,0.00012823948655824803,0.05740414922647488,0.00012677648075435461,0.0002134089303354374,0.00015762473454683225,0.00012005092067770583,0.00012379263983930113,0.00014639414919802763,0.00012789965570454915
1ffe42b7f12b90d2,Miyagi,0.00025653228881319527,0.00020628445090842742,0.0002009323872563816,0.00022023676953864655,0.000220457871346818,0.0002361504390317571,0.00020935125260451297,0.0005917926538197804,0.00024965613026324004,0.0002709949431293808,0.00023793530426022023,0.00021666159666522327,0.00022621164063362574,0.00021418983735678668,0.029885950674210186,0.000266308207618141,0.00020282695937781593,0.0002091486171774505,0.00024733405196038796,0.965631043924028
7c6758b99f4840f7,Miyagi,0.00017956914567926414,0.00014439634073587805,0.00014064996509812114,0.00015416277032397792,0.00015431754447840532,0.0001653021293167189,0.00014654305360117383,0.9968725608215903,0.0001747559255902533,0.00018969281019751055,0.00016655151297379622,0.00015166019040842616,0.00015834510674515818,0.00014992999696981105,0.00025238437539699065,0.0001864121540067539,0.00014197613920394924,0.000146401216098052,0.00017313049137857717,0.0001512583102069574
f06e498b13b87205,Miyagi,0.0002565322950249678,0.00020628445590347924,0.00020093239212183646,0.00022023677487154525,0.00022045787668507053,0.00023615044474999556,0.00020935125767382554,0.0005917926681496776,0.00024965613630851055,0.0002709949496913576,0.00023793531002167808,0.00021666160191155133,0.00022621164611120228,0.0002141898425432626,0.029885509950952793,0.0002663082140666314,0.00020282696428914671,0.00020914862224185636,0.0002473340579494308,0.9656314845387322
044dc886d1ffb108,Miyagi,0.0002621816906613277,0.0002108272670891597,0.00020535734749423706,0.00022508684936104845,0.00022531282606005497,0.00024135098712534133,0.0002139616042131864,0.0006048275589375498,0.1074838375599721,0.0002769628281440537,0.00024317515707064747,0.00022143295063863628,0.0002311933134047213,0.00021890675262390064,0.4535805135992239,0.0002721728904662652,0.0002072936399500619,0.00021375451590076696,0.0002527808620766036,0.4346090697995864
b8e4c5af4ce1c228,Miyagi,0.00013355160673382836,0.00010739240416358651,0.00010460610574474683,0.0001146560278677635,0.00011477114077476465,0.00012294074474827115,0.00010898898911535845,0.32317013339654505,0.08068273416044229,0.00014108091198779024,0.07062728318363812,0.00011279478000010973,0.24070147300094555,0.00011150797617016834,0.14862602061916233,0.09991782795555242,0.00010559241984924478,0.00010888350229874111,0.0001287629650998495,0.03475899810916006
b6f3eb365a391137,Miyagi,0.000150990107504887,0.00012141516112977067,0.00011826504280560308,0.00012962724280164196,0.0001297573805692452,0.00013899372781735382,0.00012322022420779936,0.0003483185443977148,0.00014694292916139854,0.00015950255523525082,0.00014004427415041673,0.9971495078786334,0.00013314394566931592,0.00012606812110442942,0.00021221652929028113,0.0001567440216429763,0.0001193801487054749,0.00012310095672001268,0.00014557618428732576,0.0001271850241656899
da76d8f2dbccf146,Miyagi,0.00021194300484450167,0.00017042901747988605,0.00016600722965500603,0.0001819561986476363,0.4008138653819406,0.00019510383714916912,0.015350843823627827,0.3228879588558097,0.00020626202546857828,0.00022389182768045734,0.0001965784697665725,0.00017900245142374218,0.00018689255665472207,0.000176960323317929,0.2068689094919952,0.00022001970925102592,0.00016757249158421555,0.00017279534764699165,0.00020434354496430923,0.05121866441109192
810ba64851a2dee3,Miyagi,0.00017761646021534675,0.000142826121901185,0.00013912049148134484,0.0001524863519892247,0.00015263945267937913,0.00016350458126991742,0.00014494949357738172,0.640129226512248,0.00017285558317947772,0.000187630039885967,0.0001647403734864354,0.00015001099861038986,0.0001566232138368794,0.00014829962073132768,0.0002496398648306862,0.00018438505031270405,0.3569177752922945,0.0001448091985717949,0.0001712478294820133,0.000149613469416051
4372e20d48416808,Miyagi,0.0002266691656224561,0.00018227071484397552,0.00017754169271735326,0.0001945988326842964,0.0001947942066536727,0.0002086599959222711,0.00018498051367321552,0.14523505838293221,0.00022059346591144605,0.0002394482181092117,0.00021023707392801556,0.00019143984543805152,0.00019987817901573565,0.00018925583629013915,0.8511357753884047,0.00023530706412014816,0.0001792157155602782,0.0001848014669490083,0.000218541689987109,0.00019093255123676844
295b110f659e4dca,Miyagi,0.17829055035341954,9.417061110893417e-05,9.172735196177644e-05,0.0001005399622018333,0.000100640901555877,0.00010780469258606216,9.557063623878207e-05,0.6337011679754219,0.0260841160569538,0.05517261523294587,0.00010861949792751228,9.89078704175326e-05,0.00010326755120391208,9.777949314923025e-05,0.10523132360834823,0.00012157196773544013,9.259223771653893e-05,9.547812971911714e-05,0.00011291010077636627,9.86457686118153e-05
a30d2faf9474ab2f,Miyagi,0.00015112531449232706,0.00012152388990006515,0.00011837094112108614,0.00012974331329289112,0.000129873567480249,0.0001391181950827323,0.020424534580516945,0.00034863398357653776,0.12010044065027527,0.000159645387716223,0.00014016967277415417,0.00012763715648884095,0.00013326315949404127,0.0001261810191569267,0.3958711744336424,0.46126286103508823,0.0001194870511410914,0.00012321119167095534,0.00014570654530258464,0.00012729891178646735
6f8ffbb7e0747001,Miyagi,0.00017753288661141736,0.00014275893128635784,0.0001390550468335296,0.00015241462186198155,0.00015256763525150292,0.00016342765689038668,0.00014488129903100026,0.0004095485807140144,0.00017277425023283648,0.00018754176672361485,0.00016466288166985728,0.00014994041790888948,0.00015654953404639545,0.00014822984026378828,0.0002495224194762415,0.00018429830487130556,0.00014036617440327538,0.00014474107677503944,0.00017116725312093674,0.9966480194220276
5fc3fb5d71139352,Miyagi,0.7911522931460548,0.0001393010492701532,0.00013568687769289513,0.00014872286063474183,0.00014887217782464957,0.0001594691581109202,0.00014137201946788343,0.2060038576390107,0.00016858935195331628,0.00018299916654724365,0.00016067444949465358,0.00014630859623302435,0.0001527576116314243,0.00014463946258944213,0.0002434785510888895,0.0001798342707638859,0.000136966252870978,0.00014123518782021728,0.00016702128135270345,0.00014592088958740386
161e3e7fb10e5dc4,Andy Panda,0.000682805992480386,0.0005490624756602652,0.0005348170230029196,0.000586199023521581,0.0005867875612126281,0.0006285561003547725,0.0005572252856337284,0.33439113502240714,0.0006645038730935233,0.0007213008743895978,0.0006333068352702304,0.0005766830599823209,0.0006021022304506131,0.0005701040805472211,0.0009596835521438945,0.0007088263317028207,0.654256736543638,0.0005566859916264539,0.0006583232087034078,0.000575154934178438
f762924c1c6fcf70,Andy Panda,0.00017321991848939908,0.00013929074810008937,0.00013567685296807325,0.0001487118610800128,0.0001488611637197055,0.0001594573583231987,0.00014136157280224436,0.0003995990272894723,0.00016857688288132567,0.00018298563534949433,0.0001606625624091626,0.9967298399406703,0.0001527463210843251,0.00014462875402652964,0.00024346053858979757,0.00017982097236074853,0.0001369561262973155,0.00014122474115302113,0.00016700892867818246,0.00014591009372758832
413a723c70cd2adf,Andy Panda,0.39326954212780874,0.00016731969988376065,0.00016297857282595102,0.00017863657807358363,0.00017881593041666323,0.11617410143593107,0.00016980721865685346,0.027166415034267036,0.00020249896712491743,0.00021980713034419627,0.0001929920705809024,0.00017573671625842162,0.00018348287483443653,0.0001737318553770338,0.00029245115937412804,0.00021600566102619243,0.0001645152840741369,0.00016964285478544703,0.46036624780245783,0.00017527102589872724
6ba2c715114f0121,Andy Panda,0.00015850756653819923,0.00012746015594113162,0.00012415318984386546,0.00013608108810545512,0.0001362177160253824,0.00014591391821412446,0.0001293550916217163,0.8675803962592707,0.00015425888788260167,0.00016744382412556074,0.00014701676411544814,0.00013387203481068897,0.0001397728795667086,0.00013234478233947725,0.00022278232264731843,0.00016454796414884686,0.12978430428132315,0.00012922988695422726,0.0001528240982725272,0.00013351728825280348
45a5f5e28e728ac2,Andy Panda,0.00015869754555732915,0.00012761292497539796,0.0001243020006786224,0.0001362441892043498,0.0001363809771985908,0.0001460888065979624,0.0001295101307997782,0.8256275712358511,0.08067527633187731,0.00016764451356660642,0.00014719296219785883,0.00013403248740852944,0.00013994040453554234,0.00013250340135971466,0.00022304934103270713,0.00016474517561335355,0.00012547402640672526,0.00012938476605824773,0.0001530072668603023,0.09122134151222007
1bee668cd83264b0,Andy Panda,0.00020207563943318874,0.03469101263170632,0.0001582784839036968,0.0001734849277592517,0.0001736590996100804,0.000186020455231775,0.00016491018371676526,0.4614045022860193,0.5007442183979098,0.0002134681723200999,0.00018742643199536163,0.00017066869596955492,0.00017819146764440344,0.00016872164996396702,0.0002840172597532293,0.00020977633735250902,0.00015977086992872725,0.0001647505783311951,0.00019482999439608627,0.00017021643705469942
c259bf8fa05fdc05,Andy Panda,0.00015166857134955627,0.00012196074507152578,0.0001187964678308743,0.00013020972287150286,0.0001303404427117069,0.7934230890622075,0.00012377392078669286,0.20407501612036674,0.00014760321778861142,0.0001602192758028464,0.000140673552858778,0.00012809598465611372,0.0001337422290107899,0.00012663462328099933,0.00021317013886213188,0.00015744835861568218,0.00011991658683119348,0.00012365411488171678,0.00014623033204841195,0.0001277565321666959
2740c84af971efdc,Andy Panda,0.00021958527932415244,0.000176574376950927,0.00017199314345592607,0.00018851721989847874,0.00018870648208905107,0.00020213893169029626,0.00017919948398848558,0.0005065640511163472,0.00021369946675912154,0.00023196495617134978,0.00020366673711765204,0.00018545695243135882,0.00019363156275466816,0.00018334119147979231,0.0003086270572884771,0.9958970148893171,0.00017361485238287923,0.00017902603972818788,0.00021171182085644006,0.00018496550519931138
ea7cbf0fdb9e7ec0,Andy Panda,0.0002209641108551673,0.0001776831406805991,0.000173073138176303,0.000189700969315957,0.00018989142475832617,0.0002034082168875383,0.00018032472041336128,0.267646397999486,0.00021504133658876466,0.00023342152369002766,0.00020494561198463953,0.00018662149340564491,0.00019484742810715254,0.45412022080000136,0.0792103905416661,0.16364679646556618,0.00017470501884700622,0.00018015018476423415,0.0002130412051979671,0.03243837466960768
b3e3c34e2768179c,Andy Panda,0.00017851118469379816,0.00014354559481996,0.0001398213085418118,0.00015325450185429344,0.00015340835925655756,0.00016432823304055657,0.00014567967687937944,0.0073533580928077805,0.00017372632571236663,0.00018857520212134558,0.00016557025357783508,0.00015076666272979873,0.00015741218783088415,0.00014904666997699314,0.0002508974035484998,0.00018531388503387487,0.00014113966842764584,0.00014553866881847528,0.00017211046646666426,0.9896879956538615
5f259ba1c3fe4591,Полина Гагарина,0.0006221432883735355,0.0005002819960727116,0.0004873021529763102,0.0005341192162822124,0.0005346554252699969,0.0005727131084709538,0.0005077195965755498,0.0014352075936288897,0.0006054672004949688,0.0006572181781127,0.0005770417795071658,0.0005254486610703803,0.0005486094900151771,0.0005194541449384881,0.0008744221665453499,0.0006458518514233098,0.0004918968330305612,0.0005072281492802974,0.0005998356673469915,0.9882533835005844
63c2b231c9e24154,"""Алые паруса""",0.0004426871101020279,0.0003559764948078963,0.00034674068507953244,0.00038005345390684813,0.00038043500513120957,0.000407515013927683,0.00036126876454009333,0.001021238877744448,0.00043082121627036003,0.0004676447220230966,0.00041059507236202076,0.0003738839073969298,0.0003903640390100741,0.000369618508133775,0.0006221966002002368,0.9917283242024406,0.00035001003483067013,0.00036091908201067285,0.00042681408440346634,0.000372893125678323
134b657310c5bdbb,Вечера Насильной Поэзии,0.00043825085959359325,0.00035240919398380095,0.00034326593407610405,0.0003762448541634068,0.0003766225928008591,0.051280460506883674,0.004652340701162011,0.8524514932169588,0.00042650388355041665,0.08520701277763595,0.00040648044703241475,0.0003701371530526054,0.0003864521501744441,0.00036591450715004674,0.0006159614780357536,0.00045495171532205353,0.0003465025421454797,0.00035730224665989475,0.0004225369148132804,0.00036915632480537697
5799080b77b6daec,Левон,0.00024216259862731694,0.0001947293995496119,0.0001896771352415514,0.00020790017641845898,0.00020810890906619502,0.00022292245145392935,0.0001976244154357799,0.0005586854463110857,0.00023567161573194716,0.0002558151311456306,0.00022460733021058488,0.0002045252675277568,0.00021354038168904584,0.00020219197005592635,0.0003403594495775819,0.9954751167126097,0.00019146557996683057,0.0001974331305323715,0.00023347960278862124,0.00020398329606008528
7e4442d7417709f1,2rbina 2rista,0.00016067766567341395,0.00012920519341294386,0.00012585295628401354,0.0001379441562226556,0.00013808264678869905,0.00014791160616864487,0.00013112606061986827,0.00037066842113258117,0.00015637080843068562,0.0001697362758272163,0.0001490295424138609,0.0001357048640324211,0.9969725995732307,0.00013415668589631085,0.00022583239110288893,0.00016680076186102483,0.00012703960666738832,0.0001309991533774111,0.00015491638827681956,0.00013534524258042662
0e91bbfe7a65ad2c,Сатана Печёт Блины,0.00029233117074868576,0.00023507128752630073,0.00022897236124520983,0.00025097063820591974,0.00025122261918365465,0.00026910506132220074,0.0002385660611248131,0.0006743888153683859,0.0002844954587391564,0.00030881208875188854,0.0002711390117276041,0.00024689656738272216,0.994492048215913,0.00024407986941481232,0.0004108713696542181,0.0003034713318471528,0.00023113129805727554,0.0002383351513214695,0.0002818493383307874,0.00024624228413480594
3da57544a36adb4d,Алые паруса,0.0002506997748691979,0.00020159437359727953,0.00019636399406415658,0.00021522947241066858,0.00021544555376661745,0.00023078133465083571,0.00020459144194041103,0.0005783319630356394,0.0002439799488341698,0.9953202264518193,0.00023252562880488796,0.00021173558720623668,0.00022106850025639958,0.00020932002785799188,0.00035235844946860057,0.0002602534258874656,0.00019821549216118652,0.00020439341950847945,0.00024171066531527365,0.00021117449454527122
df82f84879a772fe,Тандем,0.0003339164051155313,0.00026851107408724776,0.0002615445482062709,0.00028667215583162627,0.0002869599927227849,0.00030738628386176996,0.0002725029846866624,0.8565457699589137,0.00032496601657673553,0.0003527417818084129,0.00030970955539973973,0.00028201854052469064,0.0002944493980361739,0.000278801170186591,0.1381079443650766,0.0003466412695304003,0.0002640106031404008,0.0002722392457677868,0.0003219434672850885,0.00028127118324177227
8cd93bdebf22e395,Песни орлятского круга,0.0005626779272003513,0.0004524643385301003,0.00044072513367134265,0.0004830673369737507,0.00048355232321361407,0.0005179724055088634,0.00045919104878256936,0.0012980250420462748,0.0005475957981047245,0.0005944003462959379,0.0005218873364403002,0.00047522554254016505,0.0004961726465560409,0.00046980402269293563,0.0007908436385820339,0.0005841204657314211,0.9893470592828103,0.0004587466041792956,0.0005425025112635667,0.00047396624887641994
89cb3924b006db99,Гагарина Полина,0.0006221434032497863,0.0005002820530427637,0.00048730223908230333,0.0005341193313762194,0.0005346555403626775,0.0005727132234694863,0.000507719711734865,0.0014352079393244112,0.0006054673154124734,0.0006572182929021817,0.0005770418944949899,0.0005254487761858368,0.0005486096050733378,0.0005194542600687741,0.0008744223390051692,0.0006458520244485722,0.0004918969482290191,0.0005072282644408284,0.0005998357822784276,0.9882533810558178
a0cef3560f1e4c86,I.B.,0.0003159680913384348,0.0002540783595939241,0.00024748628381755046,0.0002712632691823584,0.0002715356228265439,0.0002908640004146169,0.00025785568752420275,0.29899781807486836,0.0003074987894022397,0.00033378158545423805,0.0002930623873420796,0.00026685977234262783,0.0002786224637184501,0.0002638153370676045,0.00044409304773334815,0.1602085374519135,0.00024981979982921423,0.0002576061221791621,0.0003046386977884977,0.5358847951556631
a17a80aa4ce41d9c,Александр Шуров и Николай Рыкунин,0.000285686842601978,0.0002297283975138634,0.00022376809300599999,0.0002452663944381699,0.0002455126128480223,0.0002629886193234953,0.00023314374662797548,0.5988893014742875,0.00027802921722491964,0.0003017931645851962,0.06959625451939096,0.00024128490305246744,0.00025192031599719265,0.00023853223361721294,0.0004015327499567034,0.32710037191835484,0.00022587797523085251,0.00023291809007469053,0.00027544322542952623,0.00024064550643837133
4ab7d1ac27acc385,Charlie Mole,0.0008888535407979861,0.0007147508118071422,0.0006962065488584856,0.0007630939057661801,0.0007638600350269502,0.0008182329190066865,0.0007253769117311571,0.0020504811126447874,0.0008650284458288079,0.0009389649253521413,0.0008244172503727235,0.0007507063837512853,0.0007837961596139243,0.9832110762086064,0.0012492833647151024,0.0009227259186900321,0.0007027710344717562,0.0007246748108997174,0.0008569826916068093,0.0007487170204519888
0510624220230cee,сатана печет блины,0.0002923312004097891,0.0002350713025263334,0.00022897236168170005,0.0002509706677881774,0.0002512226196625606,0.00026910509093902807,0.00023856607613150787,0.0006743866629703995,0.0002844954592814904,0.0003088121184444094,0.0002711390122444767,0.0002468965678533813,0.9944920501117142,0.00024407988443201807,0.0004108713995412947,0.00030347133242566055,0.0002311313130497974,0.00023833516632772408,0.0002818493388680771,0.0002462423137080499
8dc054706580e2bd,Гагарина Полина,0.0006221432878484397,0.0005002819956504681,0.00048730218166885303,0.0005341192158314098,0.0005346554830264043,0.0005727131661952402,0.0005077196543546914,0.0014352077088328836,0.0006054671999839477,0.0006572182357656631,0.0005770418372277987,0.0005254487188345584,0.0005486095477598072,0.0005194542027077256,0.0008744222240149904,0.0006458519090858662,0.0004918968908230574,0.0005072282070598538,0.0005998356668407235,0.9882533826664877
2149020fa299681b,Алые паруса,0.0005537944950182402,0.00044532091026779183,0.00043376703884765366,0.0004754407553800249,0.0004759180873023039,0.0005097947421531831,0.000451941420501808,0.0012775353360974942,0.0005389504355721501,0.0005850160365261778,0.0005136478564666005,0.0004677227688057113,0.0004883391655566684,0.0004623868143337601,0.0007783579623100566,0.0005748984391359443,0.9895152428008837,0.0004515039899309981,0.0005339375918252242,0.0004664833530845862
1bc26b39729e1c6a,Валерия Лесовская,0.0008888954866367853,0.0007147845546523863,0.0006962394190453996,0.0007631299175199303,0.0007638960467618369,0.0008182714905399229,0.0007254111199760597,0.30054393762311266,0.0008650692863086545,0.3728259547461067,0.0008244561127919983,0.0007507417555257616,0.0007838331603881941,0.0007421770219910879,0.0012493422401089799,0.0009227694353016941,0.3127906061051711,0.0007247090191619071,0.0008570231248311261,0.0007487523340677854
0ba472a36b9d2721,➨ Levon,0.00024216256444389665,0.0001947293635108162,0.00018967711355704774,0.00020790014089484542,0.00020810887355074612,0.00022292241651792027,0.00019762437951022433,0.000558647167526451,0.00023567156674271446,0.0002558150829443225,0.00022460729534048074,0.00020452523187213182,0.00021354034638605197,0.00020219193430903316,0.0003403594046832709,0.9954751556511615,0.0001914655438003688,0.00019743310915124783,0.00023347955371364674,0.0002039832603832608
a686a0350e75d5a3,Барды,0.0002506997458894094,0.0002015943445931954,0.00019636397960939763,0.00021522944341333063,0.00021544552476938637,0.00023078130566119226,0.00020459142748972272,0.0005783319051141259,0.00024397993440296954,0.9953202269442689,0.00023252559981610754,0.00021173555820717005,0.00022106848581386358,0.00020931999885773014,0.0003523584205391092,0.00026025339691240393,0.0001982154631554306,0.00020439340505769315,0.00024171063633103763,0.00021117448009784
8a3be6ef6d9d691f,Алые паруса,0.0002506997458894094,0.0002015943445931954,0.00019636397960939763,0.00021522944341333063,0.00021544552476938637,0.00023078130566119226,0.00020459142748972272,0.0005783319051141259,0.00024397993440296954,0.9953202269442689,0.00023252559981610754,0.00021173555820717005,0.00022106848581386358,0.00020931999885773014,0.0003523584205391092,0.00026025339691240393,0.0001982154631554306,0.00020439340505769315,0.00024171063633103763,0.00021117448009784
ca1a447f8857e8e7,"Сводный хор ""АП"")",0.0005218090491547208,0.0004196005561181936,0.0004087140061542428,0.00044798080778637176,0.0004484305492886292,0.4604658887012452,0.0004258387003837324,0.0012037570395894142,0.0005078223299963114,0.000551227376271195,0.0004839811700368682,0.00044070857529739994,0.00046013421841503265,0.00043568083026420345,0.0007334024579047085,0.5302643896315196,0.00041256773174399365,0.0004254265319274475,0.0005030990110366032,0.00043954072586615124
c07a48fe1952c173,Алые паруса (минус),0.0005537944950182402,0.00044532091026779183,0.00043376703884765366,0.0004754407553800249,0.0004759180873023039,0.0005097947421531831,0.000451941420501808,0.0012775353360974942,0.0005389504355721501,0.0005850160365261778,0.0005136478564666005,0.0004677227688057113,0.0004883391655566684,0.0004623868143337601,0.0007783579623100566,0.0005748984391359443,0.9895152428008837,0.0004515039899309981,0.0005339375918252242,0.0004664833530845862
1d9f5183703836b1,Алые Паруса.,0.0002506997458894094,0.0002015943445931954,0.00019636397960939763,0.00021522944341333063,0.00021544552476938637,0.00023078130566119226,0.00020459142748972272,0.0005783319051141259,0.00024397993440296954,0.9953202269442689,0.00023252559981610754,0.00021173555820717005,0.00022106848581386358,0.00020931999885773014,0.0003523584205391092,0.00026025339691240393,0.0001982154631554306,0.00020439340505769315,0.00024171063633103763,0.00021117448009784
3fb63b5eb67ad675,Гречка,0.0004922285824379726,0.0003958141039259886,0.0003855447001386913,0.0004225855263794099,0.0004230097729488336,0.00045312033633681755,0.0004016986369655954,0.16265897222432324,0.00047903473822840715,0.000519979203342945,0.00045654510074721514,0.00041572554928267163,0.0004340499917454735,0.0004109828178079705,0.8294600294668093,0.0005109864100736693,0.0003891799434672526,0.00040130980976058067,0.00047457917427106246,0.0004146239110069066
a325e0cfa4d16978,Гречка,0.0002829649178517129,0.9946465453451557,0.00022163610051646518,0.00024292957001713285,0.00024317347468194025,0.00026048296426392937,0.00023092243484354366,0.0006527780571660772,0.0002753802554829451,0.00029891777595670194,0.00026245175119313707,0.00023898601532122352,0.0002495201036894636,0.0002362595828832039,0.00039770709599793656,0.0002937481204707039,0.00022372588662757572,0.0002306989174131134,0.00027281891453244053,0.00023835271593500447
f205cef845a58a21,Гречка,0.00039802000250992913,0.0003200584884595943,0.000311754553750679,0.00034170606489513435,0.0003420491117736115,0.0003663967672032842,0.0003248167323092583,0.9930679442170531,0.0003873513522734709,0.00042045937782354245,0.0003691660551120701,0.00033615901986218654,0.00035097633416806737,0.0003323240078000047,0.0005594169959191166,0.00041318772696401267,0.00031469404087430624,0.0003245023527061947,0.0003837485596940557,0.00033526823884839587
75581e85d9a88599,Гречка,0.0002456683840090112,0.00019754849820362454,0.00019242309635307645,0.00021090994781808854,0.0002111216926964365,0.00022614970008650353,0.000200485423385928,0.0005667372696496545,0.0002390834398896554,0.056436948955464555,0.00022785898227711788,0.00020748618840410815,0.0002166318034569485,0.0002051191015622093,0.9393224723672924,0.00025503029868880254,0.0001942374287998102,0.00020029137363314332,0.000236859689385584,0.0002069363589433495
a86ff0352d9c7721,Гречка,0.00016826331247024815,0.00013530501782153183,0.0001317945141601602,0.00014445654172549744,0.06875421130508966,0.00015489455666407954,0.5948650808862697,0.33373209312837,0.00016375313599331843,0.00017774958859700514,0.00015606528722519986,0.00014211152993631358,0.00014837556126021378,0.00014049027212699203,0.0002364940343959899,0.00017467548227563054,0.0001330371893826212,0.00013718366988040712,0.0001622300453938278,0.00014173494096163014
e2fb3194d51043d0,Гречка,0.00035040744602977985,0.0002817719456155211,0.0002744613840522423,0.000300829976492352,0.8223196295727649,0.0003225670729852049,0.000285961034266585,0.1718786836074469,0.00034101502941017114,0.0003701625427016977,0.0003250051006940451,0.00029594649959841814,0.00030899130116873594,0.0002925702517719955,0.0004924975460837109,0.000363760748181615,0.00027704923826991755,0.0002856842277542443,0.00033784320687474633,0.00029516226783713834
5d6d2c6c03ee8ebb,Гречка,0.0003306130665053038,0.00026585477098284836,0.00025895716288154943,0.0002838362241224699,0.00028412117973816535,0.0003043454032486485,0.00026980721684021923,0.0007626992031991795,0.00032175124080587557,0.0003492522371364075,0.0003066457118946842,0.0002792286219108022,0.00029153651590070476,0.07600548430252042,0.00046467657827289004,0.0003432120570193802,0.0002613988288379143,0.9180193324109789,0.000318758581108693,0.00027848868609490595
7f782e5fd5548e0f,Гречка,0.0004266235552054531,0.0003430593815235127,0.00033415867302184527,0.0003662626443547382,0.0003666303712710847,0.00039272771914872814,0.00034815959523735394,0.0009841906635449861,0.0004151882230854481,0.00045067554398321567,0.0003956960480703815,0.0003603169934273673,0.00037619910002687954,0.00035620636820657013,0.0005996192641888322,0.9920284651802292,0.0003373094247619917,0.0003478226019675181,0.000411326493835256,0.0003593621549096392
dd945e2cb1152d1f,Гречка,0.0002898921017256599,0.00023310995658897896,0.0002270619036659912,0.00024887665236791553,0.0002491265087717077,0.0002668597650785929,0.00023657556822818252,0.0006687423964278,0.00028212175674263587,0.9945886308159094,0.000268876747996707,0.0002448365456229862,0.0002556285087253476,0.00024204337803848482,0.0004074432387300966,0.00030093927633703156,0.00022920283980760564,0.00023634657927244147,0.00027949769697808026,0.0002441877629842751
4b20055e9c97f4c2,Гречка,0.00046000992968847084,0.99129687989719,0.00036030901976389837,0.000394925350359268,0.00039532183186241973,0.0004234615121028471,0.00037540558486893094,0.001061332002188009,0.00044767971291758476,0.00048594417974862704,0.0004266621187140637,0.0003885143873531192,0.0004056394022361131,0.0003840820774684029,0.0006465438394707794,0.0004775399826012205,0.00036370631007167964,0.0003750422526304118,0.0004435157694676157,0.0003874848392965976
8f256ef560d041ac,Noize MC,0.00048590831341925936,0.19389388569009192,0.00038059426609065455,0.0004171594758040923,0.00041757827993740674,0.00044730222663531843,0.0003965407791634391,0.7980340967739608,0.0004728838832229887,0.000513302643935715,0.00045068301499794544,0.0004103875963225358,0.0004284767334602687,0.0004057057211788232,0.0006829439292996541,0.0005044252768780293,0.00038418282670538243,0.0003961569578354231,0.000468485537604415,0.00040930007345599235
4d6ec354fd9f56aa,Сатана Печёт Блины,0.00030239888259316197,0.00024316699689247957,0.00023685801374849835,0.00025961392150307356,0.0002598745463170713,0.0002783728836177202,0.0002467821293626889,0.0006976007462747746,0.0002942932908067584,0.00031944738340758985,0.00028047685782805207,0.994291113886704,0.00026665707790868586,0.00025248581101236257,0.0004250215042509008,0.00031392269032364325,0.0002390913253874629,0.0002465432742148967,0.0002915560463197346,0.0002547227315264735
68c577f54f1e9bc2,абстрактный бомж,0.00022512430044579506,0.00018102844912431759,0.00017633165867827715,0.00019327254632200256,0.9957532916955022,0.0002072378730596213,0.00018371978203821936,0.0005193310496768903,0.00021909001444274346,0.00023781626191319595,0.00020880421202260289,0.00019013509536811376,0.00019851590667318422,0.00018796595790272086,0.0003164121411576362,0.00023370333792892284,0.00017799427310697798,0.00018354195764416116,0.00021705223710870598,0.00018963124988367262
7e3f121fd5efbc84,zgheilmyfrr x mironoffdmitry,0.0002561901915163817,0.00020600935845984357,0.00020066442608031475,0.0002199430630161864,0.9951672562383879,0.0002358355278888542,0.00020907207058982596,0.0005910095521407191,0.00024932320174458656,0.00027063354773914586,0.000237618006325071,0.00021637266372810478,0.00022590997328242343,0.00021390420808961794,0.0003600752251331157,0.0002659530702818244,0.00020255646587325388,0.00020886971168073036,0.00024700420880963207,0.00021579928923247803
c92163c0a090dbd6,Loc Dog,0.00011868257933758696,9.543582271396835e-05,9.295973437830108e-05,0.0001018907537969549,0.00010199304648191409,0.00010925308407808002,9.685465623307328e-05,0.5962761457595006,0.00011550137797116396,0.00012537360796195204,0.010095596003716284,0.0001002367249551879,0.00010465497732126067,9.909318455992646e-05,0.00016680832265824795,0.36092265332982915,9.383623986135773e-05,9.676090552209107e-05,0.030986298787544206,9.997110157871695e-05
c1899b632f68c1a0,Неизвестен,0.0009616039838340767,0.0007732514362982894,0.0007531893502689672,0.0008255512545145522,0.0008263800734308635,0.0008852032244620016,0.0007847472169497267,0.0022182963728759235,0.0009358289320769562,0.0010158168551090859,0.0008918937878932517,0.0008121498131775951,0.0008479479334995183,0.0008028845501799992,0.0013515340928154482,0.0009982487346172505,0.0007602910926330652,0.9818180589195801,0.0009271246745372864,0.0008099977012460847
81f445d119d93266,Монеточка,0.00015572550135788073,0.00012522302821276875,0.0001219741094210092,0.00013369265030379205,0.00013382687716945418,0.00014335289554329866,0.0001270846983780716,0.1633315528479633,0.00015155140090251893,0.00016450491917126755,0.01022658680279123,0.0001315223776731708,0.00013731964240396095,0.00013002191514657844,0.14727319732649555,0.00016165988878545472,0.00012312419093378837,0.00012696169103901673,0.6769699433915553,0.00013117384475258608
783c4e132076e4dd,Монеточка,0.0001740572347966253,0.00013996406449800068,0.00013633269253446862,0.00014943072492391016,0.9967166029241008,0.00016022815789702542,0.00014204488635521876,0.00040153594334892985,0.0001693917601592596,0.00018387015801926262,0.00016143918274285385,0.0001470049644941501,0.0001534846699218688,0.00014532787094256,0.0002446373798202046,0.00018069020098396312,0.00013761815042107297,0.00014190739987051673,0.00016781622441638407,0.00014661540975288495
17197e6597b5a371,Монеточка,0.00024059161550272449,0.00019346613161859107,0.00018844663826560792,0.00020655145953177355,0.00020675883884965874,0.0002214762802661299,0.00019634236095814343,0.0005550208037578781,0.0002341427313520494,0.0002541555703995967,0.00022315024507236136,0.0002031984513015335,0.00021215506668869407,0.00020088028784092976,0.9240217240944124,0.0002497600776451845,0.0001902234850995882,0.00019615232752103287,0.07180314354706614,0.00020265998684993673
3ed56ffb0779f044,Монеточка,0.0002423290403265766,0.00019486324271702994,0.00018980750026245633,0.00020804307149961028,0.00020825193512444908,0.00022307566455294245,0.00019776023780049043,0.3390255932167559,0.00023583358968646328,0.0002559909594754417,0.6569786809851684,0.00020466583414297134,0.00021368714784620875,0.00020233093585019212,0.00034059337314861583,0.00025156371419614765,0.0001915971674331384,0.0001975688364727189,0.00023364006324035785,0.0002041234842998903
1064460ff3bad450,Монеточка,0.000285415569278331,0.00022951026710298344,0.00022355562321753957,0.0002450335085745215,0.00024527949415672953,0.00026273891166172305,0.00023292237118160297,0.0006584461272309975,0.00027776521976560705,0.00030150661194675596,0.00026472475338330413,0.00024105578608636305,0.0002516810855795574,0.0002383057359623187,0.9947718076510034,0.000296292165802947,0.00022566349730379157,0.00023269691835238208,0.0002751817017643022,0.00024041700064491797
d30766ef20d21f69,Монеточка,0.0002251255463707051,0.00018102944875176806,0.00017633264386938884,0.00019327361840772926,0.9957532671927155,0.00020723901756126943,0.00018372079615135744,0.0005193349368105275,0.00021909123141231282,0.00023781758028536151,0.00020880537103762172,0.00019013615297913057,0.00019851700773371414,0.0001879670010152002,0.00031641387960127786,0.00023370462729846819,0.00017799525825717722,0.00018354297176167503,0.0002170534250245914,0.00018963229295517365
2d98584509f438bc,Монеточка,0.4619842238224283,0.00025425973947446826,0.00024766297785661805,0.0002714569312046276,0.00027172945947695064,0.0002910716326465032,0.00025803977413247595,0.26742840198500367,0.0003077183254156428,0.0003340198648319298,0.00029327162032625207,0.00026705029106785934,0.00027882139367332534,0.0002640036729479272,0.0004444100841642064,0.2657248714104589,0.000249998152830786,0.0002577900341597289,0.0003048561964796337,0.00026634263142010905
7e6988890037e429,Монеточка,0.9958895457147374,0.00017653622252292013,0.00017195597891770645,0.00018847648884415838,0.00018866570736413154,0.00020209526008001824,0.00017916076182975703,0.0005064441617874144,0.00021365329131211281,0.00023191483572177244,0.00020362273069341694,0.0001854168910053183,0.0001935897253533986,0.00018330158132917745,0.0003085603561907395,0.00022790397935408164,0.00017357733847141635,0.00017898736123881645,0.0002116660675709719,0.00018492554567524878
0c506f7edd4b9834,Монеточка,0.00011956207719908039,9.614305462437217e-05,9.36486162832743e-05,0.00010264581068188729,0.09745615581484242,0.0001100627034890702,9.757239464938042e-05,0.8219322444763753,0.00011635730167817571,0.00012630269158356178,0.00011089457826312754,0.00010097952910055904,0.07873744405049117,9.982751947200997e-05,0.00016804446691793176,0.00012411834727559155,9.453161921075589e-05,9.74779599968554e-05,0.00011527504665427702,0.00010071194121120605
71e42c6f1fa7060e,Монеточка,0.0003131264132030733,0.8171722178218354,0.00024526052573949867,0.00026882368675721643,0.00026909356659293927,0.00028824810821720663,0.0002555366814254737,0.0007223556010881362,0.00030473330456240244,0.0003307797209562895,0.0002904267337820408,0.0002644597708499809,0.00027611667054181865,0.00026144272208796084,0.0004400990987999998,0.17722875923823475,0.0002475730580361522,0.0002552893570596835,0.00030189894055492056,0.0002637589796751323
32fb806ce8947f59,порнофильм приличный для мужа,0.0006126194735198569,0.0004926236305210111,0.00047984248035997794,0.0005259428579279686,0.0005264709177984063,0.3272736188542364,0.0004999473762174767,0.001413253523038948,0.0927486591610741,0.0006471574528632368,0.000568208427696771,0.0005174050751153526,0.0005402113592617706,0.0005115023529657338,0.0008610364269278765,0.0006359651098223017,0.00048436687427965525,0.0004994634959592152,0.5696456711566752,0.0005160339937387918
ff815fba490b0649,снятся в порнофильме,0.0002527622630731519,0.00020325287721761854,0.0001979794667269289,0.00021700014465512158,0.00021721800138373723,0.0002326799501415422,0.0002062745970462052,0.0005831007882697482,0.00024598715309904616,0.0002670123719546008,0.00023443859279890567,0.0002134775187873653,0.00022288722397905222,0.00021104208108683935,0.0003552572836969218,0.3677342034769163,0.00019984618646153694,0.00020607494476401918,0.6277865932648734,0.00021291181306797892
7f500c883da0596b,вудман,0.0006571938568731667,0.0005284670853118866,0.0005147559791508366,0.0005642106651990293,0.0005647771421796043,0.0006049789052170984,0.0005363237228920435,0.001516054217322985,0.0006395782970640478,0.0006942448390887821,0.0006095514664261045,0.0005550516311494555,0.0005795173598302315,0.0005487193940670666,0.0009236857695589947,0.0006822381697285127,0.0005196095669589196,0.0005358046269495067,0.9876716565233297,0.0005535807817020501
d94776100ec90bdf,секс on line веб камера,0.0007900900494682754,0.0006353324717778597,0.0006188487610713742,0.0006783039854384291,0.000678985015055736,0.0007273162900121696,0.0006447778287009687,0.0018226422423505463,0.0007689122402610985,0.0008346334027686528,0.0007328134795923466,0.0006672929006797701,0.0006967059295669955,0.000659680153711472,0.0011104712943277052,0.12666301143208702,0.0006246837879078632,0.0006441537843824091,0.8593358203406505,0.0006655246101888159
e6e1bb98b128d1a8,длиные порно ролики,0.00046023623681310807,0.0003700882240175616,0.00036048625875389746,0.00039511961476943884,0.0003955162999957316,0.0004236698333988037,0.000375590274299691,0.001061728735768429,0.00044789993745586855,0.00048618320500694757,0.0004268719824833865,0.0003887055086089849,0.00040583896344418576,0.00038427101597803996,0.0006468618801411828,0.00047777487519346293,0.0003638852370523774,0.0003752267383377231,0.9913663697126843,0.00038767546579688254
641bc0212a170256,Moonlight H.S,0.0003505855396578714,0.0002819151657262349,0.504118758062066,0.000300982861054146,0.0003012850461362704,0.00032273101926019027,0.0002861063502881698,0.0008087656159436266,0.00034118834903457026,0.0003703506792030635,0.0003251702695831229,0.0002960969098274251,0.39440254746360703,0.0002927189445243479,0.0004927478319688282,0.00036394562438907827,0.000277190042272202,0.000285829427331759,0.095485772527595,0.0002953122705310682
7236d311924e8f43,Порнофильмы,0.0004319916365291243,0.0003473759655980603,0.00033836329413247716,0.0003708711994332691,0.0003712435538804785,0.0003976693109295693,0.0003525403535606961,0.0009965724227437496,0.00042041241439278875,0.0004563462483631762,0.0004006749511379994,0.0003648507222049881,0.8144455838535478,0.0003606883792335527,0.0006071640603614447,0.17786351283388965,0.000341553685476665,0.0003521991402154497,0.0004165020815165844,0.000363883892852456
30b5bd239f371ac2,Порнофильмы,0.0004854478544984414,0.00039036155860950483,0.0003802335994612667,0.00041676417726331115,0.0004171825739618607,0.00044687834949061727,0.0003961650083642547,0.0011198720584525957,0.0004724357928435137,0.0005128162256319341,0.0004502559365841605,0.00040999870031945744,0.0004280706961157622,0.0004053212778509405,0.0006822968072845145,0.0005039472982852581,0.0003838187841932876,0.0003957815653687489,0.9908934395102788,0.00040891222514183117
b621c01025ca824c,порнофильм полиция маями,0.0006228630148097833,0.0005008607457658227,0.00048786588532846986,0.0005347370809093634,0.0005352739883793483,0.04751248335784676,0.0005083069608674952,0.2016778758789326,0.0006061676022904385,0.0006579784746520489,0.0005777093526977587,0.0005260565723448731,0.0005492441763933565,0.0005200551296101236,0.0008754337416149429,0.0006465990514452352,0.000492465920404139,0.0005078149897122141,0.7411355455189365,0.0005246625570588075
680ff769f39b3ea3,Порнофильмы,0.000350606319762927,0.00028193187130088124,0.0002746171471311945,0.00030100073078038607,0.0003013029158624841,0.0003227501695531159,0.00028612331779693335,0.9938937173787715,0.0003412085761676486,0.00037037265256348344,0.0003251895653949929,0.0002961144885157771,0.0003091666838127524,0.00029273629038234315,0.0004927770521725962,0.00036396721940024844,0.0002772064859127777,0.0002858463948405467,0.00033803494886558004,0.00029532979101182575
d3e72add5fa8fa2e,Порнофильмы,0.0003577286936911936,0.0002876591827631132,0.00028019585449295904,0.00030711538497136924,0.000307423710959304,0.000329306648822268,0.0002919357579301048,0.9937696717211716,0.0003481400290424361,0.0003778965427804182,0.0003317956084681223,0.0003021298695797125,0.0003154472297727627,0.0002986830737446076,0.0005027875435919498,0.0003713609864418653,0.0002828377838757007,0.0002916531888327989,0.00034490193678100313,0.00030132925228670723
3127a486df770f50,американские сайты с порнофильмами,0.0007246307448728083,0.0005826949098008373,0.0005675768081646112,0.0006221062123375688,0.0006227307805594199,0.0006670578366349926,0.0005913577234248078,0.0016716288478985236,0.0007052075462881827,0.0007654836183864609,0.0006720995515561342,0.0006120073574646433,0.0006389835241666194,0.0006050253483117045,0.0010184682071725135,0.0007522449257667423,0.0005729284206825035,0.000590785367476489,0.9864065966934707,0.0006103855755636914
128ff6d6296253d2,порнофильм - екатерина - императрица,0.0007107255477892133,0.0005715133709096879,0.0005566854350300853,0.0006101684380377997,0.0006107810154580796,0.2836110577196008,0.0005800099431292104,0.0016395837216450046,0.0006916751117935006,0.0007507945372012494,0.0006592024549219631,0.0006002633568467899,0.0006267218818085822,0.0005934153419911183,0.0009989245975795035,0.0007378098633102446,0.0005619343690334261,0.0005794485884502691,0.7037106119893581,0.0005986727161052479
52faa62f7a47db26,Порнофильмы,0.0005725115652505138,0.0004603718312590134,0.0004484274448627073,0.0004915096695770961,0.0004920031541161521,0.000527024723905677,0.0004672160916150026,0.0013207255124849714,0.0005571658142588161,0.0006047883528462217,0.0005310081068905495,0.00048353082551796033,0.0005048439966797145,0.00047801454381451774,0.0008046648415706962,0.0005943288438492216,0.06970890467771373,0.15749640438276535,0.7629743061207174,0.00048224950030467456
2f7a0b83cc2199ed,Порнофильмы,0.0003577286936911936,0.0002876591827631132,0.00028019585449295904,0.00030711538497136924,0.000307423710959304,0.000329306648822268,0.0002919357579301048,0.9937696717211716,0.0003481400290424361,0.0003778965427804182,0.0003317956084681223,0.0003021298695797125,0.0003154472297727627,0.0002986830737446076,0.0005027875435919498,0.0003713609864418653,0.0002828377838757007,0.0002916531888327989,0.00034490193678100313,0.00030132925228670723
cebf93409cea9e43,Порнофильмы,0.0005630361039177335,0.0004527523119155454,0.0004410056559550366,0.00048337481128420665,0.00048386011768773653,0.000518302116695381,0.0004594833298335524,0.9901939660110249,0.0005479443116808281,0.0005947786642722926,0.0005222194925223744,0.00047552803974748164,0.0004964884451438095,0.0004701030271999093,0.0007913471117503528,0.0005844922639933852,0.0004451638368904442,0.0004590385941722427,0.000542847823192209,0.00047426793112057724
7c5d65bf3c4c57b0,Порнофильмы,0.0001985670542162143,0.00015967305881286572,0.00015553033225511296,0.00017047274819734432,0.00017064390782504742,0.0001827906243526644,0.00016204689820306986,0.00045807523048645485,0.00019324460388547298,0.00020976176989329862,0.00018417218319079852,0.00016770541046564046,0.0001750975651569145,0.0001657921682983626,0.0002790859156548853,0.00020613403561784587,0.00015699681607091035,0.000161890043108102,0.00019144720951586085,0.9962508724247932
79ba3471b62c2f56,Порнофильмы,0.00028296744435500853,0.0002275416565018085,0.0002216380897974405,0.00024293174805687002,0.00024317563816499496,0.0002604852874797742,0.00023092449670261285,0.0006527803145075486,0.0002753827239268065,0.0002989204476673849,0.0002624540743705055,0.00023898814978228316,0.000249522310704232,0.0002362616882937153,0.0003977106388929034,0.0002937507631785871,0.00022372787586770988,0.00023070097927655085,0.0002728213248186957,0.9946573143476546
c0891d55679dadf2,Порнофильмы,0.00021046832227959456,0.00016924318876257143,0.00016485216350864065,0.00018069017478911933,0.00018087157893897733,0.00019374632592840968,0.00017175930186503788,0.00048553119023713424,0.00020482688022885665,0.00022233401050443096,0.00019521069950488652,0.00017775697475072875,0.00018559217592289235,0.00017572906378395827,0.9961446918178253,0.00021848884206626494,0.00016640654066821324,0.00017159306080872648,0.00020292175830560467,0.0001772859293206868
f7d3d4bd271dc547,Порнофильмы,0.00024833924672348,0.00019969621304358312,0.0001945150912149412,0.00021320293623874916,0.00021341698034840274,0.05611795259579609,0.00020266506552596132,0.6577524191245228,0.00024168270628869388,0.00026234002196615764,0.00023033622934563071,0.0002097419380096524,0.0002189869875388219,0.00020734912306080036,0.031059691884987868,0.2515802248955273,0.0001963491417527199,0.00020246890571916753,0.00023943478475202626,0.00020918612763721253
f8656d8d15c8c08d,Порнофильмы,0.00026800420346295966,0.00021550932849773418,0.00020991793071885328,0.00023008558640914576,0.7371559580350734,0.0002467109136802823,0.00021871326674218045,0.0006182618121125998,0.0002608205645154031,0.059806842573051563,0.00024857559575593803,0.00022635053246002274,0.00023632765840631034,0.028897052923267073,0.0003766798364299876,0.16986964510334016,0.0002118972236578449,0.00021850158007014547,0.0002583946151722428,0.0002257507171761422
be689a35b7dfa74d,Порнофильмы,0.0003161347622746619,0.00025421237164422074,0.00024761683204462686,0.00027140636284621745,0.0002716788329250336,0.00029101739822420255,0.00025799170800662523,0.0007292965794563119,0.000307660977748078,0.0003339576581907302,0.0002932169785645881,0.00026700053738782953,0.00027876942871354687,0.00026395450118627233,0.9942091171046715,0.0003281820026533377,0.0002499515705826221,0.0002577419971247365,0.00030479940163619573,0.00026629299411864564
e331aa0d5b42fae2,Порнофильмы,0.00030762795999941936,0.00024737185382744785,0.00024095377513798022,0.00026410318064438987,0.0002643683165453757,0.00028318650446487406,0.994183620666022,0.0007096721822199552,0.00029938223347875987,0.00032497128217595856,0.0002853268875127557,0.0002598158952904685,0.00027126810729468607,0.00025685181561583594,0.0004323710253688523,0.0003193510413593422,0.0002432257075022675,0.00025080651334654145,0.0002965976371302941,0.00025912741506283724
ab953df6d1529357,Порнофильмы,0.00021301452163997568,0.00017129064609186062,0.00016684650589567955,0.00018287612387308833,0.00018305972538080518,0.00019609022284324004,0.00017383720205979534,0.2536702957298142,0.00020730481597461603,0.00022502375117714496,0.00019757230625117736,0.030193551269814177,0.00018783742456564327,0.00017785498570730432,0.0002993918205470192,0.00022113205987047506,0.00016841968428961255,0.712779793879,0.00020537664362167913,0.00017943068158247967
ffe3f38ebe342126,Порнофильмы,0.0001716737431656975,0.00013804742825992262,0.0001344657802811018,0.00014738444543746238,0.00014753240929644954,0.00015803403068313576,0.00014009975741533702,0.9970100699706468,0.00016707215155229666,0.00018135227920698327,0.0001592284663154651,0.00014499190709053926,0.00015138288932984635,0.00014333779105483213,0.00024128737732707897,0.0001782158761331025,0.00013573364487020235,0.00013996416268303546,0.0001655181963389153,0.0001446076929118573
e9fbe77d69d19c36,Каста,0.00014240473873844425,0.00011451144093122887,0.00011154043487059179,0.00012225656615638653,0.00012237931155043586,0.9973224111722472,0.0001162138620666329,0.0003285085548842913,0.0001385876844015739,0.000150433160624106,0.00013208129085020979,0.00012027193975402356,0.00012557331114022665,0.00011889983251305052,0.00020014980368993817,0.00014783148213916208,0.00011259213807052417,0.00011610138304786536,0.0001372986613132179,0.00011995323101095644
d15b998b8c352e47,Каста,0.0001429818235763894,0.00011497550113453169,0.00011199245337372935,0.00012275201481558618,0.00012287525497435334,0.9973115602470723,0.00011668481987220388,0.0003298398503298706,0.00013914930056607567,0.0001510427980702412,0.00013261653896552993,0.00012075934121057263,0.00012608220575828366,0.00011938167514245555,0.0002009609122403247,0.00014843056945523932,0.00011304842028139472,0.00011657188246847359,0.00013785505334435518,0.00012043933734808956
d94656e55598a60e,Каста,0.0001055900944766189,8.490780506665302e-05,8.270487049153674e-05,9.065066063199387e-05,0.038559137924144504,9.720081285864238e-05,8.61701183232001e-05,0.7999218106560793,0.00010275982678924037,0.13997654170234197,9.793547362967265e-05,8.917909809482109e-05,9.310994904084173e-05,8.816170814174156e-05,0.00014840684540523607,0.0001096139176159646,8.348468585888688e-05,8.608671401485096e-05,0.02000760436202046,8.894277497389464e-05
577baa136956001d,Каста,0.00014240473873844425,0.00011451144093122887,0.00011154043487059179,0.00012225656615638653,0.00012237931155043586,0.9973224111722472,0.0001162138620666329,0.0003285085548842913,0.0001385876844015739,0.000150433160624106,0.00013208129085020979,0.00012027193975402356,0.00012557331114022665,0.00011889983251305052,0.00020014980368993817,0.00014783148213916208,0.00011259213807052417,0.00011610138304786536,0.0001372986613132179,0.00011995323101095644
6b6953291f958dfa,Каста,0.00016449573496473433,0.0001322754114639913,0.07275577627928562,0.00014122202988544577,0.08605576162523491,0.00015142632655440076,0.00013424192798094461,0.838593753956729,0.0001600865487618358,0.00017376959682203396,0.00015257083456886284,0.00013892952139722762,0.00014505328683476056,0.00013734457061005448,0.00023119870978537309,0.000170764335599571,0.0001300583692003504,0.00013411199394329515,0.00015859756784567826,0.0001385613725319018
d40635722948afdb,Каста,0.06693597507637197,7.910852138819338e-05,7.705604661990255e-05,8.445912935038716e-05,8.454392335566796e-05,9.056190394068404e-05,8.028461438695724e-05,0.6164249432128633,0.06522966555548895,0.1594411194323569,0.09064419804348411,8.308807707828375e-05,8.67504519658852e-05,8.214017992537726e-05,0.00013827051541265346,0.00010212717616309131,7.778260187863989e-05,8.020690716399525e-05,9.485073146778023e-05,8.286789933726758e-05
628defb0d4a71140,Каста,0.05333813044415411,0.00011961731997348921,0.07422737449569482,0.00012770779158161042,0.00012783600850102767,0.0001369355971780295,0.00012139565124738572,0.7020668077498026,0.00014476707381034913,0.0001571407268538839,0.00013797057299912946,0.00012563466762203078,0.00013117242782156158,0.00012420139134679744,0.0002090741526011488,0.02190733604284609,0.14640689740007914,0.00012127815181306106,0.00014342058515370672,0.0001253017489201323
52c7378abd79414d,Каста,0.00014988993137979664,0.00012053048582122818,0.00011740331602756469,0.00012868272960008355,0.00012881192148657893,0.00013798096565707425,0.0001223223938761005,0.7193554294737261,0.00014587223542236705,0.00015834035841458548,0.04479144672663094,0.00012659377333851707,0.00013217380636621083,0.00012514955414870833,0.06338190948248583,0.09221259788264635,0.00011851030190203354,0.07827558089430953,0.00014451545867972553,0.00012625830808064611
d8a0a2c3d97cabee,Каста,0.00016607295332685384,0.00013354369089705863,0.10141878833708577,0.00014257609334991425,0.00014271922598123538,0.00015287822310512095,0.0001355290668041008,0.8958189057794645,0.00016162149356817182,0.00017543574244720792,0.00015403370332649376,0.00014026161134385225,0.00014644407954358488,0.00013866145371825914,0.00023341547393156503,0.00017240165371570256,0.00013130538816356335,0.00013539788129460914,0.00016011822258952217,0.0001398899263429165
9c5a6774e36a6e8f,Каста,0.00011823555437889368,9.507635754487166e-05,9.26095970843964e-05,0.00010150697212325832,0.00010160888645439187,0.00010884158071587764,9.648984317924395e-05,0.9979407681451019,0.00011506633663996562,0.00012490137882253016,0.00010966422225374819,9.985917884231689e-05,0.00010426079091929521,9.871994585900599e-05,0.00016618003714784267,0.00012274126357413628,9.348280652412876e-05,9.639645626983443e-05,0.00011399608700594273,9.959455955845909e-05
eb5d4618b727e6b6,Каста,0.00010875583302175716,8.745346054597857e-05,8.518448243867746e-05,0.2376720577327933,0.331569318838513,0.0001001150301010752,8.875362314202906e-05,0.27430302819439356,0.1548541369659836,0.00011488721655792467,0.00010087172236001458,9.185280977846758e-05,9.590151608801687e-05,9.080491916582026e-05,0.00015285628919147902,0.00011290029092629913,8.598767533922763e-05,8.866771591694711e-05,0.0001048562765561102,9.160940718672823e-05
ec4b512aec32d53a,Каста,0.00014240473873844425,0.00011451144093122887,0.00011154043487059179,0.00012225656615638653,0.00012237931155043586,0.9973224111722472,0.0001162138620666329,0.0003285085548842913,0.0001385876844015739,0.000150433160624106,0.00013208129085020979,0.00012027193975402356,0.00012557331114022665,0.00011889983251305052,0.00020014980368993817,0.00014783148213916208,0.00011259213807052417,0.00011610138304786536,0.0001372986613132179,0.00011995323101095644
416d6e939269fdf1,Каста,0.0001429818235763894,0.00011497550113453169,0.00011199245337372935,0.00012275201481558618,0.00012287525497435334,0.9973115602470723,0.00011668481987220388,0.0003298398503298706,0.00013914930056607567,0.0001510427980702412,0.00013261653896552993,0.00012075934121057263,0.00012608220575828366,0.00011938167514245555,0.0002009609122403247,0.00014843056945523932,0.00011304842028139472,0.00011657188246847359,0.00013785505334435518,0.00012043933734808956
734ec1b64a810773,Каста,0.00021289227880046856,0.00017119235987760715,0.00016675076671104832,0.00018277117172300328,0.0001829546713489511,0.9959970543364713,0.00017373744584742485,0.0004911167690725442,0.00020718586243897435,0.00022489462408069514,0.00019745892707241435,0.00017980419668455115,0.00018772963429590956,0.0001777529153385966,0.00029922001979759596,0.00022100517415817592,0.0001683230427289041,0.00017356928393803123,0.00020525879622443065,0.00017932772338935602
e247f07b29d8459b,Каста,0.00010919684274828899,8.78080902244469e-05,8.552990804362365e-05,9.374710470002057e-05,9.384122648012771e-05,0.00010052099886470947,8.911352060644168e-05,0.8219879202799921,0.09285303201548119,0.052935741298374916,0.00010128075429751625,9.222528008007227e-05,9.629040092705317e-05,9.117314031411723e-05,0.00015347612715431084,0.00011335810809143068,8.63363532926756e-05,8.90272641358812e-05,0.030648400398231593,9.19808879594771e-05
32cfbf86c47cb476,Каста,0.28965509764605823,0.0001316564787319956,0.00012824064971673246,0.00014056124610757387,0.00014070235601905244,0.00015071779824186188,0.00013361379849618392,0.0003776997920115793,0.00015933749361931034,0.00017295652820561514,0.00015185695118507771,0.00013827946231366117,0.00014437457520966265,0.00013670191840486803,0.00023011691263429666,0.7074493835918998,0.0001294498119189071,0.00013348447563516405,0.00015785548302688893,0.0001379130305635383
f099b262d9ae141e,Каста,0.0002128923222827208,0.00017119238884192773,0.0001667507956789884,0.0001827712152298014,0.0001829547003036865,0.9959970535248263,0.0001737374748096714,0.0004911168850876354,0.0002071859059258768,0.0002248946675531666,0.00019745897056724335,0.00017980422564185388,0.00018772967779866702,0.00017775295884948415,0.0002992200777614123,0.00022100521763381692,0.0001683230716955629,0.00017356932745232807,0.00020525883971290348,0.00017932775234704703
fe94ef08e6f8c3de,Каста,0.00011823553985020696,9.507635028759238e-05,9.260958982663254e-05,0.00010150696486724234,0.00010160887192243881,0.00010884156618534546,9.648983592224236e-05,0.9979407683411482,0.00011506632938661339,0.00012490136429515295,0.0001096642077233776,9.98591715859772e-05,0.00010426078366382022,9.87199386024425e-05,0.00016618002262857467,0.0001227412635982489,9.348279199057932e-05,9.63964417368574e-05,0.00011399607975238026,9.959454502611033e-05
d8d1c531440ce90c,Каста,0.6143619648225911,0.00010228488217830942,9.963109321193944e-05,0.00010920305144066964,0.00010931268556346945,0.00011709374696768277,0.00010380553540121823,0.3835498760154381,0.000123790457921332,0.0001343711839574325,0.00011797876529532258,0.00010743032268123314,0.00011216566113362011,0.00010620471679796162,0.00017877950839707165,0.0001320472868896385,0.00010057049931950548,0.00010370506170850901,0.00012263906680130428,0.00010714563630462126
63e7caea1df9dbc2,Каста,0.00017405724893568224,0.00013996407871792534,0.00013633270676300673,0.00014943072456946618,0.996716600559927,0.00016022817206888442,0.0001420449005702078,0.00040153806697595983,0.00016939177430938288,0.00018387017213504367,0.00016143919691184036,0.00014700496414545993,0.0001534846841097231,0.0001453278851497619,0.00024463740834376226,0.00018069021510728692,0.00013761816464656203,0.00014190741408583188,0.00016781623857024445,0.00014661542395703287
4adfdcb8b0cbda7e,Каста,0.00017167333532989168,0.00013804709325855247,0.0001344654598396197,0.00014738409586339017,0.0001475320597220479,0.00015803365198152543,0.00014009942240939747,0.0003960363853594758,0.00016707175827864975,0.00018135184224580135,0.00015922808761119543,0.0001449915575217939,0.00015138252519495812,0.6797973402841018,0.00024128680926523155,0.00017821545373081728,0.0001357333244258974,0.0001399638276773978,0.3171255556828387,0.0001446073433439674
631784c7179fddba,Каста,0.00013923917439693658,0.00011196592620821864,0.00010906096399211282,0.0001195388877835709,0.00011965889741849707,0.00012817643100886998,0.00011363050510109728,0.9975749618218634,0.0001355069576966425,0.000147089131655667,0.00012914521013286355,0.00011759837549703759,0.00012278190551428443,0.00011625676905988455,0.00019570060079605788,0.0001445452824619342,0.00011008928954827785,0.00011352052173493115,0.0001342466018714223,0.0001172867462582909
a55ce602f17942f2,Каста,0.00019112744432462077,0.00015369066344213882,0.00014970316219414383,0.00016408573674544163,0.00016425047897728886,0.00017594209882004278,0.00015597556150926713,0.1047472131351646,0.0001860044134787337,0.00020190273006796464,0.00017727189648569926,0.0001614220814297911,0.00016853726946496254,0.0001595805220107909,0.00026862954763388577,0.00019841091070703023,0.00015111468341549807,0.00015582459994110324,0.8921083187363041,0.00016099432788282972
5cbfe0a50f4d81f5,Каста,0.0006450476838413816,0.0005187000415725045,0.0005052423723731516,0.000553783020614564,0.0005543389619752113,0.000593797760065331,0.0005264115087844486,0.0014880735891766458,0.7491250516460415,0.0006814139089557717,0.0005982858034818685,0.0005447932549813891,0.0005688067669061812,0.000538578073877371,0.0009066143396318732,0.23944988470457793,0.0005100062036827628,0.0005259019589288202,0.0006219188119332493,0.000543349588598102
597be4108cf80c4f,Каста,0.00011326710038770989,9.10810935802148e-05,8.871799385741605e-05,9.724148592677282e-05,9.733910743591062e-05,0.0001042678771747692,9.243518547542902e-05,0.45365061730817896,0.00011023106199478098,0.00011965282183291055,0.00010505595058147209,9.566293077174636e-05,9.987958042767868e-05,9.457157366783913e-05,0.00015919686719792738,0.00011758347430422524,0.544466237659869,9.234571303763611e-05,0.00010920578512833291,9.54094291693114e-05
b1b0416ffb17661f,Каста,0.00020329213683654954,0.0001634726301885267,0.416043408787084,0.00017452931952735814,0.00017470453911689877,0.00018714029873902698,0.00016590294524950014,0.5805752153610108,0.00019784304188764194,0.00021475325295326598,0.00018855474472385795,0.00017169612019132265,0.0001792641774615798,0.00016973734533294653,0.00028572702381069766,0.00021103918264192418,0.0001607326940656268,0.00016574237943677765,0.0001960028796755864,0.000171241140066202
e411e76d01793802,Каста,9.608878651181965e-05,7.72675586908264e-05,7.526284330576819e-05,8.249364592105141e-05,8.257646814192392e-05,8.845440110225057e-05,7.841627953850538e-05,0.9983264839459506,9.35131995244021e-05,0.00010150604224166729,8.912295970605369e-05,8.1154505997342e-05,8.473165032199603e-05,8.022866227078806e-05,0.0001350527669851206,9.975053566686159e-05,7.59724892399119e-05,7.834038402889271e-05,9.26434243240753e-05,8.093945053021306e-05
7afb6c76f10f00ac,Каста,0.7133510555331372,9.290078542320681e-05,9.049047172025658e-05,9.918425135192352e-05,9.92838301056888e-05,0.00010635101851599784,9.428192949568863e-05,0.284752362800553,0.00011243334060079805,0.000122043337899361,0.00010715483719208821,9.757416200207956e-05,0.00010187505321486582,9.646099871872012e-05,0.0001623774407187732,0.00011993265540047387,9.134369414748432e-05,9.41906744372549e-05,0.00011138758906328366,9.731559630190736e-05
87e7fde841ab1bc9,Каста,0.301605572509927,0.2159024918733921,0.00028577995991738186,0.00031323599152880235,0.0003135504584378184,0.00033586951811255387,0.0002977538586408795,0.0008416920296425719,0.0003550782512193534,0.0003854277858473752,0.00033840809989311163,0.0003081511445559348,0.0003217338740303347,0.00030463563443341107,0.47646680665434066,0.00037876198959503875,0.00028847453823957096,0.0002974656724925151,0.0003517756065269586,0.00030733454922662683
78b94f6cab15f3e4,Slim,9.944595654876632e-05,7.996714232100894e-05,7.789238857759488e-05,8.537582695839269e-05,8.546153773404013e-05,9.154483456976675e-05,8.115600462132205e-05,0.0002294060406215977,0.9981353887203452,0.000105052474462029,9.223674899429718e-05,8.398988808174796e-05,8.769201878909954e-05,8.303170272804998e-05,0.00013977125395243253,0.00010323563884893329,7.862683097187568e-05,8.107745338754533e-05,9.588021365886053e-05,8.376732382739487e-05
f1975cf4bd532a7c,Slim,0.00019025894134879512,0.00015299228995722407,0.0001490228916166366,0.00016334012689680824,0.00016350411241564274,0.00017514261681529498,0.00015526679777072913,0.7898057030989678,0.03703910171541302,0.0002009852735714466,0.00017646637532779268,0.0001606885644397216,0.13897070603014894,0.031382658657693865,0.0002674088819954306,0.00019750933063450432,0.0001504280098802927,0.00015511652015488,0.0001834370040669056,0.00016026276088424942
2ca4cf8c8dc4bdc7,Slim,9.218843435709928e-05,7.413118111408399e-05,7.220783993550373e-05,7.914513806982687e-05,0.9982609701774119,8.486393886420532e-05,7.523327768466578e-05,0.0002126682656103437,8.971739547169365e-05,9.738579637555815e-05,8.55053581806171e-05,7.78603494803719e-05,8.129229497952177e-05,7.697209330306275e-05,0.00012957082010716918,9.570155043901029e-05,7.288868039008329e-05,7.516045990120636e-05,8.888292317281496e-05,7.765402515127929e-05
03dde72955c52cc2,Slim,0.0001823566234049704,0.00014663783057164914,0.00014283330547738333,0.0001565558620210859,0.00015671303724166063,0.00016786814143216578,0.00014881786732468346,0.6438504406010849,0.00017746869377899358,0.00019263744861648,0.00016913692279332793,0.0001540144430416139,0.00016080312909164896,0.0001522573867659841,0.35322987461154604,0.00018930586071957362,0.00014418005599249785,0.0001486738324822384,0.000175818026544899,0.00015360632006816336
0e77f9af7bf441c5,Slim,9.944595654876632e-05,7.996714232100894e-05,7.789238857759488e-05,8.537582695839269e-05,8.546153773404013e-05,9.154483456976675e-05,8.115600462132205e-05,0.0002294060406215977,0.9981353887203452,0.000105052474462029,9.223674899429718e-05,8.398988808174796e-05,8.769201878909954e-05,8.303170272804998e-05,0.00013977125395243253,0.00010323563884893329,7.862683097187568e-05,8.107745338754533e-05,9.588021365886053e-05,8.376732382739487e-05
234e5e9c76b183c6,Slim,9.944594928945112e-05,7.996713505843402e-05,7.789238131467275e-05,8.53758196967229e-05,8.546153047238467e-05,9.154482730912931e-05,8.115599735894609e-05,0.00022940602610807374,0.9981353888873802,0.00010505246720365202,9.223674173377554e-05,8.398988081984623e-05,8.769200425186015e-05,8.303169546598791e-05,0.00013977123942390845,0.0001032356243142951,7.862682370907645e-05,8.107744612515622e-05,9.58802063989486e-05,8.37673165654559e-05
df9b217946257877,Slim,0.0007921669054321291,0.0006370025599087593,0.0006204754831423353,0.0006800870581651521,0.050934809487229844,0.0007292281803141532,0.6568039449213084,0.0018274144887770157,0.0007709334479633941,0.0008368273179935662,0.0007347398058453029,0.0006690469850878509,0.0006985373743698923,0.0006614142140595407,0.2211603653478909,0.0008223547971562679,0.000626325877280095,0.000645847039886176,0.058681204670350276,0.0006672740378389278
f2c3371bd8ed8373,Slim,9.944595654876632e-05,7.996714232100894e-05,7.789238857759488e-05,8.537582695839269e-05,8.546153773404013e-05,9.154483456976675e-05,8.115600462132205e-05,0.0002294060406215977,0.9981353887203452,0.000105052474462029,9.223674899429718e-05,8.398988808174796e-05,8.769201878909954e-05,8.303170272804998e-05,0.00013977125395243253,0.00010323563884893329,7.862683097187568e-05,8.107745338754533e-05,9.588021365886053e-05,8.376732382739487e-05
836171949664a056,Slim,9.944594928945112e-05,7.996713505843402e-05,7.789238131467275e-05,8.53758196967229e-05,8.546153047238467e-05,9.154482730912931e-05,8.115599735894609e-05,0.00022940602610807374,0.9981353888873802,0.00010505246720365202,9.223674173377554e-05,8.398988081984623e-05,8.769200425186015e-05,8.303169546598791e-05,0.00013977123942390845,0.0001032356243142951,7.862682370907645e-05,8.107744612515622e-05,9.58802063989486e-05,8.37673165654559e-05
f5af49cb40118749,Slim,0.08552627252203067,0.11011396545611375,0.00043477855152010864,0.0004765494785113105,0.0004770279164211264,0.1813553577866624,0.0004529953390536334,0.6148492623951993,0.000540207244578321,0.0005863803009257561,0.0005148456406793029,0.0004688134759871644,0.0004894779249753657,0.0004634650937103252,0.0007801730620473624,0.0005762390703353701,0.00043887803011752574,0.00045255686070645376,0.0005351827006506832,0.0004675711497739883
6c289a05f0d013a1,Slim,0.00013444180820397736,0.00010810824122430491,0.00010530336692766821,0.00011542028008374093,0.00011553615698108239,0.00012376022254703337,0.00010971547110720957,0.24333967997963726,0.00013083818658138008,0.0001420213039809931,0.653442541201445,0.00011354662646920546,0.00011855156110470484,0.00011225124411989713,0.00018895790845444444,0.08021402108279702,0.00010629625862457958,0.00010960927850914988,0.021056154084673925,0.00011324573652743358
b262bf92c45316ed,Slim,0.00037262713501254904,0.00029963940899645046,0.12717250851520723,0.00031990592091637923,0.0003202270817072385,0.0003430214069928292,0.00030409409979577053,0.0008596231928695464,0.0003626391362802402,0.0003936349215444565,0.00034561400548947915,0.00031471277857682614,0.0003285847419545131,0.00031112241339299653,0.0005237273062742576,0.8661567559838028,0.00029461719346475566,0.0003037997727384113,0.00035926617672465874,0.00031387880825855955
01210b6f1d669301,Slim,0.00024092416556035457,0.00019373353940456623,0.0001887071200485455,0.00020683696805300094,0.00020704462382800193,0.00022178242129617637,0.00019661375556284376,0.0005557885426591718,0.11138487620806861,0.0002545068759610971,0.12219589674275633,0.0002034793182351574,0.00021244831603774904,0.00020115795368046344,0.7624639626100848,0.0002501053011266438,0.00019048641135344533,0.000196423445666175,0.0002322855689050227,0.00020294011171189975
66c10a62ccc98432,Slim,0.00023588827136676845,0.00018968404112363585,0.00018476268599258277,0.0002025135751955608,0.00020271687997282099,0.00021714661516359304,0.00019250404180221775,0.0005441691378539876,0.00022956545059342985,0.0002491870755308189,0.0002187878526772489,0.0001992260943101589,0.00020800763541671847,0.00019695326011427396,0.5835414252461545,0.4123825112355128,0.00018650478281560736,0.00019231771910749017,0.00022743023383928489,0.0001986981654565177
c5d8378c5a0f9f7c,Slim,0.00018155634263797432,0.00014599428812885502,0.00014220646859548772,0.00015586880945025374,0.00015602530073237312,0.00016713143783891754,0.00014816476429523368,0.9411615468575235,0.00017668986248650211,0.00019179204246246056,0.00016839464582914801,0.00015333853721260837,0.0001600974210076752,0.0001515891934346001,0.0002551773854591051,0.00018847507920727227,0.0001435473110463939,0.00014802135518371363,0.05585145069334721,0.00015293220412067795
b2d8fcb325dcbefc,Slim,0.00020576183295930372,0.0001654585792016315,0.00016116575041840643,0.0001766495821048468,0.0001768269408162069,0.00018941377773258058,0.06652130497344394,0.051445560722477,0.00020024654165021468,0.00021736218116532178,0.00019084539489894165,0.00017378196764641744,0.00018144197804929546,0.0001717994005152709,0.8789066306239768,0.0002136030001227431,0.00016268536300055307,0.00016775590420336548,0.00019838402779841837,0.0001733214578187425
e1b57f0e6c048da1,Slim,0.000364882719653791,0.0002934119439763951,0.0002857993418803028,0.00031325723602272084,0.0003135717320342605,0.0003358923050153856,0.0002977740263574382,0.9936450743807665,0.0003551023186108613,0.0003854539194846643,0.0003384310323045395,0.0003081720107211962,0.0003217557005655318,0.0003046562968864775,0.0005128425865997125,0.0003787876575987535,0.00028849409481427105,0.0002974858402102732,0.0003517994702053857,0.00030735538629145443
365fe78f76f4e71e,Johnyboy,0.0002600411804375867,0.00020910604016474815,0.9950748158969634,0.00022324920336133023,0.00022347333190762074,0.00023938055061803652,0.0002122147941967657,0.0005998965705665009,0.0002530709601812764,0.0002747016495484709,0.0002411898334738954,0.00021962512247502192,0.00022930581093605655,0.0002171195597410363,0.0003654877970467972,0.00026995079957582187,0.00020560125585177382,0.00021200937940911237,0.000250717130232135,0.00021904313331255325
1a723514c466040f,Johnyboy,0.00011914038490580839,9.580395450145417e-05,9.33183203646937e-05,0.00010228378324586042,0.00010238646882198409,0.3681339428941324,9.722825939439625e-05,0.40543392857701643,0.00011594690932688872,0.053695008453131084,0.030919795460374055,0.00010062337355980465,0.10324174279900761,9.947543132809023e-05,0.00016745176204702929,0.037075365608983904,9.419820180171182e-05,9.713415217115642e-05,0.00011486847430899911,0.00010035673157665405
99c150eef02b4abf,Johnyboy,0.0002132870243313298,0.00017150978906959992,0.00016705995930458312,0.00018311006554897995,0.00018329389987783784,0.00019634107316069614,0.21445196464720773,0.3917846333965715,0.0593339226936091,0.00022531162006941065,0.00019782506279281833,0.00018013758974332676,0.10823666094297206,0.00017808251024846187,0.11171423403087662,0.029250166591766026,0.08277326836924331,0.00017389112247509522,0.00020563938237323288,0.00017966022875829908
9e26b73e76cbb437,Johnyboy,0.0011894131274760987,0.0009564388280473826,0.0009316239709553952,0.0010211288431228047,0.0010221539964435904,0.0010949126410341541,0.0009706580864489348,0.002743810872304848,0.0011575318603714276,0.0012564694003755373,0.8595621558828072,0.0010045524654999705,0.0010488313822636325,0.0009930921920093838,0.0016717198252286256,0.001234739316471624,0.000940408147243897,0.0009697185565970837,0.11922875009253897,0.0010018905127594428
6ea2e2dec4ca777b,Johnyboy,0.9978027228827554,9.436867604270486e-05,9.192027282424364e-05,0.00010075142209346321,0.00010085257244900828,0.00010803143189731191,9.577164064182087e-05,0.0002707282936081015,0.0001142098617968646,0.00012397170056607237,0.00010884795435451075,9.911589607769587e-05,0.00010348474451583677,9.798514686140302e-05,0.00016494309518538843,0.00012182766518484041,9.278697755753186e-05,9.567894494842107e-05,0.00011314757933684272,9.885324130249652e-05
79a86ff2bee68fe0,Johnyboy,0.17790399699434656,0.0003395406853335999,0.00033073127515578673,0.00036250596716584015,0.00036286991060043326,0.0003886995916995791,0.00034458857058506466,0.21556445033160948,0.0004109297107043246,0.0004460530606624666,0.0003916374490415676,0.3365635597028278,0.00037234050166165994,0.00035255280544575795,0.0005934690691642777,0.13932269651090964,0.00033384969267916,0.0003442550697600345,0.12491559684271465,0.0003556762579322807
10c9a31c3b49dafa,Johnyboy,0.000260041152003548,0.0002091060115995164,0.9950748184599661,0.00022324917483252684,0.00022347330337939462,0.00023938052213078246,0.00021221476563954114,0.0005998945348439835,0.00025307093172928453,0.00027470162115219297,0.00024118980499130148,0.00021962509393688403,0.00022930578242285308,0.00021711953119644487,0.00036548773978053236,0.00026995077116730723,0.00020560122727751481,0.00021200936540327058,0.00025071710177408045,0.00021904310477291632
6632eb20d0583950,Johnyboy,0.00013356988164147382,0.00010740709689984715,0.00010462041259959728,0.00011467171807669117,0.013221420377440868,0.00012295756349079394,0.00010900390027684222,0.6220493488519678,0.012251245885136621,0.027376370500341404,0.00012388690694156617,0.00011281021537974201,0.25490857412657963,0.00011152322953278993,0.04697335191133422,0.021723440298286132,0.00010560686503778896,0.00010889839889863073,0.00012878058473192767,0.00011251127540559047
39cbc95c4e6433ca,Johnyboy,0.0002225562299329655,0.00017896339598164944,0.00017432018582770026,0.00019106782353143007,0.0001912596468612304,0.00020487383548420052,0.00018162402427407108,0.9961238826253259,0.00021659077466909546,0.00023510341401684602,0.0002064223046485195,0.00018796615583075566,0.00019625137535448452,0.00018582177123792408,0.0003128027037618767,0.00023103739097814492,0.00017596382450930752,0.000181448222601539,0.0002145762368045152,0.00018746805836787178
dadfb001f06b4630,Lil'Stop,0.0002032280824602846,0.0001634211189452928,0.00015918114241715234,0.0001744743159960417,0.0001746494773806407,0.00018708133728245665,0.00016585067734438562,0.9964605084735442,0.00019778070455281802,0.0002146855753279575,0.00018849531762795104,0.00017164201883478538,0.00017920768970838203,0.00016968386967836804,0.0002856370100968409,0.00021097268366411547,0.00016068204134287516,0.000165690155184918,0.00019594112438881678,0.0001711871842217567
c2e30deaa0101891,Johnyboy,0.00026414266632000897,0.00021240416741793013,0.00020689332868103713,0.00022677039847720693,0.00022699806316352675,0.0002431561731924018,0.00021556194719396648,0.6258466681846102,0.0002570625201301212,0.00027903439607870293,0.00024499397800092785,0.00022308915726963993,0.00023292252548903943,0.00022054407125856427,0.08832108655463852,0.28187730492700636,0.0002088440999938713,0.00021535330185855876,0.0002546715534346616,0.0002224979857847091
f217536ac2091384,Johnyboy,0.0005454811876525411,0.0004386359568920576,0.00042725551463052464,0.00046830364637265347,0.0004687738187760687,0.0005021419149562767,0.00044515707787001096,0.0012583806545796907,0.9897721881066478,0.0005762340426072156,0.0005059372292515271,0.0004607015217685749,0.00048100842939834663,0.0004554456898799733,0.0007666735692845529,0.0005662683085077137,0.0004312840379303288,0.0004447262247434149,0.0005259223649164484,0.00045948070333427836
b5cbc42722a9c8ed,"H1GH ""Клетка""",0.0003693890370368654,0.0002970355719337934,0.00028932896453437353,0.00031712594715639614,0.0003174443430783652,0.33934633731309066,0.0003014515545692794,0.4195467156643151,0.0003594878260824179,0.00039021428401721215,0.07094508783224181,0.00031197794493870114,0.16473683092550095,0.00030841877911699675,0.000519176157532168,0.00038346568745540265,0.0002920570122259434,0.000301159759549749,0.00035614417413659845,0.00031115122148719703
fc1c659259ca24dd,Rate1.2,0.000100891196123994,8.112929448214123e-05,7.90243962619359e-05,0.018674690828313717,8.670354401830843e-05,0.035788283809757626,0.025101673599878256,0.2795675479545271,0.1123887110190331,0.00010657919070890547,0.14735852617428705,8.521051019579385e-05,8.896643238681753e-05,0.060942651642465,0.215893349471726,0.00010473595048415469,7.976950527535323e-05,8.225574372134601e-05,0.07582012042971713,0.02756917930663626
d405575232c048eb,[METEORA],0.00014116089372472838,0.00011351123971298377,0.021312023565896083,0.017691026960352,0.00012131038860822636,0.02029940969927218,0.00011519878872518174,0.3355721995764923,0.0782194558510286,0.1760711741487456,0.03763747848775742,0.00011922142506608266,0.00012447648477703608,0.00011786130138036807,0.26083963734809174,0.00014654024132766176,0.00011160869345689662,0.05099169999171659,0.0001360994181171597,0.00011890549575115111
025a0c09db762551,Johnyboy,0.0002032671893947353,0.00016345257040919166,0.00015921177884990816,0.00017450789236253346,0.0001746830974079955,0.013262645221524457,0.00016588259454056254,0.00046896686319869326,0.9831131513489915,0.00021472689448830506,0.00018853160106036186,0.00017167505669765475,0.00017924218298383973,0.0001697165145823113,0.0002856919664749273,0.00021101328967212775,0.00016071296885779095,0.00016572202872065987,0.0001959788195745695,0.00017122012020793053
66b954dac2eff82b,Для доты именно для Васи Бояркина,0.00020322806797047545,0.00016342110444331903,0.00015918112791388287,0.00017447430149744567,0.0001746494628820982,0.00018708132278771322,0.0001658506628431543,0.9964605087780527,0.00019778069006134421,0.00021468556084164965,0.0001884953031336397,0.00017164200433532383,0.0001792076752112325,0.0001696838551783081,0.00028563698108030145,0.000210972669176673,0.00016068202684006437,0.00016569014068363764,0.00019594109534486716,0.00017118716972215614
4b55a9a62445e63d,Johnyboy,0.00020559359544910507,0.00016532328492919785,0.00016103396291274248,0.0001765051498678208,0.0001766823485182292,0.00018925889794830662,0.0001677811322192757,0.9964193098511298,0.00020008281491922444,0.00021718445646791022,0.00019068935104308733,0.0001736398781042163,0.00018129361706844784,0.00017165894067451738,0.00028896174058896495,0.00021342834566507595,0.0001625523386687507,0.00016761873286487333,0.00019822181436040224,0.00017317974660007625
ffbc17c4cb080f4e,Long Star,0.9950565346367575,0.00021231219384713613,0.00020680374214372072,0.00022667219533272222,0.00022689977268609154,0.0002430508817208885,0.00021546860544552978,0.0006090843090889019,0.0002569512028550721,0.00027891355978031107,0.0002448879005527824,0.00022299255518277495,0.00023282167331616015,0.0002204485753571226,0.00037109168656671715,0.0002740898628527858,0.0002087536692616171,0.00021526004744127828,0.0002545612841228478,0.00022240164568803312
b73c6d274ae86238,Vomut & Wolfigo,0.00019678258820641963,0.00015823813143281762,0.1837261697217252,0.08757576762661512,0.00016911037620877657,0.0001811479528643872,0.00016059063761605873,0.4310264425578029,0.00019150798479545338,0.00020787672057745018,0.00018251709886107543,0.231509542714126,0.0001735240301394952,0.00016430224897485748,0.0002765778813981024,0.00020428158274376644,0.0001555859285667001,0.00016043519406342527,0.06341384113172957,0.00016575789155241568
72a861eaa4df1a54,Johnyboy,0.00017159365766689286,0.00013798303096155837,0.00013440305658462013,0.00014731569677329295,0.00014746358786726655,0.00015796030487256907,0.00014003439961514155,0.00039584984523706625,0.00016699421990606117,0.00018126768225875463,0.0001591541874882216,0.00014492426445985844,0.0001513122778735777,0.00014327091973645003,0.996856789743901,0.00017813273449166593,0.00013567032449860082,0.00013989886309548493,0.00016544097779363815,0.00014454022491828042
1b84233fb63f0359,Johnyboy,0.00023417542116178715,0.0001883066975098515,0.05413064569722463,0.00020104307087753762,0.00020124490592177114,0.00021556986806190424,0.00019110622378813063,0.0005402144208256662,0.00022789852590909037,0.00024737764494555455,0.00021719917308912884,0.00019777946951665928,0.0002064972300285131,0.00019552313707624236,0.0003291334689212945,0.9416771790831768,0.00018515053292846677,0.0001909212544119769,0.0002257788068353111,0.0001972553677896864
ea0a97ba703d1a8d,Johnyboy,0.00017676701238683481,0.0001421430624109231,0.00013845515640911366,0.00015175710423701166,0.0001519094627718355,0.00016272262592983337,0.0001442562912960349,0.0004077850718711826,0.00017202890933634316,0.9626263459063347,0.00016395251000697833,0.0001492935816890269,0.00015587417527311196,0.00014759038207189332,0.00024844598411943603,0.00018350323868629152,0.00013976063767712874,0.00014411666568556357,0.0001704288391305082,0.03422286338267626
0c5801609a3b5d16,Johnyboy,0.0002544644453550098,0.00020462162524910996,0.0001993127089730693,0.00021846148420878234,0.00021868081064415834,0.000234246890304234,0.000207663702698377,0.03783946695488017,0.00024764370171537545,0.00026881050716639327,0.0002360173633726029,0.00021491512476034332,0.9579530794826415,0.00021246330201328708,0.0003576496751663035,0.00026416154925667243,0.00020119200124816208,0.0002074627116736017,0.0002453403375865322,0.0002143456210863203
f96ea434a46e2e78,Johnyboy,0.00012395363992608426,9.96744335454945e-05,9.708836925455115e-05,0.00010641604425888202,0.00010652287713544119,0.00011410535564683939,0.00010115627677498923,0.0002859490680283605,0.000120631161475752,0.00013094184737394999,0.9611987249790553,0.00010468855744527543,0.00010930303485518606,0.036574967818831836,0.00017421680941121762,0.0001286772639668785,9.800380833580468e-05,0.00010105836422170607,0.00011950915069945034,0.00010441113975696594
8cfcdbecccb93c5a,Johnyboy,0.00016988360624300609,0.00013660793221327938,0.00013306363878001618,0.00014584759765363253,0.00014599401901872844,0.0001563861233389039,0.9967879845199387,0.00039190189140128693,0.00016533000656230814,0.00017946122534893145,0.00015756811715735765,0.00014348000114189455,0.00014980433600350412,0.00014184312902374555,0.00023877135150921177,0.00017635752023518819,0.000134318275756347,0.00013850467242304865,0.0001637922475347642,0.00014309978871621115
faf54052cb89f32f,Johnyboy,0.0001804648133215531,0.00014511656817453816,0.00014135150763119474,0.0001549317182172494,0.00015508726363336485,0.055386287902975125,0.013670909643515696,0.07458534560545078,0.00017562759680772092,0.00019063898820348223,0.00016738224911404796,0.00015241666714572904,0.8300289800328937,0.02380865165333644,0.0002536432490811848,0.0001873419608922953,0.00014268430294568605,0.0001471314553862677,0.0001739940570723429,0.00015201276420160888
87ccff8bdc844f87,Johnyboy,0.00018326137787641857,0.00014736536824555096,0.0001435419543846515,0.00015733261526465296,0.0001574905617524612,0.0001687010079927199,0.00014955621728972667,0.00042276509317457707,0.00017834918971868725,0.0001935932085794664,0.00016997609046012565,0.00015477857952039267,0.21046537150154054,0.0001530128064717363,0.15912318221570879,0.00019024510392542902,0.2742929457221143,0.0001494114693890238,0.00017669034414307443,0.35322242957244765
603608b557e95b81,Johnyboy,0.0002238690380333373,0.00018001906150424363,0.00017534846510556864,0.00019219489410356294,0.00019238783791184505,0.00020608233720698885,0.00018269537649784817,0.000516471357366907,0.0002178683968290975,0.00023649023191574538,0.00020763994482075304,0.0001890749204006361,0.00019740900443536533,0.00018691789040579062,0.9958991948251328,0.00023240022772333326,0.00017700179519997844,0.0001825185416567407,0.0002158419702492405,0.00018857388350019405
bc4a269e2432205c,Johnyboy,0.00016512463467975794,0.0001327811127853663,0.00012933610708052278,0.00014176194328135484,0.00014190426100590958,0.00015200525423022653,0.6503325409281501,0.3469263457731992,0.00016069858254993402,0.00017443394554347394,0.00015315412788601367,0.00013946067440645307,0.00014560785423277134,0.00013786965537818414,0.0002320826066015517,0.00017141718813269195,0.00013055560117774802,0.0001346247239468481,0.00015920391174807375,0.00013909111398387712
7b12478ab7945c04,L'One,0.00010990681649525422,8.837900437481034e-05,8.60860081850817e-05,0.034716769681843763,0.061964362197427195,0.00010117456878196797,8.969291861460881e-05,0.8257098705728436,0.00010696084677237752,0.00011610309469284078,0.00010193926464308766,9.282491274381903e-05,0.01235047714622596,9.176592622822393e-05,0.0001544739918105021,0.06374416432197776,8.689769945592911e-05,8.960610916524184e-05,0.0001059659905465084,9.25789271714279e-05
f6077e3d1865c34a,L'One,0.00021594817028218916,0.000173649680978268,0.00016914432063195795,0.00018539470659092086,0.0001855808255900013,0.0001987907925347441,0.00017623129264909425,0.6385126823481186,0.00021015984030695582,0.03782509707121453,0.00020029327780879083,0.00018238512308561797,0.05124003158729929,0.00018030441744968991,0.19601060798631753,0.07359679174166056,0.00017073916691360153,0.00017606072964766953,0.00020820511060339988,0.00018190181031654373
f9c8de6d498451c2,L'One,0.00027419198450781334,0.00022048507175685228,0.00021476458300424676,0.0002353978742459079,0.00023563419734546124,0.0002524070401613646,0.0002237629924733601,0.0006325355979682518,0.00026684245252702447,0.00028965025097862126,0.0002543147671136579,0.00023157658502340737,0.000241784054901972,0.000228934670303764,0.000385376735054431,0.00028464087065618036,0.00021678956928758693,0.00022354641632245785,0.9948564013701515,0.00023096291621606355
35830797c5be2857,L'One,0.00016913858926765794,0.00013600884234751044,0.0001324800904133586,0.00014520798056409908,0.0001453537616427086,0.0001557002892070914,0.00013803085995930402,0.9970542231213,0.000164604954883578,0.00017867419684935027,0.00015687710252583272,0.00014285077415567032,0.00014914737297112791,0.00014122107615650525,0.0002377242211791056,0.00017558411237523868,0.0001337292267467425,0.0001378972733849743,0.00016307393341606107,0.0001424722206540784
454778003fbf57c0,L'One,0.0002544996075028511,0.0002046499179683115,0.00019934025944610788,0.00021849166893371362,0.00021871103902890247,0.0002342792581092893,0.00020769240292764106,0.6306127133174007,0.00024767793241410705,0.0002688476486408442,0.00023604997859306138,0.00021494482920628126,0.0002244192162527208,0.0002124926571677763,0.36531253153325066,0.00026419805036060885,0.00020121981369053784,0.00020749138279530681,0.00024537424810039854,0.00021437523821020286
854dea70d2835c84,L'One,0.00019017462310910846,0.00015292448901155792,0.00014895685154540475,0.00016326774185620627,0.0001634316546116353,0.0001750649928096045,0.00015519799268979838,0.4454094286509094,0.00018507713141090835,0.00020089621115691728,0.00017638816921458067,0.08315427448293448,0.00016769708243885914,0.00015878498119851965,0.18122002015275954,0.2780550716019244,0.00015036134404389456,0.0001550477732851203,0.009657742343846422,0.00016019172924362627
08662e3bcffea5a4,L'One,0.0001932648990466499,0.00015540946306882844,0.0001513773460221565,0.0001659207760975259,0.00016608736640717927,0.00017790973411339412,0.00015771991408512756,0.9966340307008136,0.00018808457779025676,0.00020416070274285793,0.00017925441826379838,0.00016322733326084183,0.00017042210505409153,0.00016136518305424668,0.00027163376537685984,0.00020062982636844402,0.0001528046704912646,0.00015756724995702017,0.00018633517581210273,0.00016279479217382782
72a3b116ff0b7212,L'One,0.9957834601310039,0.00018109225368504735,0.00017639380484319052,0.00019334065688748252,0.00019353476485217948,0.00020731090061880308,0.0001837845176221152,0.0005195179549073829,0.0002191672170830424,0.00023790006903970796,0.0002088777923803076,0.00019020210033707856,0.00019858586474857308,0.00018803220641340954,0.00031652363183501885,0.0002337856903214767,0.0001780570011635349,0.00018360663504017832,0.00021712872693186106,0.00018969808028570712
7ac0d9073fec8ad4,L'One,0.0004995940145941583,0.0004017368573716544,0.00039131378516411706,0.00042890886545694535,0.00042933945666948173,0.00045990057702977456,0.000407709429610375,0.505129087301658,0.00048620275885152543,0.05254686750757011,0.0004633765933507807,0.00042194623901963983,0.0004405448690178904,0.0004171325232121983,0.4348528798503541,0.0005186325199277434,0.00039500342362098107,0.0004073148107357024,0.00048168051793381374,0.00042082809885103987
39fdd8742473bc16,L'One,0.00017674657970495996,0.00014212663185691628,0.00013843914789805428,0.0001517395530880211,0.00015189189706938403,0.0001627038232049112,0.00014423959878612233,0.5633551365806226,0.00017200901512339002,0.00018671110426758553,0.00016393356175042998,0.00014927630705141348,0.0001558561438691612,0.4337141564315946,0.00024841725611886414,0.0001834820201326717,0.00013974446908176193,0.00014410000228089602,0.00017040913410868154,0.0001488807423895176
2331c1dabf8639a2,gone.Fludd,0.0002360162204996232,0.00018978694470742497,0.00018486291184258372,0.00020262342051577574,0.00020282685626776383,0.00021726442092076723,0.0001926084734410432,0.6879405200802168,0.30817862855651695,0.0002493222429037823,0.00021890653160983004,0.00019933417872746153,0.00020812046408205017,0.00019706009298309888,0.00033172073648131715,0.0002450103071802769,0.00018660595460430674,0.00019242204887604179,0.00022755361335901678,0.00019880594426414477
1eff67e88f607933,gone.Fludd,0.00046659399494067196,0.00037520065888031485,0.0003654660675184154,0.00040057786119668146,0.0004009800179407386,0.00042952246566262093,0.000380778728334847,0.0010764046269949716,0.0004540872927295401,0.0004928994057559684,0.00043276888165426895,0.0003940751339106659,0.00041144526099315426,0.00038957940684683707,0.9914530284641101,0.0004843749517090128,0.0003689119902751894,0.00038041015741237347,0.0004498637738019948,0.0003930308593316014
c93c91cbc253eae6,gone.Fludd,0.00022104957295257687,0.00017775185377835967,0.0001731400759675419,0.0001897743389558454,0.00018996485260475642,0.00020348688334388142,0.00018039446668155162,0.9961501231311737,0.00021512449951843423,0.00023351180239804625,0.00020502487506045673,0.00018669366980661253,0.00019492279132913169,0.00018456379356851215,0.0003106850951640532,0.0002294733263154707,0.00017477258236099446,0.00018021985827387647,0.00021312359688790324,0.00018619893385827182
99a8e737be80e19e,gone.Fludd,0.00018235211865136425,0.0001466341948407658,0.0001428297711740341,0.000156551994595837,0.00015670916983441887,0.14447312259265374,0.00014881418818781458,0.28132087386083265,0.00017746430488071435,0.06556023004041259,0.00016913273666731683,0.00015401063353286343,0.00016079914573767422,0.00015225362071167887,0.0002562958433781256,0.0001893011821391372,0.5059745382568145,0.00014867015332886786,0.00017581368111325372,0.00015360251051265537
7f293f713523a9dd,gone.Fludd,0.00017247204991240958,0.0001386893740449913,0.00013509106405586345,0.00014806981431320229,0.00014821846211498873,0.00015876890537480358,0.0001407512492953998,0.0003978760759178698,0.00016784906689706612,0.00018219559520955063,0.00015996891441313126,0.00014566614370612613,0.21883690040759776,0.00668372857156221,0.00024240940728939943,0.7715527970428372,0.00013636482219448026,0.00014061501427627845,0.00016628787935258675,0.00014528013963464425
79bb40a04ac49d04,gone.Fludd,0.000368890473267677,0.000296634654483947,0.0002889384665719794,0.00031669793321622625,0.00031701589256767686,0.0003395816059833225,0.00030104467065303217,0.3722807808454554,0.00035900262137758695,0.00038968760509348736,0.00034214821461359487,0.0003115568579213665,0.0003252897333132913,0.00030800252348152607,0.0005184754324119028,0.0003829481183074588,0.00029166281796516824,0.0003007533122029295,0.0003556635097664859,0.6216052247113459
52b854a0d9a3dca8,gone.Fludd,0.00017761228193436014,0.00014282275889595118,0.00013911721582685245,0.0001524827706029405,0.00015263585673955889,0.0001635007378324541,0.00014494608689391095,0.37829542277706496,0.00017285150681232574,0.00018762561411635843,0.00016473650093205207,0.0001500074609060714,0.00015661953054337124,0.0001482961267008816,0.6188608535728936,0.00018438071188895698,0.00014042893991819455,0.0001448057918898104,0.0001712437967876359,0.00014960996081977214
b4fc3254e0ad7fc4,gone.Fludd,0.015307365809523096,0.00016634788377247844,0.00016203197544602504,0.00017759903027751389,0.00017777733487186237,0.0001904318387971034,0.00016882095234346806,0.6198984778928245,0.00020132282544658308,0.00021853046298980357,0.00019187115399521115,0.00017471601975537832,0.00018241718334152898,0.00017272278597538248,0.3616888951740853,0.00021475106915686476,0.00016355975172542263,0.0001686575489083959,0.00019945028523596015,0.00017425302152813718
543297f0f38ca70c,gone.Fludd,0.00021302631431265747,0.00017130012960961456,0.0001668557425207918,0.00018288624639794252,0.0001830698624373339,0.00019610108605906196,0.00017384683081597143,0.000491431783905912,0.00020731630368650797,0.00022503621191404267,0.00019758324206319358,0.00017991739419279465,0.0001878478230299583,0.00017786483229929352,0.9960978356739046,0.0002211443027576604,0.00016842900805279072,0.0001736785670448918,0.0002053880296827233,0.0001794406153122573
0bf9844fc5d9ee37,gone.Fludd,0.00017323084229665996,0.00013929954539429202,0.00013568540267378153,0.00014872124098768157,0.00014887055818779736,0.00015946742278320924,0.00014137048662977384,0.000399629085213363,0.0001685875153857012,0.00018299717089368872,0.0001606726996974272,0.0001463070055247432,0.00015275596315636933,0.00014463788631896584,0.00024347589018191011,0.0001798323185497083,0.00013696476338741372,0.0001412336549727532,0.00016701945922980243,0.996729241088535
2a23fa8e97996573,gone.Fludd,0.00018600914836511547,0.00014957490889791692,0.00014569418979213367,0.00015969161812402267,0.00015985193656586297,0.0001712304714004698,0.00015179861605363088,0.21376793479178344,0.00018102331321788006,0.00019649588367265128,0.00017252466046677723,0.00015709928187066882,0.00016402394134381807,0.7831477716835021,0.00026143579565766434,0.00019309757508383706,0.00014706791962299583,0.00015165169992502784,0.00017933958395282312,0.00015668298070118826
a5c32e33282af468,gone.Fludd,0.0002388677743393278,0.0001920799370128255,0.00018709641583117018,0.00020507152191333297,0.995494033981499,0.000219889401107681,0.0001949355609338816,0.0005510386028808919,0.00023246509230993696,0.0002523345519870852,0.0002215513606382481,0.00020174252423425996,0.00021063496596632203,0.00019944097898551402,0.0003357285726511035,0.0002479705203305617,0.00018886052979706712,0.00019474688081871263,0.0002303029107402727,0.00020120791602270069
8befe054d5e7e17c,gone.Fludd,0.9452240557540869,0.0001570604616732855,0.0001529855184306359,0.00016768346041532881,0.00016785179695107157,0.00017979977652406656,0.00015939546171869366,0.0004505759627694659,0.0001900827115987713,0.0002063296174675065,0.00018115873607311633,0.05128391979476272,0.00017223259231234506,0.00016307945325238192,0.00027451949137864565,0.00020276124088683314,0.00015442800596336166,0.0001592411823314232,0.00018831472686415293,0.00016452425453935933
4481c0eb8b97fd5b,Скриптонит,0.00014842100010794483,0.00011934927997979321,0.0001162527562731891,0.00012742162711045974,0.00012754955299051018,0.00013662873980696343,0.00012112362401418204,0.00034239030739450534,0.00014444268131654067,0.00015678861285903722,0.000137661401864966,0.00012535314522901596,0.9972035360856976,0.00012392307038700955,0.00020860565195798686,0.0001540770091178699,0.00011734888650612514,0.00012100639379126242,0.00014309920491750776,0.0001250209686775529
41d29fc78bbd2693,Скриптонит,8.858683677782148e-05,7.123503970036325e-05,6.938684473378371e-05,7.605311300779622e-05,7.612946690159454e-05,8.154849788563052e-05,7.229407708401358e-05,0.9401284982849745,8.621233545447604e-05,9.358114831810969e-05,8.21648514874553e-05,7.481852133125799e-05,0.05840675864427354,7.396496425204433e-05,0.0001245087681211167,9.196270624884951e-05,7.004108424422369e-05,7.222410420459121e-05,8.541045949853752e-05,7.462025150030657e-05
c3c1cced4a8abe0d,Truwer,0.00017319546037862103,0.00013927107685277564,0.0001356576909614605,0.00014869086580740408,0.00014884013934642027,0.00015943483532645603,0.0001413415960084511,0.00039954996667121835,0.9967525703549835,0.0001829597950130395,0.00016063987936680804,0.00014627711064424422,0.000152724743820323,0.0001446083261923726,0.00024342615755644414,0.00017979558306682213,0.0001369367896947403,0.00014120479346016769,0.00016698534355113088,0.00014588949129751245
86f56cbc22dbb477,Truwer,0.0001757938277406789,0.0001413605071121777,0.0001376929009530709,0.00015092160927672005,0.0001510731238037266,0.00016182676986019293,0.00014346209451039944,0.996938312992694,0.00017108180162072754,0.00018570465605077907,0.00016304988732311588,0.00014847164906092855,0.0001550160085171345,0.00014677783539261246,0.0002470781676204672,0.00018249297590450762,0.0001389911936029431,0.00014332324014844242,0.00016949054984122648,0.00014807820896616523
1beea0d64b06e5b8,Truwer,0.00012056112648294948,9.694641519253407e-05,9.443113831330575e-05,0.00010350350861122315,0.00010360742384447407,0.0001109823786067286,9.838770245198225e-05,0.0075386180677550685,0.00011732957518682211,0.0001273580645836777,0.0001118212019855129,0.00010182330799236965,0.00010631149728387565,0.00010066166490563995,0.0001694486234941227,0.00012515545745087785,9.53215118550632e-05,9.829247471267488e-05,0.00011623827606277759,0.9904632005832283
2d9f8338fbe2cbc7,Truwer,0.0001484209996759829,0.0001193492796324411,0.00011625275593484908,0.00012742162673961402,0.00012754955261929215,0.0001366287394093215,0.00012112362366166592,0.0003423932167809027,0.00014444268089615716,0.00015678861240272233,0.0001376614014643186,0.00012535314486419034,0.9972035331834534,0.00012392307002634595,0.00020860565135086455,0.0001540770086694468,0.00011734888616459495,0.00012100639343908748,0.0001430992045010343,0.00012502096831369403
4856d4642303611c,Truwer,0.0001484210001425018,0.00011934928000758138,0.0001162527563002563,0.00012742162714012738,0.00012754955302020764,0.0001366287398387748,0.00012112362404238333,0.0003423900746435928,0.00014444268135017135,0.00015678861289554241,0.00013766140189701778,0.00012535314525820204,0.9972035363178771,0.00012392307041586263,0.00020860565200655665,0.00015407700915374373,0.00011734888653344755,0.0001210063938194364,0.00014309920495082565,0.00012502096870666162
5c1e54d014fab51d,Truwer,0.0001757938277406789,0.0001413605071121777,0.0001376929009530709,0.00015092160927672005,0.0001510731238037266,0.00016182676986019293,0.00014346209451039944,0.996938312992694,0.00017108180162072754,0.00018570465605077907,0.00016304988732311588,0.00014847164906092855,0.0001550160085171345,0.00014677783539261246,0.0002470781676204672,0.00018249297590450762,0.0001389911936029431,0.00014332324014844242,0.00016949054984122648,0.00014807820896616523
5bbce9ddfad1cc2f,Truwer,0.0001757938277406789,0.0001413605071121777,0.0001376929009530709,0.00015092160927672005,0.0001510731238037266,0.00016182676986019293,0.00014346209451039944,0.996938312992694,0.00017108180162072754,0.00018570465605077907,0.00016304988732311588,0.00014847164906092855,0.0001550160085171345,0.00014677783539261246,0.0002470781676204672,0.00018249297590450762,0.0001389911936029431,0.00014332324014844242,0.00016949054984122648,0.00014807820896616523
718b7c30595fc3b6,Truwer,0.00017579384224910443,0.00014136052162912145,0.0001376929154709219,0.00015092162379129852,0.0001510731383182676,0.00016182678437207367,0.00014346210902682326,0.9969383127460688,0.00017108181613031875,0.00018570467055675283,0.00016304990183469404,0.00014847166357611312,0.00015501602303070008,0.00014677783535630218,0.0002470781966631721,0.0001824929904112759,0.00013899119356855912,0.00014332324011298675,0.00016949056435121133,0.0001480782234814471
9048528bb5ce8421,Truwer,0.0002358711022923572,0.00018967024766546313,0.00018474924173477933,0.00020249883598176847,0.00020270214076091022,0.0002171308283474802,0.0001924900446433596,0.0005441343347139377,0.11410637089637453,0.0002491689461532179,0.0002187719349091071,0.00019921160244846506,0.0002079925033521177,0.00019693892830259006,0.0003315167676896292,0.8817158892928603,0.00018649122215862155,0.00019230373649882076,0.0002274136904188614,0.00019868370269376427
03b5b408ada09fa3,Truwer,0.00017319545922935258,0.00013927107592861832,0.00013565769006128043,0.0001486908648207401,0.00014884013835876576,0.0001594348342684986,0.00014134159507055448,0.00039955659969290674,0.9967525637408595,0.00018295979379897816,0.00016063987830085432,0.00014627710967359716,0.00015272474280689157,0.00014460832523279906,0.00024342615594114775,0.00017979558187375744,0.00013693678878607256,0.00014120479252317886,0.00016698534244307073,0.00014588949032943752
399c0989fe308806,Truwer,0.00012058693103758759,9.696716644688458e-05,9.44513515185507e-05,0.0001035256704322118,0.00010362960747797692,0.00011100614003301547,9.840876635948756e-05,0.0002781841960678716,0.00011735468900311007,0.00012738533060120826,0.00011184513791080483,0.00010184510626381158,0.997727965727236,0.00010068321596621371,0.00016948489092619558,0.0001251822581326659,9.534192137956605e-05,9.831351680638213e-05,0.00011626315720971583,0.00010157521919075835
48d1de76f9bb6af8,Truwer,0.9976204037018872,0.00010219911434006755,9.954755197566284e-05,0.0001091114842498798,0.00010922103105462169,0.00011699556545884747,0.00010371849417932174,0.00029318805305471985,0.00012368666624810938,0.00013425851498224134,0.00011787984158580689,0.0001073402398919656,0.00011207160538789599,0.00010611566726807618,0.0001786295984111962,0.00013193656801026602,0.00010048617222354528,0.00010361810052816416,0.0001225362356234442,0.00010705579363900469
6bec2bdcab4a054d,Truwer,0.9961954950985991,0.00016339601984048646,0.00015915669844957027,0.00017444752808428669,0.0001746226603526191,0.00018705259851896106,0.00016582519971728487,0.0004687538052819481,0.000197750335215156,0.00021465261454913263,0.0001884663750372468,0.00017161566768158094,0.00017918017386479472,0.0001696578097024991,0.00028559313034402366,0.00021094029067360146,0.00016065736443808556,0.00016566470667304405,0.00019591103166815595,0.00017116089130850864
a5848639f53de2a4,Truwer,0.00022955909507316172,0.9956569463930338,0.00017980528040008122,0.0001970798835745949,0.00019727774591444763,0.00021132031135044163,0.00018733893591988855,0.0005295664090457505,0.0002234059357359542,0.00024250108489502005,0.00021291751459820925,0.00019388063129255006,0.00020242653232405082,0.00019166876985745877,0.00032264524238706884,0.00023830712215456722,0.00018150063629051316,0.0001871576045514319,0.00022132801009375875,0.00019336686150724149
9a550002b115f80c,Truwer,0.8500156973054958,0.00013413620811713597,0.00013065604557327466,0.0001432086850419153,0.00014335245793369408,0.000153556535200922,0.00013613038760260863,0.0003848137909877606,0.0001623385850635434,0.00017621412431140628,0.0001547171375042324,0.00014088392976873638,0.00014709384185208178,0.00013927668562662378,0.09114750765008059,0.00017316659011497234,0.05607991214056162,0.00013599863459024376,0.0001608286641097118,0.00014051060046321167
8c1a16b971eab123,Truwer,0.00022095878131622837,0.9958196529310911,0.00017306896531333297,0.00018969638654302626,0.00018988684195725926,0.00020340329739566376,0.00018032037185617295,0.0005097302838907837,0.0002150361388920042,0.00023341590127251796,0.0002049406631618216,0.0001866169838472044,0.0001948427281586404,0.00018448799557790958,0.00031055748902529946,0.00022937907012895417,0.00017470080208722316,0.00018014583623283015,0.00021303606600433302,0.00018612246624773312
542c06a8ff96e0ae,Truwer,0.0005812821370735036,0.0004674244767268375,0.0004552971129981694,0.0004990393017637025,0.0004995403533627281,0.0005350984859160643,0.00047437359907229106,0.001340964836850328,0.0005657012833476254,0.000614053402937929,0.0005391428710465817,0.0004909382496848945,0.0005125779394868146,0.00048533744974183727,0.9893522134416396,0.0006034335886852091,0.0004595900448675156,0.0004739144569936301,0.0005604396594811854,0.000489637308323577
3b5ebc8e69cd72bc,Truwer,0.00024907737192832456,0.00020028975162200805,0.00019509321944330622,0.00021383660866525735,0.0002140512930538858,0.00022928783105024325,0.9080524332757794,0.0005746025842651428,0.0002424010265015779,0.00026311973619838787,0.0002310208330516092,0.00021036533686962343,0.04086471402970677,0.00020796540609341639,0.0003500781622225082,0.046851705832747566,0.00019693272690392597,0.00020307068061302364,0.0002401464256914274,0.00020980786759259722
e65705b648f8235a,Truwer,0.00038922972399383927,0.11019443372236898,0.0003048694453063509,0.0003341594831248303,0.00033449496299058285,0.0003583048948559198,0.0003176431751613449,0.5204564520333844,0.00037879669889142724,0.3632943164963237,0.00036101300637741485,0.0003287349654898616,0.0003432250064963397,0.00032498464576219,0.0005470622178608308,0.00040406246261628307,0.0003077440307440517,0.00031733572228533123,0.0003752734763609854,0.00032786382960526845
807d1662f48fb003,Truwer,0.00024219990701914357,0.0001947594062628693,0.00018970635651170898,0.00020793220490861116,0.00020814096664529164,0.00022295679262723326,0.00019765485850002705,0.0005587338934549408,0.0002357079205045525,0.0002558545485914827,0.00022464194775011152,0.00020455678694156822,0.0002135732828918586,0.0002022231258382657,0.9955634394169784,0.000251429661247076,0.00019149507759582765,0.00019746355905834282,0.00023351557302350736,0.00020401471364914626
fb0e639629773bdc,Lil Morty,0.0002563011788873022,0.00020609861698794318,0.00020075138510401383,0.000220038361375851,0.9801697714881643,0.0002359377102017657,0.0002091626535151429,0.0005912538830647585,0.000249431220137066,0.00027075082235296534,0.00023772095999013458,0.00021646641938315774,0.00022600786221991083,0.0002139968867635669,0.0003602312419954616,0.0002660683073632364,0.00020264423991103717,0.00020896020728313,0.0002471112375409367,0.015211295317758347
6a132f42871b5385,Lil Morty,0.0002008457861692194,0.000161505456510048,0.00015731518906765042,0.00017242908397673462,0.00017260219355189014,0.00018488831677528598,0.00016390652240620327,0.00046333135767475937,0.9962341301952136,0.0002121689801048553,0.00018628573712684834,0.00016962999411456942,0.000177106971522855,0.00016769479320992634,0.0002822886899021573,0.00020849961299469272,0.00015879849481872254,0.00016374789198599727,0.0001936442473990091,0.0001691804854749801
d9925933ba7414d3,Lil Morty,0.00019207856335263325,0.00015445549340646048,0.00015044814383126785,0.00016490229750359508,0.00016506785462265096,0.00017681766615184165,0.00015675175624137131,0.0004431039011989489,0.00018693003817460318,0.0002029074861444403,0.996389742514527,0.0001622253857172679,0.00016937597769646064,0.00016037465881574322,0.00026996637029698644,0.00019939829222158484,0.00015186669345593215,0.00015660003799198424,0.00018519137555837771,0.0001617954930908155
1871ba50a4d1984e,Lil Morty,0.00016134073192298337,0.733391011871598,0.00012637231234243333,0.00013851339467586352,0.00013865246730052427,0.0001485219815914547,0.0001316671711065922,0.0003721909689793072,0.0001570161073512104,0.00017043672477031561,0.000149644530648581,0.00013626486231033748,0.00014227117861266624,0.00013471031063645863,0.00022676433917860446,0.00016748908944005667,0.00012756385201518345,0.0001315397400116718,0.0001555556774452823,0.26369247268806245
aadd0e31e186e170,Lil Morty,0.0002456712705503465,0.0001975508193401434,0.00019242535795775862,0.0002109124324776795,0.00021112417741073276,0.0002261523633063512,0.00020048777438504782,0.0005667301401107888,0.00023908623741824187,0.5045352329170862,0.00022786166049048288,0.0002074886139714898,0.22816552301138912,0.00020512151196612667,0.00034529089508854755,0.00025503330406416246,0.00019423970542514998,0.00020029372458212945,0.0002368624717877378,0.2631369116111918
57d61aff10926789,Lil Morty,0.0001556561889627239,0.00012516729592273928,0.00012191981810804539,0.00013363314818799885,0.0001337673022801444,0.00014328908505721196,0.00012702813643550694,0.0003590808098884621,0.00015148393703415104,0.00016443170595093143,0.00014437209668036424,0.00013146383620920432,0.00013725852464885045,0.00012996404322656178,0.00021877472161494873,0.9970915443463503,0.00012306939018433507,0.00012690518731688912,0.00015007496254473772,0.00013111546339588786
263efc3d65ecfbbf,Lil Morty,0.00019526555764760569,0.0001570182351375547,0.00015294438282998962,0.00016763836834771516,0.00016780667579857048,0.00017975144074281856,0.00015935259516145284,0.0004504564258338946,0.00019003159755886414,0.00020627413968131203,0.0001811100220949976,0.00016491704379561847,0.00017218629294768592,0.00016303561213138414,0.0002744456567489105,0.0002027067231254906,0.00015438647762332886,0.00015919835941256684,0.00018826409283849514,0.9963132103005418
d79fa32030b0136c,Lil Morty,0.0001758497965483061,0.00014140550335622968,0.00013773673299922264,0.00015096964698753585,0.00015112121972404833,0.00016187828561160306,0.00014350776016815506,0.0004056626305084921,0.00017113627152368048,0.0001857637681928381,0.00016310179599113788,0.0001485189154903892,0.8446093696848384,0.00014682454882866016,0.00024715683828429214,0.00018255106937337313,0.00013903543311853857,0.0001433688621487607,0.00016954451040776078,0.1522254967258986
4db3249b37e5ce10,Lil Morty,0.00016369475083102204,0.00013163130927814072,0.00012821612040809602,0.00014053435989021905,0.00014067545525552627,0.0001506889770332358,0.0001335882507722121,0.0003776264075266626,0.00015930702839515507,0.00017292344419112484,0.00015182791174409602,0.00013825302711279076,0.7272242062995449,0.00013667577417808368,0.00023007290245836265,0.00016993282198549882,0.00012942506438076454,0.0001334589424578433,0.06472848137997426,0.20525877977258208
839bbf987aab97ff,Lil Morty,0.00013915365185562358,0.00011189716038053332,0.00010899398079356089,0.00011946547256808894,0.00011958540944263258,0.4437977571181231,0.00011356072062816171,0.000321011757759806,0.00013542374893492479,0.00014699879237767093,0.00012906588677525692,0.00011752615355164209,0.1711181993625463,0.00011618536930671356,0.00019558041521331818,0.00014445651480787352,0.00011002167333450452,0.00011345080274635326,0.0001341641498177661,0.3827075018590362
0b2e85711ee5fd1a,Lil Morty,0.0001985644020781806,0.00015967093411677936,0.0001555282661472591,0.00017047047698999157,0.0001706416366019709,0.00018278819194266125,0.00016204472963316595,0.00045805999620663647,0.00019324203954787647,0.00020975898575962293,0.0001841697361019628,0.0001677031831682545,0.9962587679246815,0.00016578995572865294,0.00027908219383016817,0.00020613129547317834,0.0001569947207245082,0.00016188788910452174,0.00019144465989529816,0.00016725878226787728
d7a222dbbc1ee932,Lil Morty,0.0001354331966346839,0.00010890544691950279,0.00010607988686461091,0.00011627140845024349,0.00011638813664333265,0.00012467284065799538,0.00011052452218217014,0.00031242881865554473,0.0001318030174960198,0.00014306858688761443,0.00012561514996965636,0.00011438393765141252,0.00011942577632000119,0.00011307900187242182,0.00019035131219158433,0.0001405942809778059,0.00010708009824948785,0.23528009187882643,0.00013057709134420327,0.7622732256112053
929a3efb7658dadb,Lil Morty,9.781142242777004e-05,7.865277167693351e-05,7.661212029509416e-05,8.397255879912812e-05,8.405686531709426e-05,9.004017609505859e-05,7.982209078475588e-05,0.00022563759506593405,9.518966215921269e-05,0.00010332579047772579,9.072071093914323e-05,8.260940091119563e-05,8.625067560142667e-05,8.166696798182653e-05,0.0001374739174786461,0.00010153881534935062,7.733449189401657e-05,7.974483466947458e-05,9.430428728748495e-05,0.9981532348447887
2d63fb024fe7cc4f,Нигатив,0.00020339002089583786,0.00016355133613089214,0.00015930799831539552,0.00017461335110768552,0.00017478865800296428,0.00018723041260587672,0.00016598282981720606,0.6602295198342157,0.00019793830678109222,0.00021485665181213704,0.00018864552793237117,0.0001717787985365512,0.00017935049353714325,0.00016981907786799583,0.3365140327864698,0.00021114080628907504,0.00016081009042557732,0.00016582217669826546,0.00019609725696262387,0.0001713235855957269
6c66cb977e666677,Нигатив,0.0003652765918903726,0.0002937286365771415,0.0002861078275973609,0.00031359537711287745,0.0003139101932501714,0.00033625486304035356,0.00029809546265535154,0.0008426694053430393,0.0003554856266663966,0.00038586999687243893,0.00033879632595734145,0.00030850468055608965,0.0003221030089196419,0.00030498512519886524,0.0005133961147437287,0.9931747419638518,0.00028880551987785013,0.00029780692727723076,0.0003521791986618027,0.0003076871539501372
33cbcd5eadf62e80,Гарри Топор,0.5354899705617939,9.939498596146238e-05,9.681617560836993e-05,0.00010611769423720731,0.00010622423608338901,0.00011378545480927146,0.00010087267472911472,0.4624808678220048,0.00012029296208901038,0.00013057474137267774,0.00011464546571392421,0.00010439505308318927,0.00010899660145882152,0.0001032040734221947,0.0001737283727518475,0.00012831651698452497,9.772904634451283e-05,0.00010077504593091312,0.00011917410171910049,0.00010411841390175962
70393205683c0e37,Lebron(п.у.А-ki),0.00021453276911052895,0.00017251152753555956,0.00016803570807138703,0.00018417955767634518,0.00018436446884604384,0.03607105875067949,0.00017507622959769408,0.6167259837799967,0.2390298473219188,0.07561011657920431,0.0001989804984606161,0.00018118972145014778,0.0001891762337940964,0.00017912263663512242,0.00030152575466344206,0.00022270817984857994,0.0001696200913510323,0.0001749067725605381,0.00020684046736144676,0.029640222951238138
a78caeaafdeb9f36,Дино (Триада),0.00026645187099392625,0.00021426105680095114,0.00020870203687406338,0.0002287528703638134,0.00022898254320611474,0.15749757520688487,0.00021744644144481372,0.5221707604194169,0.11317948725528847,0.0002814737816422193,0.0002471357781416113,0.00022503945500616085,0.00023495879558148915,0.00022247211920967984,0.000374498020309972,0.20329275543307723,0.00021066986296027819,0.00021723597712762404,0.0002568979580569349,0.00022444311761292068
4549f500051846fd,Рем Дигга,0.00010883710708081945,8.751881449393292e-05,8.524814105486577e-05,9.343826404070728e-05,9.353207295655835e-05,0.00010018985025761717,8.88199448116237e-05,0.4395711454370877,0.00010591980477573832,0.12719557410776003,0.29843152746271634,9.192145252449218e-05,9.597318569243866e-05,9.087278336884289e-05,0.13327509849587155,0.00011298466460475437,8.605193059584938e-05,8.873397937760674e-05,0.00010493463289835107,9.167786803020358e-05
3303b33b86f234bf,"Bahh Tee ""Небо не предел""",0.00020566494535438677,0.00016538066463057211,0.000161089858279855,0.0001765664004800764,0.00017674367189166702,0.00018932458701039333,0.00016783935595402906,0.9964180672306083,0.00020015224392170924,0.00021725982280693503,0.00019075553488326748,0.00017370013916024525,0.00018135652664247543,0.00017171850322064773,0.0002890620059060306,0.00021350241684957324,0.0001626087433666712,0.0001676768983904929,0.00019829060306173545,0.00017323984758086395
56c5919aeefd1548,Лион,0.00022540286221970284,0.00018125244230112248,0.0001765498457564726,0.00019351168774128753,0.0001937059703457795,0.00020749428725865828,0.00018394709298547555,0.6260863631954087,0.0002193610966807019,0.0002381105103394286,0.03048613048255543,0.016441910128437126,0.00019876153811764505,0.32364753249852324,0.0003168036380994449,0.00023399249328602664,0.00017821451196431152,0.00018376905031706426,0.00021732078736355618,0.00018986588029883337
7eb92ab2eabdff35,Guf,0.0001353530072813252,0.00010884096355884433,0.0001060170774509754,0.00011620256554807592,0.00011631922823784993,0.0001245990268591584,0.00011045908539786836,0.0003122459647783978,0.00013172496788674037,0.00014298388515217376,0.00012554076848712584,0.00011431620828924345,0.0001193550629644738,0.00011301205125790548,0.0001902386045929791,0.997470909595255,0.00010701669931451425,0.00011035217249007621,0.00013049978408945548,0.00011401328110787566
e15d128f68def219,Guf,0.0001270823204804397,0.00010219027676403685,9.953894007271872e-05,0.00010910204973666722,0.00010921158198460312,0.00011698544665357246,0.0001037095255682092,0.00029316752176175847,0.0001236759650674488,0.0001342468965588581,0.0001178696427055132,0.00010733095825295416,0.0001120619160839887,0.00010610648754715272,0.00017861415085280896,0.9914203446143903,0.006305580388847339,0.00010360913919749232,0.00012252563635755986,0.00010704654111652431
d1dbcc5e9939edac,Луперкаль и Вадяра Блюз,0.40491729859742087,0.00012881335457995662,0.00012547128922450529,0.00013752581839183224,0.00013766388695296485,0.00014746304405528106,0.00013072840102953647,0.4553551325810184,0.0798340229758742,0.00016922153170277735,0.00014857758970933968,0.049333807035138476,0.00014125679820394782,0.00013374984406126997,0.00022514753534487678,0.0001662949089434237,0.00012665434529022203,0.00013060187213629782,0.008375633799045983,0.0001349347918758218
268496d932185c36,Нигатив,0.00019118122412366343,0.00015373391130398212,0.00014974527539531168,0.00016413190852890953,0.00016429669440044326,0.00017599161638822596,0.00015601944943264347,0.5364989696778953,0.0001860567531375738,0.00020195955016688878,0.00017732177772213236,0.00016146749677332724,0.00016858469227919425,0.4603309766121805,0.00026870513319876706,0.00019846674161611033,0.00015115720393269285,0.0001558684442234501,0.0001843262104481941,0.00016103962685274208
27c1f718b1cd1323,Нигатив,0.00011821810800059101,9.506233644947315e-05,9.259593960653767e-05,0.00010149199834754437,0.00010159389085825586,0.00010882551608274314,9.647561118441233e-05,0.3919043253795502,0.0001150493629672114,0.00012488295067727745,0.00010964804126543389,9.984444505273665e-05,0.00010424540989128219,9.870538660912099e-05,0.6062029020901777,0.00012272315541309598,9.346901086691427e-05,9.638223154413303e-05,0.00011397927332601178,9.957986212932102e-05
c96eba1297b8b121,Нигатив,0.0001504128460964372,0.00012095097566913275,0.00011781289908576206,0.00012913164695131323,0.00012926128995252006,0.00013846233416355032,0.00012274913384565384,0.16879549607186933,0.0001463811364785945,0.00015889274110881364,0.8287243699996665,0.00012703541464579676,0.00013263490381476984,0.0001255861458817164,0.00021140519972392258,0.00015614477223409182,0.00011892374126351773,0.00012263033202032522,0.00014501963030742897,0.0001266987852208425
8675ef238cd095d7,Нигатив,0.00014860657835272703,0.00011949850799674443,0.00011639811352930318,0.0001275809540298478,0.0001277090399789574,0.00013679957714675083,0.00012127507844630646,0.965755337214825,0.00014462328286877227,0.00015698465379950186,0.00013783353430899624,0.00012550988193996764,0.0001310421413829115,0.0001240780172348396,0.03186534500481101,0.0001542696740565712,0.00011749561890101935,0.00012115769543011781,0.0001432781330205795,0.00012517729794009263
f82fe071ec370ee6,Нигатив,0.0002545278682435648,0.08199841851789604,0.00019936241449059483,0.00021851594643705773,0.43789588132356316,0.00023430529464610645,0.00020771548836981169,0.4760961614248041,0.0002477054372106395,0.0002688775376071983,0.00023607620410869421,0.0002149687142006798,0.00022444414793585307,0.00021251626594733227,0.000357738845431039,0.00026422741597289823,0.0002012421722537032,0.0002075144391559089,0.0002454014912175611,0.0002143990505081022
b071b61cb8cc18ee,Нигатив,0.00018241539997298456,0.0001466850934536095,0.00014287933111411003,0.00015660632719103403,0.00015676356063300357,0.0001679222455693881,0.00014886582888906647,0.6000244538354723,0.00017752589831305574,0.00019269954391950468,0.00016919143449504277,0.00015406409308224003,0.00016085494796083975,0.00015230646912838477,0.03719037349664026,0.00018936687888975733,0.00014422653285627547,0.00014872175037828993,0.3600404215074869,0.0001536558245539756
7f1fb3ffeb343eab,Нигатив,0.00013646193114792091,0.00010973267635918251,0.0001068856597792989,0.00011715458928965136,0.00011727221241420673,0.00012561985265881052,0.00011136405510916297,0.9976233311122371,0.00013280417648194102,0.00014415532459449826,0.0001265693068694675,0.0001152527850373605,0.00012033291658193317,0.00011393793953064721,0.0001917972011329082,0.00014166221785016445,0.00010789346716692815,0.00011125626907878049,0.0001315689372232644,0.00011494736945673842
cd519115fa1d4978,Нигатив,0.0002105741088390785,0.00016932825169308378,0.00016493501436678652,0.00018078098619865484,0.0001809624776674926,0.38020848460244777,0.0001718456309160348,0.616317926688678,0.00020492981438009064,0.00022244574928703505,0.00019530880202332882,0.00017784631629574947,0.00018568546136035999,0.00017581737205929124,0.0002959618285990229,0.0002185986452854235,0.0001664901773939424,0.00017167930254137034,0.00020302374650370825,0.0001773750234637059
beac7d2e8787fb65,Нигатив,0.00023424214487390615,0.00018836035582939386,0.0001834733286515605,0.00020110035200551838,0.00020130224524761198,0.00021563128122841692,0.00019116068232707042,0.44124251055012326,0.554905809554692,0.00024744815151455464,0.00021726106638972573,0.00019783581948053998,0.00020655606794657918,0.00019557884686541584,0.00032922725458475315,0.00024316863760405033,0.00018520328918252279,0.00019097565475223837,0.0002258431444410555,0.0001973115722598636
5d653405a90c0de5,Нигатив,0.00021573369662576886,0.00017347721132474617,0.00016897633373261805,0.0001852105643089518,0.0001853965086534746,0.00019859334752973362,0.00017605627597245825,0.2362750409501448,0.00020995111563898748,0.5617323259960412,0.00020009436280545614,0.00018220397900873265,0.00019023520890627707,0.0001801253400977395,0.11241853763459884,0.08657186652519569,0.00017056959358495116,0.0001758858730710369,0.00020799832167175966,0.00018172116108676348
4f06d5260adab06c,Рем Дигга,0.00018894126953309642,0.00015193271295565534,0.00014799081795273573,0.9964356810874069,0.00016237173160517233,0.00017392963230751426,0.0001541914754720301,0.00043586030067876736,0.00018387683994714263,0.00019959331363971787,0.00017524422304075437,0.00015957569790212128,0.00016660951065886756,0.00015775519535511702,0.0002655569032733796,0.0001961414397613652,0.0001493862009079749,0.00015404223105041227,0.00018216658269442235,0.00015915283385689973
e89da93ad787401e,Рем Дигга,0.00018894126953309642,0.00015193271295565534,0.00014799081795273573,0.9964356810874069,0.00016237173160517233,0.00017392963230751426,0.0001541914754720301,0.00043586030067876736,0.00018387683994714263,0.00019959331363971787,0.00017524422304075437,0.00015957569790212128,0.00016660951065886756,0.00015775519535511702,0.0002655569032733796,0.0001961414397613652,0.0001493862009079749,0.00015404223105041227,0.00018216658269442235,0.00015915283385689973
30f836d82576011f,Рем Дигга,0.00015654403441557382,0.0001258812306530187,0.00012261524271868116,0.1102732777942337,0.00013453030628962442,0.00014410639705906937,0.00012775269411173282,0.33004781918475934,0.00015234798999835993,0.00016536961021772968,0.5494589957889194,0.00013221369978002573,0.00013804143576810066,0.00013070535023267885,0.007993094908864053,0.0001625096061335598,0.00012377136318637253,0.00012762904649802356,0.0001509309828155244,0.00013186333334536902
f15419261b95ff3a,Рем Дигга,0.23904859044505633,0.00010585136260242716,0.00010310504540822211,0.022693221910931406,0.0001131242126326645,0.00012117658685342072,0.0001074250356567612,0.6273634978842877,0.00012810679752302715,0.00013905645776695578,0.0783187740737754,0.00011117621342555759,0.00011607666496077837,0.00010990787590101367,0.0001850132057561337,0.030786701097017057,0.00010407720783266746,0.00010732106223317724,0.0001269152577231808,0.00011088160265618472
d0bdc456b527a45d,Рем Дигга,0.000254448064166292,0.00020460847374961596,0.0001992999066304997,0.0522193620248839,0.00021866675716171777,0.00023423183300071422,0.3540304459044109,0.589744732965788,0.0002476277860735455,0.0002687932239995381,0.00023600218968345568,0.00021490131859730368,0.00022437378477407595,0.00021244964132827976,0.00035762668913867044,0.0002641445570501514,0.0002011790825217892,0.0002074493855987741,0.0002453245674252233,0.00021433184401756044
2684031d69a892c6,Рем Дигга,0.00018894126953309642,0.00015193271295565534,0.00014799081795273573,0.9964356810874069,0.00016237173160517233,0.00017392963230751426,0.0001541914754720301,0.00043586030067876736,0.00018387683994714263,0.00019959331363971787,0.00017524422304075437,0.00015957569790212128,0.00016660951065886756,0.00015775519535511702,0.0002655569032733796,0.0001961414397613652,0.0001493862009079749,0.00015404223105041227,0.00018216658269442235,0.00015915283385689973
e9ec9108f57e8c8e,Рем Дигга,9.169691044375028e-05,7.373593343044059e-05,7.182285143289243e-05,0.9982701667116475,7.880219703113119e-05,8.441146532306142e-05,7.483215098097305e-05,0.000211530849878595,8.923904842138802e-05,9.68665581213245e-05,8.504946491244958e-05,7.7445216447913e-05,8.0858862769493e-05,7.656169695632477e-05,0.00012887997704056665,9.519129806318219e-05,7.250006115602159e-05,7.475972610228352e-05,8.840902176766653e-05,7.72399980730448e-05
69a493944563dd8f,Рем Дигга,0.00018894126953309642,0.00015193271295565534,0.00014799081795273573,0.9964356810874069,0.00016237173160517233,0.00017392963230751426,0.0001541914754720301,0.00043586030067876736,0.00018387683994714263,0.00019959331363971787,0.00017524422304075437,0.00015957569790212128,0.00016660951065886756,0.00015775519535511702,0.0002655569032733796,0.0001961414397613652,0.0001493862009079749,0.00015404223105041227,0.00018216658269442235,0.00015915283385689973
49b147445d5ce6b9,Рем Дигга,0.00018894126953309642,0.00015193271295565534,0.00014799081795273573,0.9964356810874069,0.00016237173160517233,0.00017392963230751426,0.0001541914754720301,0.00043586030067876736,0.00018387683994714263,0.00019959331363971787,0.00017524422304075437,0.00015957569790212128,0.00016660951065886756,0.00015775519535511702,0.0002655569032733796,0.0001961414397613652,0.0001493862009079749,0.00015404223105041227,0.00018216658269442235,0.00015915283385689973
a260a58c6d4fa3a2,Песочные люди (Колесо - Оба Зрения 2011),0.16699652912029117,0.0001389496385779678,0.00013534459096052506,0.08780006563883425,0.0001484966257461742,0.00015906685987916876,0.00014101538469029384,0.26536716498313495,0.01618673001352841,0.07949948602764217,0.0021097204842404588,0.12148318492327766,0.00015237226621186468,0.0001442745769582177,0.00024286432087975053,0.07281807395006187,0.00013662073564565185,0.00014087890228514646,0.18605360818369104,0.00014555277346327473
5dc34261a8c5d8c9,the Chemodan,0.00020120603593017382,0.00016179513468381082,0.00015759735900720037,0.00017273836213596293,0.00017291179183036282,0.0001852199450289176,0.00016420052218131206,0.5495340428653784,0.26169796036566534,0.14340527748453263,0.04245342665846638,0.00016993423768123302,0.00017742464551864863,0.00016799557367664066,0.0002827950301234439,0.00020887358419970304,0.00015908331301072034,0.00016404158619186452,0.0001939915760114447,0.0001694839287457401
c975b989843a5729,the Chemodan,0.00013393617874588517,0.00010770164651207633,0.00010490732253364415,0.005784840700908751,0.00011510162939178318,0.00012329475705917314,0.04493766220631863,0.22884956793027983,0.00013034611973910702,0.00014148716683546985,0.6100567591664998,0.00011311957869177175,0.1085051119827133,0.00011182907131703935,0.00018824725357071193,0.0001390402043162638,0.00010589648160070038,0.00010919703755766498,0.00012913374158976098,0.00011281982381866063
8417661c46fbda3b,Рем Дигга,0.0001448497481730554,0.00011647754021825448,0.00011345552976488432,0.0276568911203079,0.0001244805033567294,0.00013334123631948954,0.00011820919611115898,0.4526969588120155,0.00014096715210011457,0.00015301602016213028,0.00013434905820106693,0.00012233694827285522,0.00012772934903960748,0.00012094128151352192,0.00020358627740148848,0.5173981213898888,0.00011452528459082824,0.00011809478169032206,0.00013965601013104278,0.0001220127607412298
c71e6314162012ee,Рем Дигга,0.0001609668185124022,0.00012943771181744457,0.00012607945036811557,0.0346866278762505,0.00013833114273928418,0.00014817778219043272,0.00013136204228134414,0.7715873295921908,0.12430754153364394,0.0001700417408970157,0.00014929774109433475,0.00013594908184229028,0.0001419414724309295,0.0001343981243700402,0.06713612981657646,0.00016710094473665858,0.00012726822527004984,0.00013123490221477458,0.0001551951804486411,0.00013558882012453108
0f3b810663035007,Рем Дигга,0.0001550193951533922,0.00012465522412003703,0.00012142103921800947,0.00013308644350978625,0.00013322005919188702,0.00014270288725977753,0.0001265084541312087,0.3048658588541114,0.00015086421228490874,0.00016375899872252275,0.00014378146063612543,0.00013092600802433566,0.6925709660866786,0.00012943235582896773,0.00021787969460820275,0.00016092686139977213,0.00012256590384243077,0.00012638599976779353,0.0001494610002402984,0.00013057906127061683
117141585638a319,Рем Дигга,0.00013551417069684765,0.00010897055355701157,0.00010614330563321542,0.0098323495009095,0.00011645772486486034,0.037323839564094144,0.0001105906037101783,0.6815423892707427,0.00013188180896780532,0.00014315412983700583,0.00012569024559061224,0.00011445231817268685,0.00011949717609020913,0.00011314660393701293,0.23895942909764212,0.023474886762868418,0.00010714412086832144,0.007189658859371924,0.0001306551552867232,0.00011414902715873451
0fb4121f82d39814,Рем Дигга,0.04600217989034396,0.02094307361958153,8.527463125968562e-05,0.04195534451282194,9.356114011316046e-05,0.00010022098480108027,8.884754878243774e-05,0.7364173612862089,0.00010595272280228034,0.05781997154525074,0.026350906679931813,9.195001739449886e-05,9.6003009920751e-05,9.090102066089968e-05,0.06927391778852957,0.00011301977377149146,8.607867558171432e-05,8.876155423148571e-05,0.00010496724518449564,9.170635282754456e-05
5523f5dd4e69d39d,Рем Дигга,0.00010224458510388958,8.221759212724909e-05,8.008445601192963e-05,0.37096377612861225,8.786661642456391e-05,0.06605394078760017,8.343990933110268e-05,0.38491394499156373,9.950399384900961e-05,0.00010800888239583904,9.483249444149876e-05,0.06254050035412233,9.01598599846183e-05,8.536839458988685e-05,0.11415906812633135,0.0001061409112755625,8.083956215698915e-05,8.33591462028792e-05,9.857849205531354e-05,8.612471581984847e-05
629f90963768c918,Рем Дигга,0.1437177819473571,0.00015887621112131044,0.00015475416281863675,0.00016962201480660925,0.00016979231587199394,0.00018187842372094785,0.00016123820526195076,0.09869211997175786,0.13315883393559533,0.00020871496415288506,0.00018325308495675311,0.00016686848683146154,0.00017422375244700324,0.00016496479071297153,0.00027769315295728077,0.00020510533244556218,0.0001562133270269011,0.6215411478180957,0.00019049180428222677,0.0001664262977796078
18e73c8e80148ee8,Рем Дигга,0.07285439250850478,0.0001130055495808622,0.04455074974382155,0.16771752971263854,0.00012076994874123065,0.03199540136171144,0.00011468558258049147,0.26608533027756054,0.0293261063284332,0.0001484548701501419,0.1267667436966381,0.0001186902910849434,0.026738465925167966,0.00011733622823029506,0.2233494002274475,0.0001458874177915084,0.00011111147975716862,0.00011457458058205775,0.00013549310218253838,0.009375871167395142
a4f0a158f41b4386,Рем Дигга,0.00016439181122290193,0.00013219183011721507,0.00012876210399759004,0.000141132802723887,0.0001412744947130201,0.00015133065326887704,0.0001341571097935416,0.0003792373792779627,0.0001599854042740024,0.00017365980899870068,0.0001524744337295796,0.011394071564482265,0.7780053096933651,0.00013725778802795791,0.12210792234143603,0.00017065643941492964,0.00012997618475607447,0.00013402726306261476,0.00015849735462577692,0.085903683538712
3eb42f9962e31ca2,Рем Дигга,0.6461795901205147,0.00010003389013276724,9.74385054652448e-05,0.00010679980949435472,0.00010690703526745498,0.00011451686373664972,0.08590341707063885,0.00028698046484038834,0.2658103946997843,0.00013141406523946872,0.00011538239698741053,0.00010506609454461376,0.00010969721912227563,0.0001038674679985737,0.0001748450944737223,0.00012914131831752445,9.83572405110052e-05,0.00010142281932489793,0.00011994014354229188,0.00010478768006353336
a2b20712cc2ff775,Словетский,0.0005911293592283123,0.00047534288315502195,0.00046301010581941614,0.0005074933318852299,0.0005080028235443343,0.0005441633435786488,0.0004824097297907706,0.001363877099000909,0.0005752845935460951,0.0006244558064430072,0.0005482762387163904,0.0004992550269625734,0.000521261306420962,0.0004935593490995532,0.0008308321754246016,0.0006136561315937853,0.0004673757677262267,0.00048194281703588596,0.000569933796076105,0.9888387383149522
63e139b3f819f983,Словетский,0.00022410542773208317,0.00018020915136670963,0.00017553360623106834,0.00019239783613772852,0.00019259098371767806,0.00020629995080016146,0.00018288829005403952,0.5810542381092391,0.0002180984550497318,0.38782011314272075,0.00020785918859053237,0.00018927457297665044,0.0001976174628575432,0.0001871152578296624,0.00031498011990953046,0.027691935565788632,0.00017718869749157619,0.00018271128054884054,0.00021606988886724662,0.00018877301209078282
fee579cd36ab2d43,Dj Nik One,0.0001985808273154541,0.00015968413843913637,0.00015554112069729925,0.00017048458490324055,0.00017065574453696618,0.0001828033055031008,0.00016205813798394155,0.00045809823863150935,0.00019325801299953903,0.00020977632918989524,0.00018418496625325785,0.00016771704334734235,0.00017510972216768978,0.00016580367014550187,0.0002791052795229747,0.0002061483328523106,0.00015700770642810777,0.0001619012828834545,0.9962748089429126,0.00016727261328667117
7f0de0b3942c807e,Loc-Dog,0.13853691334247994,0.016404336100427335,0.00011686796487337485,0.00012809593875206203,0.0001282245340252266,0.00013735178617349912,0.0001217646115230878,0.597709588215965,0.02978879546285068,0.0001576183255542778,0.00013838990524018323,0.00012601651374930114,0.00013157109613349296,0.00012457887185533023,0.00020970959752645486,0.00015489238807034052,0.00011796989408748758,0.00012164675556321908,0.0001438564776422432,0.21550181221750747
06d28c985273a332,РАСКОЛЬНИКОВ,0.0003052642042973994,0.00024547108201702905,0.00023910233433687607,0.0002620738571713341,0.00026233695580349847,0.00028101055584435134,0.0002491204695927322,0.0007042164927323091,0.0002970818368370872,0.0003224742599891759,0.0002831344661186279,0.0002578195173646389,0.0002691837484596046,0.0002548782259969623,0.00042904873468634547,0.9942960921878107,0.0002413567898450656,0.00024887934435296647,0.00029431863181124835,0.00025713630493211026
730fb2e589555cf3,Грозный,0.00022256079432733986,0.0001789670591184324,0.00017432376175536632,0.026743505951930757,0.00019126357166137387,0.00020487803647056265,0.000181627745559852,0.2870896144796689,0.00021659522277967606,0.00023510822551713514,0.00020642653470457113,0.6505430821725221,0.0001962553873560614,0.03231246788736813,0.0003128091288116095,0.000231042129808506,0.00017596742950456493,0.00018145194389119565,0.00021458064130376765,0.00018747189594012331
d986796e8a8558e0,"Бей, но выслушай",0.0001481983460948341,0.00011917023268261809,0.00011607835851551218,0.00012723046481574212,0.000127358201512525,0.00013642378169425234,0.0001209419208763945,0.43627054305280705,0.00014422599384894647,0.00015655339999565252,0.3245161686391399,0.00012516509717948177,0.00013068214959627406,0.00012373716156257412,0.12874226241171086,0.000153845870968149,0.00011717284431031552,0.00012082485800817053,0.10837858379926588,0.0001248334154148688
d4ea7478f5963c8d,Словетский,0.0002440256920658626,0.00019622756346076689,0.00019113643134956436,0.00020949967892243323,0.000209709997713959,0.00022463752419099803,0.00019914485812146923,0.0005629387564394392,0.00023748476746307203,0.0002577832593289058,0.00022633536858325366,0.00020609879510515545,0.00021518326304770818,0.00020374755528923004,0.9955300022026428,0.0002533250189966447,0.0001929386275064385,0.0001989521034883446,0.00023527588900724468,0.00020555264727669393
5134675a5e8cb422,Mezza Morta,0.00019803043270730944,0.0001592415467832686,0.00015511001075437254,0.00017001205930126234,0.20822812178367034,0.00018229664035922558,0.00016160896871809125,0.6292605267584442,0.00019272237435697352,0.0002091948946660703,0.03461466656754168,0.0001672522013248245,0.0001746243760472648,0.0001653441251364282,0.046249776104764516,0.00020557696847434457,0.00015657253641168848,0.07899158281651296,0.00019092984037305755,0.00016680899365204658
172504828f856017,Баста,0.00010885155817972326,8.753044089102058e-05,8.525945441213187e-05,9.345067669389204e-05,9.354449289287445e-05,0.34413710788665286,8.883173865523701e-05,0.32923687032574744,0.00010593387002579536,0.02789391435730854,0.000100960505534152,0.06983469538671128,9.59859332335253e-05,9.088484657987346e-05,0.00015299083561217988,0.06365250153142381,8.606336042990522e-05,0.1638579841914678,0.00010494856710583256,9.169004044216519e-05
7422b8466b409134,Словетский,0.00012103057878128806,9.732391531726648e-05,9.479884514594145e-05,0.00010390654696435188,0.9537125279034239,0.03935446237957741,9.877081225588704e-05,0.005040524087771566,0.00011778644754311674,0.0001278539864189841,0.00011225662514036192,0.00010221979808174246,0.00010672546396139917,0.00010105363669315577,0.00017010844109322995,0.00012564280833671183,9.569268926749732e-05,9.867521344830112e-05,0.00011669089932353998,0.00010194892145432667
0bb57c938fb2530c,Словетский,0.00021429992713717117,0.0001723242789318008,0.00016785332004368693,0.9959572892755244,0.00018416437027516988,0.0001972735048571412,0.00017488620144268146,0.0004943677785531465,0.00020855577771521834,0.00022638162389392564,0.00019876452297834185,0.00018099305729893112,0.00018897091083154132,0.00017892821358801624,0.00030119846616606427,0.00022246644622326816,0.00016943598611366195,0.00017471693358937188,0.00020661596404175495,0.00018051344079469882
12dfdd6669644b75,Словетский,0.00013746457556246887,0.00011053892755711017,0.00010767099253851194,0.00011801537394780775,0.00011813385563786437,0.0001265428251068047,0.00011218229711994829,0.00031711317298249893,0.00013377994343123897,0.00014521448881148,0.00012749926425697185,0.0001160995925404769,0.00012121705713165387,0.9974035306458442,0.0001932064126843487,0.00014270307570474458,0.00010868620687243473,0.00011207371800789261,0.0001325356383030935,0.00011579193595841147
e0d56fe1e923002e,Словетский,0.0002744206171519868,0.0002206689440902773,0.00021494366790460312,0.0002355941735316161,0.00023583070035190787,0.00025261754167912734,0.00022394958593067687,0.09404935296908731,0.08750859284301199,0.000289891776222344,0.0059102403337653025,0.0002317696975379039,0.00024198569457641652,0.0002291255855469692,0.0003856980896445203,0.0002848782341809094,0.00021697035670997374,0.00022373283516235857,0.6857909275186992,0.12297880883521461
4b5b6c62ceeaaf02,Словетский,0.00016669130193902379,0.00013404092507867177,0.00013056322135563179,0.0001431069566855538,0.00014325062773263425,0.00015344745947387556,0.00013603369328785784,0.000384539886705303,0.00016222326770762145,0.0001760889571144176,0.0001546072324690408,0.9968530897315367,0.00014698934913738015,0.0001391777361744238,0.00023428457874573048,0.00017304357620488047,0.00013179428417756168,0.00013590202756984062,0.00016071440884712516,0.00014041077805665984
56811b0a6b272c72,Словетский,0.19852303417750966,0.0003902254770803499,0.00010950707809309821,0.00012002785759308069,0.00012014836199676868,0.00012870072585488793,0.00011409531127595392,0.08635329002382199,0.047495161486948684,0.6653393158162718,0.0001296734631292422,0.000118079407177864,0.0001232841394930037,0.00011673231462793004,0.00019650110759549002,0.00014513654571889529,0.00011053960190803357,0.00011398487679707598,0.0001347957224691492,0.00011776650463707168
21a059a1e60507a9,Словетский,0.0003308201057719151,0.0002660212405642394,0.00025911932520834456,0.000284013956593462,0.0002842990868275003,0.0003045359992787591,0.00026997616018284274,0.0007631688683961268,0.0003219526922813322,0.00034947091763170554,0.00030683770487120054,0.00027940347317760323,0.00029171905037834057,0.0002762159342756362,0.0004649675216997972,0.00034342698321890015,0.0002615625336279672,0.00026971483688270707,0.0003189581699877292,0.9937538154391439
97dd4acfe3b18ea9,Словетский,0.00014669731522424037,0.00011796322056847551,0.00011490266183634226,0.0001259418172043051,0.00012606825879247317,0.00013504201722943626,0.0001197169664150005,0.002883247258509831,0.0001427651986557451,0.00015496775051247074,0.00013606268853730914,0.5743759722838536,0.00012935853405249465,0.00012248390388516333,0.0002061830402188144,0.00015228765159420028,0.00011598606644915156,0.00011960108951701658,0.4204511832367681,0.0001235690401758403
6c79064aa369665b,Словетский,0.018726249213628057,0.00017904767272289616,0.00017440227961042126,0.00019115780506985666,0.00019134971571822292,0.00020497032223789886,0.00018170955257815132,0.0005136590075886659,0.0002166927770307855,0.0002352141191065884,0.0925757540331006,0.0001880546675113553,0.15558620503748744,0.00018590927875728792,0.09326453782285439,0.00023114618961703727,0.00017604668960415304,0.07150281605614514,0.06257980746757365,0.5028952702920574
77b89f9f258d2f16,Словетский,0.0001732267143195874,0.00013929621683885784,0.0001356821613303871,0.00014871769441277905,0.00014886699706508828,0.00015946361456953888,0.00014136711447558083,0.0003996102078239973,0.00016858348914426313,0.00018299281035471596,0.0001606688624130924,0.00014630351709106829,0.00015275231482908495,0.0001446344269431915,0.00024347007611562793,0.00017982803068322328,0.00013696149297539348,0.0001412302828147949,0.9967504281653915,0.00014591581040827346
038f9e4fa9b88ec4,Смоки Мо,0.00015069081540554835,0.00012117449925685655,0.0760874450030705,0.00012937029718010083,0.00012950017301076633,0.0001387182137746371,0.0001229759825295623,0.46590991215544114,0.05041234445479839,0.00015918638275307383,0.037518784446522464,0.0001272701795323903,0.00013288002961379535,0.00012581823322916196,0.25809050053328353,0.00015643333528506852,0.0001191435177516101,0.0001228569478746778,0.00014528763160393172,0.11009970716808275
329b2754d322c4f8,Смоки Мо,0.0002300049650959197,0.00018495312934942954,0.17398305848785828,0.0001974626815723481,0.00019766092228651412,0.00021173075975161937,0.00018770280066895934,0.0005306020471571136,0.00022383985787388942,0.00024297208767898188,0.41037285701243015,0.00019425720067417759,0.00020281970649985054,0.39742285562841806,0.00032327191693865383,0.00023876998989825332,0.00018185316437421416,0.014457827328188688,0.00022175788654179215,0.0001937424267430594
737127507625b241,Смоки Мо,0.00034708437352285923,0.000279099803120784,0.00027185853711107164,0.00029797707184481075,0.0002982762301247448,0.00031950805699287367,0.00028324913632150385,0.00080068556747065,0.0003377810428716556,0.00036665215974369654,0.0003219229473788576,0.0002931399278035732,0.00030606101018035357,0.993444166873181,0.00048782697918578824,0.000360311046126248,0.0002744218570356939,0.0002829749782324895,0.00033463928430381033,0.0002923631174475347
604ed87a6226fb13,Смоки Мо,9.699483437508824e-05,7.799613101099966e-05,7.597251992301263e-05,0.9981702213254968,8.335509915907149e-05,8.928846048473039e-05,7.915568578306209e-05,0.00022375415510598803,9.43949601884734e-05,0.00010246316016223503,8.996332008150223e-05,8.19197273955218e-05,8.553060313284222e-05,8.098515977685098e-05,0.00013632620784913128,0.00010069110802390719,7.668885247671908e-05,7.907906995209341e-05,9.351697769016758e-05,8.170264193181983e-05
5ba781d680ba709d,Смоки Мо,0.00014726859925618194,0.00011842260953022105,0.00011535012570401145,0.00012643228125845855,0.0001265592030515489,0.00013556791460114947,0.00012018318011012619,0.29378012133796894,0.0001433211743304018,0.7038105682842247,0.00013659255851503055,0.00012437986476920653,0.0001298622983333879,0.00012296089309229375,0.0002069859722932318,0.0001528807049251819,0.00011643775030127881,0.0001200668521103596,0.00014198813170510546,0.00012405026391922987
67ff65f4fb69442e,Смоки Мо,0.0001232435628640069,9.910343834237012e-05,0.013589744440515833,0.00010580642248142956,0.00010591265147703474,0.00011345169419129995,0.00010057679085566235,0.36819436190031907,0.41003468245215385,0.1217364163751791,0.00011430918046459186,0.02801980086522148,0.0001086768827378122,0.000102901350489972,0.00017321879011962302,0.0001279401213827184,9.744238064903526e-05,0.05682977316304578,0.00011882453123429328,0.00010381300627506394
5257bd98fcfbc3e4,Смоки Мо,0.00024724563012399177,0.00019881678825192542,0.00019365848405723744,0.00021226402261576566,0.00021247713539330549,0.00022760162334125225,0.0002017725729821329,0.995693883627695,0.00024061838299118445,0.000261184704622217,0.0002293218632787116,0.00020881827494805287,0.00021802260780644513,0.00020643599569245254,0.0003475036304609667,0.0002566676450608557,0.00019548445820033726,0.00020157727174707917,0.00023838035685704216,0.00020826492387405291
f3b0cb9636c4d2b2,Смоки Мо,0.00017669460358977929,0.00014208484143091716,0.00013839844879630554,0.0001516949397713631,0.00015184724009984703,0.00016265597956939865,0.00014419719721944432,0.9969226247285833,0.00017195843590291947,0.00018665621795686935,0.00016388536889209182,0.00014923242128416322,0.00015581032282100491,0.00014752993469610215,0.0002483442101791301,0.0001834280796356809,0.00013970339165478014,0.0001440576298154228,0.0001703590350713059,0.00014883697303014543
c51e24ccfa432bf8,Смоки Мо,0.00024724563012399177,0.00019881678825192542,0.00019365848405723744,0.00021226402261576566,0.00021247713539330549,0.00022760162334125225,0.0002017725729821329,0.995693883627695,0.00024061838299118445,0.000261184704622217,0.0002293218632787116,0.00020881827494805287,0.00021802260780644513,0.00020643599569245254,0.0003475036304609667,0.0002566676450608557,0.00019548445820033726,0.00020157727174707917,0.00023838035685704216,0.00020826492387405291
3bfa34f91d54f061,Смоки Мо,0.0002313118349825981,0.00018600401531308083,0.00018117812053754917,0.00019858463941824968,0.00019878400063509115,0.0002129337866916796,0.00018876930090980823,0.9959713920289482,0.00022511168658691507,0.00024435261970082975,0.0002145431846843084,0.00019536093943809603,0.0002039721070929878,0.00019313219744911762,0.0003251086972658767,0.00024012665666885453,0.0001828864278871759,0.00018858660163408234,0.00022301789904501606,0.00019484325511042195
c409c4d6e91c26e8,Смоки Мо,0.000126622065046785,0.000101820176331829,9.91784510325338e-05,0.000108706920396047,0.00010881605974838489,0.00011656176689528611,0.00010333392459684177,0.214681289083499,0.0001232280494677816,0.00013376071001215564,0.00011744276157522795,0.00010694224620809583,0.00011165606942300756,0.00010572220649213795,0.00017796726998260014,0.0001314473777480883,0.7832135302001907,0.00010323390929435934,0.00012208189709335645,0.00010665885496581529
bece5d0d89657ec2,Смоки Мо,0.0004378760530007672,0.00035210778871342497,0.00034297235789184754,0.00037592307580574727,0.00037630049429463104,0.0004030862057570138,0.0003573425202899665,0.17512986784156248,0.0004261390888753386,0.11760571337586948,0.1415113715907666,0.08540017508990269,0.00038612161138996704,0.44720720103661804,0.0006154346300058862,0.027578148262340212,0.0003462062010422047,0.00035699665035459526,0.00042217552535393093,0.00036884060016518247
ff15991809977695,Смоки Мо,0.0003438078625299492,0.00027646505533736445,0.00026929215365491954,0.00029516415189851297,0.0002954604871304609,0.00031649184848706995,0.0002805752151091788,0.15089374830228863,0.00033459233740230367,0.0003631908991766189,0.0003188839507640552,0.0002903726422823524,0.8434215452590706,0.0002870599566502557,0.000483221831212744,0.00035690968074269304,0.00027183128849837514,0.0002803036472394768,0.00033148026449401533,0.000289603166030391
3d6e6d37cfd5da9a,Смоки Мо,0.00012061112351563675,9.6986615016439e-05,9.44702980487198e-05,0.00010354643594568788,0.00010365039481925593,0.00011102840438873437,9.842850596637783e-05,0.46907540154814664,0.00011737823392310311,0.00012741088367876395,0.00011186757688894225,0.0001018655298084093,0.00010635558107869399,0.00010070341395690539,0.00016951889863821304,0.00012520736010233045,0.5289193538931121,9.833323458546379e-05,0.00011628647657575675,0.00010159559180383382
39d366137b5cb7d3,Смоки Мо,0.00026994968324497087,0.00021707372171866316,0.000211441738541155,0.00023175578688478286,0.00023198847197137464,0.00024850179350722345,0.00022030092853690154,0.9952984618814432,0.00026271386099187093,0.00028516877220318457,0.00025038000889974387,0.00022799362264607626,0.000238043173665481,0.00022539259919000993,0.0003794141776172745,0.00028023689610516463,0.0002134353942583741,0.00022008769935780026,0.00026027033288866157,0.00022738945632805766
c72e2019cb8fc8ba,Смоки Мо,8.325399042273398e-05,6.694675139466153e-05,6.520981306895108e-05,7.147478327413159e-05,7.15465387638337e-05,0.9984346031404838,6.79420368531731e-05,0.00019205555452400308,8.102242525201856e-05,8.79476449154761e-05,7.721859849443146e-05,7.031450821062256e-05,7.341384769028258e-05,6.951233393160639e-05,0.00011701345675635423,8.642662789501811e-05,6.582466783038656e-05,6.787627675218672e-05,8.02688252631313e-05,7.012817822321825e-05
187b1b32540bcd53,Смоки Мо,8.547003552157252e-05,6.872873480521964e-05,6.694556505708919e-05,7.337729289060634e-05,7.345096195665424e-05,0.9983929341788347,6.975051929433614e-05,0.00019716899431608187,8.317907672460425e-05,9.028863272533347e-05,7.927399776770866e-05,7.21861386711725e-05,7.53679729363848e-05,7.136260946222125e-05,0.00012012811148607424,8.872712501148935e-05,6.7576783442859e-05,6.968300568802914e-05,8.240541692589421e-05,7.199484648199075e-05
24895dbb0d2ee742,Смоки Мо,0.0001758138527578035,0.00014137660280236463,0.00013770857460471592,0.00015093879644657849,0.00015109032552686378,0.00016184519404096947,0.00014347842305014038,0.9969379643449122,0.00017110128817459064,0.00018572580165455334,0.00016306845703404962,0.000148488559722353,0.00015503366138512115,0.0001467945423119839,0.0002471063132476966,0.00018251375768150272,0.00013900701278542248,0.00014333955413501864,0.00016950986175778837,0.00014809507596830375
8d09220361d8f9c9,Смоки Мо,0.0001758138527578035,0.00014137660280236463,0.00013770857460471592,0.00015093879644657849,0.00015109032552686378,0.00016184519404096947,0.00014347842305014038,0.9969379643449122,0.00017110128817459064,0.00018572580165455334,0.00016306845703404962,0.000148488559722353,0.00015503366138512115,0.0001467945423119839,0.0002471063132476966,0.00018251375768150272,0.00013900701278542248,0.00014333955413501864,0.00016950986175778837,0.00014809507596830375
94043e7feab99d51,Смоки Мо,8.526334129866514e-05,6.856252377915203e-05,6.678366864924742e-05,7.319984057425701e-05,7.327333501833992e-05,0.9983968221518913,6.958183445679852e-05,0.00019669064648318878,8.297791947378573e-05,9.00702824849101e-05,7.908228465591425e-05,7.201156761757939e-05,7.518570396360157e-05,7.119003200963506e-05,0.00011983759871034538,8.851255097149134e-05,6.74133590926403e-05,6.951448819658355e-05,8.220612958549241e-05,7.182074108704156e-05
6a72e6e7db548349,Смоки Мо,0.00021983571352199966,0.00017677575462726102,0.00017218929678003908,0.0001887322041751347,0.0001889216846533032,0.13966006792143618,0.00017940384493044152,0.8567135477016995,0.00021396126572602604,0.00023222950630701923,0.00020389899522751587,0.0001856684586568855,0.00019385239714087786,0.00018355028198825712,0.0003089790243709318,0.00022821319246829456,0.00017381283932429713,0.00017923021148711867,0.00021195326160176553,0.00018517644387711776
dcdb5e59d100248e,Смоки Мо,0.00019428889703712148,0.0001562328874338353,0.00015217942223991833,0.00016679990646516432,0.0001669673553579614,0.00017885238504083351,0.00015855557689024513,0.566439404607357,0.0001890811302421495,0.00020524242949867405,0.0001802041852403974,0.00016409218787392205,0.00017132507200322107,0.00016222015669169594,0.0002730729826417187,0.0960983881984747,0.0001536142993256366,0.2715038726329189,0.00018732245848243913,0.06309828322878451
ccbc4832aa8519cc,Смоки Мо,0.00018599905619068907,0.0001495667972916325,0.00014568628207324962,0.00015968293857441043,0.00015984325700961585,0.00017122118019293178,0.00015179038794000587,0.05861171536563997,0.00018101348318424549,0.00019648522353958331,0.000172515296446109,0.0001570907624993948,0.0001640150433362017,0.9383041584678853,0.0002614216112738576,0.0001930871042662907,0.0001470599390876897,0.00015164347181748303,0.00017932985585226793,0.000156674475899057
02b973fd9cb2922f,Смоки Мо,0.06325751034283936,9.876812333150552e-05,9.62055746198124e-05,0.00010544843492514531,0.00010555430011238624,0.019252204124065,0.28553600185799466,0.0002833499853638847,0.00011953429649066732,0.034053826114048884,0.00011392242293279356,0.00010373665669310136,0.00010830918149483724,0.00010255318576315808,0.5489081945422707,0.00012750724748637155,9.711269011733058e-05,0.00010013947404598046,0.04732665968895214,0.00010346175645225345
af0d2e4abffbdb7b,Смоки Мо,0.00014429935982911214,0.0001160349580252232,0.00011302442885050533,0.00012388314020683576,0.00012400751542003126,0.0001328345757859466,0.00011776003655699828,0.6629420781180944,0.00014043151916378935,0.29487480228825913,0.00013383855602275456,0.00012187210200330393,0.00012724400672303976,0.00012048173933280375,0.04002519867983683,0.00014979831003835347,0.00011409011648073272,0.00011764605141075278,0.0001391253538705618,0.00012154914408894162
4060e49b98054a85,Смоки Мо,0.00017183413218357677,0.0001381764146740465,0.00013459141980045036,0.00014752214832960264,0.00014767025770585218,0.00015818168694932796,0.00014023066465606847,0.9170124673757234,0.0001672282478139316,0.00018152171939256722,0.08015418625768198,0.0001451273835701942,0.00015152433201315145,0.00014347171050067717,0.00024151282706918068,0.00017838239142376752,0.00013586046307849812,0.00014009492440634791,0.00016567283742886723,0.00014474280559853743
ed5132f4f486b7b6,Смоки Мо,0.00018224435123723575,0.00014654754715908265,0.00014274536500957826,0.0001564594811307758,0.00015661655448437475,0.00016776478991753358,0.00014872624508640176,0.4543696975496725,0.00017735943396872723,0.00019251884613211937,0.00016903278544645696,0.4491751235959597,0.00016070412876013288,0.09358723052225901,0.00025614438096329225,0.00018918931013092832,0.0001440912860349369,0.00014858229755871963,0.0001757097854061889,0.00015351174368233403
3695b3f2874f04de,Смоки Мо,0.00011697568828311756,9.406326964419059e-05,9.162278989369593e-05,0.00010042535938130225,0.99779338511494,0.0001076818097826939,9.546168679837723e-05,0.00026985148802284646,0.00011384023820062349,0.00012357049223668166,0.0001084956838079545,9.879512295340404e-05,0.0001031498342948963,9.766803352075713e-05,0.00016440929063904635,0.00012143339079938108,9.248669340095773e-05,9.536929669330868e-05,0.00011278139724691367,9.853331945989507e-05
c046199a8b5d53c6,Смоки Мо,0.00019429398407460664,0.00015623695988884836,0.00015218339326307227,0.00016680425428156043,0.00016697171770844462,0.00017885705171621013,0.00015855972185755074,0.9102414705207917,0.00018908607231492237,0.00020524779185639332,0.00018020888087568702,0.00016409646321901653,0.08654596700631588,0.00016222440313226212,0.00027308011311158903,0.00020169812891033092,0.00015361831385177305,0.00015840624282006832,0.00018732735708670124,0.00016366162292338277
c3a27a178443b93b,Смоки Мо,0.00026388096912787954,0.00021219373575125138,0.00020668835388970057,0.0002265457352795347,0.00022677316713904823,0.0002429152703334687,0.0002153483869187286,0.0006087523602882455,0.00025680783684181715,0.0002787579434954878,0.0002447512561835617,0.00022286813198873942,0.00023269176514256247,0.00022032557796802256,0.00037088462495498813,0.995069340964921,0.0002086371898306841,0.00021513994530661832,0.0002544192275163331,0.00022227755712236937
4400b679ccc0f0d5,Мот,0.0003890463606726189,0.0003128425489782509,0.0003047258398092005,0.0003340020817205335,0.00033433738695538276,0.0003581361132838642,0.00031749354486971425,0.0008974819904637793,0.0003786182543638679,0.10960652815097655,0.0003608429441728831,0.0003285800962468819,0.691016563399842,0.00032483155194140977,0.1930045062390831,0.0004038721140255663,0.0003075990572990034,0.00031718623752011155,0.000375096690834942,0.0003277093969403127
ae6abffc7c32a3bd,Мот,0.0004068562676691107,0.0003271639558959266,0.0003186756782784171,0.0003492921219194463,0.0003496427939703742,0.0003745309635299254,0.00033202784621837417,0.0009385535316983652,0.0003959507714284942,0.00042979381121244984,0.0003773617475811746,0.000343621939083188,0.0003587681835363328,0.0003397017986649183,0.0005718363645194331,0.0004223607220652234,0.0003216804159231923,0.00033170648172452857,0.0003922679727460795,0.992318206632335
ded25f23a4024e64,Мот,0.00031578533779378466,0.00025393140013499864,0.0002473431365742258,0.0002711063863240058,0.0002713785653611631,0.0002906957682106712,0.0002577065746031155,0.0007284703709367435,0.0003073209539087738,0.0003335885593010209,0.00029289290380221525,0.0002667054503633825,0.0002784613321319809,0.0002636627611398311,0.00044383620334240555,0.0003278192775736108,0.00024967531394639545,0.9940291584905996,0.00030446252104581297,0.0002659986929063327
7c2a981882149515,Мот,0.00031037518301358394,0.0002495809477917276,0.0002431055637426663,0.0002664616934589678,0.00026672921587063994,0.000285715449065079,0.00025329145337363675,0.0007159893341127057,0.00030205579480412846,0.0003278733664488425,0.00028787492419820167,0.0002621361366231565,0.0002736906193402539,0.000259145601604775,0.0004362322249926234,0.009824316094958393,0.0002453977668956357,0.9846293407994924,0.0002992463438202797,0.00026144148639232627
ad1e25702a31eac9,Мот,0.00048603143559723574,0.0003908308216074028,0.00038069069724391494,0.0004172651920556654,0.00041768411261548555,0.03895565720172863,0.00039664125617495087,0.0011212265301692858,0.0004730037163203345,0.0005134326935568464,0.0004507972013593546,0.37451981683759006,0.00042858533129326104,0.0004058085558453342,0.3145184102744121,0.000504553114370997,0.00038428018927704356,0.00039625734752519494,0.0262523494941246,0.23858667799713232
971730a2242867d3,Мот,0.0005626201431371357,0.00045241787269473965,0.00044067986075621487,0.0004830177288027466,0.0004835026568488637,0.000517919218568192,0.00045914388464827685,0.001297880025797002,0.0005475395270079621,0.0005943393035138749,0.0005218337421583274,0.00047517674905142137,0.0004961216708810152,0.0004697557529175871,0.0007907624615855486,0.000584060470392309,0.00044483498572417103,0.00045869949823991284,0.0005424468220972823,0.9893772476251774
ee3fe01ce6f53973,Мот,0.00030775542595696723,0.009908774790078739,0.00024105359436817767,0.0002642125743711023,0.008907845174072707,0.00028330381388634194,0.0002511534820205914,0.0007099546436517907,0.0002995062654207232,0.000325105907178557,0.00028544506998777144,0.000259923542910272,0.021412197332832696,0.0002569582409597419,0.014415784626097708,0.0003194833382166393,0.0002433264579899022,0.9407522604724404,0.00029672050499887507,0.00025923474256024507
13e394613cdaf239,Мот,0.00031578533779378466,0.00025393140013499864,0.0002473431365742258,0.0002711063863240058,0.0002713785653611631,0.0002906957682106712,0.0002577065746031155,0.0007284703709367435,0.0003073209539087738,0.0003335885593010209,0.00029289290380221525,0.0002667054503633825,0.0002784613321319809,0.0002636627611398311,0.00044383620334240555,0.0003278192775736108,0.00024967531394639545,0.9940291584905996,0.00030446252104581297,0.0002659986929063327
d07dfb4f95d6bb49,Мот,0.0003103749433629481,0.0002495807676846074,0.00024310538377783224,0.00026646148387709026,0.0002667290062828841,0.0002857152390601312,0.0002532912440811541,0.0007159887945110508,0.0003020555844401279,0.00032787312641371224,0.0002878747141458029,0.0002621359271363262,0.00027369040959953234,0.0002591453921836569,0.0004362318952649913,0.009827143374381592,0.0002453975868804341,0.9846265177455812,0.00029924610441418214,0.00026144127692075977
78b945f6bf0866a2,Мот,0.00031578533779378466,0.00025393140013499864,0.0002473431365742258,0.0002711063863240058,0.0002713785653611631,0.0002906957682106712,0.0002577065746031155,0.0007284703709367435,0.0003073209539087738,0.0003335885593010209,0.00029289290380221525,0.0002667054503633825,0.0002784613321319809,0.0002636627611398311,0.00044383620334240555,0.0003278192775736108,0.00024967531394639545,0.9940291584905996,0.00030446252104581297,0.0002659986929063327
731c626c4c629457,Мот,0.0005538089294382119,0.00044533249272390925,0.0004337783302879973,0.0004754531526846594,0.00047593048460600756,0.0005098080125057389,0.0004519532066718281,0.0012775526794892363,0.0005389644625674423,0.0005850312857925181,0.0005136612432269643,0.00046773496239858317,0.0004883519120821156,0.00046239886241788514,0.0007783782170582066,0.0005749134555913709,0.00043786837887667033,0.00045151574699804083,0.0005339515024149699,0.9895436126821676
8a95f0070a729791,Мот,0.0003103751824354651,0.00024958094732684686,0.0002431055632898469,0.0002664616929626442,0.00026672921537381806,0.0002857154485328925,0.00025329145290184466,0.0007159893327790717,0.0003020557942415057,0.0003278733658381308,0.00028787492366199284,0.0002621361361348899,0.0002736906188304653,0.0002591456011220787,0.0004362322241800775,0.009824496753239745,0.0002453977664385467,0.9846291601515419,0.0002992463432628899,0.00026144148590535356
9b364e79124a646c,Мот,0.0004068562676691107,0.0003271639558959266,0.0003186756782784171,0.0003492921219194463,0.0003496427939703742,0.0003745309635299254,0.00033202784621837417,0.0009385535316983652,0.0003959507714284942,0.00042979381121244984,0.0003773617475811746,0.000343621939083188,0.0003587681835363328,0.0003397017986649183,0.0005718363645194331,0.0004223607220652234,0.0003216804159231923,0.00033170648172452857,0.0003922679727460795,0.992318206632335
ce4bcaa6819584c6,Мот,0.0006221094013022551,0.0005002547466751572,0.00048727560228375386,0.0005340901036840626,0.0005346263126630455,0.000572681957971145,0.000507691939602279,0.0014351109453522735,0.0006054341868123437,0.0006571823696128468,0.0005770103961056573,0.0005254200724835085,0.0005485796204795746,0.0005194259056959836,0.0008743745383248767,0.0006458166833943078,0.0004918700494319387,0.988237214419905,0.0005998030030027753,0.000524027745217196
a73d81328adabffc,Мот,0.0005626201435464958,0.00045241784392008517,0.0004406798319730198,0.0004830177000503564,0.0004835026280968263,0.0005179191607373641,0.00045914385587851614,0.0012978799103260067,0.0005475395274063496,0.0005943392457386499,0.0005218336843303477,0.00047517672029332613,0.0004961216712419913,0.0004697557241555475,0.0007907624039532403,0.0005840604126096052,0.0004448349569439992,0.00045869946946982876,0.0005424467642843006,0.9893772483450441
7c04565879b40434,Мот,0.0001573733408699966,0.00012654809263661448,0.000123264802321571,0.00013510733971157257,0.014657981201444336,0.008197116390235248,0.00012842946603755688,0.9213213611159925,0.00015315506092910245,0.00016624565783866305,0.0001459647561294455,0.008585639009606459,0.0001387727196519345,0.00013139776560614638,0.0002211881727198153,0.00016337050507632191,0.0001244270491999104,0.00012830516358185097,0.006670269891110614,0.03852408249930039
370579afe7845d78,Мот,0.0006221094013022551,0.0005002547466751572,0.00048727560228375386,0.0005340901036840626,0.0005346263126630455,0.000572681957971145,0.000507691939602279,0.0014351109453522735,0.0006054341868123437,0.0006571823696128468,0.0005770103961056573,0.0005254200724835085,0.0005485796204795746,0.0005194259056959836,0.0008743745383248767,0.0006458166833943078,0.0004918700494319387,0.988237214419905,0.0005998030030027753,0.000524027745217196
8cf9debcda694084,Мот,0.0005811618882090642,0.0004673277535598188,0.000455202922908489,0.0004989360566168288,0.000499436991757395,0.0005349877870841301,0.0004742754492193055,0.0013406533104152619,0.0005655842372459471,0.0006139263409557669,0.0005390312987515373,0.000490836693257636,0.0005124718992066276,0.00048523705794999004,0.000816822826222005,0.0006033087395084598,0.0004594949521894968,0.0004738163944916649,0.0005603236615703948,0.9890271637388802
3742b45cee8c0082,Мот,0.00031578533779378466,0.00025393140013499864,0.0002473431365742258,0.0002711063863240058,0.0002713785653611631,0.0002906957682106712,0.0002577065746031155,0.0007284703709367435,0.0003073209539087738,0.0003335885593010209,0.00029289290380221525,0.0002667054503633825,0.0002784613321319809,0.0002636627611398311,0.00044383620334240555,0.0003278192775736108,0.00024967531394639545,0.9940291584905996,0.00030446252104581297,0.0002659986929063327
f38a55b02d615a39,Мот,0.00021954362010834222,0.00017654086908652002,0.00017196050894916255,0.00018848145585443463,0.00018867067437923466,0.00020210057668361469,0.00017916548121987264,0.0005064647802153681,0.00021365891380072203,0.00023192095344126674,0.0002036280909917174,0.0001854217706260677,0.00019359482346132805,0.00018330640268831433,0.00030856848402941757,0.9958977965591074,0.00017358191219997156,0.0001789920660725957,0.000211671646353149,0.00018493041073155118
b5c7ac373856e0da,Мот,0.994984398857204,0.00021540877946609401,0.00020982000128749292,0.0002299782409669207,0.00023020913615295994,0.0002465957967555087,0.00021861123326875643,0.000618002643343358,0.000260698869480098,0.0002829815427770887,0.0002484596347348545,0.00022624493341832572,0.00023621740229576055,0.00022366384625358327,0.0003765040902864583,0.00027808750197618257,0.000211798362813453,0.00021839964846980195,0.00025827408440102064,0.00022564539464824836
41dfa85aa45e1884,Мот,0.9941893355217621,0.00024955658930900113,0.0002430818164034499,0.0002664356761541764,0.0002667031694635438,0.0002856875401211124,0.0002532666874584444,0.000715934215541325,0.0003020263143465069,0.0003278413541052093,0.0002878468115397375,0.0002621105267473226,0.0002736639035847584,0.0002591202827501906,0.0004361896194726766,0.0003221714912976363,0.00024537381584267885,0.00025302157499500276,0.00029921712528110966,0.0002614159638240224
dbe3b2a38d538bbb,Мот,0.0001997882706938887,0.05336186048246465,0.0001564868691275746,0.00017152117861566542,0.00017169338596066086,0.00018391481055880546,0.00016304349571367546,0.9433192121247946,0.00019443309374652884,0.00021105183013426907,0.000185304867549117,0.00016873683002819814,0.00017617444401275858,0.0001668118155918224,0.0002808023386666188,0.00020740178820948725,0.00015796236040236042,0.00016288569476309822,0.0001926246401377189,0.0001682896788285175
432ddf91ba7669e5,Мот,0.017265395213651863,0.0002107725557476381,0.00020530404758835119,0.00022502842754220154,0.47055047178475085,0.00024128833099691926,0.00021390607802179403,0.4336126668642937,0.0002550878692584816,0.0002768909467533443,0.00024311203531433463,0.00022137547462738503,0.000231133305538909,0.00021884993140258607,0.00036840061214264935,0.00027210223134874174,0.00020723983076259152,0.00021369903336132849,0.00025271526667056013,0.07471456016022578
d5a887ccb39c0b01,Мот,0.0004723109186688848,0.0003797977893081814,0.00036994393105409744,0.00040548590626806604,0.0004058930106383053,0.0004347851682129769,0.00038544419420993636,0.0010895526229574095,0.0004596509855677185,0.0004989386527715472,0.00043807133983525705,0.991083418358707,0.00041648648451727416,0.00039435270186678615,0.0006638328611473477,0.0004903097165030672,0.0003734320832546919,0.00038507111221664945,0.00045537569118829285,0.00039784647110651815
fcc5223b64391300,Мот,0.000485520924000887,0.0003904203167290394,0.00038029084500194855,0.00041682692046909393,0.0004172453753414157,0.0004469456304548035,0.00039622463912864284,0.37113326611885794,0.00047250688433942204,0.0005128934256615575,0.0004503237120398913,0.0004100604254391554,0.0004281351555317515,0.0004053823048575631,0.0006823994885422546,0.6209147543061668,0.00038387655331252965,0.00039584113795653375,0.0004681120604421517,0.0004089737757265473
dd24260547f52f4b,Мот,0.0003766033251213653,0.0003028367814468537,0.0002949796490052863,0.00032331953459255254,0.0003236441296316896,0.00034668167536463243,0.0003073389987497598,0.0008687869896021421,0.0003665087482775043,0.00039783529821618154,0.0003493019515740461,0.0003180709786199045,0.0003320909930226011,0.0003144423128367419,0.9931014732520828,0.0003909549194828971,0.0002977609858214053,0.00030704152848211704,0.00036309981642651106,0.0003172281316430005
6be69b2690ca04f9,Мот,0.0006575114445059739,0.07941254652691526,0.11105542478319723,0.0005644833155788762,0.0005650500253958117,0.0006052712884055825,0.0005365829270206815,0.0015168300243356477,0.000639887327992856,0.0006945803550552092,0.0006098460033442028,0.3296851393912778,0.0005797974027375467,0.0005489845937099225,0.0009241321152281762,0.4691602242347485,0.000519860680053948,0.0005360635982422614,0.0006339356525540893,0.0005538483097004208
b64d35485ba4ee6a,Мот,0.0004659671144276132,0.0003746965756962926,0.0003649750528349556,0.00040003966602749356,0.00040044129886621847,0.0004289453851573291,0.0003802671358579207,0.00107493397126882,0.0004534772062581346,0.0004922371908128886,0.00043218740617687724,0.0003935456995827448,0.0004108924838217346,0.00038905596831472015,0.0006549165930780573,0.0004837241462386803,0.00036841634777093487,0.00037989905973390955,0.0004492593338558005,0.9912021223642189
e0dbb4f2a574dfa2,Сява,0.0004486387781386419,0.00036076241030315775,0.00035140241467803156,0.00038516303271532584,0.0003855497353115724,0.0004129938325937101,0.024050636277195146,0.0010349635293534626,0.00043661336640212536,0.00047393192772166064,0.000416115305729499,0.0003789105694911649,0.2120327954830957,0.00037458780664643716,0.0006305616714010336,0.00046573550324110704,0.0003547157402646714,0.00036577144147177296,0.7562622446869078,0.00037790648733789444
01ff59858ebf64d7,Сява,0.000563149493078625,0.0004528435061302739,0.00044109446485675953,0.000483472172379853,0.0004839575660452522,0.0005184064882428646,0.00045957586213623853,0.0012991342884651905,0.0005480546755864816,0.0005948984530302194,0.0005223246785765595,0.00047562380093478306,0.12780847646299007,0.08760270134188394,0.0007915064034109937,0.0005846099583273007,0.0004452534893780777,0.0004591310392089114,0.7749914224248353,0.00047436343050225044
dedea9b83932d5ad,Сява,0.00016061539606754383,0.00012915511869606615,0.00012580419128040978,0.0001378907053548101,0.00013802913771150316,0.00014785428436972533,0.00013107525828378892,0.0003705180080144697,0.00015631022689953302,0.00016967049909924158,0.0001489717985957575,0.000135652271754899,0.9969737794649056,0.00013410470481811835,0.0002257448876809856,0.00016673612021825764,0.00012699037598801817,0.00013094838014671262,0.00015485635973619362,0.00013529281037835824
4c155aab87752114,Сява,0.0010793814162926554,0.0008679593810407461,0.0008454401181707501,0.00092666494880264,0.0009275952818235178,0.0009936231403127056,0.0008808632042320311,0.0024900144734032056,0.001050449415581822,0.0011402342646114022,0.0010011330925340438,0.000911622110542143,0.0009518047787084201,0.0009012219734064806,0.0015170703025995456,0.1619984317624872,0.0008534117153391309,0.0008800106366441692,0.8188738616072074,0.0009092063762599389
844c2d5c56561904,Сява,0.00020079773258919166,0.0001614668069357559,0.0001572775439449498,0.0001723878286465182,0.00017256090910257915,0.00018484407720396195,0.00016386731964743615,0.00046321105979832476,0.000195415503751078,0.00021211821887026912,0.00018624116273826855,0.0001695894084192393,0.00017706459528273353,0.996207279846369,0.0002822211441271084,0.00020844972519853592,0.0001587605003192779,0.00016370870379313446,0.00019359791157991309,0.00016914000168268895
b8a6b1ad4bad8174,Сява,0.00021036658515054957,0.00016916137127372653,0.00016477247039366202,0.00018060282810887596,0.00018078414495574288,0.00019365266432874931,0.00017167627668512953,0.0004852835393924208,0.00020472786404361038,0.00022222652592488032,0.0001951163249299988,0.00017767103946881777,0.00018550245751016743,0.9960265424512648,0.0002956701516610052,0.00021838321995168433,0.00016632609092647903,0.00017151010838060518,0.000202823658801747,0.0001772002268473465
6badf32d75b58a0d,Сява,0.0002472852513390629,0.9953215814769983,0.00019368951534331062,0.00021229804803654935,0.00021251118987714593,0.00022763810510114603,0.00020180491238809474,0.0005704605812516794,0.00024065695773635483,0.00026122659326907203,0.00022935862119585876,0.00020885174805533748,0.00021805756344800339,0.00020646909090574482,0.0003475593269117788,0.00025670877787238323,0.00019551579472726046,0.00020160958208657715,0.00023841856823253774,0.00020829829522380812
84764740ed6f0a65,Сява,0.000634052963473303,0.0005098588752184589,0.0004966306010234943,0.0005443438905764558,0.0005448903441456819,0.0005836766149891885,0.0005174389103269913,0.0014626844922033615,0.0006170576637521766,0.0006697993389554083,0.000588088115794267,0.0005355073265801002,0.0005591115829164271,0.0005293980827782578,0.0008911612304395064,0.9508121262706186,0.0005013132331372068,0.0005169380333603114,0.03795183414782227,0.0005340882818885617
f4ddb940ea91d95c,Сява,0.0006829829504181078,0.0005492047987374722,0.0005349556206511168,0.0005863509512244395,0.0005869396053365368,0.0006287189715103153,0.0005573697042662091,0.0015755524925306155,0.12960503326090264,0.0007214878444198272,0.0006334709870405747,0.0005768325428707645,0.1448811235389825,0.0005702518171417746,0.0009599322828235061,0.7140191649583199,0.0005399996640346732,0.0005568302356306986,0.0006584938217676988,0.0005753039513907103
67726a9a81460c91,Сява,0.0001643900742105209,0.00013219042884376523,0.0001287607464911788,0.00014113131384881303,0.0001412730058333481,0.00015132904764756467,0.00013415569390440315,0.00037922491053321767,0.00015998371106035403,0.0001736579698221695,0.0001524728280711507,0.00013884027509424612,0.00014496011154081033,0.00013725634293437248,0.00023105019392557921,0.9969283546367802,0.0001299748126583516,0.00013402584717768994,0.00015849569056424447,0.00013847235905799262
ecb4770113c46f5e,Сява,0.000412211402875075,0.0003314701539934714,0.00032287014613656005,0.6092285328656002,0.0003542448632880506,0.00037946062742296707,0.0003363980731063736,0.0009509427532127115,0.00040116236572774365,0.0004354508421657258,0.0003823286645887279,0.0003481447873244607,0.00036349036504418987,0.00034417301641803,0.0005793629488437422,0.3834231158366706,0.0003259144652152846,0.0003360724885330988,0.0003974311088924261,0.00034722222494060103
dd51eee71058654b,Сява,0.29511610575467623,0.00021420232190446186,0.0002086448300160198,0.00022869017711867352,0.00022891977719779162,0.0002452146889353197,0.00021738683338335963,0.0006145173212513396,0.0002592387455868712,0.00028139662296495485,0.0002470680496449559,0.00022497778045343475,0.2797425207814791,0.0002224111577411382,0.0003743953652155614,0.3566473409162568,0.06422858329390171,0.00021717642727713774,0.0002568275518544872,0.00022438160314063274
df519b2dfca099f6,Сява,0.00018320401603253353,0.00014731924297681727,0.00014349703719080236,0.00015728336064091614,0.00015744127801390722,0.00016864821646290058,0.00014950940792860188,0.00042263104063180665,0.0001782933707194625,0.0001935326154918137,0.00016992287683608337,0.0001547301399815427,0.9408156808499433,0.00015296492002847583,0.000257493182433432,0.00019018555880853598,0.00014485004507008392,0.0558818576809859,0.00017663504912817157,0.00015432011069488867
2db1382d2f8b0784,Afisha.ru,0.00017769192477241056,0.0001428868165924399,0.00013917960004879287,0.00015255115022945703,0.0001527043091258288,0.00016357405057101292,0.00014501109046735275,0.0004099218626218485,0.00017292902506523024,0.000187709753507828,0.00016481038119673714,0.00015007473458415928,0.9312237403646125,0.06557664531834204,0.0002497459459380516,0.0001844633960851401,0.000140491906218266,0.0001448707372554282,0.00017132058744291474,0.00014967704532250182
0ea92e053e9cb1c6,Ноггано,0.00014309625139008225,0.00011506750325119818,0.00011208207612490183,0.00012285024548396904,0.00012297358751140405,0.00013172705885768787,0.0001167781972178342,0.0003301066883290469,0.0001392606577620355,0.00015116365817460914,0.00013272267174502264,0.8082040748557365,0.0001261830995693276,0.00011947721356263265,0.00020112173403503844,0.18924300935909052,0.00011313887981277512,0.00011666516522183354,0.000137965377299079,0.00012053571982450427
75a6ac18297d9287,Сява,0.0003131859219808852,0.0002518411338422124,0.00024530712057872994,0.00026887473164859886,0.9940921054353775,0.00028830287606273596,0.00025558522498544614,0.0007224835710659574,0.00030479118453513896,0.00033084257455146443,0.0002904819088191765,0.00026451000135895204,0.0002761691406437735,0.00026149239998700857,0.00044018269027859465,0.00032512079093853746,0.0002476200891547153,0.00025533784244174105,0.0003019562969995932,0.00026380906474923516
64c0b2265067f4b0,Сява,0.0001402928832713956,0.00011281324434980428,0.00010988629409188278,0.00012044351162255728,0.036154693085871506,0.0001291464223421729,0.00011449041798141442,0.00974072654559767,0.08240750773785914,0.00014820224171265524,0.00013012252111217765,0.00011848831638815743,0.00012371106399164551,0.00011713655994491636,0.00019718159946028436,0.8448467437233252,0.00011092239768139519,0.00011437960515237337,0.024944937498514994,0.00011817432972864086
ead18b55566ad62c,Сява,0.9967561641792607,0.00013931645006463062,0.00013570188583690557,0.0001487393085121416,0.00014888864024358483,0.00015948678394640784,0.0001413876529490369,0.00039967216198877,0.00016860799578886264,0.00018301939553982833,0.00016069220621359076,0.0001463247677918679,0.00015277451033771284,0.00014465544508942104,0.00024350548431006444,0.00017985415073051806,0.0001369814064452022,0.00014125080675896748,0.00016703975067427435,0.0001459370175174539
76175c66c4244fc6,Сява,0.2458510901754776,0.00011795604516454522,0.00011489566855410841,0.00012593415373051122,0.00012606058075756196,0.00013503380012052667,0.00011970967446810702,0.2741462318270956,0.00014275651532343398,0.0001549583241443485,0.47773064437556995,0.00012388982812102409,0.00012935066660320937,0.00012247644438985952,0.00020617048146133327,0.00015227838549221063,0.00011597900760444605,0.00011959381213047143,0.00014142871139729763,0.00012356152239389564
39473cb1e2aee4db,Сява,0.07429000235183701,0.0001693944099880385,0.0001649994699504525,0.00018085162684118223,0.00018103319107526416,0.00019391944956338012,0.00017191277881984548,0.13656025205669392,0.00020500989996979774,0.2276497479017746,0.00019538511836651658,0.0001779158072453207,0.00018575800845695563,0.0001758860771420733,0.4741151013694404,0.08466398146039023,0.0001665552296547031,0.00017174637768041075,0.00020310307533429547,0.0001774443397755747
5a9685d6434db6be,Сява,0.00029730806413422813,0.00023907333495765026,0.00023287056635848752,0.08611923707709224,0.00025549962465866335,0.0002736865215307458,0.00024262759670023787,0.0006858564065844084,0.0002893389403573129,0.0003140695426604008,0.000275755105444703,0.9085232284764951,0.0002621679526953242,0.0002482352792606719,0.00041786637795532906,0.00030863786551979424,0.0002350662612556769,0.00024239275788542385,0.00028664773818021076,0.000250434510273365
935b29127c0aaa80,Сява,0.014655882056062873,0.00019215169257279257,0.0001871663087442764,0.0002051481232655342,0.00020535407650253842,0.00021997153219275922,0.00019500837878464166,0.0005512391866701634,0.00023255192366795324,0.00025242879027677904,0.00022163411745625155,0.00020181787412060885,0.00021071364824431162,0.9810695924595294,0.00033585398117185925,0.0002480631579080787,0.00018893106299505105,0.00019481962590983196,0.0002303889271902942,0.00020128307673396696
cad67a83b84adf76,Сява,0.0005386687470848177,0.0004331579251012227,0.00042191962575063906,0.00046245512333367147,0.03849262624731179,0.0004958708048848245,0.00043959761367444325,0.0012426480769395713,0.0005242301612229766,0.020278067729906035,0.000499618680002127,0.47463548323726157,0.06120600581240046,0.22384478133362024,0.17408750605721948,0.0005591963203398187,0.0004258978285973192,0.0004391721156451912,0.0005193542215630059,0.00045374233814084267
0045e421a49af474,Сява,0.0002786127026300503,0.0002240399031737296,0.00021822718394639247,0.00023919314809475392,0.00023943328381410972,0.00025647656070103937,0.00022737067669618933,0.00064273508356359,0.0002711447174991255,0.00029432021548311577,0.00025841505054753226,0.0002353102457719186,0.5656165220384051,0.00023262573739503582,0.00039159008298429455,0.42942323850070263,0.00022028482488184944,0.00022715060806912488,0.0002686227540249942,0.0002346866816154457
68d62e52caa2aa4d,Сява,0.09939737654003383,0.0002122801346194004,0.00020677251241039952,0.7420041111555401,0.00022686550147390394,0.0002430141802355124,0.00021543606598439587,0.0006090002533275423,0.00025691240580496063,0.0002788714447530009,0.0002448509371211745,0.00022295888062411073,0.00023278651439925067,0.00022041529371644535,0.0003710356302148179,0.1541564719548478,0.0002087221484775139,0.00021522755163722184,0.00025452283633399633,0.00022236805844464165
6309c6b26f9f1b2a,Diamond Miners Gang,0.00038493301321142876,0.0003095349150525091,0.00030150400430509997,0.0003304706966873837,0.0003308024803451371,0.00035434957398950843,0.5606211860184517,0.0008880073766526993,0.00037461518173955083,0.00040663460391529143,0.00035702779570331877,0.00032510607508363763,0.09610787505255984,0.00032139714124356975,0.0005410232543461675,0.000399602041835594,0.0003043468372792834,0.0003138326484697707,0.0003711308421527183,0.3366566204469758
77df32b7bd70d590,100 music,0.00024894855055978036,0.00020018617935712232,0.00019499233944578133,0.00021372602195219215,0.00021394060447067715,0.00022916925485092667,0.9952930911441484,0.000574295753657044,0.0002422756832502446,0.0002629836675354712,0.0002309013545791752,0.00021025654015104501,0.00021952427559642848,0.00020785786091484566,0.0003498971254131656,0.000258435466928358,0.00019683088642228144,0.00020296566762127735,0.00024002224666405195,0.00020969937648172761
1edea8c50ec8aae2,Скриптонит,0.0002489471891246071,0.0002001850785940481,0.00019499126765207774,0.00021372486333197935,0.00021393943130410543,0.00022916800931902198,0.9952931169101517,0.0005742925671032462,0.00024227435074615316,0.0002629822191521529,0.00023090009454019685,0.00021025539599292878,0.00021952307347057802,0.00020785671669463278,0.0003498952136186019,0.0002584340766349526,0.0001968298146761739,0.0002029645669301581,0.00024002092865353788,0.00020969823230918764
fa7a85b3db669a80,T-Fest,0.000361098025721004,0.0002903685542412335,0.00028283491089384216,0.00031000799474700043,0.00031031923112718774,0.0003324082829708642,0.0002946854092372745,0.9937109902966933,0.000351419051600025,0.00038145583611382564,0.00033492067127455493,0.0003049755347279518,0.0003184183037240909,0.000301496258915136,0.0005075231592739638,0.00037485872497870727,0.00028550172413051154,0.0002944001916829603,0.0003481504584275848,0.0003041673795189522
fcf1f3062802084c,Хабиб Шарипов,0.0011880855681857857,0.0009553712971424239,0.0009305841484695984,0.0010199890724111175,0.0010210131779290342,0.0010936905600141035,0.0009695746639514449,0.9793078843313141,0.0011562398097746574,0.0012550669817837988,0.0011019568622206192,0.0010034313222902459,0.0010476607597360906,0.0009919837387960056,0.0016698540473407467,0.0012333611136439073,0.000939358545314394,0.0009686362401046873,0.0011454854794757331,0.0010007722801014614
116c6fcf3f044002,Donnie Brasco,0.00024894715973821177,0.00020018506381491415,0.00019499125287883906,0.0002137248339855631,0.00021393940195744564,0.000229167979955077,0.9952931157804449,0.0005742941962657636,0.0002422743213673318,0.00026298218974982716,0.00023090006517428586,0.00021025536665045057,0.0002195230441175805,0.00020785670190679115,0.0003498951550137976,0.00025843404723778924,0.00019682979990084837,0.00020296453759595533,0.00024002089927727428,0.0002096982029673418
021969ca7c15a2e1,nightcore (Musical.ly),0.0002948220521664596,0.00023707425758558298,0.00023092335184276007,0.00025310910120142886,0.00025336320675963425,0.00027139803661466443,0.0002405988044144195,0.0006801299556500332,0.000286919546839647,0.0003114433962071085,0.00027344930380603723,0.0002490002803909461,0.00025997577203939836,0.000246159600857257,0.9945995182619796,0.0003060571208935551,0.00023310071138677577,0.00024036593010174276,0.00028425087095376386,0.00024834043830921054
1bed172ba8bd7574,T-Fest,0.0002764073002152695,0.00022226648919926957,0.00021649976860630896,0.00023729976805205558,0.00023753801202117879,0.00025444636346115014,0.00022557088008203386,0.6690715320537466,0.00026899842500298246,0.0002919904814226363,0.00025636951557887446,0.00023344759939444986,0.00024373755025240172,0.0002307843513797285,0.00038849037747753617,0.00028694061731678456,0.0002185411259378854,0.00022535255768594572,0.16862101283182593,0.157992773931341
ee448314c7ddd17e,T-Fest,0.0001293781340650718,0.00010403640390548797,0.00010133717652469908,0.0001110730404638376,0.00011118455178614417,0.00011909886525144115,0.00010558309781457334,0.00029846273898180705,0.0001259102527222293,0.00013667215033862911,0.00011999903214254938,0.00010926995636974382,0.00011408637819927201,0.00010802336659741018,0.0001818409152016366,0.00013430846828283122,0.0001022926697954771,0.00010548090699362882,0.9975729814994684,0.0001089803950951885
0cecd53f5b60bb77,T-Fest,0.0002658848791715013,0.00021380513228344404,0.00020825794226861895,0.00022826611241047042,0.00022849529052050053,0.0002447599805172477,0.000216983736190365,0.0006133752098883788,0.000258758049674805,0.00028087483596229713,0.0002466099072691487,0.00022456059821171628,0.00023445882537665344,0.00022199873356819593,0.0003737011236790571,0.0002760172320975836,0.0002102215776846748,0.000216773722952448,0.0002563513084456552,0.9949798458018272
83c4d42d4c71a02a,T-Fest,0.00013652574363639028,0.00010978399114442138,0.00010693563604311194,0.00011720937404249921,0.37046811668345,0.00012567858749910354,0.00011141613372396217,0.3517367934866381,0.00013286627217173996,0.00014422273071756225,0.0001266284927341667,0.00011530667501761149,0.00012038918534571209,0.00011399121844812112,0.2542614574673477,0.00014172846004311334,0.00010794392355375568,0.00011130828949556544,0.0001316304654989072,0.021580067183448445
52ba9c4ee8c3b1c9,T-Fest,0.0002375098725696971,0.00019098801600218152,0.00018603282749027198,0.00020390574969620677,0.0002041104514646802,0.00021863938758332656,0.00019382741448572955,0.9958634447539282,0.00023114359954885897,0.00025090010689799634,0.0002202919028906303,0.00020059566956758353,0.0002094375723360418,0.00019830720653256066,0.00033382005374832174,0.0002465609008883602,0.00018778690060252174,0.00019363981121572462,0.00022899369983504203,0.00020006410271604692
207e8a87aa9ded2a,T-Fest,0.00029265279158782005,0.08215173621153549,0.0002292242505183949,0.00025124674144529736,0.0002514989843526864,0.18565455728280214,0.00023882851490496137,0.7276014940060325,0.00028480843589051325,0.0003091518409621767,0.000271437291700041,0.00024716818871013175,0.00025806291698427506,0.0002443484057900673,0.0004113234024903815,0.00030380517608200665,0.00023138558835518152,0.00023859735772347558,0.00028215940514970933,0.0002465132069827994
b21a158d9160e19f,T-Fest,0.0001425192074179694,0.04232647737822391,0.00011163009909227169,0.00012235485263724675,0.00012247768534564497,0.00013119585360332072,0.00011630728079121157,0.28700239566890695,0.6684422651258586,0.00015055409054084615,0.00013218745014587156,0.00012036861820206153,0.00012567424614685376,0.00011899541225955395,0.00020031069432300457,0.00014795031651955798,0.00011268263905180768,0.00011619470718237747,0.00013740902623380938,0.00012004964751710302
428af5675bbaf7b0,T-Fest,0.0003160056840649132,0.0002541085851962428,0.0002475157232058325,0.00027129556222707296,0.12375921725941724,0.000290898593882847,0.00025788637902309603,0.8710086848863936,0.00030753539207093865,0.0003338213038699261,0.00029309727198555146,0.00026689154124410444,0.0002786556303364756,0.00026384672742964916,0.0004441458988477711,0.00032804800579252456,0.0002498495304011541,0.00025763678455867974,0.0003046749510330782,0.0002661842890193166
6fe7886c02a27d8b,T-Fest,0.00022239180596903265,0.0001788311786234704,0.00017419138851229203,0.4581834829398076,0.0001911183336485151,0.0002047224658932718,0.00018148982765905645,0.5381341901242206,0.00021643076037575472,0.0002349297050049595,0.00020626979989391732,0.00018782728758287172,0.00019610636558688984,0.00018568447475515238,0.0003125715962617604,0.00023086669451280069,0.00017583381926362612,0.00018131417151864913,0.0002144177069552106,0.00018732955395463113
0954741af4c9ad40,ЛСП,0.9688365060209728,0.0003350788388018563,0.0003263852043256883,0.00035774234128487745,0.0003581014825600093,0.00038359178194505696,0.00034006039604318083,0.024322815733534675,0.0004055297841277145,0.0004401915446870756,0.00038649101828256186,0.00035193499194139803,0.00036744765403210367,0.0003479199729291763,0.0005856704202247188,0.0004325786227692116,0.0003294626434206999,0.00033973126081785946,0.00040175789852006747,0.0003510023887792971
16bafbcfce4c07d8,ЛСП,0.574695455239393,0.00011793003767174325,0.0001148703378089149,0.0001259063852381585,0.0001260327977098408,0.0001350040232154455,0.00011968328857763268,0.42289698763066186,0.00014272505018534854,0.00015492415201691414,0.00013602440338286373,0.00012386251079385502,0.00012932215586990522,0.00012244944724341082,0.0002061250302014649,0.00015224481006646424,0.00011595343672307546,0.00011956744807103353,0.00014139753733376703,0.00012353427783526566
45c95e7c4d89958c,Максим Демах,0.959559612891842,0.00026600083038664325,0.00025909941001360824,0.00028399211976053905,0.0002842772499855818,0.0003045125901915614,0.0002699554006345115,0.0007631178544086411,0.0003219279729723015,0.00034944407287490573,0.00030681415019223607,0.00027938198573609744,0.0002916966603295581,0.000276194708869165,0.0004649318257348482,0.0003434006043140619,0.0002615424437331696,0.0002696941355502807,0.03456576144996832,0.00027864164250198097
ef882a4ae582cbf0,ЛСП,0.0003730192795404581,0.00029995474861052167,0.0002921724129333582,0.0003202425645080375,0.00032056407454444615,0.00034338238135674603,0.000304414125120763,0.6108418512723032,0.0003630207743383189,0.3830555633796843,0.0003459777156100942,0.00031504397975893114,0.0003289305532415026,0.0003114498310818021,0.0005242784739356569,0.0003872342897715469,0.0002949272652920341,0.00030411947792165006,0.0003596442641197998,0.00031420913632683364
a30ac79230e487cc,Big Russian Boss,0.00016141698017447118,0.00012979968638242772,0.00012643203868247318,0.00013857885637582763,0.00013871798722997464,0.00014859217423453543,0.00013172940120698395,0.0003723758658147305,0.000157090317655894,0.00017051726726424827,0.0001497152618886886,0.0001363292613676233,0.00014233841623600472,0.0001347739673021093,0.000226871505965094,0.9459456301595698,0.00012762414606690763,0.00013160189733249007,0.00015562918902884725,0.051174235620220866
5430fa1a60abaa1d,Greenaleх - Пати для Богатеньких\Нет Денег,0.0004666261075899546,0.00037522648862393216,0.5199769130361197,0.0004006054070884211,0.0004010076220246425,0.00042955201860332253,0.0003808049071094868,0.0010764575544887048,0.0004541185327458372,0.0004929333218290975,0.0004327986381966877,0.00039410227259935245,0.0004114735922695562,0.00038960619646279473,0.000655842827438181,0.0004844082569301802,0.00036893738370367485,0.4715656332024847,0.0004498947229427347,0.00039305791074903634
a7bd5675ff4c88c3,ЛСП,0.0004026017389930554,0.0003237427834063056,0.00031534327216334817,0.0003456395456776805,0.0003459865506587092,0.0003706144746703922,0.000328555829513629,0.5612076690622713,0.00039181030026785163,0.0004252994387028191,0.4321538936640106,0.0003400286762419213,0.0003550165090960844,0.0003361494847707018,0.0005658565958707187,0.0004179440565129007,0.0003183165777803784,0.0003282378119486118,0.0003881660058193514,0.000339127621623734
f1c9707b12ea4151,это девка словно пуля,0.00019741579061245196,0.00015874729520033397,0.00015462859422878797,0.0001694843812700862,0.00016965453680018065,0.0001817308355129324,0.00016110736826433048,0.00045541431320700494,0.00019212420537462579,0.00020854560373652635,0.00018310439067290986,0.00016673307999890677,0.9962804054526874,0.00016483094111574862,0.00027746783389015885,0.000204938897306231,0.0001560865650417269,0.00016095142995418833,0.00019033723033865552,0.00016629125478683732
178abb7bb3fb0a04,Yanix [Block Star],0.01854245149610803,0.0001195896311022496,0.00011648687178543343,0.11450557232925428,0.00012780641356411153,0.00013690389247383495,0.00012136754769745787,0.547733298380169,0.00014473356489280248,0.00015710435156317045,0.0001379386354939121,0.0001256055819391454,0.036007679439787256,0.028880223183438674,0.10683828426413748,0.14579745900750438,0.00011758521395002865,0.00012125007736360083,0.00014338738178784353,0.00012527273598729504
3a9f7ff381c676a2,Porchy,0.00010218844420035447,8.217245097096765e-05,8.00404861249843e-05,8.773029338556157e-05,8.781836885767266e-05,9.40694354507759e-05,8.339409887831131e-05,0.00023573575824917774,9.944935886334319e-05,0.00010794957688267111,9.478042751882635e-05,8.630614101396385e-05,9.01103611248548e-05,8.532152926774658e-05,0.00014362582561089086,0.03308920384774421,8.079517759704128e-05,8.331337939978174e-05,9.852436631733066e-05,0.9650874706725415
3baafd67d611b2fa,Максим Демах,0.5712705919930817,0.0001214494656669003,0.00011829845244153702,0.0001296638682608279,0.00012979403513054411,0.00013903300160144721,0.00012325504531408708,0.4262500012305098,0.0001469844438354858,0.00015954762041083125,0.00014008383895894506,0.00012755899212477708,0.0001331815606123074,0.00012610374252845487,0.00021227649493108224,0.00015678831560346927,0.00011941387846882086,0.0001231357341721303,0.0001456173206296612,0.0001272209657171037
5c87e578d66374fc,ЧиСтО боМ боММ,0.00019741579061245196,0.00015874729520033397,0.00015462859422878797,0.0001694843812700862,0.00016965453680018065,0.0001817308355129324,0.00016110736826433048,0.00045541431320700494,0.00019212420537462579,0.00020854560373652635,0.00018310439067290986,0.00016673307999890677,0.9962804054526874,0.00016483094111574862,0.00027746783389015885,0.000204938897306231,0.0001560865650417269,0.00016095142995418833,0.00019033723033865552,0.00016629125478683732
1ed708c1a14d2d85,Неизвестный исполнитель,0.0001974157906239431,0.0001587472952095743,0.00015462859423778856,0.00016948438127995145,0.00016965453681005584,0.00018173083552351052,0.00016110736827370817,0.00045541425502585765,0.0001921242053858089,0.00020854560374866532,0.00018310439068356795,0.00016673308000861192,0.9962804055106785,0.00016483094112534305,0.0002774678339063096,0.00020493889731816,0.00015608656505081232,0.00016095142996355692,0.0001903372303497346,0.00016629125479651673
ab1c91365ea734be,ЛСП,0.00028547159310259517,0.00022955531898870808,0.00022359949642002344,0.00024508158720154,0.0002453276309905049,0.10582012208344989,0.0002329680778909675,0.0006585589894642329,0.6854484852368782,0.0003015657789255484,0.0002647767027473763,0.00024110309347649933,0.00025173050295833723,0.00023835250494170243,0.0825087523670352,0.00029635031416684507,0.00022570777795215182,0.00023274259595874546,0.00027523568835805977,0.12177451265909287
d390c928d79357e9,ЛСП,0.00028299723641193067,0.00022756562980337066,0.00022166142302890163,0.00024295732151078704,0.0002432012407138946,0.00026051272294203487,0.00023094881912741816,0.0006528589293759436,0.0002754117013516336,0.000298951927167732,0.0002624817134881559,0.00023901331592563927,0.00024954861151481864,0.00023628657804959237,0.000397752533980653,0.0002937816898937009,0.0002237514418540016,0.00023072527260563445,0.0002728500695058014,0.9946567418217483
082cf97f399fc9e9,ЛСП,0.0037782465922028942,0.00025876114672276814,0.00025204756219706503,0.0002762627939684867,0.00027654015348213545,0.0002962247627090437,0.0002626080911628616,0.3158739316183275,0.675378345481015,0.0003399333333271323,0.0002984636622542662,0.00027177812637382126,0.0002837576126416057,0.0002686775787949068,0.00045227787709013355,0.0003340543302718795,0.00025442409376118,0.0002623539274028727,0.00031025333333338143,0.0002710579229609407
9243b6efbbccf4d0,ЛСП,0.0002240153548409157,0.17896531809729874,0.00017546305301528804,0.00019232049980002822,0.00019251357459830343,0.00020621702493648305,0.00018281478195802391,0.0005167857978592391,0.0002180107839118311,0.5454987516988588,0.00020777565136802212,0.0001891984884609902,0.24029157931121134,0.0001870400466759611,0.000314853511314235,0.00023255211892063838,0.00017711747469833792,0.03162299256604485,0.00021598303286868547,0.00018869713135931883
9df2dd97c91c880c,ЛСП,0.00043200238664386955,0.8433680466932824,0.00033837171359974864,0.000370880434620606,0.0003712527890771243,0.00039767918707121964,0.00035254912262840896,0.14945543315275556,0.00042042287317970784,0.00045635761026731255,0.0004006849146662943,0.0003648598117226402,0.0003809421831240494,0.0003606973522318081,0.0006071792095345194,0.00044846508695240567,0.0003415621632313656,0.0003522079092746321,0.0004165124528942414,0.00036389295324210287
78764b6f40b0bd96,ЛСП,0.00020198367288426074,0.0001624204515975626,0.00015820644998760779,0.0001734059683436034,0.00017358006744873868,0.00018593579246455042,0.00016483513808282927,0.00046595509641092844,0.0001965696476446685,0.0002133710116455223,0.0001873411290559359,0.00017059101689796802,0.0001781103694723696,0.00016864485840401204,0.0002838879740732197,0.00020968084985391086,0.0001596981521915792,0.9961809020613125,0.0001947413305543723,0.00017013896167387672
37a8a6cdbc4170d8,ЛСП,0.00017938463347971924,0.0001442479597498488,0.00014050544024266329,0.0001540043633993374,0.9966161157657477,0.000165132270412304,0.00014639247534869605,0.0004138175868532736,0.00017457636087876715,0.0001894978937216658,0.00016638037354318227,0.00015150435908796903,0.00015818240714726323,0.00014977594092437614,0.0002521250397170306,0.00018622061346406122,0.00014183024651340394,0.00014625078335991966,0.00017295260008225652,0.0001511028863265074
e029e4a837b7796e,ЛСП,0.0002581361632325392,0.5918020556198401,0.00020218865369075643,0.00022161372672267388,0.0002218362109303186,0.00023762689987486012,0.00021066015207978284,0.40390972855205526,0.00025121701933490627,0.00027268924102581064,0.00023942292616015845,0.0002180162026325485,0.00022762596625842347,0.0002155289895531689,0.00036281028993722904,0.0002679731986456465,0.00020409505624101554,0.00021045625066585665,0.00024888041856170254,0.00021743846255720608
243a9489221b7c7d,ЛСП,0.0001592213213119131,0.00012803411087977716,0.00012471225821738505,0.0001366938528869129,0.5252358378551377,0.00014657096434233814,0.00012993757395738588,0.0003673048257711464,0.00015495350694451712,0.00016819782937748228,0.00014767877243203038,0.00013447486066353923,0.00014040227713798035,0.00013294072515681628,0.0002237855141567557,0.0001652889163714741,0.00012588815471149708,0.00012981180176687503,0.00015351227085515172,0.4718947526079213
b07b0e8ebd323758,ЛСП,0.00024223568774956025,0.00019478817059561673,0.00018973437844385988,0.00020796293440924734,0.0002081717107082944,0.00022298973477100792,0.00019768405953515561,0.06069181396708625,0.0002357427404836222,0.0002558923381696552,0.0002246751228088788,0.0002045869924043105,0.00021360482758210188,0.0002022529964901501,0.9263697183690267,0.0002514667812156721,0.0001915233615519835,0.00019749271642815276,0.00023355007275070838,0.009264113037789049
590b4788cc68cbbb,Feduk,0.00015496614425553114,0.00012461240801095347,0.00012137932916797968,0.00013304073127369846,0.00013317428874345014,0.0001426538714014665,0.00012646499767282057,0.00035750031367970115,0.00015081238762055645,0.00016370274982342858,0.00014373206639016893,0.00013088103801173992,0.00013665002803389006,0.00012938789518582143,0.00021780486101412324,0.0001608715875783853,0.9970660788516429,0.00012634258696944824,0.0001494096558383912,0.00013053420768551835
978c4e268c88a195,Feduk,0.00027405951271948433,0.9948150489461242,0.00021466082459866673,0.000235284141873915,0.00023552036304243113,0.0002522851101936993,0.00022365489502202828,0.0006322131211466347,0.00026671353350917414,0.00028951032418610844,0.0002541919052775004,0.0002314647018381589,0.0002416672502483738,0.00022882406844307218,0.00038519053488195876,0.0002845033609150953,0.0002166848353242098,0.00022343842079650952,0.0002642328110622069,0.0002308513387966413
93d8871561950268,Feduk,0.0005537744889731282,0.9895230820833582,0.00043375133640034884,0.00047542356994600455,0.0004759008727794419,0.000509776306333236,0.00045192507834094516,0.0012774925353762957,0.0005389309529298532,0.0005849949255159272,0.0005136293043523277,0.00046770587416763586,0.000488321485762565,0.0004623701232549386,0.0007783298142441529,0.0005748776770539462,0.0004378411231909555,0.0004514876768602299,0.0005339182836484966,0.0004664664875114207
4d1b286ed80c499d,Feduk,0.9939779274915438,0.0002586363467611289,0.00025192599283160877,0.00027612955371091876,0.00027640676770248165,0.0002960818597686468,0.00026248145761921906,0.0007419779021969385,0.00031301510900739527,0.0003397693878550571,0.0002983197115522952,0.00027164703984713646,0.00028362076342979654,0.00026854800570019733,0.00045205973909759925,0.00033389320793353425,0.0002543013893212021,0.0002622273811734087,0.00031010370725978486,0.0002709271856878382
23287c3b575ea99e,Feduk,0.0005294216399494123,0.00042572203768319984,0.0004146766677351228,0.00045451629233370046,0.0004549726113173952,0.00048735836616209724,0.0004320511898450808,0.0012213207777729874,0.0005152308442419249,0.21162937295551598,0.000491041892673439,0.00044713800523182146,0.0004668470330270342,0.0004420368892659351,0.0007441019247844601,0.7790375795162535,0.00041858659295646906,0.0004316329968814537,0.0005104386654539147,0.0004459531009150178
f0a555a799d45de4,Элджей (Я|Так) похож на птицу.,0.00020189723917482443,0.9961802924335221,0.00015813873849143556,0.00017333176375928735,0.0001735057900712399,0.000185856215804897,0.0001647645876836584,0.0004657455170988842,0.00019648552873481837,0.0002132797008463978,0.00018726095549648618,0.00017051802066598253,0.00017803414126375307,0.0001685726774549488,0.000283766498093914,0.00020959112592585296,0.00015962981467510724,0.0001646051132834002,0.0001946579832489503,0.00017006615470405005
a418d1f3a1375847,Элджей,0.00020189723917482443,0.9961802924335221,0.00015813873849143556,0.00017333176375928735,0.0001735057900712399,0.000185856215804897,0.0001647645876836584,0.0004657455170988842,0.00019648552873481837,0.0002132797008463978,0.00018726095549648618,0.00017051802066598253,0.00017803414126375307,0.0001685726774549488,0.000283766498093914,0.00020959112592585296,0.00015962981467510724,0.0001646051132834002,0.0001946579832489503,0.00017006615470405005
925cf702794b9368,(AlljЭлджей),0.00018023408189357364,0.9965901390920785,0.00014117078208123295,0.00015473363032375011,0.00015488897199119166,0.00016591422860356457,0.0001470856980123769,0.00041577203839088126,0.00017540303607166137,0.00019039523138141766,0.00016716823967539356,0.00015222178102706758,0.00015893144966709394,0.00015048518487632866,0.0002533189385532153,0.0001871024245890363,0.0001425018600824081,0.00014694333665101104,0.00017377159204166553,0.00015181840200866203
38cfc5e336216ceb,ND Production,0.00027405951275138904,0.9948150490619359,0.00021466082462365653,0.00023528414190130567,0.0002355203630698493,0.00025228511022306916,0.00022365489504806515,0.0006322130048049473,0.0002667135335402237,0.0002895103242198119,0.0002541919053070922,0.00023146470186510493,0.00024166725027650757,0.0002288240684697108,0.0003851905349268008,0.00028450336094821584,0.00021668483534943521,0.00022343842082252118,0.0002642328110929677,0.00023085133882351595
d90130ec8714be1e,Музыкальная жизнь™,0.0004722451752191694,0.9910655443230423,0.00036989243540972566,0.0004054294675109897,0.00040583651372555235,0.00043472462955712377,0.00038539051775755785,0.0010894132965317143,0.00045958698673123985,0.0004988691583278819,0.0004380103650415714,0.00039884798482338926,0.0004164285046618829,0.0003942978041910873,0.0006637403957335079,0.0004902414433184258,0.0003733800932906152,0.0003850175230281259,0.0004553123029863289,0.0003977910791118317
f394dce1594c8a67,Элджей,0.00020074557821498534,0.9962020800596899,0.0001572366996299995,0.00017234305419607725,0.0001725160764316696,0.0001847960713063965,0.00016382474316683904,0.0004630894297106209,0.00019536474675909673,0.0002120631241713066,0.00018619279293941802,0.00016954534721977106,0.00017701859812526655,0.0001676111216072647,0.00028214783979356277,0.00020839557664558637,0.00015871926299285778,0.00016366618553193454,0.0001935476203837486,0.00016909607148371736
dab2b4ecbaad6c6b,†.чЁ за трЕк.†,0.0005210587958053567,0.9901420331760142,0.00040812634649931804,0.0004473366608624188,0.0004477857912216463,0.0004796599313675289,0.00042522642031253343,0.0012020218529204608,0.0005070921571266584,0.000550434808399121,0.00048328527949658085,0.00044007490514756876,0.0004594726102036284,0.00043505437744615765,0.0007323479125026917,0.0005409152354857128,0.0004119745135779712,0.00042481483389857576,0.000502375648070432,0.0004389087436413553
5fda41636d3be65b,Feduk,0.00016208456986683956,0.9969335042709714,0.00012695492913089262,0.0001391519928511472,0.00013929170576201336,0.00014920672402919598,0.00013227420608248085,0.000373910690395433,0.00015774000911102657,0.00017122248690851699,0.00015033445358376277,0.00013689309949068933,0.00014292709361936245,0.00013533137370097282,0.0002278097955797646,0.0001682612746003314,0.00012815196944417783,0.00013214617835726467,0.00015627284164802688,0.00013653033486669364
d8564b7cce260bae,Feduk,0.00020694535147658885,0.00016641026895349462,0.00016209274533538078,0.0001776656501416415,0.25220349336874404,0.00019050326087969273,0.0001688842688637157,0.402490864803753,0.00020139833669070698,0.0002186124208482761,0.00019194311450835855,0.00017478154820644662,0.11317048332378707,0.0001727875722653481,0.02975114072286952,0.19964580784387462,0.0001636211037016767,0.00016872080721988165,0.00019952509797554018,0.0001743183899050178
96186e90c174a2b0,Feduk,0.0003133543081128415,0.033134088053266286,0.0002454390060700995,0.0002690193079506473,0.00026928939149837054,0.00028845787280609323,0.00025572264087647564,0.7627950937389898,0.0003049550881284464,0.00033102044968635376,0.0002906380989620246,0.00026465224906924444,0.00027631761733593394,0.00026163298858170606,0.04599957186577204,0.15363144936276193,0.0002477532262619918,0.00025547514190127753,0.00030211865790457157,0.0002639509340639118
c20aa7736a053cd4,Feduk,0.00026399058394964105,0.037896663700196065,0.00020677419506663508,0.00022663982593948423,0.00022686735964576237,0.00024301617009202188,0.0002154378217850903,0.5712340060117362,0.0002569145126942277,0.3392024930559347,0.0002448529270592856,0.0002229606949666718,0.00023278841648989985,0.0002204170788421772,0.0003710386734966462,0.04783429104668219,0.0002087238457722786,0.00021522929287673997,0.00025452491401327674,0.00022236987276095426
1d438af42708501e,Feduk,0.00031029707085162336,0.9941294352543847,0.0002430443894640757,0.00026639464039618176,0.0002666621046023644,0.0002856435649226997,0.0002532276889368031,0.0007158400954815435,0.0003019798071542721,0.00032779085975049725,0.00028780248710056966,0.00026207016036699127,0.00027362176189864925,0.00025908038202393074,0.00043612244888457377,0.0003221218700441558,0.0002453360396628702,0.0002529826055766003,0.00029917105463955274,0.00026137571385733695
264237a98cb21de9,Feduk,0.00023894121636782974,0.00019213900489080488,0.0001871539415407721,0.00020513457614372308,0.00020534051481491727,0.00021995700909254218,0.0001949955017350252,0.0005512173798123948,0.00023253657025981174,0.00025241212585524185,0.00022161947782854476,0.0002018045600541199,0.00021069973694913215,0.0001995023019160735,0.9956231304294311,0.00024804678481938,0.00018891859380907583,0.00019480676342486486,0.00023037371944723456,0.00020126979180739045
313477fca7bcac1d,Feduk,0.00010453190328390823,8.405689518829362e-05,8.187602900097622e-05,0.02333163581383111,8.983228776145735e-05,9.622670418722669e-05,8.530655532055714e-05,0.36954366004335165,0.00010173000507990853,0.00011042515908127046,9.695400155296874e-05,8.828537569009855e-05,9.2176833872941e-05,0.040907609353863734,0.1524606623453489,0.041523440749456235,0.3709275307285129,8.522398776279405e-05,0.00010078380327789045,8.805142457516073e-05
3767293ae9db9346,Feduk,0.00019752820787026428,0.00015883769468319185,0.00015471665077583613,0.010211006981597714,0.00016975115015596638,0.00018183431759981772,0.00016119910656777408,0.000455682717295553,0.00019223361028647027,0.00020866436583868907,0.00018320865858904888,0.0001668280343814142,0.8239529173748159,0.0001649247895169279,0.00027762584380386894,0.00020505560752051734,0.16244011022939653,0.00016104309549512207,0.00019044561658282757,0.0001663859472265622
d874660812e2ad12,Feduk,0.00023102794612705373,0.00018577572845229464,0.00018095577076515345,0.00019834091321790364,0.00019854004160794317,0.00021267245295049359,0.00018853762350607572,0.0005329558727594016,0.00022483540826352425,0.00024405272398990172,0.0002142798719136736,0.0001951211712965536,0.995647102273615,0.00019289516502467803,0.00032470969001694014,0.00023983194135829088,0.0001826619681200017,0.0001883551425055572,0.00022274418181834744,0.0001946041126912566
32e5533e0671de32,Feduk,0.00016287730958487777,0.06037044415202774,0.00012757586055266797,0.00013983257548475477,0.00013997295781706883,0.00014993647998431898,0.00013292115759834037,0.32723592154955505,0.00015851150199583034,0.4586449762993992,0.00015106972498393455,0.0001375626366814645,0.00014362614353447196,0.00013599327076348544,0.0002289240027931205,0.00016908422556869847,0.00012877875102159576,0.036197257871297246,0.00015703716008842562,0.11528769636926771
124c0417969b329c,Элджей,0.00027405948383101947,0.994815049727853,0.0002146607956635262,0.00023528411295498035,0.0002355203341236821,0.00025228508128812406,0.00022365486609395534,0.0006322128888128563,0.0002667135046149368,0.00028951026620596324,0.0002541918763734235,0.00023146467291622292,0.000241667221334455,0.00022882403951906118,0.000385190506080821,0.00028450333203483726,0.00021668480639065973,0.00022343839186826647,0.00026423278216602025,0.00023085130987422336
e668f5b2873fb0bf,Элджей,0.0001869216527903339,0.9964636157315367,0.00014640891144025806,0.0001604750078801492,0.00016063611209815332,0.00017207046614490222,0.00015254329905728137,0.00043119998696048567,0.0001819113567213336,0.00019745982733516043,0.00017337099962620134,0.00015786995369365672,0.00016482859071147385,0.0001560689217502464,0.00026271832791055136,0.00019404484282930455,0.00014778937857429827,0.00015239565535789834,0.00018021936225470992,0.0001574516153268261
208c1233174a1648,ChipaChip x Женя Дэп,0.00022983278522295119,0.06178429228831517,0.00018001964797399785,0.00019731485977466452,0.0001975129549808309,0.00021157225765087084,0.00018756228338363603,0.5911751512915903,0.2141484148955876,0.0002427902024080777,0.000213171352935556,0.00019411177976216834,0.00020266788322686116,0.00019189728403167568,0.12962080992093644,0.00023859124760463143,0.0001817170268862778,0.00018738074825567556,0.0002215918907688196,0.00019359739870379987
4ec92396dfbb3a46,Элджей,0.0004371691260135679,0.00035153936016464653,0.0003424186551686285,0.00037531617385091706,0.0003756929811888032,0.00040243544644866285,0.0003567656229348811,0.0010084933640558387,0.00042545113667000726,0.00046181564956915576,0.00040547711723647607,0.0003692235481522671,0.9917631140627423,0.0003650112920599727,0.0006144410732437508,0.00045382874263153193,0.00034564725988177136,0.0003564203059453067,0.0004214939465782716,0.00036824513546322284
1406cc2f14102c3b,Элджей,0.0003847205681954597,0.0003093640802775826,0.00030133759243510303,0.000330288309978797,0.0003306199190498125,0.0003541540058542602,0.0003139633298724134,0.0008874994954006572,0.0003744084108433962,0.00040641017049186147,0.00035683074356528653,0.00032492662727589243,0.992751320936882,0.0003212197594026235,0.0005407246499395588,0.0003993814784533747,0.00030417888321682634,0.0003136594567540641,0.0003709259917287433,0.0003240655903822649
edb4806188bd3a5d,Элджей,0.0002621335563915923,0.0002107885908854582,0.00020531967530037817,0.19154279816744443,0.00022527148704735444,0.00024130669428586117,0.00021392234597430898,0.5981243528405296,0.00025510728021508483,0.00027691201651731327,0.0002431305295612312,0.00022139231006657715,0.00023115088307611362,0.0002188665922316504,0.0003684286372563437,0.00027212295189111885,0.00020725560398391824,0.00021371530131489793,0.0002527344739124249,0.2062132900621144
cd5f5ec950d58f1b,Элджей,0.00031030227728102934,0.00024952233216474966,0.00024304844697625196,0.9941462336522351,0.0002666665547760197,0.0002856483350454165,0.0002532319355202961,0.0007158323465812224,0.00030198483904529574,0.0003277963570402664,0.00028780731540898767,0.00026207455237969363,0.0002736263284168349,0.00025908471585938325,0.0004361297204060851,0.00032212725097626615,0.00024534011170365157,0.0002529868230587556,0.0002991760283514852,0.00026138007677327244
7c8ee213fba913d3,Mary Gu,0.8765532218656404,0.11690745344915965,0.0002858407531562593,0.0003133026341896139,0.0003136171884049914,0.00033594099163992074,0.000297817183717633,0.0008418680940831642,0.0003551537989695631,0.00038550979415274646,0.0003384800681441731,0.00030821668135415505,0.0003218023209899782,0.000304700443693232,0.0005129169115474969,0.0003788425719214801,0.00028853591351109167,0.0002975289393663101,0.0003518504558391254,0.0003073999405190202
9cfa768e2e72a8ce,Элджей,0.00021955266854699156,0.0001765481516015137,0.00017196760174157676,0.00018848922001038767,0.0001886784531097279,0.00020210890999272304,0.00017917286591210248,0.0005064890551610587,0.00021366772870508297,0.00023193051267692802,0.00020363648269113434,0.00018542941800084678,0.00019360280650742337,0.00018331397705057862,0.00030858121019556006,0.00022791937924095164,0.00017358906339392095,0.00017899945074408976,0.00021168037370839776,0.995854642671009
61d8203f8eac2137,Элджей,0.000324595462534939,0.0002610158738449164,0.000254243790745336,0.993876591407114,0.000278949799961876,0.00029880591769415956,0.0002648963458258748,0.0007488100785961032,0.000315894930496392,0.00034289536932540946,0.0003010643458678192,0.00027414627088023606,0.00028623015236421543,0.0002710187150045442,0.0004562188183283826,0.0003369651436383121,0.00025664104419236716,0.00026463997017951637,0.00031295675324833716,0.00027341981015725357
497a92fb925e7732,Элджей,0.00034031740819163097,0.0002736582853387814,0.00026655820210674987,0.0002921675358760677,0.00029246084428210823,0.0003132787270877766,0.09148154491873482,0.0007850821784256832,0.000331195452735345,0.0003595036429353975,0.0003156465274440213,0.00028742465920589727,0.00030009384775853414,0.0002841456179096717,0.902562328533086,0.0003532861915777448,0.0002690715507204473,0.0002774579068551742,0.00032811495777232126,0.0002866630119558398
0cf6f69972172f20,Элджей,0.0002975972793426944,0.15723622855893948,0.00023309708965228994,0.00025549165916900757,0.00025574818034714133,0.0002739527729870955,0.0002428636227374754,0.6994531008165263,0.00028962038456306963,0.0003143750857066298,0.0002760233360341965,0.00025134418843935827,0.1386293410953047,0.0002484767624631329,0.0004182728567322368,0.0003089380823742178,0.00023529493831007483,0.00024262855108376694,0.0002869265920505096,0.0002506781472365456
6897d982c4ee52e2,Элджей,0.0002544317043587789,0.00020459532489140633,0.000199287091931223,0.00021843339559262967,0.00021865269294996098,0.0002342167662758073,0.00020763700979661306,0.4652070293633767,0.48910849135589624,0.0002687759634193101,0.00023598702127359847,0.04171570664832983,0.00022435935733972173,0.00021243598394344755,0.0003576037040584897,0.00026412758703963035,0.00020116613704470156,0.00020743604785203803,0.00024530878877464696,0.0002143180558552224
ea17ea714edb62c9,Элджей,0.00028305457890346654,0.00022761172210811602,0.00022170633646274526,0.00024300654290944967,0.00024325052032706678,0.00026056549550090505,0.0002309955954671669,0.0006529757122732089,0.0002754675011271808,0.0002990125006323984,0.0002625348935559348,0.00023906173685823095,0.00024959914277091063,0.0002363344313809328,0.9948150796834044,0.0002938412154753093,0.00022379677735206698,0.0002307720198352768,0.0002729053453404789,0.00023842824831468294
71a1024f12ecbd6d,Элджей,0.00029999447361299777,0.00024123354531855755,0.00023497472254347876,0.000257549677531163,0.000257808265080455,0.0002761594827611803,0.0002448199232517718,0.3533912515403752,0.00029195334670456286,0.5293718301461455,0.0002782467514004742,0.0002533687956171509,0.00026453683825951215,0.00025047829031236345,0.00042164211856149413,0.00031142663353277324,0.00023719028087520696,0.0002445829598498207,0.000289237842742926,0.11258171436552344
597eebda3bd723f2,Элджей,0.00031584515354083714,0.00025397951469755177,0.0002473899995181939,0.00027115776091670855,0.0002714299690640516,0.0002907508394473693,0.00025775538774577107,0.0007286139862507645,0.00030737916874745767,0.00033365172240438503,0.0002929483825438553,0.00026675595173838046,0.9940490300407537,0.0002637127094709873,0.0004439202655709764,0.00032788136370050225,0.00024972261350229017,0.00025750590969177503,0.0003045201828449559,0.00026604907784950324
2e453a656a3ece3f,Элджей,0.0004373167961008616,0.000351658078179645,0.0003425342888421357,0.5920513547291619,0.0003758198756203207,0.0004025713611191573,0.0003568861159027508,0.001008848590139601,0.0004255948203863033,0.00046197164155620675,0.00040561407942325085,0.00036934826026786534,0.00038562844901645455,0.0003651345783947847,0.40031342577713735,0.0004539820285442785,0.0003457639992655995,0.00035654071162684634,0.0004216363209105204,0.0003683694984041422
7d714a52935137e3,Instasamka,0.10245868957566356,0.16198969510117275,0.0002640042322673134,0.00028936816327784163,0.0002896586777246299,0.24606660954462106,0.0002750657255342761,0.10829858153192402,0.00032802215525057593,0.0003560591276721711,0.0003126222120182921,0.0002846707757576978,0.00029721854349556656,0.0002814231373998326,0.00047373307827514933,0.0003499012516758973,0.00026649348298197996,0.0002747995127868535,0.0003249711714826675,0.37651841299901784
02d74a02c6081b64,Instasamka,0.00016450127815716964,0.00013227985777508678,0.00012884786109811907,0.00014122678331053045,0.0819191689538399,0.0001514314309634255,0.0001342464473865496,0.3306934757058154,0.0905435965522006,0.00017377546173610937,0.0001525759682766476,0.00013893420167228126,0.000145058171879614,0.00013734919240750143,0.0002312064907815465,0.00017077008358647384,0.00013006274237426792,0.00013411651332677032,0.0001586029063067367,0.49441877339710527
254b7e012aafde73,Instasamka,0.00014426201582939946,0.02775811005114793,0.0001129951838120156,0.0001238510790879059,0.0001239754251940081,0.00013280020067768264,0.00011772956175744842,0.04282665297188086,0.9271591191630866,0.00015239515338716025,0.00013380393350559457,0.00012184056480607523,0.0001272110869529489,0.0001204505659699272,0.0002027602303536191,0.0001497595543586152,0.00011406060220385582,0.00011761561299398048,0.00013908934878277378,0.0001215176942116758
d08073628348a25f,Instasamka,0.00014304894377795198,0.00011502946507895403,0.00011204502019307694,0.00012280963165885837,0.9973015342944356,0.00013168350558690896,0.00011673959152883756,0.00033000817339489134,0.0001392146161487247,0.00015111368759944215,0.00013267878378481557,0.00012081602663694007,0.00012614137981413142,0.00011943771294337887,0.0002010552327160866,0.00014850023649990224,0.0001131014746398906,0.0001166265959121003,0.0001379197576852972,0.00012049586996419873
b33a522d9b9aacc3,Instasamka,0.0003648119724101845,0.17697295363120452,0.0002857439314519391,0.00031319649990704844,0.00031351093771451994,0.0003358271744798852,0.0002977163168632628,0.2864463540816913,0.0003550334630045078,0.00038537918525128023,0.0003383654070329223,0.00030811226407766846,0.00032169330562860463,0.0003045972195908877,0.0005127431155656605,0.391498952208577,0.00028843816054774255,0.0002974281598166342,0.0003517312548455722,0.13970741171033887
e8ae186ddcca3d15,Instasamka,0.000280691672834973,0.00022571166786270096,0.00021985556945359696,0.00024097796641102197,0.0002412199065646638,0.0002583903378595374,0.00022906728146002953,0.0006475222476469914,0.99473701492351,0.0002965163866037831,0.000260343292283912,0.00023706609127675658,0.00024751554559332455,0.00023436155950032548,0.00039451207323535216,0.0002913882623391567,0.00022192854808025938,0.00022885159296265922,0.000270627189453362,0.00023643788506764335
b98831f41b2e4551,Instasamka,0.0003076188697445285,0.0002473645351368199,0.00024094665977267588,0.0002640953682352928,0.0002643605041528652,0.0002831781402767799,0.0002510420663561975,0.0007096460331665208,0.00029937337553869023,0.0003249616691370513,0.00028531843614706243,0.9941925639536578,0.0002712600916069872,0.00025684423558376603,0.0004323582467309478,0.0003193416025918374,0.00024321851951951008,0.0002507990784554498,0.00029658886632752244,0.0002591197478616272
5c174e7de88a2e18,Instasamka,0.00025819088174087394,0.00020761815880822955,0.0002022315053635559,0.0002216606844745293,0.432077385126952,0.00023767725023353614,0.00021070479470181467,0.0005956235206666073,0.0002512702526791377,0.00027274704636742053,0.00023947365509413478,0.061116256822994,0.00022767419078178482,0.00021557466597250057,0.0003628871987069835,0.000268029984761056,0.0002041383156068044,0.00021050084960654142,0.3879945937901779,0.11462576130431057
2fc5a95aae83e7a8,Instasamka,0.0002785055170419468,0.6101393549665244,0.00021814322238717504,0.0002391011250619202,0.000239341173473077,0.0002563778731279662,0.0002272832082507497,0.27272250261969533,0.0002710403839840276,0.000294206976513609,0.00025831563540527355,0.00023521970698120725,0.00024558777271643296,0.00023253624630542038,0.00039143941782228116,0.0002891188116705294,0.00022020007754741804,0.00022706321238024363,0.0002685194100055598,0.11274614264310542
727e82906fdf9b9b,Instasamka,0.0002900062568217214,0.00023320174915814016,0.00022715132467418517,0.0002489746575589505,0.00024922463036148977,0.00026696484130746766,0.7491310917189399,0.2460547265621618,0.0002822328273481367,0.0003063560904600141,0.00026898260989520164,0.0002449329794751888,0.00025572916191705036,0.0002421386915785073,0.0004076036902223246,0.00030105779627481586,0.00022929310468485775,0.00023643965219543225,0.00027960774912358973,0.00024428390584121153
58c1611fb4d8aa7f,Хома,0.00034378945579989945,0.0002764502600500352,0.0002692777660947169,0.0002951483372641305,0.019623325529182997,0.00031647492709391923,0.15386087685702618,0.30435421027830584,0.0003345744257887546,0.00036317147307344,0.0003188668837605416,0.2814125598519453,0.0003031555291302951,0.000287044607986171,0.0004831959685863213,0.00035689057502114746,0.0002718167262183715,0.00028028864807897103,0.00033146252762211113,0.23591741937197083
002d7a8bbe69a8f8,Loc-Dog,0.0001572048636100322,0.0001264126210276782,0.00012313283792735679,0.13383461746136988,0.00013509819273618877,0.00014471472313246943,0.00012829197159599604,0.7832150902923095,0.00015299109502386242,0.08051338767499813,0.0001458085031841701,0.00013277180737477525,0.00013862415056290343,0.00013125709866340378,0.00022095138482127014,0.00016319561005067123,0.00012429383326907406,0.0001281678001152185,0.0001515681070254103,0.00013241997120200613
71b6e4c745b85f8b,КОЈЕКУДА 2014-11-09 Radio Beograd 1,0.0003188150456226375,0.00025636768104137447,0.0002497162039800788,0.9939856437128908,0.00027398225144940316,0.000293484758331046,0.00026017906066356004,0.0007354690251286096,0.0003102694620753581,0.0003367890483550297,0.00029570296508942744,0.0002692642583586956,0.000281132946539833,0.0002661924071059089,0.000448094441688751,0.00033096444026276163,0.0002520707621910629,0.00025992722520585014,0.0003073835843086186,0.0002685507197112123
b9b9d10b186950ca,Наречена_Михайло Хома (Дзідзьо)(акорди),0.0012753446803764649,0.0010255386241122197,0.0009989309749044847,0.001094902238686181,0.5840096805742655,0.00117401679918039,0.0010407851873206369,0.002942089256627612,0.0012411600246481328,0.0013472454501006876,0.001182890206533937,0.001077128415628401,0.0011246063021678743,0.0010648400817272832,0.0017924965047850182,0.0013239453925296058,0.3929407315945689,0.0010397778456892148,0.0012296158173745488,0.0010742740287728787
b61c28e2801d721b,Бьянка,0.0002898994733985322,0.00023311590622875045,0.000227067693666563,0.00024888300833547525,0.0002491328647214261,0.0002668665854233361,0.00023658160493197957,0.0006687644093790312,0.00028212895434737563,0.00030624331156491866,0.994551128078926,0.00024484281456754286,0.0002556350388337663,0.00024204954531908393,0.0004074536288074687,0.0003009469673632035,0.00022920868786296248,0.00023635261599258978,0.000279504836562533,0.00024419397376749765
04a6722ef80e1d58,T.A. Yanix,0.00025621417720078545,0.0002060286487677067,0.9951473108983073,0.00021996367618994857,0.0002201845014557489,0.00023585762380863044,0.0002090916516374121,0.0005910562934850284,0.00024934654781417543,0.00027065889989550984,0.00023764026214214424,0.00021639292800397926,0.00022593113884725757,0.00021392423977549633,0.0003601089504730726,0.00026597798633702603,0.00020257545092751235,0.00020888927819612808,0.0002470273513784811,0.00021581949535659026
3f6c459ac744878f,HOMIE – Безумно можно быть первым,0.34134209107358,0.00022759988464087963,0.0002216948047611209,0.00024299390462964362,0.00024323786748809927,0.00026055195448084715,0.0002309835832764454,0.654011427423493,0.0002754531738611053,0.00029899695030614817,0.0002625212360620632,0.00023904930242240035,0.0002495861841531667,0.00023632214254525651,0.00039781242901538473,0.00029382592723712237,0.0002237851291730339,0.00023076002220311082,0.0002728911636696527,0.00023841584300149767
5e02052b0213380c,на грузинском,0.000633565187878165,0.0005094666757008768,0.0004962485295428673,0.0005439250904081957,0.0005444711947354305,0.0005832275471228137,0.0005170408318906845,0.9889656064775858,0.0006165829265496913,0.000669284031396179,0.0005876357301232558,0.0005350953948516799,0.0005586814323615054,0.0005289908076183524,0.0008904756670792283,0.0006577090876638611,0.0005009276110232657,0.0005165403623739967,0.0006108480162063946,0.0005336773978877311
5e7afc7d2e22f5f7,#SWAGGAЖОПС,0.00025621417720078545,0.0002060286487677067,0.9951473108983073,0.00021996367618994857,0.0002201845014557489,0.00023585762380863044,0.0002090916516374121,0.0005910562934850284,0.00024934654781417543,0.00027065889989550984,0.00023764026214214424,0.00021639292800397926,0.00022593113884725757,0.00021392423977549633,0.0003601089504730726,0.00026597798633702603,0.00020257545092751235,0.00020888927819612808,0.0002470273513784811,0.00021581949535659026
13365c481a9be33c,T.A. Yanix,0.00025621411926531073,0.0002060286053308325,0.995147311955442,0.0002199636182159653,0.00022018445803391232,0.00023585756585153115,0.0002090916082037917,0.0005910561776976046,0.00024934648987140533,0.00027065884197537956,0.00023764021873885072,0.00021639288457811492,0.0002259310954315256,0.00021392419634700953,0.00036010886354414,0.0002659779284119233,0.00020257540748696984,0.00020888922021038058,0.0002470272934332473,0.0002158194519301168
49e1822dbb6c425c,Кемикэл Депазитз,0.00032839516461734297,0.0002640712992848002,0.00025721996598769336,0.0002819321177933655,0.00028221515256807503,0.0003023037239640582,0.0002679972026128093,0.8206068959213062,0.027987977952745192,0.0003469092768624537,0.00030458857857157683,0.0002773554236584382,0.0002895807505920833,0.0002741912549482668,0.0004615592862756388,0.0003409096381306013,0.11112355619138552,0.0002677378292542272,0.035457982833978635,0.00027662043546301265
5d726989baf61b66,Bandit-Aul B.CH.S,0.0004543118085695391,0.00036532421688641214,0.00035584588396858505,0.00039003340102377736,0.0003904249931097328,0.0004182160986406442,0.0003707554579650193,0.5018193134027626,0.0004421342987785968,0.0004799247831667527,0.0004213770660472306,0.49065193482435154,0.00040061476924875506,0.0003793244706945453,0.0006385350903222048,0.0004716246898630333,0.0003592010903630322,0.00037039660769227085,0.00043802195614363456,0.0003826850904021093
9a237faa20f8cdba,VCrash,0.00016933685355963188,0.00013616828321734144,0.0001326353841032034,0.00014537820410109615,0.00014552415979790192,0.18107482676356892,0.00013819267272493195,0.33635029196196004,0.0001647979078753377,0.05006293881330497,0.00015706100448003392,0.00014301823290616394,0.00014932220933591808,0.0001413866286596084,0.00023800289710288573,0.2364224432994862,0.19378471147285173,0.00013805891153200687,0.00016326509657251244,0.00014263924285954287
3ccddd0f8a50f118,Ляляля,0.08272857477669325,0.00021888213466524968,0.00021320322148886403,0.00023368650886725957,0.00023392111480964982,0.0002505720394677862,0.0002221362189123264,0.9128029179837751,0.0002649025015170964,0.00028754446333489154,0.00025246588364136516,0.00022989299975487675,0.00024002626807154308,0.00022727029391174676,0.00038257500399253744,0.0002825714925649838,0.00021521348096694134,0.00022192121439683102,0.0002624386007012152,0.00022928379846643692
43997b0bbf6b2b06,Пацантрэ,0.00048543962023285363,0.0003903549303403124,0.0003802271463780569,0.00041675711096897573,0.0004171755076442674,0.0004468707867571577,0.0003961582924609651,0.1358916638559627,0.00047242776302806194,0.0005128075241836877,0.0004502482863514534,0.8560637412536091,0.0004280634545699301,0.000405314415919514,0.0006822852442396841,0.0005039387137453446,0.00038381227270312124,0.00039577484948677427,0.00046803366661490593,0.0004089053048031278
0911360d90586bdd,Хоми,0.00021970963967554962,0.0001766743774581563,0.00017209055372884003,0.0001886239870290944,0.0001888133510828014,0.0002022534113163715,0.00017930096878728894,0.996173459827055,0.00021382049473040533,0.00023209633052806333,0.0002037820753045268,0.0001855619878884681,0.00019374122570905105,0.0001834450336828985,0.0003088018253460309,0.00022808233063760497,0.0001737131794241179,0.00017912742266383474,0.0002118317137811987,0.0001850702641707387
dd6dbe4c24365a2d,Хоми,0.00022388435304199975,0.00018003137471565373,0.00017536044318593703,0.0001922080233614293,0.0001924009962915927,0.00020609642819060373,0.0001827078645826446,0.9961007516911147,0.00021788328927078415,0.00023650639211636378,0.0002076541378135087,0.00018908786019168958,0.00019742251253087104,0.00018693066992396054,0.00031466939281150555,0.00023241612560680476,0.000177013904402272,0.0001825310297249909,0.0002158567315340918,0.00018858677958862442
2df50074c781aac7,Хоми,0.10098454797967245,0.00016932605552639606,0.3168388340461951,0.0001807786436078813,0.00018096014961429077,0.00019384119709665583,0.00017184340544660633,0.5788847372065453,0.000204927178842899,0.00022244287953518649,0.00019530628366166077,0.00017784401759260232,0.0001856830601743995,0.00017581510262029023,0.00029595802171575346,0.00021859581949329904,0.00016648802510724843,0.00017167707708508462,0.00020302111111712817,0.00017737273934971147
f100aa253cc87179,Хоми,0.00022664625132434984,0.4891449414659002,0.00017752373639158165,0.0001945791607014533,0.00019477450558382566,0.00020863889906265525,0.00018496180128846896,0.5070899603164998,0.0002205711622705528,0.00023942400979115675,0.00021021581713314707,0.00019142049332529775,0.0001998579690666764,0.00018923670226803167,0.00031855121634920605,0.00023528327745100654,0.00017919758475568807,0.00018478278365267152,0.00021851960444824783,0.00019091324273607424
d48ca488df0858be,Хоми,0.0006569624070599466,0.0005282809710292141,0.0005145746952266382,0.0005640119803488547,0.9876071679251749,0.0006047658456834607,0.0005361348733520625,0.0015155224127310126,0.0006393530161356504,0.0006940003531304335,0.0006093367773705601,0.0005548562053422036,0.0005793132626470743,0.0005485261797457235,0.000923360447841698,0.0006819979321610989,0.000519426595323141,0.0005356159519992903,0.0006334063462351163,0.0005533858214619593
f434bbfbdd81ecf8,Хоми,0.00019862776126185723,0.00015972188048840938,0.5690049632869413,0.00017052487217340438,0.0001706960754412551,0.0001828465161521666,0.00016209644725803259,0.42769124384177204,0.00019330369615359124,0.000209825910170693,0.00018422849686993266,0.00016775669068282113,0.0001751511002472647,0.00016584286661329908,0.00027917125175484265,0.0002061970557283858,0.00015704480853118895,0.00016193954852161381,0.00019150574897500806,0.00016731214426296795
110b6aea62b2f8f8,Хоми,0.41319193726591297,0.00011850342376861575,0.00011542884446201637,0.00012651855975300507,0.00012664556885777663,0.00013566042132908223,0.00012026519488416134,0.5843887999347954,0.00014341897796707695,0.0001556774083973954,0.00013668576373642734,0.00012446473172490622,0.00012995091969141768,0.00012304479961946471,0.00020712722804402822,0.0001529850278341819,0.00011651721120858759,0.00012014878684868701,0.00014208501856912748,0.00012413491259570742
5a8dd8a0c2a2f41e,Хоми,0.0002491280486682577,0.0002003305171422156,0.00019513292252826324,0.00021388012487658897,0.9953004220607349,0.00022933449090770873,0.0002033087992755593,0.0005747711697303831,0.00024245036427845333,0.00026317329461054875,0.00023106784220354307,0.00021040813993995625,0.00021968255526487755,0.00020800772888337766,0.00035014941819735463,0.0002586218341042876,0.00019697280839016238,0.00020311201373575687,0.00024019529774391474,0.00020985056878392058
9f8f0bf7f4a40340,Хоми,0.00033707374670861667,0.00027104998592953396,0.00026401756871465384,0.00028938281005979146,0.0002896733245141639,0.00031029277854335326,0.00027507964434703614,0.0007775971818689301,0.00032803872389456637,0.000356077123135883,0.00031263802356060877,0.993636493451362,0.0002972335688322799,0.0002814373765207158,0.0004737570430965024,0.0003499189268366952,0.00026650696501346677,0.0002748134024888314,0.0003249875945278468,0.0002839307600445587
ddd7828076933bd5,Хоми,0.00035755081059610217,0.0002875161370477517,0.00028005650497414913,0.0003069626767580085,0.00030727082812254336,0.00032914291022718083,0.00029179058762934183,0.9937727698323418,0.0003479669189884953,0.00037770864794040053,0.00033163061840496224,0.0003019796351986765,0.0003152903597003887,0.00029853455649422574,0.0005025375410089927,0.0003711763221358583,0.0002826971246809508,0.00029150816405157013,0.00034473042744211226,0.00030117939625654846
48115e649cacc0e0,Триагрутрика,0.0004272491824173367,0.07533458452982102,0.0003346487030444938,0.0003667997361194955,0.17978139110270322,0.00039330363612258463,0.00034867014383041034,0.7381536334588549,0.000415797086188841,0.0004513364165692898,0.0003962763015934049,0.0003608453538858887,0.00037675077307324065,0.00035672870406357497,0.000600498564957924,0.00044353076864218964,0.00033780405327310086,0.0003483326557865526,0.000411929681589673,0.0003598891474629026
f0c5ad6a730c0640,Триагрутрика,0.00010620885114745854,8.540536857805713e-05,0.012944156659971827,9.118187476247787e-05,0.09381308734661324,9.777041416033565e-05,8.66750813329558e-05,0.00024501483496863785,0.00010336200189021133,0.14279695710613588,0.10254399767697554,8.970169039102892e-05,9.365557655006765e-05,0.02191445506559535,0.6245156845022115,0.00011025625518555561,8.39739040166272e-05,8.659118226943587e-05,0.00010240062237742384,8.946398486633929e-05
4a0555c651dd90f0,Витя Ак & Tip 2В12,0.00021434636570425878,0.00017236162188480548,0.00016788970249923424,0.00018401953801352696,0.00018420428910532807,0.00019731626151909596,0.00017492409740917846,0.000494478846626012,0.00020860097927822617,0.00022643069654966643,0.00019880759980612684,0.00018103227758676222,0.00018901186292406597,0.00017896699728557513,0.9960736533824848,0.00022251467480570623,0.00016947270328841188,0.00017475480044934748,0.0002066607435683944,0.0001805525592115011
a3ffa1693572ec44,Авеню (Москва),0.00020804691017142933,0.00016729606487032042,0.000162955563614997,0.00017861135671855426,0.13295321543971744,0.00019151730373536682,0.0001697832343572608,0.11758984386310924,0.00020247036934005017,0.7462320895344492,0.0001929648117258238,0.00017571190240386712,0.00018345695490918374,0.00017370730348934446,0.0002924098563140566,0.0002159751567222247,0.00016449204200771444,0.0001696188995923397,0.00020058716249220349,0.0001752462702593577
e2d3cd22dd9d6121,Триагрутрика,0.0002357714965676235,0.00018959014994019655,0.00018467122428165097,0.00020241332664305874,0.00020261654413763485,0.0002170391363826636,0.000192408754034499,0.0005439013433049692,0.00022945181811205654,0.00024906371059846115,0.0002186795592216233,0.00019912748965825506,0.0002079046664345543,0.00019685576108587638,0.0003313767639636452,0.0002447562855168635,0.00018641246278852498,0.00019222251862486165,0.0002273176633451718,0.9955484193253578
976f81f3f65f2f4c,Триагрутрика,8.788433137066287e-05,7.067013664489386e-05,6.883659539743939e-05,7.545000405403173e-05,7.552575404580653e-05,8.090180612270302e-05,7.172077760755727e-05,0.00020273810453481632,8.552866014916641e-05,9.283904003446872e-05,8.151327030085709e-05,7.422519850073214e-05,7.749691275022273e-05,7.337840803461608e-05,0.9983901589192553,9.123342542637043e-05,6.948564717116627e-05,7.165135769866059e-05,8.473314335436309e-05,7.402850754619866e-05
669f5cdbf0afd9b9,Триагрутрика,0.0002182221050100399,0.00017547821466207763,0.00017092543004766989,0.0001873469158978877,0.0001875349993880231,0.00020088406684831881,0.0001780870236197193,0.0005034157859305436,0.00021237283215809824,0.0002305249335001022,0.00020240238446485653,0.00018430565315611877,0.00019242950660195506,0.00018220301797958893,0.0003067111015800465,0.00022653810193005397,0.9958684885120876,0.0001779146561968447,0.0002103975116782953,0.00018381724726216012
378f429af3b2d30c,Триагрутрика,0.00014336570677738332,0.00011528418659330442,0.0001122931352024068,0.00012308157519675406,0.6992045776838102,0.00013197510857051488,0.03337774578611635,0.0003307309307895683,0.031892260300333916,0.00015144830562458138,0.00013297259863802788,0.00012108356098760262,0.00012642070110104948,0.0001197021914216288,0.2194389407462934,0.00014882907747117128,0.013953415689985232,0.00011688485350733753,0.00013822517030169062,0.0001207626912779339
39e745a9c07b4af0,Триагрутрика,0.00010053004059476776,8.083888428305503e-05,7.874151680618437e-05,8.630652615407965e-05,8.639317553062185e-05,9.254279288769063e-05,8.204070509665062e-05,0.8185970529564304,9.783540432777235e-05,0.00010619767670653597,0.014010466201066624,8.49054823512237e-05,8.864796562155471e-05,8.393685597193639e-05,0.10203727763599625,0.00010436103588673248,7.948395549812874e-05,8.196129529771019e-05,0.06393579940557123,8.46804879208925e-05
219ccb1a75b8dafd,Триагрутрика,0.00016767135816391315,0.00013482900687702374,0.07656093603986962,0.00014394834369346724,0.538973497280072,0.00015434963159283814,0.0001368334897173665,0.0003868033570930006,0.24791774807997127,0.000177124254010073,0.00015551622963377257,0.00014161158239205901,0.00014785356876151654,0.00013999602862366584,0.06187064363270628,0.06454720906431045,0.007803832390141611,0.0001367010381735013,0.0001616593066268676,0.00014123631756969075
5346dcc1b865cabe,Триагрутрика,9.100110441534785e-05,7.317641315370255e-05,7.12778466691836e-05,7.812579583341531e-05,7.820423065370954e-05,8.377094193526493e-05,7.426431429752376e-05,0.00020992806075752945,8.856189064355776e-05,9.613152019002728e-05,8.440409574435617e-05,7.685755281057623e-05,8.024529676303948e-05,7.598073446560064e-05,0.00012790201708743154,9.446897121021185e-05,7.194991957417036e-05,0.9982793572518996,8.773815768344922e-05,7.665388421227606e-05
4ed347c6d7502ecc,Триагрутрика,0.00015264543615503334,0.00012274627220032914,0.00011956160753266422,0.00013104837227201127,0.15123616926343558,0.020782758419946496,0.00012457111138659049,0.3836949880343405,0.00014855388889771753,0.09205472774472254,0.00014157960737142377,0.0001289210278864389,0.00013460362327112962,0.00012745023678076427,0.30811025219978083,0.005502512415547233,0.00012068894435153207,0.00012445054877468497,0.00014717217006089914,0.03689459907528561
255a8148a7823f15,Триагрутрика,0.00025472022715782955,0.00020482733051503207,0.00019951307332432086,0.00021868108749688127,0.25640733161580403,0.00023448235625564645,0.000207872464073803,0.3237955334251742,0.4158276314488499,0.0002690807254467469,0.00023625461933023857,0.0002151311625875407,0.00022461375738398495,0.0002126768803997283,0.00035800919005254364,0.000264427081503515,0.0002013942574764596,0.00020767126930851785,0.0002455869510609853,0.00021456107679809977
aff9ba39ff1c351e,Триагрутрика,8.653413192590386e-05,6.95844037055943e-05,6.7779027689862e-05,7.42908348750601e-05,7.4365420713625e-05,7.965887612027906e-05,7.0618899318428e-05,0.371677205226585,8.42146440413629e-05,0.13901788938788484,0.05716484187366984,7.308484494801559e-05,7.63062968826686e-05,7.225106389402018e-05,0.29400782619080296,0.06070915370452452,0.06815742432806077,7.055054897529283e-05,8.343135813122081e-05,0.00828298893725076
e7ae3090293f2084,43ai,0.00017957819522501476,0.04748066736843011,0.00014065706191161847,0.0001541705374892734,0.00015432532620665392,0.00016531046480113755,0.0001465504418732553,0.8640816534009972,0.00017476474196209392,0.000189702369782287,0.00016655990675497863,0.0001516678409799222,0.00015835309248745497,0.0001499375601064229,0.0002523970826664525,0.00018642155328649503,0.08559646931326259,0.000146408589808103,0.00017313922032300495,0.0001512659316459622
dc016cbf3ef114df,i61,0.021682728765568676,0.0001614970306861305,0.000157306981906887,0.00017242008962596207,0.00017259319918523484,0.00018487868099720093,0.00016389797994668294,0.00046330960370971906,0.00019545207201506165,0.0002121579157362822,0.00018627601390907114,0.9747265998104642,0.00017709774391227618,0.0001676860466760483,0.000282273966569904,0.00020848873813765479,0.00015879021476230016,0.00016373934954103128,0.00019363414515634708,0.00016917165149331093
16adea17d3c02da1,i61,0.022862444139154673,0.0001633531836101374,0.00015911498221958574,0.00017440179731871916,0.00017457688595184196,0.00018700356594672103,0.0001657817380394286,0.000468634709166413,0.00019769849537770555,0.00021459633835951787,0.0001884169788329066,0.9735056151606254,0.00017913320674138776,0.0001696133298399938,0.00028551827967722437,0.0002108849890269957,0.0001606152554823596,0.00016562127408019947,0.00019585967182822938,0.0001711160187205451
879f63769617f089,Mary Gu,0.00022518107911212933,0.00018107409899521725,0.00017637613020828717,0.000193321280249379,0.0001935153736686989,0.00020729012746744654,0.000183766101088503,0.05733916513054754,0.00021914526562594948,0.00023787622646468244,0.00020885685921066713,0.00019018304373538217,0.00019856596441821404,0.0001880133680173452,0.0003164919193224105,0.9389727646149502,0.0001780391519616772,0.00018358823305248957,0.00021710696458099844,0.00018967906732277864
16f7036c65275bd4,DOPECLVB,0.29236128300465886,0.00018969523650802403,0.00018477359020993827,0.45816538047205885,0.00020272884694961675,0.06461802818081332,0.0001925154118833506,0.0005442082676351234,0.00022957900443126503,0.0002492017794832022,0.00021880076594890427,0.00019923785746883251,0.00020801990812212547,0.00019696487769434601,0.16514768649661288,0.00024489193928160124,0.00018651578894193768,0.00019232907463183457,0.00022744365665403263,0.016240715840012018
13bebb8058d2b505,Thomas Mraz,0.00017331047011845643,0.0663228322939774,0.0001357477719801074,0.00014878960566364158,0.00014893898107119576,0.00015954072054240632,0.00014143546072044774,0.29626237896874374,0.0001686650040828836,0.045846454104001094,0.00016074655042760562,0.00014637424970683106,0.05214399392812569,0.00014470435925203576,0.00024358780859884432,0.00017991497316002783,0.00013702771476844096,0.00014129857085597018,0.5370482720957909,0.00014598636841230042
0c932b973246c83c,Thomas Mraz,0.0002807125281828751,0.00022572843649220394,0.00021987190177805602,0.00024099586943189592,0.0002412378241270247,0.0002584095352503485,0.0002290842973274558,0.0006475753051238775,0.00027318825666774516,0.0002965384054228174,0.9947237994210567,0.00023708370342793785,0.00024753392854561445,0.00023437896804126587,0.00039454136378813367,0.0002914099030294305,0.00022194504038643525,0.00022886256979454684,0.00027064728853547736,0.00023645545359015626
7e579f5db5fa8fba,Thomas Mraz,0.00024921287459171156,0.00020039871822723706,0.00019519936368371927,0.00021395295124910452,0.00021416775202385738,0.0002294125679877807,0.04045826821625449,0.3760768264990625,0.0002425329066460681,0.00026326289125939094,0.00023114651562794393,0.00021047977362467974,0.0002197573451946055,0.00020807854805441074,0.5796781730842376,0.0002587098598925311,0.00019703987497631222,0.00020318116023922413,0.00024027708378166794,0.00020992201338516334
71428b5fcb2c7a34,Thomas Mraz,0.00028071368639662013,0.0002257293484867747,0.0002198727847927123,0.00024099683931109078,0.00024123879400110015,0.0002584105775206714,0.0002290852238029366,0.0006475775615208991,0.00027318935683303254,0.0002965396215093707,0.9947237783742088,0.00023708465883799326,0.00024753494194221877,0.00023437992350854936,0.0003945429852547117,0.00029141109012066515,0.00022194593790914198,0.00022886349627471907,0.00027064838875452777,0.00023645640901350448
d072c6bd4c561ca2,Thomas Mraz,0.00020347224072686062,0.00016361745839757404,0.00015937238856906624,0.00017468392713400625,0.00017485930680270515,0.00018730609735082294,0.051715478006167055,0.4469555566955156,0.00019801831429047402,0.15543502851019844,0.0001887217803137646,0.00017184822473772195,0.00017942299079037015,0.0001698877181109828,0.0931880997696014,0.12967031186128142,0.0001608750919783089,0.0001658892159149372,0.12056615756498047,0.0001713928371379656
12ca85f54b9efd53,Thomas Mraz,0.00023426207095449418,0.21858022058143997,0.00018348893814399992,0.0002011174584944072,0.0002013193662672181,0.3112014938383316,0.00019117693129661913,0.0005404209750502958,0.0002279828483594118,0.00024746919670599887,0.00021727953906178937,0.0001978526498258117,0.00020657363952391035,0.00019559547372085712,0.4663311555664665,0.00024318931944695838,0.00018521902946055927,0.00019099188918929923,0.00022586234380777184,0.00019732834445252326
c746f28fdde48b8a,Thomas Mraz,0.00026600214659868425,0.01258379713024273,0.0002083497983612933,0.00022836679774459223,0.0002285960631229215,0.3156493267595783,0.0002170794323440432,0.0006136438972592574,0.00025887217523154726,0.00028099870713372166,0.0002467186800107406,0.0002246596398778262,0.0002345622307517365,0.0002220966406677735,0.6673530786625614,0.00027613895050110674,0.0002103142919702476,0.00021686933183421659,0.0002564643576142907,0.0002240643065936098
5414004327778595,Thomas Mraz,0.0003310270465552517,0.0002661876663576072,0.0002592814142691671,0.0002841916171478911,0.0002844769220157275,0.0003047264954008691,0.00027014503084798656,0.7864349976999253,0.00032215410300052115,0.00034968952975852495,0.00030702965627214346,0.0002795782522779307,0.00029190154246089864,0.0002763887050907504,0.0625732803792256,0.0003436418116184993,0.0002617261361806492,0.0002698835620187871,0.14601085504445246,0.0002788373851234225
12c6e591fe1cb4d9,Thomas Mraz,0.00024228932429651377,0.00019483130101481116,0.00018977638840339797,0.00020800896056099246,0.0002082177950661365,0.00022303909319889849,0.00019772783021695115,0.9957802043073951,0.00023579493643955334,0.00025594900141278715,0.0002247248595739533,0.00020463229098555252,0.00021365211970825283,0.00020229777121990949,0.0003405375552369598,0.00025152245496168503,0.0001915657643998468,0.00019753644345563457,0.0002336017739579302,0.00020409002849515551
10cad3e4a061086e,Thomas Mraz,0.0002741832306618894,0.00022047804518328506,0.00021475773213438398,0.00023539036464179834,0.00023562668769670374,0.0002523990180268276,0.00022375586341711785,0.11723837835408375,0.00026683396200404946,0.07459301463827897,0.0002543066864110499,0.00023156920710845456,0.00024177635491647823,0.00022892738019941497,0.8040683410761718,0.0002846317946941052,0.00021678265982749963,0.00022353928730713279,0.0002643521042663507,0.00023095555296896188
90ff0b0600357cd9,Thomas Mraz,0.0003049227269406999,0.07487836566003028,0.00023883485392728275,0.0002617806633684546,0.0002620435000643233,0.0002806962034255937,0.00024884179869095297,0.0007034286471651543,0.0002967494981398137,0.0003221135157775345,0.0002828177562748954,0.00025753109661941567,0.00026888260926177457,0.00025459309400494907,0.00042856878044712646,0.00031654269331827004,0.00024108679193852575,0.0002486009353873311,0.9196467505052226,0.00025684866999504084
049f60081595da00,Thomas Mraz,0.0002998828518894244,0.00024114379679511137,0.00023488731705642596,0.0002574538894987623,0.027552717321693725,0.0002760567674877483,0.00024472885040202055,0.04939387525312544,0.00029184472290426806,0.0003167895294809135,0.00027814325026424423,0.0002532745502066952,0.9183526931044306,0.00025038509272202786,0.0004214852660249508,0.0003113107914285806,0.00023710204586596125,0.00024449197431830155,0.00028913023765394385,0.000252603386750909
4a726e605e20b045,Thomas Mraz,0.00021292359239681027,0.0001712175446835811,0.00016677529642157796,0.00018279805977892307,0.00018298158851941221,0.00019600652660721796,0.00017376300915175304,0.07294541026175644,0.9235534540837232,0.00022492769915936588,0.00019748796966912393,0.0001798306334579154,0.00018775725023702014,0.0001777790609539206,0.0002992640422549475,0.00022103768148512223,0.00016834779080993813,0.00017359481812871357,0.0002052889888777274,0.00017935410192724635
76e7592791766344,Thomas Mraz,0.0001740965766538962,0.00013999569511759038,0.00013636350838286363,0.00014946449432034554,0.0001496145536532375,0.00016026437161066484,0.8446617960910826,0.0004016254225831413,0.00016943003990152385,0.00018391171139998233,0.0001614756728975081,0.0001470381810086947,0.0001535193704889855,0.00014536072372205882,0.15229122111300844,0.00018073104143998133,0.00013764925725960947,0.00014193948152666508,0.0001678541549717136,0.0001466485389705338
9a1f1566a5bd1923,Thomas Mraz,0.0003186881878068744,0.993970700997588,0.0002496168480311015,0.0002735985223941419,0.0002738732334687395,0.00029336796998129624,0.0002600755430565546,0.0007351793389369942,0.00031014598014896585,0.0003366550604267358,0.0002955853036649883,0.0002691571320414594,0.0002810210765134505,0.0002660864739900163,0.0004479161597488458,0.00033083275143145263,0.00025197044585837503,0.00025982379490576855,0.0003072612955869474,0.0002684438844193422
0f1b3005feffbc31,Thomas Mraz,0.00036495337755556884,0.0002934687496690094,0.00028585469251071684,0.0003133178830838267,0.00031363243729768444,0.0003359573463703698,0.0002978317050908651,0.0008419154128463719,0.0003551710849298075,0.0003855285642617545,0.00033849656838151414,0.00030823169744228503,0.0003218180064006036,0.000304715285175359,0.0005129418801571398,0.0003788610219205495,0.0002885499692678554,0.000297543431637103,0.9931537959875982,0.0003074148984034325
d09db6e89d3b8bd2,Thomas Mraz,0.00022379262289344519,0.0001799576094778815,0.00017528859808685338,0.00019212928323029396,0.00019232216887846845,0.00020601200038396266,0.00018263302291234566,0.0005162821933420578,0.00021779403203033818,0.00023640949796764187,0.0002075690699607501,0.00018901038560014777,0.00019734161951350546,0.00018685408266944282,0.00031454045274359504,0.00023232090430298774,0.00017694137561596396,0.00018245624623531635,0.12040950350877871,0.8755808413253763
4979f37a544346f4,Big Black Boots,9.316787985676204e-05,7.491877563919751e-05,7.29750037288312e-05,7.998600674679986e-05,8.006631148411865e-05,0.9982481937083811,7.603258641146323e-05,0.00021492734575668965,9.067058951824256e-05,9.842045869277418e-05,8.641379815613174e-05,7.868756856586656e-05,8.215597360812807e-05,7.778986826817205e-05,0.0001309474352498506,9.671832131410639e-05,7.366307642963419e-05,7.595899010649092e-05,8.982724789523398e-05,7.847905419039481e-05
f523928b37ef00c4,Big Black Boots,9.316789408735825e-05,7.49187899327313e-05,7.297501802906866e-05,7.998602102285777e-05,8.00663257598996e-05,0.9982481902656192,7.603259342519874e-05,0.0002149305464365128,9.067060375745143e-05,9.842047290525528e-05,8.641381241002145e-05,7.868758284640253e-05,8.21559878767022e-05,7.778988255180401e-05,0.00013094744935015256,9.671833553245783e-05,7.366309072749864e-05,7.59590043964372e-05,8.982726213735138e-05,7.847906119569293e-05
5e3512e8f8f4a44d,Big Black Boots,9.316787961272327e-05,7.491877544295943e-05,7.297500353768451e-05,7.998600653728896e-05,8.00663112743974e-05,0.9982481910936252,7.603258621230769e-05,0.00021492996453823107,9.067058928074505e-05,9.842045843497708e-05,8.641379792978423e-05,7.86875683597567e-05,8.215597339293328e-05,7.778986806441359e-05,0.00013094743490685417,9.671832106076779e-05,7.366307623668522e-05,7.595898990752815e-05,8.982724765994548e-05,7.847905398483114e-05
c1bfd9b5294df1f3,EK-Playaz,0.00013129475390759286,0.00010557760584181494,0.00010283838976376917,0.9975231650099685,0.00011283164810018188,0.00012086319917082049,0.00010714721176102982,0.00030287811398701896,0.0001277754897081281,0.00013869681824416356,0.00012177670290364398,0.00011088869097673628,0.00011577646090767142,0.0001096236275322214,0.0001845347243975752,0.0001362981242503694,0.00010380804206017398,0.0001070435075396064,0.00012658703481952197,0.00011059484415947628
9d4d5e5c8a9eeba0,EK-Playaz,0.00013129473939293447,0.000105577591319859,0.00010283837524103594,0.997523165293028,0.00011283164085624182,0.00012086318465320203,0.00010714719723951928,0.00030287808496913456,0.0001277754751924711,0.0001386968037316056,0.00012177668838628474,0.00011088867645628741,0.00011577645366456697,0.000109623620287371,0.00018453469534610942,0.0001362981097371308,0.00010380802753771592,0.00010704349301806642,0.0001265870203035277,0.00011059482963894404
0a0e4fe07717c21a,Клоунеско & EK Playaz,0.00015560510737095066,0.00012512622405414468,0.000121879815592779,0.0001335892974574081,0.00013372340790258395,0.00014324207719268063,0.00012698645350820378,0.0003589567346457182,0.0001514342376013869,0.00016437774365401286,0.00014432472508880016,0.0001314206983805494,0.00013721348089837311,0.00012992140006491223,0.00021870293677684341,0.00016153491071687506,0.9970539990304156,0.0001268635480372885,0.0001500257286810896,0.00013107244195976507
9a986122303ddafe,Клоунеско,9.947315497129678e-05,7.998901456765699e-05,7.791370055687615e-05,8.539917627300346e-05,8.548491615325071e-05,9.156987923789543e-05,0.9981192448387317,0.0002294739710215618,9.68068513327934e-05,0.00010508120816195933,9.226198284353684e-05,8.401286631007506e-05,8.771600113282085e-05,8.3054419013299e-05,0.00013980949764071896,0.00010326387776743159,7.864833940860763e-05,8.109963123438305e-05,9.590643707105231e-05,8.379023657010518e-05
8ea88e792a9bd168,EK-Playaz,0.00017417975407393266,0.00014006258920448925,0.0001364286562676302,0.00014953589942877135,0.0001496860315200952,0.00016034092801473827,0.000142144866159399,0.00040181182955566127,0.00016951099091411026,0.0001839995744618867,0.0001615528259208681,0.0001471084365343159,0.0001535927109712203,0.0001454301643532187,0.9968094220881873,0.00018081739112695241,0.00013771501631501277,0.00014200729236940425,0.00016793434929672399,0.00014671860532422822
32e5874b42681a2b,EK-Playaz,0.00034707008408989514,0.0002790882841450816,0.0002718473388732712,0.0002979647946164058,0.993452906622946,0.00031949487577428407,0.00028323747148526515,0.0008006632080602322,0.0003377671325539105,0.00036663702468973036,0.00032190967865009304,0.00029312785469995265,0.00030604838304088575,0.0002897837374695727,0.00048780688651109833,0.0003602962026322938,0.0002744105421716776,0.00028296331341880757,0.000334625490659873,0.00029235107351165607
354eab5ef73971e7,Ek Playaz,0.00017417972512471925,0.00014006256022499117,0.0001364286272849064,0.00014953587045768243,0.00014968600254913953,0.0001603409136051541,0.00014214485173366277,0.00040181136425110467,0.00016951097651266603,0.0001839995600733035,0.0001615527969604462,0.0001471084075610722,0.00015359268200373246,0.00014543014993039874,0.9968094229730219,0.00018081736218363101,0.00013771500188534432,0.00014200726339163244,0.00016793432034196675,0.00014671859090255196
27e71e4aa21d79b3,Mrs. DvaTree,0.00013129473939293447,0.000105577591319859,0.00010283837524103594,0.997523165293028,0.00011283164085624182,0.00012086318465320203,0.00010714719723951928,0.00030287808496913456,0.0001277754751924711,0.0001386968037316056,0.00012177668838628474,0.00011088867645628741,0.00011577645366456697,0.000109623620287371,0.00018453469534610942,0.0001362981097371308,0.00010380802753771592,0.00010704349301806642,0.0001265870203035277,0.00011059482963894404
56eeb5ed5ecab867,"Клоунеско,Ek.playaz,Worna Brazass",9.947314765480883e-05,7.998901453506516e-05,7.791369324917268e-05,8.539916896225001e-05,8.548490884246232e-05,9.15698719246277e-05,0.9981192444320444,0.00022947450934889815,9.680684401739186e-05,0.00010508120084318637,9.226197552998712e-05,8.401285899988647e-05,8.77159938211234e-05,8.305441170350094e-05,0.00013980948303183856,0.00010326387044939911,7.864833210060484e-05,8.109962392538146e-05,9.590642975601764e-05,8.37902292600073e-05
b46babf80c36e56d,Jerry aka Нелегальный,0.0002022715790689147,0.00016265196978806364,0.5947477420543452,0.00017365314420680845,0.00017382749069152196,0.00018620082331321936,0.00016507009048398314,0.00046661079773412014,0.401618096246643,0.0002136751575726092,0.00018760815349293117,0.00017083417648076476,0.00017836423913603698,0.00016888523860432049,0.0002842926288714765,0.00020997972805086447,0.00015992578506732278,0.00016491031046544094,0.00019501890500321,0.00017038148098014275
573cee1e38d9b44f,Neiz,0.00010383637842395938,8.349759695525724e-05,0.99803334720837,8.91450712407636e-05,8.92345655142941e-05,9.558643249205752e-05,8.473894801274013e-05,0.00023953327119752567,0.00010105312106907506,0.00010969041713430567,9.630889138603622e-05,8.769794883777533e-05,9.156351937771735e-05,8.669746106736186e-05,0.000145941993480537,0.00010779337136608928,8.209811024404168e-05,8.465692614725157e-05,0.00010011321291828883,8.746555476488392e-05
67b377e0be8c287c,Neiz,0.00010383637116764542,8.34975896950957e-05,0.9980333473971729,8.914506398167041e-05,8.923455825521784e-05,9.558642523418287e-05,8.473894075281342e-05,0.00023953324213901056,0.00010105311381223458,0.00010969040987909914,9.630888412829824e-05,8.769794157840838e-05,9.156350484312448e-05,8.669744653184844e-05,0.00014594197895623117,0.00010779335683456667,8.209810298361538e-05,8.465691888730933e-05,0.00010011320566127053,8.746554750547301e-05
f5e1db706c8c8d39,Stas Neiz,0.00010383637842395938,8.349759695525724e-05,0.99803334720837,8.91450712407636e-05,8.92345655142941e-05,9.558643249205752e-05,8.473894801274013e-05,0.00023953327119752567,0.00010105312106907506,0.00010969041713430567,9.630889138603622e-05,8.769794883777533e-05,9.156351937771735e-05,8.669746106736186e-05,0.000145941993480537,0.00010779337136608928,8.209811024404168e-05,8.465692614725157e-05,0.00010011321291828883,8.746555476488392e-05
0b4e69d7e24b754b,DJ Хобот,0.0702399919465052,0.0001465896795624978,0.0001427864058997749,0.0001565044660212996,0.00015666158303558425,0.00016781303479261259,0.0001487690032906905,0.0004205392520047486,0.00017741042945753068,0.9265393955550135,0.00016908139415929439,0.00015396387647884088,0.00016075032159311334,0.00015220740226450235,0.00025621802170992905,0.00018924371113993705,0.00014413271986917254,0.00014862501210273583,0.00017576030062990992,0.0001535558844690698
fd1e2cea783482ec,ака47 ek playaz,0.00019337174017450487,0.00015549537835332265,0.00015146103484346154,0.991604000214848,0.0001661791752707271,0.00017800809139790073,0.000157807095397799,0.00044608030631960397,0.004936290459230862,0.00020427356841809207,0.00017935351770270464,0.0001633175705032451,0.0001705163150053236,0.00016145438710135905,0.0002717839133962494,0.00020074074206938438,0.0001528891451231283,0.00015765435850935116,0.00018643818975160642,0.00016288479658342435
f3a314f2668369a7,EK-Playaz,0.0003472900430862328,0.0002792651886936956,0.0002720196148602266,0.0002981536344795737,0.00029845296740136403,0.0003196973684637541,0.0002834169668779518,0.0008011713609167616,0.00033798118212029877,0.0003668693847622791,0.10017000248476535,0.48362157895399926,0.0003062423463533213,0.00028996739566164334,0.4104622654696974,0.0003605245454544774,0.0002745844774495836,0.0002831426632524901,0.0003348375898129252,0.0002925363618914449
ac814e3b05e02958,EK-Playaz,0.0003766892170528642,0.00030290582098189007,0.0002950469130704751,0.00032339326019932953,0.0003237179425555853,0.0003467607273773285,0.00030740908610073296,0.0008689814764560311,0.0003665923408314238,0.9929683932679121,0.00034938161481260107,0.00031814351087865764,0.00033216669784188693,0.00031451400102151344,0.0005294365496016105,0.0003910440712921683,0.00029782889021907465,0.0003071115576202738,0.00036318259401408665,0.0003173004601603302
c5c941fb3074616c,EK Playaz и Клоунеско,0.00022513008729190077,0.000181033101864392,0.0001763361951035093,0.00019327751894226977,0.0001934715541648271,0.0002072431946270901,0.000183724492928379,0.0005193407010386766,0.00021909564134687542,0.00023782236862991406,0.00020880957721230794,0.00019013998074401058,0.0001985210101485159,0.0001879707996692761,0.00031642025435723046,0.0002337093428702231,0.9957377135839552,0.0001835466685381247,0.00021705780584877228,0.00018963612071843327
747be60720d80100,Neiz,0.00010383637116764542,8.34975896950957e-05,0.9980333473971729,8.914506398167041e-05,8.923455825521784e-05,9.558642523418287e-05,8.473894075281342e-05,0.00023953324213901056,0.00010105311381223458,0.00010969040987909914,9.630888412829824e-05,8.769794157840838e-05,9.156350484312448e-05,8.669744653184844e-05,0.00014594197895623117,0.00010779335683456667,8.209810298361538e-05,8.465691888730933e-05,0.00010011320566127053,8.746554750547301e-05
77b0dcc3bc935e06,EK-Playaz,0.00038915456041742493,0.0003129295570589482,0.00030481057735702306,0.000334094969906638,0.0003344303915747434,0.0003582356966417103,0.0003175818337676956,0.0008977520638032852,0.0003787235722717434,0.9927356896968811,0.0003609433134789206,0.0003286714998476558,0.0003431587473189064,0.0003249218784999746,0.0005469565872848836,0.0004039844473072096,0.00030768460990774536,0.000317274439090166,0.00037520101902424087,0.0003278005385600443
7cff53eb5f3b5020,EK-Playaz,0.0004488822380104722,0.0003609581854594825,0.00035159309531756724,0.00038537205362459476,0.0003857589600032816,0.0004132179332906768,0.00036632449602320896,0.4146939526618169,0.0004368502761822161,0.0004741891282399464,0.0004163410948976625,0.00037911618435283723,0.5778839837423555,0.000374791092579836,0.0006309038485319686,0.00046598822059042274,0.000354908225818326,0.00036596992400488926,0.0004327870898178055,0.00037811154908234734
67fc99a43fbd1638,EK Playaz п.у. Клоунеско,0.00016056125431663883,0.00012911158413068363,0.000125761777088873,0.00013784420252100843,0.0001379826057789773,0.00014780443496301151,0.00013103105440114774,0.00037038979020735977,0.0001562575256294036,0.000169613301780213,0.0001489215708804768,0.0001356065400900199,0.0001415838262460774,0.00013405949696509227,0.00022566877494093984,0.00016667991232120516,0.9969601667649788,0.00013090423446705053,0.00015480415317754352,0.0001352471951155395
7d8c443e505d7359,EK-Playaz,0.0001880342267395453,0.00015120333023715873,0.00014728035227050686,0.00016143016861591683,0.00016159224784359112,0.00017309464887103082,0.00015345125183656715,0.00043377567255409224,0.00018299411282125702,0.00019863513664161053,0.00017440292422431038,0.00015880961613277213,0.00016580966925545406,0.0001569978590773645,0.0002642820405335081,0.00019519982244563743,0.00014866904150528473,0.00015330272044162448,0.00018129206265195434,0.9964497430953008
17bb423e75652bd4,Децл,0.0002762914351902387,0.00022217331113423295,0.33148808776319094,0.00023720030341409928,0.00023743844551750928,0.0002543397245629855,0.00022547633410497574,0.0006373681530757383,0.0002688856741595384,0.0002918680678848865,0.000256262061754838,0.00023334975005637795,0.00024363539344780233,0.00023068760801299716,0.00038832753778503845,0.6635657846989863,0.00021844951951576028,0.00022525809902249243,0.00026638472368838324,0.00023273139549480137
03e605198b69b539,Децл,0.00030762699887017405,0.00024737106745885266,0.2699033668050367,0.00026410233602990746,0.00026436747193028754,0.00028318560159913095,0.00025104868575125984,0.0007096566391528499,0.0002993812723683531,0.0003249702336955968,0.0002853259555382915,0.00025981507978961203,0.00027126726266383426,0.00025685100012175135,0.00043236962739714763,0.7245895400971009,0.0002432249211431448,0.00025080569786626824,0.00029659667602624924,0.0002591265704597227
2ceac78bb1f21c35,Децл,0.0002762914351902387,0.00022217331113423295,0.3314882069724859,0.00023720030341409928,0.00023743844551750928,0.0002543397245629855,0.00022547633410497574,0.0006373681530757383,0.0002688856741595384,0.0002918680678848865,0.000256262061754838,0.00023334975005637795,0.00024363539344780233,0.00023068760801299716,0.00038832753778503845,0.6635656654896914,0.00021844951951576028,0.00022525809902249243,0.00026638472368838324,0.00023273139549480137
93d8814ff00cbaeb,Децл,0.0001859467184057976,0.00014952470583706547,0.9964781779896069,0.00015963800900156412,0.00015979828377318204,0.00017117299042670878,0.00015174767064432204,0.00042895404947489987,0.00018096255717898812,0.00019642993120299346,0.00017246675737061961,0.00015704656064910065,0.00016396889119058141,0.00015525491454810474,0.0002613480531074362,0.00019303277252231675,0.00014701856079958514,0.00015160079818473066,0.00017927939559064988,0.0001566303904844465
1af11fc152d01810,Децл,0.00013090161365856455,0.00010526147544606713,0.00010253045949132297,0.00011238097038850278,0.00011249379865563146,0.00012050129506127647,0.00010682638102843447,0.0003019793454324032,0.00012739288519870328,0.0001382815151064839,0.00012141207027028531,0.00011055665510677779,0.00011542979287448533,0.00010929538249117043,0.00018398216560294522,0.00013589000986308032,0.00010349720863849014,0.00010672298240173906,0.9975444003045905,0.00011026368869316223
debb998fedf07f49,Децл,0.00018594464825405494,0.00014952304387930713,0.996478217336815,0.00015963623042290924,0.00015979650519126892,0.00017117109519825603,0.00015174597953754724,0.0004289491222081331,0.00018096054533622009,0.00019642775897474725,0.0001724648330120401,0.0001570448112269531,0.00016396706886814531,0.0001552531797142925,0.0002613451374119116,0.00019303061491504435,0.0001470169279966,0.00015159910708094162,0.00017927739833401173,0.0001566286556226722
a9b9304e3d2b023a,Децл,0.00015910313204372568,0.0001279390588850695,0.9969865942737357,0.00013659238357304095,0.00013672952080937318,0.0001464621609492507,0.0001298411104434858,0.00036702959404708935,0.00015483848995666354,0.0001680729754103328,0.00014756915414134182,0.00013437503569675423,0.00014029805754444153,0.00013284203522605248,0.00022361939144235538,0.00016516621606243355,0.00012579470340876606,0.0001297154401152849,0.000153398316144553,0.00013401895036429983
ef67be1f79744d82,Yanix,0.3288071867632433,0.00015066187899443365,0.00014675294409643487,0.00016085208897612528,0.00016101357155584047,0.00017247480383568862,0.00015290173856322885,0.00043222595797719535,0.12915946147800833,0.10246025765254592,0.00017377839331537192,0.0001582409227925682,0.00016521590212584226,0.0001564356561086242,0.4367086845877708,0.0001945008123405256,0.00014813665640966883,0.00015275374560696107,0.00018064285086862104,0.0001578215948645631
a2306cf609bf7199,MC Молодой & DZA & CanabiZ,0.0001716430029971684,0.0001380227110117583,0.00013444171770162573,0.40213105851357583,0.00014750600446968468,0.00015800573459850173,0.00014007467646526926,0.00039596748689129697,0.25296910206132106,0.00019342106343627968,0.00015919996655987527,0.00014496595325433974,0.28007967720010346,0.00014331212817958247,0.062129699002425584,0.00017818397211729852,0.00013570934951937478,0.00013993909627854235,0.0001654885618280783,0.00014458179726535147
2bac270191af897e,"ОСП - С.Белоголовцев,Л.Каганов",0.00025287476259154893,0.00020334334824881594,0.15287883021113896,0.00021709674117839433,0.00021731468520480595,0.00023278353059839798,0.00020636642121555512,0.20046594006460544,0.0002460966553488295,0.09615850097246591,0.00023454294439671019,0.06958301856178209,0.47741131230170425,0.00021113601498418526,0.00035541541157802425,0.00026251130243812976,0.00019993514430771542,0.000206166681634429,0.0002438076682708771,0.0002130065763069504
54ec9ff8aec582aa,Странник Стк,0.000185944677225294,0.00014952307287651636,0.9964782166262824,0.00015963625941290733,0.00015979653418115273,0.0001711711241800293,0.00015174600853317145,0.00042894932562905364,0.000180960574311013,0.0001964277879385114,0.00017246486199289085,0.00015704484021879903,0.00016396708330314248,0.0001552532087074159,0.0002613451954332126,0.0001930306438812308,0.00014701694244368337,0.00015159913607667056,0.00017927742731000483,0.00015662867006290197
148622bf0e50b790,Йорш,0.0003540825009131062,0.030830709496978217,0.00027733991947340484,0.000303985087638608,0.00030429027040708667,0.06829197756468534,0.0002889601768439649,0.233902620058934,0.6617631366260587,0.00037404481837443465,0.00032841376626711514,0.0002990503876281757,0.0003122320073068934,0.0002956387201808995,0.0004976628735135411,0.00036757588082603557,0.0002799549277635606,0.0002886804890311593,0.00034138650775306426,0.00029825791942267267
743a8399c4f836f2,Децл,0.00011743854902266432,9.44354659647611e-05,9.198533115579245e-05,0.00010082273015734185,0.00010092395326885198,0.007419842433664122,9.583942004402895e-05,0.5673030604585463,0.00011429069360881114,0.00012405944418926682,0.08245798064144563,9.918604004674313e-05,0.00010355798788686454,9.805449051547904e-05,0.016188904775489774,0.00012191388820943318,9.285264703858024e-05,9.574665887031971e-05,0.32508018118749327,9.892320338197944e-05
d1b19a87e85e894d,"Ginex - DoN-A, Beny Krik, Som -Мостовой Двор",0.00013917405940937653,0.00011191357515397219,0.00010900997374470485,0.6721484229551958,0.00011960295150422304,0.00012811649727530427,0.00011357737540319932,0.00032106362962666766,0.14593828473549192,0.02422017047564279,0.00012908482522230516,0.00011754339015299255,0.10928941337341418,0.04629961438442481,0.00019560909924520533,0.00014447770783033341,0.00011003781173993412,0.00011346744297641335,0.00013418383009069194,0.00011723190645514974
2f0c34defa85551c,Децл,0.00048536567633989335,0.000390295478403767,0.00038016923675800456,0.00041669361408623877,0.14632507240500336,0.00044680269202380485,0.000396097938412554,0.001119665961704199,0.0004723557979559362,0.0005127294189470008,0.00045017972601901773,0.0004099293015470918,0.8449470731070009,0.0004052526650558671,0.0006821812979227829,0.0005038619471215234,0.0003837538101763164,0.0003957145536389623,0.0004679623708499556,0.0004088430010328346
1c2dc18ec0c440d6,Децл,0.00015982713270059484,0.0001285212512811105,0.9969728807528008,0.00013721396796110002,0.0001373517163771995,0.00014712865249922634,0.00013043196121974483,0.00036870064687755013,0.00015554307837956587,0.00016883779414535912,0.00014824066609663553,0.00013498652106653692,0.00014093647848022073,0.00013344655023597008,0.0002246369766720636,0.00016591782167270865,0.00012636713148022217,0.00013030572336746686,0.00015409635621267594,0.00013462882047324073
e32e5f896e8f605b,Децл,0.0001173630032154123,9.437471936506589e-05,9.192616342928851e-05,0.00010075787994260592,0.00010085903757089463,0.00010803835517643114,9.577777850705341e-05,0.21203246018436328,0.7860377217183988,0.00012397964197278087,0.0001088549285393897,9.912224483944108e-05,0.00010349137690111525,9.79914228994999e-05,0.00016495366918695072,0.00012183546841647769,9.279292634269918e-05,9.568507554064137e-05,0.00011315482987149709,9.885957552067171e-05
193a8f67aa705c27,Децл,0.00019017899676974798,0.00015292800252535363,0.00014896027757900813,0.00016327148864043266,0.00016343540140283138,0.00017506901658182942,0.00015520156450792214,0.8271453434986463,0.00018508138843948476,0.0002009008326559888,0.00017639222214689654,0.00016062104663004415,0.16971013328736298,0.00015878862592873605,0.00026729651722657834,0.00019742633029209557,0.00015036481379296075,0.00015505134509685663,0.000183359926084527,0.00016019541768940137
343269d15da9ebd9,Децл,0.00038907034729951633,0.0003128618140907518,0.0003047446094435999,0.00033402265836409166,0.0003343579927322259,0.6638414333070948,0.05705238332996401,0.16909307446204325,0.00037864159979047454,0.0004110051789176021,0.0003608651820925206,0.0003286003522720308,0.10425567926887189,0.0003248515457028035,0.0005468382116905065,0.0004038970041735238,0.0003076180018087732,0.0003172057649486423,0.0003751198031215638,0.00032772956557748325
677395a0ffd16885,Децл,0.00025631640956236756,0.0002061108538334636,0.02511879265238136,0.00022005142660734754,0.0002202723537535393,0.00023595172008369436,0.00020917506474775333,0.9706178742277484,0.0002494460438874086,0.0002707668959266681,0.00023773508615009494,0.00021647926661092303,0.00022602127623779425,0.00021400958866230388,0.00036025263468122655,0.0002660840902591335,0.00020265627329568944,0.0002089726185313247,0.0002471259159507386,0.00021590560108878025
02d5d94e72c3d5ab,Децл,0.00020448711649012554,0.00016443354121249365,0.00016016731298078787,0.10969932064185856,0.6765942516919561,0.00018824034126235025,0.0001668781463197195,0.00047173265008145627,0.00019900599262894357,0.0002160156082832332,0.00018966309642889733,0.0001727053728993063,0.0001803179155783806,0.000170735087423194,0.00028740658446304955,0.2102368420214039,0.00016167751059750708,0.00016671663462818003,0.00019715501829427933,0.00017224771520952194
78ffc470e1071cbc,Децл,0.00020205392596631006,0.0001624769509676131,0.00015826147938499249,0.00017346628091301938,0.000173640438235286,0.00018600045673820053,0.00016489246704339867,0.00046614100792257904,0.00019663802323514835,0.00021344522346794718,0.00018740628817114947,0.0001706503543359397,0.00017817231211219496,0.00016870351179610338,0.0002839867097086933,0.0002097537809070631,0.0001597537055390558,0.0001647328616364284,0.9962096260829026,0.00017019813901619058
14e99dde5d34ddaf,Децл,0.0002764621452246264,0.00022231059797256397,0.06585694834636777,0.00023734685911347677,0.0002375851467248038,0.00025449687324803356,0.00022561564350369117,0.0006377813973979775,0.0002690517861381082,0.00029204841055227,0.0002564204036062414,0.0002334939339752373,0.000243785921516438,0.00023083014769103213,0.9292954185505982,0.0002869975572032181,0.00021858449277525365,0.00022539727746426685,0.0002665493223857608,0.00023287518654112275
108fd8278747f23f,Децл,0.08458726168625054,0.00020912496019527457,0.0368971198741218,0.00022326940610071808,0.00022349356378475628,0.00023940221099014603,0.00021223399118413763,0.2581416755634439,0.6165614225218004,0.0002747265166871634,0.00024121165419087616,0.00021964500452383262,0.0002293265530128707,0.00021713920858003056,0.0003655208561007533,0.00026997522943809964,0.00020561985520977738,0.00021202857636539683,0.000250739810953905,0.00021906295706562953
d89977547b8d0894,Krec,0.00011902356499908615,9.571002134514527e-05,0.024258103536003054,0.0001021834918500739,0.00010228607557780561,0.00010956697366155844,9.713292218652885e-05,0.9737621671976406,0.00011583322489094988,0.00012573381699572148,0.00011039510134006323,0.00010052471173573949,0.00010495566084083134,9.937788983364605e-05,0.0001672875827203038,0.00012355930972305309,9.41058400174552e-05,9.703890953697772e-05,0.00011475584472922608,0.00010025832437211703
3550afdded068886,Krec,0.00016155020285502395,0.00012990682034955443,0.00012653637898763162,0.00013869323639966464,0.00013883248365650138,0.00888939167391537,0.00013183812115766995,0.6983008574659025,0.0001572199755100388,0.00017065801245874437,0.00014983882315994598,0.00013644179350246898,0.0001424558954764501,0.00013488520445770866,0.08133647913723897,0.00016770654977994864,0.0001277294757940677,0.00013171052998325837,0.20919118799729775,0.0001360802221166792
722fcf30cbe5f5fb,Check,0.00020944481586832335,0.0001684201607383137,0.0001640504973392153,0.0001798114720671398,0.00017999200311682065,0.00019280413426095696,0.0001709240358844797,0.37421301781524474,0.0002038308037194862,0.00022125280671323535,0.000194261392069851,0.00017689253266738305,0.00018468965211391653,0.00017487448773439174,0.5127036865311292,0.10994733221892031,0.0001655973076291456,0.00017075859517000109,0.00020193495121146424,0.0001764237864016794
bdaf56f34acebf0a,Krec,0.0001975293504636291,0.00015883862037049593,0.00015471753295360363,0.00016958187627308215,0.00016975211911182884,0.00018183537343848118,0.00016120004672321475,0.7761214173278688,0.00019223472396384707,0.00020866556624462505,0.00018320971437895406,0.00016682898888906793,0.0001741825220070013,0.00016492574409210416,0.034201573788061455,0.00020505679350256954,0.0001561763477532888,0.1866754399463824,0.00019044671577172432,0.00016638690174990012
30d13f491feb61e0,Витек,0.00022395426156395325,0.00018008758966576484,0.00017541521747304733,0.0001922680509743091,0.0001924610821131,0.00020616079234377373,0.00018276492355724191,0.5282368798651523,0.00021795133511753455,0.00023658025882246817,0.0002077189967395966,0.00018914689825870964,0.0001974841554324561,0.00018698905314399065,0.0003147676489189688,0.4680951428429966,0.00017706918801469628,0.00018258803049104198,0.00021592413708642393,0.00018864567213398186
534e93684b837524,Krec,0.0005630538112724888,0.0004527665826235933,0.0004410195480582194,0.0004833900430836003,0.0004838753494976669,0.0005183184260949158,0.00045949780441457104,0.7214108125875744,0.0005479616112542577,0.26937764189714164,0.0005222359766299587,0.0004755430094420141,0.0004965041137854132,0.0004701178512574922,0.0007913719836049735,0.0005845106703059755,0.0004451778454992389,0.00045905306874360544,0.0005428649480319888,0.00047428287168391794
5875e4f4dfc012fc,Krec,0.00013384889182722966,0.00010763146340696376,0.0001048389654848277,0.00011491126257485666,0.9894780310145652,0.00012321442515982948,0.0001092316065239993,0.00830583629561342,0.0001302611754102032,0.00014139497648632974,0.00012414568950735094,0.00011304586715257358,0.00011802872658513379,0.00011175620369237154,0.00018812458045765163,0.0001389495999428076,0.00010582747706566294,0.00010912587958611386,0.00012904959752548716,0.0001127463014319336
193c0514c1bcc2c9,Krec,0.00018420892482710592,0.0001481273085655487,0.00014428413352842706,0.00015814609762203747,0.0001583048735556009,0.00016957327912229885,0.00015032949336565447,0.22483038481718617,0.0001792713439944106,0.00019459417473364766,0.00017085493894711772,0.00015557886350753598,0.00016243649663186602,0.00015380395200605446,0.0002589055873685192,0.7721525966572348,0.00014564457741559697,0.00015018398877765147,0.00017760391292967177,0.00015516657868032315
399d9d091e2e7543,Krec,0.0732884874470505,8.41070588393018e-05,8.192489744852458e-05,8.97957513280032e-05,8.988590043618666e-05,0.05033309386067968,0.022246886264755437,0.6186710139280079,0.00010179071954209778,0.04859726144666631,9.701186365799809e-05,0.014523851544159366,9.223185089672316e-05,8.733027144460652e-05,0.08258817480160507,0.004674937696536161,0.0395243660234463,8.527484995015274e-05,0.00010084395017937345,0.04464172987337024
b1c99eef1a35944a,Krec,0.00605631012547441,0.000201874002607903,0.000196636376236365,0.00021552801887102013,0.0002157444058165529,0.0002311014615557689,0.00020487523278998185,0.5711465178865474,0.0002443183820096751,0.14005605171545646,0.00023284815677071093,0.2790970662917912,0.0002213751521163738,0.0002096103816074347,0.00035284721816184844,0.0002606144290356693,0.0001984904354650354,0.00020467694842415607,0.00024204595528375738,0.0002114674239782594
7958033415ed477d,Krec,0.00019432699417536276,0.00015626352509631814,0.00015220926014958286,0.00016683260892889857,0.00016700010145254989,0.00017888745767523427,0.0001585866653168494,0.40443373706187824,0.5923709139863051,0.0002052826786922042,0.0001802395196083372,0.0001641243668711902,0.00017135866146115075,0.00016225197216934698,0.00027312652220324153,0.00020173240471542026,0.00015364441350840686,0.00015843317173392377,0.00018735918877616037,0.00016368943928240734
579c902616664d7b,Krec,0.0002832443671016978,0.00022776434429963745,0.00022185498593718287,0.00024316948252416112,0.0002434136200146728,0.0002607402077465369,0.00023115048778280613,0.9950669167430074,0.000275652225202093,0.0002992129991597485,0.00026271094459251736,0.00023922204254674343,0.00024976652076913995,0.00023649290350770128,0.00039809987324018276,0.00029403822150427547,0.0002239468383779376,0.00023092675207817378,0.00027308832316637446,0.00023858811744099391
8ef2e4c439bbe213,Krec,0.00018060657483890782,0.0001452305681227549,0.00014146255391183127,0.00015505341516091058,0.00015520909152892608,0.00016625713690369279,0.00014738967914832636,0.8471862717728691,0.00017576554620020714,0.00019078873771918712,0.029383273538457776,0.00015253638527688807,0.00015925992217398518,0.0001507961947301379,0.12070630345060193,0.0001874891204921561,0.00014279638228090031,0.00014724702674267522,0.00017413072605734558,0.00015213217678236888
fbe821c1e3384767,Krec,0.00014257075641668324,0.00011464495063422765,0.00011167048132463958,0.0001223991123201326,0.00012252198867700507,0.0001312433141841814,0.00011634935804482046,0.857782554997008,0.00013874926388297433,0.00015060854944695123,0.00013223527446591115,0.00012041216495868286,0.0001257197134421992,0.020349714231190197,0.1197040900395167,0.0001480038442572269,0.00011272340684761961,0.00011623674806286194,0.00013745872744180482,0.00012009307787728527
f4719d7cea4e18c9,Krec,0.00025284979076943087,0.000203323257163046,0.00019804802863701316,0.00021707528058968376,0.00021729322459037448,0.00023276052565561923,0.0002063460241828416,0.7434686465366322,0.0002460723246108077,0.00026710484472393647,0.25236215267303597,0.00021355143299835953,0.00022296439611666063,0.00021111516627928095,0.0003553802995230339,0.00026248536905248905,0.00019991538831816668,0.00020614631372911394,0.0002437835851855131,0.00021298553820642117
19f55bbc6c0a03f8,Krec,0.00015170866985228713,0.00012199297670173663,0.00011882786255954966,0.00013024413044685583,0.00013037489394967963,0.00013965520273710998,0.0001238066254495042,0.9973577887256493,0.00014764222468390345,0.00016026163030212096,0.00014071074040023347,0.00012812983914752582,0.00013377756809449274,0.0001266680847938474,0.00021322648053663675,0.00015748997082155763,0.00011994827993303815,0.00012368680498631133,0.00014626898962553743,0.00012779029932876465
5edab184012079d8,˜”*°•.☆ааааааааа!!!,0.00036474998665649754,0.0002933051754213543,0.00028569536770045194,0.0003131432777593349,0.00031345765733871916,0.00033577010915643426,0.9931036322056492,0.0008414198020657361,0.0003549731368043811,0.00038531370570186644,0.0003383079049871277,0.00030805991537514706,0.00032163862773740493,0.00030454545319331705,0.0005126560035964964,0.00037864985979069627,0.0002883891600637782,0.00029737758714182315,0.00035167148183273974,0.0003072435820274198
fcaf01eda707848e,Chernikovskaya Hata,0.0007554534102806507,0.0006074802029097217,0.0005917190795922845,0.0006485679485926866,0.0006492190595761224,0.0006954315830451271,0.9857165364468468,0.0017427339956362932,0.0007352040100357355,0.0007980439615572457,0.0007006877937473654,0.000638039520079284,0.0006661631373470161,0.0006307605346778343,0.0010617894864534414,0.0007842421665800047,0.0005972983428564815,0.0006159147851602819,0.0007283657731026012,0.0006363487619230297
2031216210888ea7,черниковская хата,0.0007554533888217385,0.000607480185654039,0.0005917190627843019,0.0006485679301698925,0.0006492190411348332,0.0006954315632911554,0.9857165084472319,0.0017427623514749168,0.0007352039891520144,0.0007980439388885344,0.0007006877738440893,0.0006380395019555535,0.0006661631184244247,0.0006307605167608658,0.0010617894562929481,0.000784242144303338,0.000597298325890018,0.0006159147676650121,0.0007283657524131226,0.0006363487438473258
46c51af52d52ab9a,MEOW!,0.0006449594127235876,0.0005186290408713113,0.000505173174271167,0.0005537071934697359,0.0005542631349063322,0.0005937165250739329,0.987805664753097,0.0014878354902748434,0.0006276717353422541,0.0006813206369466476,0.0005982039288192499,0.0005447187071771335,0.0005687289045454198,0.0005385043401313896,0.000906490248324131,0.0006695374841004002,0.000509936424154902,0.0005258299696811503,0.000621833680869811,0.000543275215219626
1a1093a05779561b,Моя Дерзкая Правда,0.00048660003160011403,0.00039128806743867406,0.0003811360688277897,0.0004177533458539644,0.00041817276117413367,0.2111573168246763,0.00039710528313257443,0.4149825765484195,0.0004735570911681863,0.0005140333325651339,0.00045132458673939667,0.03441422592313832,0.0004290867272055546,0.00040628329290820893,0.0006839161823201691,0.0005051433925167241,0.0003847297517716426,0.00039672093792973245,0.11849627448487624,0.2142127553657376
0f1fa3e35c20f6b1,про Красную Шапочку,0.0003888762171198394,0.00031270572981276625,0.0003045925713644396,0.00033385597829390306,0.0003341911671112243,0.0003579794741118063,0.9926474748217005,0.0008970753458391139,0.0003784526801810872,0.0004108001036266802,0.0003606851408297961,0.00032843640847385634,0.0003429132941115723,0.00032468946490372453,0.000546565398961337,0.00040369548022104124,0.00030746453737062713,0.0003170474974732351,0.00037493263007451683,0.0003275660584189816
f05b619bf244306b,Детские песни,0.000402179348487267,0.0003234031072822538,0.00031501241463792093,0.0003452769062716552,0.00034562356200101764,0.0003702256414066412,0.9923959511619782,0.0009277636546376084,0.00039139920222557327,0.0004248532117869843,0.0003730238583284178,0.00033967191590182947,0.0003546440615451408,0.0003357968281344363,0.0005652629266405678,0.0004175055713368099,0.00031798263520007463,0.00032789342093017694,0.00038775874954256596,0.0003387718217248509
4068d977fcd46828,Красная шапочка,0.000402179348487267,0.0003234031072822538,0.00031501241463792093,0.0003452769062716552,0.00034562356200101764,0.0003702256414066412,0.9923959511619782,0.0009277636546376084,0.00039139920222557327,0.0004248532117869843,0.0003730238583284178,0.00033967191590182947,0.0003546440615451408,0.0003357968281344363,0.0005652629266405678,0.0004175055713368099,0.00031798263520007463,0.00032789342093017694,0.00038775874954256596,0.0003387718217248509
4564a195fd56d7b8,DJ Little Red Riding Hood,0.00038505883314607803,0.00030963607754379936,0.013534792548335357,0.0003305787294872292,0.0003309106004850709,0.0003544653795703309,0.9680453501253471,0.0008882725890887748,0.0003747376247405183,0.0004067675270551478,0.0003571445037337371,0.00032521233208741883,0.000339547104463632,0.0003215021755667785,0.0005412000776460206,0.0003997326360628383,0.011745553209902906,0.000313935237419199,0.00037125214980396446,0.00032435053851405295
bf9a8f8b3655faf7,Солдат Семёнов,0.0005916385535125373,0.07261744108397578,0.00046340893975123755,0.0005079304659813327,0.0005084404232962654,0.6941751806011451,0.0004828252982172541,0.22392357783520123,0.0005757801674074294,0.0006249936967469982,0.0005487485298027308,0.0004996850598123113,0.000521710314732379,0.0004939844925667984,0.0008315478297138758,0.0006141847087877395,0.0004677783560054027,0.00048235797801374566,0.0005704247133818956,0.0004983609519479019
f602f21f14c65cd5,из к/ф,0.0003888762171198394,0.00031270572981276625,0.0003045925713644396,0.00033385597829390306,0.0003341911671112243,0.0003579794741118063,0.9926474748217005,0.0008970753458391139,0.0003784526801810872,0.0004108001036266802,0.0003606851408297961,0.00032843640847385634,0.0003429132941115723,0.00032468946490372453,0.000546565398961337,0.00040369548022104124,0.00030746453737062713,0.0003170474974732351,0.00037493263007451683,0.0003275660584189816
0c091694d6d69055,Ас Вентура,0.00043743021932328744,0.0003517492997841597,0.0003426231535268478,0.00037554034223254346,0.0003759173532495259,0.00040267579312577075,0.00035697870510625494,0.17504651716628938,0.00042570524654432615,0.00046209146629597067,0.00040571929706972025,0.0003694440502227966,0.0003857284872554635,0.00036522932083833264,0.0006148080529436463,0.00045409978734157493,0.00034585370778777633,0.8176916777959381,0.0004217456995434427,0.0003684650555810446
2bcb0101b511f789,Красная Шапочка,0.000402179348487267,0.0003234031072822538,0.00031501241463792093,0.0003452769062716552,0.00034562356200101764,0.0003702256414066412,0.9923959511619782,0.0009277636546376084,0.00039139920222557327,0.0004248532117869843,0.0003730238583284178,0.00033967191590182947,0.0003546440615451408,0.0003357968281344363,0.0005652629266405678,0.0004175055713368099,0.00031798263520007463,0.00032789342093017694,0.00038775874954256596,0.0003387718217248509
154c9a85475b090a,к/ф Красная Шапочка,0.0003888762171198394,0.00031270572981276625,0.0003045925713644396,0.00033385597829390306,0.0003341911671112243,0.0003579794741118063,0.9926474748217005,0.0008970753458391139,0.0003784526801810872,0.0004108001036266802,0.0003606851408297961,0.00032843640847385634,0.0003429132941115723,0.00032468946490372453,0.000546565398961337,0.00040369548022104124,0.00030746453737062713,0.0003170474974732351,0.00037493263007451683,0.0003275660584189816
18a1021be35f6b53,Песня Красной Шапочки (рок-версия),0.000402179348487267,0.0003234031072822538,0.00031501241463792093,0.0003452769062716552,0.00034562356200101764,0.0003702256414066412,0.9923959511619782,0.0009277636546376084,0.00039139920222557327,0.0004248532117869843,0.0003730238583284178,0.00033967191590182947,0.0003546440615451408,0.0003357968281344363,0.0005652629266405678,0.0004175055713368099,0.00031798263520007463,0.00032789342093017694,0.00038775874954256596,0.0003387718217248509
1608cdaf61972e43,к/ф Красная Шапочка,0.000402179348487267,0.0003234031072822538,0.00031501241463792093,0.0003452769062716552,0.00034562356200101764,0.0003702256414066412,0.9923959511619782,0.0009277636546376084,0.00039139920222557327,0.0004248532117869843,0.0003730238583284178,0.00033967191590182947,0.0003546440615451408,0.0003357968281344363,0.0005652629266405678,0.0004175055713368099,0.00031798263520007463,0.00032789342093017694,0.00038775874954256596,0.0003387718217248509
615be7b3e4a2975f,Красная шапочка,0.0004264969151232355,0.0003429575397295804,0.00033405947987084363,0.0003661539335501441,0.0003665215440431387,0.00039261114973201,0.9919361755336108,0.0009838607210307198,0.0004150649884011001,0.0004505417729373288,0.00039557857637010117,0.00036021002898243133,0.00037608744951843364,0.0003561006262122745,0.000599441310275926,0.0004427498623943426,0.0003372093002196146,0.000347719363085713,0.00041120442338845285,0.0003592554815238582
790b507928b14a7d,Марго Сирин,0.00029508833598302704,0.0002372883993686616,0.00023113193452567693,0.0002533377228402291,0.03582094597505607,0.00027164316092381384,0.00024081613322081267,0.5728499273469598,0.0002871786998727355,0.020586440547681953,0.00027369629084989373,0.00024922520566389173,0.0002602105930938796,0.0002463819357652674,0.00041474656415416757,0.12669700168378295,0.00023331125867331022,0.24001855582185463,0.0002845076373562448,0.00024856475237290676
bf1aba136f8b8dcf,Красная шапочка,0.000402179348487267,0.0003234031072822538,0.00031501241463792093,0.0003452769062716552,0.00034562356200101764,0.0003702256414066412,0.9923959511619782,0.0009277636546376084,0.00039139920222557327,0.0004248532117869843,0.0003730238583284178,0.00033967191590182947,0.0003546440615451408,0.0003357968281344363,0.0005652629266405678,0.0004175055713368099,0.00031798263520007463,0.00032789342093017694,0.00038775874954256596,0.0003387718217248509
f02670352aa9add8,Игорь Растеряев,0.00030836063548023466,0.00024796099185112985,0.0002415276339313007,0.00026473216108039544,0.00026499793725405816,0.19092541497139645,0.0002516473993479337,0.44381206214397206,0.0833511557025782,0.000325745255233861,0.0002860064203742648,0.00026043468957327384,0.0002719141713658852,0.000257463537797444,0.03773302871263699,0.00032011162690097784,0.025855017235640522,0.00025140382939640245,0.2145112703937312,0.0002597445504574105
328c8ce350cd809f,Песни из детских фильмов,0.0003613598843440243,0.00029057913537086633,0.0002830400208714466,0.00031023280669013366,0.0003105442758857575,0.00033264936286073367,0.9835361307844803,0.0008336022202535215,0.0003516738966728247,0.0003817324784880253,0.0003351635845829867,0.00030519670893816646,0.00031864922706068824,0.0003017149012621001,0.000507891181516085,0.00037513056554321956,0.00028570878393445486,0.009926209292406622,0.0003484029462498227,0.000304387942588214
a9082997a56ca12e,Детские песни,0.000402179348487267,0.0003234031072822538,0.00031501241463792093,0.0003452769062716552,0.00034562356200101764,0.0003702256414066412,0.9923959511619782,0.0009277636546376084,0.00039139920222557327,0.0004248532117869843,0.0003730238583284178,0.00033967191590182947,0.0003546440615451408,0.0003357968281344363,0.0005652629266405678,0.0004175055713368099,0.00031798263520007463,0.00032789342093017694,0.00038775874954256596,0.0003387718217248509
71b35c52c5a46858,Красная шапка,0.0003888762171198394,0.00031270572981276625,0.0003045925713644396,0.00033385597829390306,0.0003341911671112243,0.0003579794741118063,0.9926474748217005,0.0008970753458391139,0.0003784526801810872,0.0004108001036266802,0.0003606851408297961,0.00032843640847385634,0.0003429132941115723,0.00032468946490372453,0.000546565398961337,0.00040369548022104124,0.00030746453737062713,0.0003170474974732351,0.00037493263007451683,0.0003275660584189816
1d14cff780bf334d,:)),0.0003502586528133862,0.00028165230586336466,0.0002743448283928848,0.00030070221915220774,0.0003010041132023875,0.00032243012155001556,0.9933776217890635,0.0008079904815451517,0.00034087022224525823,0.00037000537004992074,0.0003248671018255147,0.00029582083712402865,0.00030886008149227234,0.00029244601496354025,0.0004922884092727085,0.0003636062813863638,0.0002769315769882746,0.0002855629295724706,0.00033769973808981296,0.00029503692540691764
f3403de258d01e38,Красная шапочка,0.0003888762171198394,0.00031270572981276625,0.0003045925713644396,0.00033385597829390306,0.0003341911671112243,0.0003579794741118063,0.9926474748217005,0.0008970753458391139,0.0003784526801810872,0.0004108001036266802,0.0003606851408297961,0.00032843640847385634,0.0003429132941115723,0.00032468946490372453,0.000546565398961337,0.00040369548022104124,0.00030746453737062713,0.0003170474974732351,0.00037493263007451683,0.0003275660584189816
d93113f4247e15ee,Буерак,0.2550079728242966,0.00031988109922017954,0.00031158176295261185,0.00034151665567953664,0.00034185952793353946,0.00036619367907992707,0.06233802935800895,0.67644822041185,0.00038713665163057475,0.00042022634162338534,0.0003689614244736472,0.00033597269567675684,0.00035078177353413685,0.00033213980821088695,0.0005591069212750444,0.0004129587071241011,0.00031451962024894186,0.0003243224896218521,0.00038353583812730726,0.0003350824094319604
96bebf001de6ded6,Буерак,0.0004541581406418105,0.000365200677065683,0.0003557255170663706,0.0003899015068369613,0.00039029295337893383,0.00041807465661044483,0.0003706300551547584,0.001047689294601762,0.0004419847643669386,0.00047976246977732637,0.00042123454697487505,0.00038357209273967027,0.00040047926551602315,0.0003791961569578989,0.0006383190994123415,0.00047146517096761773,0.000359079617302517,0.00037027132132008526,0.991480407051905,0.00038255564140298685
74085283008c8f89,Буерак,0.9963846999117052,0.0001552698711085738,0.00015124137774796917,0.000165771753820557,0.00016593818404843645,0.000177749942648532,0.0001575782410524854,0.0004454454626815235,0.0001879156325167014,0.00020397732093605693,0.00017909340435162604,0.0001630807267749301,0.00017026902250344094,0.00016122023560636813,0.00027138977050611136,0.00020044961710611974,0.0001526674215567916,0.00015742572245334185,0.00018616781680975264,0.00016264856406551645
5b2cda404fc91670,Буерак,0.0002785566461320186,0.00022399481931349263,0.00021818326429196038,0.00023914499364331325,0.00023938508570475113,0.0002564249281854984,0.00022732490886580287,0.27419312188334893,0.0002710901453640081,0.0002942609865254599,0.0002583630396646586,0.0002352628771590286,0.00024563284895912546,0.00023257892177921152,0.00039151126626875296,0.721244609897041,0.0002202404832032601,0.00022710488389647497,0.00026856867667780977,0.00023463944397543435
1c63ed75a7c9eff4,Буерак,0.0005137308902547307,0.00041310471100199775,0.00040238667186804104,0.00044104558304988365,0.0004414883687510532,0.0004729142791706067,0.00041924625985385823,0.991052682625583,0.000499960703147371,0.0005426938015735495,0.00047648863720290856,0.0004338859530482524,0.0004530108669073596,0.0004289360314968183,0.0007220486114497413,0.0005333081067680956,0.00040618073472866736,0.0004188404942270864,0.000495310492858632,0.00043273617705834804
9aed15ce938bc117,Буерак,0.00025084076038720324,0.00020170772374269864,0.00019647441913768233,0.00021535049177237716,0.00021556670410121886,0.00023091110012074135,0.00020470649473837231,0.9956312695773243,0.0002441171506782926,0.00026498254263014327,0.00023265636929877995,0.00021185464196792016,0.00022119280850381378,0.00020943772922831958,0.0003525565975710288,0.00026039976676039,0.00019832695046916637,0.00020450835588593536,0.00024184657197953412,0.00021129324370204431
4c746c2602fe8f3f,Буерак,0.00033694084329277956,0.00027094310434007423,0.00026391348141266625,0.0002892687098868271,0.0002895591079126687,0.0003101704119318104,0.0002749711909675127,0.07741484938841724,0.0003279093715568465,0.0003559367391715787,0.0003125147546236892,0.9170014437274352,0.00029711638329633124,0.00028132639081887063,0.00047357023317198246,0.00034978095877031764,0.0002664018880680564,0.0002747050364329044,0.00032485946468973443,0.0002838188138029405
05209642682245da,Буерак,0.0003765273556488139,0.000302775656587872,0.0002949201541376281,0.00032325430563253467,0.00032357884245670643,0.00034661173105834025,0.00030727700067454793,0.0008686237557702067,0.0003664348163002526,0.00039775502089891857,0.00034923148333983927,0.0003180067975158959,0.00033202398853153276,0.00031437885941015386,0.000529209052976218,0.000390876039304332,0.00029770090881454627,0.00030697958862126027,0.0003630265539140737,0.9928908080884064
a5f185681bca09af,Буерак,0.0002899307439537041,0.00023314104787317607,0.00022709219475463757,0.00024890985326327304,0.0002491597387642944,0.0002668953520129426,0.00023660712508210744,0.9949504643494834,0.0002821593805419036,0.0003062763290851522,0.00026891259681224275,0.00024486922275613384,0.0002556626116610687,0.00024207564779179835,0.0004074975648171164,0.00030097943167240083,0.00022923340732607843,0.0002363781070285858,0.0002795349716007088,0.00024422032371923985
f3c825d5aac47e2b,Буерак,0.00038063613206939134,0.0003060796568369097,0.0002981384148161669,0.0003267817642731781,0.00032710985175169203,0.0003503940801124024,0.0003106300989056235,0.24906104634192236,0.00037043346422983457,0.0004020954629613482,0.0003530424122506845,0.0003214770091318018,0.00033564714021614686,0.7446274706890632,0.0005349839884831085,0.0003951413937591731,0.00030094952467708965,0.00031032945633904417,0.0003669880072845785,0.00032062511091627963
8e5722b454386250,Птаха,0.00014598756255498985,0.00011739249199295769,0.000114346732811219,0.0001253324890151219,0.0001254583194124143,0.00013438865419367809,0.00011913774665220035,0.00033677610165030113,0.00014207446566423998,0.0001542179793937336,0.00013540437776613217,0.00012329792776069357,0.00012873267460560976,0.0001218912961319811,0.00020518547486046118,0.997272204162295,0.00011542489864512583,0.00011902243001251679,0.0001407530209380081,0.00012297119364361174
d588648fe80a4617,Птаха,0.00014538606310676217,0.00011690881134920256,0.00011387560311156873,0.00012481608860577417,0.0001249413951375387,0.00013383494291981847,0.00011864687740975579,0.000335395134047688,0.00014148910418364683,0.00015358257420671457,0.00013484649012020727,0.00012278990919922095,0.00012820227534622374,0.00012138907647049644,0.00020434007237000657,0.9972834366023833,0.0001149493233646766,0.0001185320409801402,0.0001401730872858815,0.0001224645284013746
85801e6370e470af,Птаха,0.00010030766173804281,8.06600673218651e-05,7.856733470852707e-05,8.611561634660903e-05,8.620206926905154e-05,9.233808035512087e-05,8.185922508997424e-05,0.0002313976424836861,9.761899185718636e-05,0.00010596276116262753,0.992861381624888,8.471767215415618e-05,8.845187524459197e-05,8.375118494267613e-05,0.0001409823938673068,0.00010413018039594259,7.930813628220863e-05,0.005335043284226282,9.671102516878365e-05,8.449317249736746e-05
5a8acfd4c38af274,Птаха,0.00021560879731152992,0.0001733767709739088,0.00016887851242763393,0.00018510334354478574,0.00018528918603824933,0.00019847838603536685,0.00017595433694561903,0.9962448816528576,0.00020982956288125124,0.00022776428754702507,0.00019997851374393893,0.00018209850427473726,0.00019012507809273361,0.00018002105848275896,0.0003030380789469617,0.0002238252008474209,0.0001704708410631957,0.00017578403589628818,0.00020787790383373296,0.00018161594825518156
94475b36857e785a,Птаха,9.218844155323653e-05,7.413118104989833e-05,7.220784714894093e-05,7.91451452772575e-05,0.9982609693130786,8.486394606668439e-05,7.523328489548346e-05,0.00021266903667771002,8.971740266997041e-05,9.738580356719532e-05,8.550535810658323e-05,7.786035668891495e-05,8.129230218509332e-05,7.69720932364173e-05,0.00012957081999498174,9.570155763210573e-05,7.2888687602931e-05,7.516046711208708e-05,8.888292309585666e-05,7.765403236000098e-05
55574901b70843ac,Птаха,0.07531490382973138,0.00013882498485703727,0.00013522316781705682,0.16616416278418397,0.0001483634008087217,0.00015892416149160962,0.022972556049658588,0.5675963949260903,0.00016801318522937297,0.09256878577793703,0.0001601253346962564,0.0001458085794425774,0.00015223556331046711,0.07316468877508393,0.00024264644608286876,0.00017921968710430633,0.00013649816288237394,0.00014075251685832514,0.0001664504697167517,0.00014542219701708578
7f169a687257ec42,Птаха,0.000912059921171195,0.0007334116911300652,0.0007143833143624047,0.0007830169618414997,0.0007838031145666768,0.0008395955108348991,0.09914413066791337,0.0021040059285750245,0.0008876128764417258,0.0009634796412199034,0.0008459413104868174,0.0007703059793851765,0.0008042597328135073,0.0007615180771429423,0.0012818999584648786,0.000946816649339924,0.8843325420297536,0.0007435948311053435,0.0008793570504663986,0.0007682647529845759
0a3021ded90980de,Птаха,0.06600096775920292,8.493174101149071e-05,8.272818113231084e-05,9.067621072290646e-05,9.0767240217709e-05,9.72282097693197e-05,8.619440326858733e-05,0.8424082581007387,0.012110166663082456,0.00011157443923271048,9.796307412433212e-05,8.920423374224825e-05,9.313618986959739e-05,0.027049871645348424,0.00014844866786043305,0.050997463462930874,8.350821462677927e-05,8.611097714858047e-05,0.00010183274078601068,8.896784518364867e-05
33814305d5bb4909,Птаха,0.1596373311995627,0.00010053811743377408,9.792965050525333e-05,0.00010733813944125614,0.03816283864824769,0.00011509409121820562,0.0001020328027078767,0.485058409063657,0.00012167643842310318,0.2216691604303902,0.00011596399007328459,0.00010559568600682962,0.00011025015201569804,0.00010439101309881368,0.0001757264081254373,0.09378907654289297,9.885301309163526e-05,0.00010193403886891284,0.00012054470698301216,0.00010531586725636017
ffb2d0a7eb2f5966,Птаха,0.00011338332533145638,0.06308717788899423,8.880902969667553e-05,9.734126737654362e-05,0.06385744114296783,0.00010437486902389756,9.253003387699264e-05,0.6465047783804969,0.00011034417286091879,0.00011977560234663444,0.00010516375005352447,9.576108969973787e-05,0.22319173319504498,9.466861210995111e-05,0.0001593602253072079,0.0017904453685505255,8.964639770029719e-05,9.244047412865809e-05,0.00010931784099150813,9.550733344147839e-05
a367c7a44b1e35b1,Птаха,0.00015706548508954564,0.0001263005391039729,0.00012302366608886602,0.00013484305172323835,0.00013497842818996366,0.00014458641748526485,0.00012817823092461502,0.17804254506743875,0.00015285545596294492,0.00016592045643110776,0.00014567922265796944,0.00013265409443734258,0.00013850124312317485,0.00013114072436462424,0.0002207554924507415,0.11789647433685391,0.7016127076141514,0.0001280541758478835,0.0001514337338518987,0.0001323025638228437
4895695a26611b0e,Птаха,0.00010030764441567826,8.066005054215793e-05,7.85673179866202e-05,8.611559941622214e-05,8.620205233627686e-05,9.233806325287243e-05,8.185920827714689e-05,0.0002313975924368499,9.761896733312471e-05,0.00010596274368407178,0.9928612945978819,8.471765526237986e-05,8.84518582496787e-05,8.375116807759373e-05,0.00014098236086961132,0.00010413016296800187,7.930811953984117e-05,0.005335130681188472,9.671100066979961e-05,8.449315561179171e-05
4cb040be60c15d7a,Птаха,0.0001003076474984976,8.066005302113512e-05,7.856732040128009e-05,8.611560206286823e-05,8.620205498557996e-05,9.23380660907575e-05,8.185921079297856e-05,0.00023139759954854088,9.761897033331119e-05,0.0001059627469406929,0.99286567625091,8.471765786606204e-05,8.845186096812653e-05,8.375117065157222e-05,0.00014098236520251287,0.0001041301661683011,7.930812197726858e-05,0.005330748972729785,9.671100364208097e-05,8.449315820857419e-05
db442d3b6584c17a,"Скрябін, (1995 Птахи)",0.0008264835238454497,0.0006645974042730683,0.0006473544302522507,0.0007095483343905115,0.9844093394129649,0.0007608182889877543,0.0006744778649429612,0.0019065946226497846,0.000804330209127401,0.0008730786459717442,0.0007665686827551076,0.0006980300263476213,0.0007287979013635412,0.0006900666352359654,0.0011616222654339565,0.00085797911113151,0.0006534582609820334,0.0006738250659420312,0.0007968490685483089,0.0006961802448540367
7c77e707070b3acb,Птаха,0.00032467056397818993,0.00026107627519761346,0.0002543026202082697,0.0002787345014619781,0.0002790143348077253,0.00029887505177475325,0.00026495764955943127,0.9943454234731794,0.0003159680234118583,0.0003429746915885938,0.00030113400391171193,0.0002742096995798505,0.00028629637553638374,0.00027108141597773663,0.0004563243969809714,0.0003370430977737173,0.0002567004267282299,0.0002647011865908693,0.0003130291475491227,0.00027348306420353543
6e0ca73b44e14b65,Птаха,0.00019005958792779859,0.00015283198064385215,0.0001488667442915179,0.0001631689760403257,0.00016333278693037346,0.00017495909641311531,0.00015510411641466663,0.9966898555332626,0.00018496518129704678,0.00020077468569223083,0.00017628147244681087,0.000160520207644814,0.00016759563901720684,0.0001586889220928853,0.00026712868995459085,0.0001973023808571284,0.00015027039276200096,0.00015495398432329035,0.00018324479587775145,0.0001600948261099578
bb8b2cb17823bc44,Птаха,0.00027426192191844895,0.00022054132133845185,0.00021481937798261547,0.0002354579348956704,0.3045806225205286,0.000252471450084564,0.00022382008572894207,0.0006326966517240131,0.0002669105280483319,0.0002897241449204761,0.0002543796716057844,0.00023163565653591578,0.5770144969762295,0.11370207509800345,0.0003854750372655707,0.0002847134845446578,0.00021684487337474083,0.00022360345139265186,0.00026442797160505197,0.00023102184227252775
d87ebcda262b252f,Птаха,0.00019540726698714928,0.00015713218457720767,0.00015305539333177297,0.0001677600288712263,0.00016792845271472245,0.00017988188899072116,0.00015946824686059854,0.6398195333097806,0.00019016952410579594,0.00020642385109066817,0.00018124147424196054,0.00016503672562539584,0.0001723112561430568,0.3569403391791066,0.0002746448354829731,0.00020285383022278252,0.00015449852111675273,0.00015931390926909,0.0001884007245031694,0.00016459939697768637
cb7fc5597ea69f66,Птаха,0.00017170605143508735,0.11317316235391775,0.00013449110297716037,0.00014741219853044103,0.00014756019149585937,0.0001580637775756939,0.00014012612794832389,0.8839744181601554,0.00016710360117780327,0.00018138642118781465,0.0001592584460596613,0.00014501920903209123,0.00015141138464078486,0.00014336477282517472,0.0002413328126476313,0.00017824942143028014,0.00013575920041919082,0.00013999050410980874,0.00016554935489880273,0.00014463490753516568
6626e1fd78f50233,Птаха,0.00016842466757210203,0.00013543476548465177,0.008718450750586469,0.00014459507893391257,0.0001447402488280015,0.00015504310580516847,0.00013744825561752148,0.988480127033669,0.0001639101690834509,0.00017792003884127037,0.00015621494233596166,0.00014224781154956753,0.00014851783839156608,0.0001406249966519229,0.0002367208163140923,0.00017484299296970004,0.00013316476876366,0.00013731522201971064,0.00016238562326106515,0.00014187087332116083
aa8cb8f7eea45742,Птаха,0.00010875634067157496,8.745387250974397e-05,8.518487973351226e-05,9.336892759546701e-05,0.2713481123437945,0.00010011550092548242,8.875403517284643e-05,0.00025088971001859065,0.00010584120649474663,0.00011488775362777986,0.00010087218594748848,9.185323652103104e-05,9.590196486725248e-05,9.080534585434192e-05,0.00015285699556649588,0.7267132229039867,8.59880726754847e-05,8.866812794333407e-05,0.0001048567621769478,9.160983391673895e-05
5ba20709b3e00c48,Птаха,0.1807714395467865,0.00028516858469613084,0.00027776986715458124,0.11652100784810673,0.00030476201087724196,0.0003264554821442463,0.0002894081396618592,0.6560571167536596,0.00034512579303461145,0.00037462467876834616,0.0003289228757766997,0.00029951400819020873,0.00031271602950169193,0.00029609704388522965,0.0004984343520981054,0.0003681457004732231,0.00028038892084693995,0.04142226634794932,0.00034191572785952437,0.0002987202885291574
28ad8bd78f7c9541,Птаха,0.00020680691572796353,0.00016629895578638935,0.00016198431321439068,0.0001775467996901199,0.000177725046087639,0.0001903758254912812,0.00016877129691184446,0.6131037653075387,0.00020126361138098487,0.0002184661859029862,0.0001918147187712786,0.00017466461845202475,0.00018236352695912253,0.2510891088082842,0.09357073267201017,0.03931259841789383,0.0001635116530291355,0.00016860793712259232,0.0001993916240293928,0.0001742017657158104
40a78c59bfc65f95,Птаха,0.00012195642621896867,9.806841164501632e-05,9.552402403348237e-05,0.00010470139960231174,0.00010480651535311339,0.00011226682327722898,9.952638246090429e-05,0.9978759640695305,0.00011868747698134769,0.00012883202368652434,0.00011311535265870872,0.00010300174332270272,0.00010754187500806746,0.00010182666171503567,0.0001714097744584876,0.00012660393647776253,9.642470747474934e-05,9.943004879020355e-05,0.00011758354695719896,0.00010272880034770294
efa5243d24fbca27,Ассаи,0.00020668347095522405,0.00016619968191640188,0.00016188762960358592,0.00017744081733957548,0.9961011286265274,0.00019026218877899365,0.00016867055328794773,0.0004768185264121397,0.0002011434699164793,0.00021833578526538858,0.00019170022348989865,0.00017456036779159818,0.000182254677860878,0.0001725689237845343,0.00029049354718867156,0.00021455975271128972,0.0001634140526412032,0.00016850729536279374,0.00019927261762220188,0.00017409779154373337
ec3a79af88940712,Ассаи,0.0001598735257768297,0.0001285585636546257,0.00012522310490609067,0.00013725379790136626,0.00013739158997456464,0.00014717136381613076,0.0001304698265848138,0.00036881208906689215,0.00015558823450090994,0.00016888680665487493,0.000148283712118516,0.00013502571070064532,0.00014097739985070612,0.00013348528874557476,0.9970714766484264,0.00016596599014244879,0.00012640381810021588,0.00013034354507555034,0.00015414109031426285,0.00013466789368851356
f188290c469395e3,Ассаи,0.00021038122861601416,0.00016917316173354794,0.0001647839551748303,0.00018061540460265812,0.996031390501458,0.00019366615785613563,0.0001716882272666932,0.0004853328801620461,0.00020474211449374738,0.00022224201364039658,0.0001951299203502835,0.00017768341217671316,0.0001855153833486387,0.0001756563450851594,0.00029569076313052056,0.00021839843110337188,0.00016633767760235873,0.00017152205895881983,0.00020283779279819256,0.00017721257044192457
937b8646a094eeb0,Любовь и нежность,0.00020321687970171315,0.000163412113091835,0.00015917236934810235,0.00017446469908267702,0.00017463986046918517,0.00018707102201463794,0.00016584152599827045,0.7741007049350676,0.00019776980732506347,0.0002146737469619719,0.0001884849296159748,0.0001716325619616023,0.00017919781091215966,0.00016967451464723897,0.03658098742964382,0.00021096105898445498,0.000160673195530615,0.18623031348329513,0.0001959303144524948,0.00017117774189552999
5e4e4536554beda9,Krec,0.0001879776260783239,0.00015115782260415468,0.00014723602381862443,0.00016138157473602946,0.0001615435957363786,0.0001730425465642831,0.00015340505999080072,0.00043364619518845594,0.00018293902617075352,0.00019857533327279723,0.00017435042885711403,0.00015876180837426775,0.0001657597506199026,0.00015695060451146415,0.9965566720750043,0.00019514106723153652,0.000148624290879367,0.0001532565722696257,0.0001812374855249996,0.00015834111256682266
85d0a3bd9925c408,Крек,0.0001503612910831707,0.00012090952648651057,0.0001177725266943282,0.0001290873966567585,0.00012921699600430746,0.00013841488259791558,0.0001227070662355938,0.00034688404786363455,0.00014633097838425842,0.00015883829040098395,0.00013946104881102934,0.00012699187736132892,0.0001325894603195855,0.00012554311789094027,0.00021133274914266465,0.9971904621650919,0.0001188829832642207,0.00012258830806409737,0.00014496992330053916,0.000126655364346275
16c146925091411a,Krec,0.00023119013189594083,0.00018590614362445904,0.00018108280949187972,0.0001984801478963405,0.00019867942182210323,0.00021282175874690417,0.00018866998886471885,0.5667838415151994,0.00022499325704634533,0.0002442240639973576,0.00021443029834132231,0.0001952581647121061,0.0002038647930511519,0.0001930305866481431,0.0003249376582386256,0.00024000031242379704,0.00018279021479767745,0.00018848737688177764,0.429412570614054,0.00019474074226590003
723d24a0bcf97c5d,ღ Крек,0.00019967417807502226,0.0001605633212587615,0.00015639750142715914,0.00017142323941551004,0.0001715953448922695,0.00018380978422833014,0.00016295040253906464,0.00046064945442411,0.00019432205718005767,0.00021093131980487497,0.0001851990553762312,0.0001686404625129829,0.00017607384168160677,0.00016671655407615458,0.9963423971056832,0.00020728334435443115,0.0001578721486494787,0.0001627926743524919,0.00019251463680795074,0.0001681935732603167
0bbb2bf8c23a0c04,Триада,0.0001996741085726793,0.00016056326567032844,0.00015639744577077033,0.00017142318400423153,0.00017159527493188512,0.00018380972901910954,0.00016295034698957133,0.0004606342988448001,0.0001943219875904072,0.00021093123593425296,0.00018519898563776,0.00016864040705630979,0.00017607377179427872,0.00016671649858809734,0.9963424133587128,0.0002072832749762142,0.00015787210756905876,0.00016279261880042562,0.00019251458174072972,0.0001681935177963536
26f5a7c42359b808,Vol'naya Dusha,0.04088018040663056,7.460713006309004e-05,7.267144159851029e-05,7.965327581863433e-05,7.973324586781584e-05,0.052896860354597876,7.571629885640957e-05,0.46105014726704835,9.029341055173373e-05,9.801104780466884e-05,0.38949438463940694,0.041001021371887485,8.18142206522988e-05,7.746627578106497e-05,0.013534517796963245,9.631598980742877e-05,7.335664762267717e-05,7.564301541219558e-05,8.945357587819871e-05,7.8152587750776e-05
97cded3955896a5f,Ассаи,0.0004170154265485821,0.0003353332217442341,0.000326632980297333,0.00035801392563699567,0.00035837335796700797,0.0003838829834718772,0.0003403185627134214,0.9077263481283888,0.0004058376340580138,0.000440525735183611,0.00038678443183429986,0.00035220215224327146,0.0003677266021012359,0.00034818410624738695,0.08559688004118159,0.0004329070212521422,0.00032971277694463956,0.0003399891655384352,0.0004020628961009069,0.0003512688505461997
7570ed2f7f21a750,Ассаи,0.00018224238916343574,0.00014654596295817562,0.00014274382441362005,0.00015645779519888348,0.00015661486855458073,0.00016776298772135597,0.00014872464636268558,0.9968260026215612,0.00017735751548541214,0.0001925167677802638,0.00016903096871530445,0.0001539179624019616,0.00016070238467728886,0.0001521620120883359,0.00025614161952144785,0.00018918727539033548,0.00014408973090504476,0.00014858068428116688,0.00017570789600466398,0.00015351008681489117
4d71cdcc925155ae,Ассаи,0.00027852952058651825,0.0002239730053689532,0.00021816201788829457,0.00023912170991315722,0.00023936178742201185,0.0002563999563850675,0.00022730277476985746,0.9600173095435686,0.0002710637474350562,0.00029423231843322305,0.000258337864132018,0.00023523997178947651,0.0002456089249266365,0.0002325562637996899,0.00039147313916086885,0.03542086650494299,0.00022021903306705353,0.00022708277890497297,0.00026854254069035266,0.00023461659681527872
bdba405c64994199,Ассаи,0.0002143394036500316,0.00017235602608228152,0.0001678842374905106,0.00018401354976143138,0.00018419828630848338,0.00019730983722524142,0.00017491841439454603,0.9962669898565255,0.0002085941916241549,0.00022642332751049047,0.00019880114646627986,0.0001810264056341294,0.00018900571479452404,0.00017896118346050462,0.0003012539545376287,0.0002225074365818888,0.00016946719468533661,0.00017474911742814956,0.00020665402859864867,0.00018054668724026441
60b9aca204c87e56,Ассаи,0.00024220899002192614,0.000194766710570887,0.00018971347128682575,0.00020794000491502462,0.00020814876666649658,0.00022296516122281544,0.0001976622648765917,0.9957816033256491,0.00023571675566482666,0.00025586414187871474,0.00022465036012083304,0.000204564441189687,0.00021358128702475028,0.00020223070716146935,0.0003404246420016007,0.00025143907959782795,0.00019150225070533526,0.00019747095086943976,0.00023352432071696536,0.0002040223678588574
3bb0f0d0b457d987,Ассаи,0.0003218817774207701,0.0002588337382999402,0.00025211826185339624,0.0002763402754371981,0.00027661772226943886,0.0002963078326242074,0.00026268175968023816,0.5108559435372791,0.00031325397547270033,0.00034002868617764344,0.0002985473725110142,0.0002718543562630206,0.0002838372188818012,0.00026875293548982144,0.15344477612198323,0.33087982714605424,0.00025449546286644855,0.0002624275086022506,0.00031034036172860533,0.0002711339491048903
e3364ffcf4373347,Ассаи,0.0002903406732982344,0.00023347067937877652,0.00022741326969459908,0.00024926177840593544,0.0002495120131545532,0.0002672727140208265,0.00023694164605384907,0.945788020491463,0.0002825583085877922,0.0003067093669777622,0.00026929281100867913,0.0002452154144178195,0.00025602408290420004,0.00024241792497005433,0.0004080737360086437,0.0003014049607421759,0.00022955752363030044,0.00023671232240861373,0.04943523466971615,0.00024456561315794654
7d63fbc6a8ac77aa,Ассаи,0.00020084086206328947,0.00016150149391930138,0.00015731132845627976,0.00017242485914919253,0.00017259796871955677,0.00018488378601270398,0.0001639025015413441,0.9965020850841914,0.0001954574687463062,0.0002121637791991567,0.00018628116266984653,0.00016962582757215627,0.00017710263015052662,0.00016769067037681758,0.0002822817844817516,0.00020849449950203862,0.00015879459051055498,0.00016374387112552864,0.00019363949811537093,0.00016917633349692248
fcc183be405e3739,Ассаи,0.00014792850509228044,0.00011895325245985891,0.00011586700270893505,0.00012699880872331948,0.00012712631258528833,0.00013617537604725414,0.00012072171007061213,0.4552097526937716,0.00014396338527795328,0.00015626833741699017,0.00013720461830395297,0.00012493719554862044,0.00013044420696378025,0.0001235118647711581,0.44669835971727995,0.09587699216576592,0.00011695949485561875,0.00012060486548493775,0.00014262436189667186,0.00012460612497527493
15db75d3053735ca,Ассаи,0.00014916409828470334,0.00011994682171844392,0.00011683480012561664,0.00012805958704523632,0.0001281881532135437,0.00013731280049612813,0.00012173005702833553,0.8196993891848178,0.00014516585779736512,0.00015757360626051942,0.00013835064306813526,0.0001259807586875996,0.00013153375486868972,0.00012454352425873174,0.00020965009307098172,0.00015484844004985034,0.0001179364164647553,0.00012161223744919566,0.17784653225663888,0.00012564690865553304
7b1dec7d749c8476,Давид Тухманов,0.00041192728128843046,0.00033124170999199675,0.0003226476395249991,0.00035364569412672006,0.0003540007317698062,0.00037919909120277297,0.00033616622383726187,0.9928257298407323,0.0004008858987163857,0.00043515074201274116,0.0003820651492385295,0.0003479048469056928,0.00036323985956292573,0.0003439358118556172,0.0005789636884513625,0.0004276249858964905,0.00032568983395029217,0.0003358408721025246,0.0003971572031086092,0.00034698289572463836
a16a3d4d9e766701,Апина,0.0005134629773228615,0.0004128892980638814,0.00040217684651213184,0.0004408155900135706,0.00044125817200252256,0.0004726676688974175,0.0004190276456968022,0.0011844859576199311,0.0004997000075116266,0.0005424108138120531,0.0004762401644023723,0.0004336596850662731,0.00045277464604567645,0.0004287123535926131,0.9905945343890684,0.0005330300081407859,0.00040596893043733014,0.0004186220837834699,0.0004950522417913882,0.00043251052021891557
5d8f4bf39ee8fd4b,Дюна,0.00027847528307930526,0.00022392939410362527,0.0002181195420285098,0.00023907515823248907,0.00023931517751896858,0.000256350056704913,0.00022725852301617785,0.0006424169317114634,0.00027101096557694324,0.0002941750240613878,0.00025828758598329325,0.00023519417704631192,0.0002455611213836572,0.00023251099308995796,0.21192311949481626,0.00028908741263296517,0.00022017616417948304,0.7832028758225568,0.0002684902537518821,0.00023457091852564267
49e3c0b5531640df,♪♫ Перевалов Геннадий,0.0006964332538871539,0.000560020560088762,0.0005454907623177057,0.0005978982678956307,0.0005984985053550296,0.05385799127292627,0.0005683462937005841,0.6838538734908687,0.000677765880541384,0.0007356964205777125,0.0006459461938579047,0.0005881923722977917,0.000614118823762416,0.0005814820760609401,0.25177874700210906,0.0007229729231208595,0.0005506341663736461,0.0005677961730422464,0.0006714618738183612,0.0005866336873978905
43fd3d96f9e3b169,5'nizza - Белые рубашки,0.00043182424035856647,0.0003472413790707099,0.0003382321719862758,0.0003707275007340558,0.0003710996805159218,0.00039751519001037156,0.00035240375828151884,0.0009961590349765732,0.0004202495015294289,0.00045616941978085345,0.0004005196948274777,0.9918477481555985,0.00038078508599352715,0.00036054861070989745,0.0006069288323374708,0.0004482801571901623,0.00034142131150279996,0.00035206266139041237,0.0004163407116010968,0.00036374290160438454
65fd81df80c4dc94,Алёна Апина,0.0005134629773228615,0.0004128892980638814,0.00040217684651213184,0.0004408155900135706,0.00044125817200252256,0.0004726676688974175,0.0004190276456968022,0.0011844859576199311,0.0004997000075116266,0.0005424108138120531,0.0004762401644023723,0.0004336596850662731,0.00045277464604567645,0.0004287123535926131,0.9905945343890684,0.0005330300081407859,0.00040596893043733014,0.0004186220837834699,0.0004950522417913882,0.00043251052021891557
8d964f555e42f300,5'nizza,0.00043182706674801046,0.000347243651837489,0.00033823438647617244,0.00037072991920044106,0.00037110212808899714,0.00039751781240939134,0.00035240606019179316,0.0009961641649046447,0.0004202522405184478,0.00045617239187650403,0.0004005223172495823,0.9918476961717277,0.0003807875918486805,0.00036055097089041305,0.0006069327951217058,0.0004482831001213659,0.00034142355512103056,0.0003520649632980659,0.0004163434214562523,0.00036374529091327373
b5cdd62eb0059bc4,Андрей Макаревич,0.00030568116662911695,0.0002458063749152342,0.0002394289102027253,0.0002624317939839846,0.0002626952709839223,0.0002813943672560924,0.0002494607394952822,0.4008402277395268,0.0002974875936350317,0.0003229147102879146,0.0002835211880585276,0.0002581716622243605,0.0002695514064373982,0.0002552263543271228,0.2848931201604728,0.305769231568075,0.004162221576046699,0.00024921926499307486,0.00029472063402627495,0.00025748751842257823
995ecb3a39d2cee8,Раиса Неменова,0.00048551135171881704,0.00039041264133285957,0.0003802833447759018,0.00041681869067377014,0.00041723717462731715,0.0004469368169559913,0.0003962168470036176,0.0011200354707732443,0.0004724976037986151,0.44858885155697087,0.00045031484015094865,0.0004100523415284791,0.00042812672139879283,0.00040537430851106973,0.5287032412757444,0.0005040132377295893,0.0003838689946851373,0.000395833345852224,0.014795407714789962,0.000408965720978397
7df72564880d7a9a,Нюрнберг,0.0003807113187419946,0.00030614011472296295,0.00029819730085589786,0.00032684629731979156,0.0003271744430158601,0.0003504632995877773,0.00031069145914764496,0.0008782781865813706,0.00037050664243046293,0.0004021748994403299,0.0003531121556748712,0.00032154049428054763,0.00033571344886376464,0.0003178722474040526,0.0005350896515207421,0.0003952194621484153,0.0003010089637743716,0.9928015106479757,0.00036706051599320476,0.00032068845052018373
18b7e0018cd9d61d,Алена Апина,0.0010795948882705237,0.0008681310437207332,0.0008456073553432761,0.0009268481993046654,0.0009277787652274635,0.0009938196090835201,0.0008810374290376793,0.0024904824209286305,0.0010506571809923994,0.0011404598484447684,0.001001331075279392,0.0009118023913010087,0.0009519930369952844,0.0009014002161004458,0.8448057608398772,0.0011207360651163158,0.000853580466521553,0.1362987081645674,0.001040884812715254,0.000909386191172445
cc15bf062f1f5686,Зимавсегда,0.0005453396687760627,0.0004385221480064892,0.00042714467467057463,0.00046818215320276345,0.00046865220917702044,0.9794044076735082,0.00044504158077036813,0.011599777477381895,0.0005307222114556173,0.0005760845483761759,0.0005058059560870962,0.00046058200788287666,0.00048088364712173,0.0004553275149251479,0.0007664747093526732,0.0005661214339146943,0.0004311721501139282,0.0004446108440717734,0.0005257859106820599,0.00045936148052281136
6c0354a138edced0,Давид Тухманов,0.00041192728128843046,0.00033124170999199675,0.0003226476395249991,0.00035364569412672006,0.0003540007317698062,0.00037919909120277297,0.00033616622383726187,0.9928257298407323,0.0004008858987163857,0.00043515074201274116,0.0003820651492385295,0.0003479048469056928,0.00036323985956292573,0.0003439358118556172,0.0005789636884513625,0.0004276249858964905,0.00032568983395029217,0.0003358408721025246,0.0003971572031086092,0.00034698289572463836
95e342f3648e80e8,Зимавсегда,0.0005453390160644321,0.0004385216141443695,0.0004271441410677282,0.0004681815895609124,0.00046865164552445756,0.989746029594102,0.0004450410467596816,0.001258166501100923,0.0005307215590770937,0.0005760838367562611,0.0005058053624840323,0.00046058144441421994,0.0004808830540866031,0.0004553269806800625,0.0007664737605634479,0.0005661207225218219,0.00043117164552313277,0.0004446102809670723,0.0005257852584160262,0.0004593609461857987
8ac6d611ef38cf3e,Алена Апина,0.00043195604721787864,0.0003473473659913961,0.0003383354226312673,0.0003708406485412373,0.00037121297386355853,0.00039763654663090865,0.00035251131710451285,0.0009964814460177724,0.0004203777861627884,0.00045630864951030225,0.00040064195383871784,0.00036482066641855014,0.00038090131938237315,0.0003606586729284736,0.9920875348009813,0.00044841699995398115,0.0003415255518605549,0.0003521701328823936,0.0004164677736498601,0.0003638539244321869
72cffaf67b6648bd,Алена Апина,0.0005134629773228615,0.0004128892980638814,0.00040217684651213184,0.0004408155900135706,0.00044125817200252256,0.0004726676688974175,0.0004190276456968022,0.0011844859576199311,0.0004997000075116266,0.0005424108138120531,0.0004762401644023723,0.0004336596850662731,0.00045277464604567645,0.0004287123535926131,0.9905945343890684,0.0005330300081407859,0.00040596893043733014,0.0004186220837834699,0.0004950522417913882,0.00043251052021891557
fbd1d0fbd1fe4f1b,К.Никольский,0.00034369021794337733,0.00027637046233679847,0.00026920000552014726,0.00029506315567975715,0.0002953593744904314,0.0003163835467785961,0.0002804792250422172,0.5392878497710298,0.00033447786531830634,0.0003630666185274797,0.000318774834100294,0.00029027327597431774,0.00030306801938401217,0.4550132826486491,0.0004830564826485384,0.0003567875539031386,0.00027173826719770146,0.0002802077444894593,0.0003313668402104053,0.0002895040907761147
a87f5b8f1d6a7b86,Владимир Трошин,0.000888754158468521,0.0007146709105217057,0.0006961287410759642,0.0007630085963113861,0.0007637746674460058,0.0008181414454059456,0.0007252957892153223,0.002050263866971189,0.0008649317385170506,0.0009388599604184636,0.0008243250789379872,0.0007506224117548062,0.0007837085240551562,0.0007420590740819956,0.9837200257508959,0.0009226227564662112,0.00070269247068802,0.000724593804724515,0.0008568869147616622,0.0007486333392821804
79fb98e2a8e65941,Алёна Апина,0.0005134629773228615,0.0004128892980638814,0.00040217684651213184,0.0004408155900135706,0.00044125817200252256,0.0004726676688974175,0.0004190276456968022,0.0011844859576199311,0.0004997000075116266,0.0005424108138120531,0.0004762401644023723,0.0004336596850662731,0.00045277464604567645,0.0004287123535926131,0.9905945343890684,0.0005330300081407859,0.00040596893043733014,0.0004186220837834699,0.0004950522417913882,0.00043251052021891557
cbc11020a7c0cd74,Сергей Бабкин (5'nizza),0.00028750689915511655,0.00023119194859425333,0.0002251936637898517,0.0002468289125668904,0.00024707673167906433,0.00026466405971314834,0.00023462903815384868,0.0006632362380909348,0.00027980046691417315,0.0003037158115942764,0.00026666445325830947,0.9945722651212278,0.00025352523818114933,0.0002400518674802165,0.00040409081751240745,0.00029846318146555895,0.00022731699191279585,0.0002344019555205267,0.00027719800243847286,0.00024217860075126689
a91eb36b90e56578,Узелок,0.00017441571167326093,0.00014025231570331814,0.0001366134642547059,0.00014973847517595323,0.06977165327758732,0.06316886020461082,0.00014233743026129922,0.645685529155473,0.00016974061847604564,0.00018424883241554836,0.0001617716705915702,0.00014730772357243334,0.00015380077275070785,0.00014562718130899883,0.2188918603803434,0.00018106234174487565,0.00013790158507122875,0.0001421996672977544,0.00016816183774256453,0.00014691735394530196
d3615660ebdf57ad,Узелок,0.00019972896779865711,0.6665010042493414,0.00015644042780388833,0.00017147028521195235,0.0001716424343585199,0.00018386023618499896,0.00016299511933678325,0.20705232241313115,0.00019437539127486485,0.00021098919545432216,0.00018524988579620889,0.00016868675138246146,0.00017612215387465986,0.00016676230436757415,0.12340944991730901,0.00020734023017557815,0.00015791548260032267,0.0001628373474815774,0.00019256747598996173,0.00016823973112604486
76769eb7e4f9f7a1,Узелок,0.0003080246374758528,0.00024769081989052506,0.00024126447526733998,0.0002644437138081723,0.00026470919897354344,0.0002835516607949567,0.0002513732114750188,0.32286554506747994,0.00029976825838040773,0.00032539031259903504,0.00028569477975159307,0.00026015089842862317,0.0002716178959743079,0.38294226404797743,0.28951763737758035,0.00031976282453819273,0.00024353931817250405,0.00025112990343045593,0.0002969800820673488,0.0002594615159344172
29878386a452ef8b,Узелок,0.0001880543778950071,0.06693690210767272,0.0001472961417091016,0.0001614474701142949,0.00016160954932662908,0.00017311320072997588,0.00015346769552721965,0.00043382376922890384,0.00018301371148103144,0.00019865642184299377,0.00017442162147856765,0.00015882664139281797,0.00016582743600056284,0.00015701468078209657,0.9297695830614686,0.0001952207441743212,0.00014868497633158085,0.00015331914959442136,0.00018131148684985863,0.00015840575639925166
11730f8d7a15c079,Узелок,0.0004027286328111737,0.0003238448223343593,0.0003154426626195194,0.0003457484822743217,0.00034609560367163545,0.0003707312984743997,0.0003286593818542239,0.9929859369890197,0.0003919337889078573,0.0004254334921262221,0.00037353332805176013,0.00034013583748933275,0.0003551284143094562,0.0003362554527502997,0.0005660349457141602,0.0004180757816094537,0.0003184169286712072,0.00032834127697683313,0.00038828835939985583,0.00033923452093417134
a77fa8a002a06a5f,Узелок,0.00032187350121572027,0.0002588270649047781,0.000252111792408643,0.00027633316490169134,0.0002766106117246946,0.00029630022665875453,0.0002626749988454634,0.0007425371053262165,0.000313245932385561,0.0003400199437070967,0.00029853970826333384,0.00027184736229219643,0.00028382990436986685,0.0002687460289337521,0.9941039941535416,0.0003341394564017936,0.0002544889060310532,0.0002624207768797723,0.00031033237694613655,0.00027112698426188316
8eaef84f1ae938a5,Узелок,0.8442272364243207,0.00019343274238242883,0.00018841412232967428,0.0002065158142656498,0.00020672314992013427,0.00022143805875999732,0.00019630847685067488,0.15182380891543798,0.00023410232659099598,0.00025411170154386115,0.00022311171791421013,0.00020316337368389605,0.00021211846078928308,0.0002008456177625024,0.0003380930898835149,0.0002497169656513195,0.00019019064895592184,0.00019611847252441126,0.00023192490931726151,0.00020262501111558415
703fe1d4e2d6e3ca,Узелок,0.000307966058241359,0.00024764371193861584,0.00024121857559021746,0.00026439340322055463,0.00026465885926285165,0.0002834977108434645,0.0002513253756604242,0.8245451000325759,0.17039096657195196,0.0003253284142690926,0.0002856404512949583,0.0002601014321632602,0.0002715662460904586,0.00025713409286883237,0.0004328461731605609,0.000319702003457894,0.0002434929963249448,0.00025108212584115896,0.0002969235991092285,0.0002594121661343467
a5fc3256b35aa179,Узелок,0.0003276658562086222,0.93181529733925,0.00025664871951148625,0.00028130601093377693,0.0002815884345319086,0.0003016323609259385,0.0002674020329349491,0.0007558998336870673,0.0003188830178172599,0.000346138874097628,0.0003039121514981198,0.00027673947397326083,0.00028893764719982,0.0002735823192430749,0.00046053425566175735,0.00034015253573446816,0.0002590686450409021,0.0002671432416494394,0.00031591704616787847,0.062261550203932675
e44c9d274757be40,Узелок,0.00036486603157256996,0.00029339851779364514,0.0002857862651852465,0.00031324290699106584,0.0003135574029926195,0.00033587692752708696,0.0002977604254131941,0.000841721161452948,0.0003550860673976605,0.0003854362994276576,0.00033841556742413644,0.00030815794378549077,0.0003217409929142236,0.00030464234647772947,0.0005128191126277241,0.00037877035789556063,0.00028848090161832484,0.00029747221017134833,0.0003517833646162146,0.9931109851967156
8272642b244b4ed6,Грибы,0.0002543058050566749,0.0002044940669247234,0.00019918846838768356,0.00021832529685328293,0.00021854449232545621,0.00023410085159253672,0.9951918095403628,0.000586645722075919,0.0002474893104508037,0.0002686429322560373,0.0002358702332998341,0.00021478114923071472,0.00022424831852574332,0.00021233085438965036,0.0003574267173009981,0.00026399688464383194,0.0002010665819922178,0.0002073333780678264,0.000245187401471105,0.00021421199479218047
6216442a2bfc167d,Грибы,0.00025249150915048336,0.00020303514181630155,0.00019776739264844268,0.00021676769563087295,0.0002169853195029087,0.0002324307063404135,0.9952261119972886,0.0005824611912815832,0.00024572364683675017,0.00026672633682444535,0.00023418745703942875,0.0002132488245766217,0.00022264845872272903,0.00021081600651077866,0.0003548767088197433,0.0002621134383329811,0.000199632103996514,0.00020585419678027718,0.00024343813779508755,0.00021268373010502258
c7056723cb5402dc,Грибы,0.00025248467248084345,0.00020302964338802704,0.00019776202513043921,0.00021676181900131088,0.0002169794428756996,0.00023242440787469404,0.9952262419670249,0.0005824447248125083,0.0002457169847169041,0.00026671912195894853,0.00023418111493696132,0.0002132430497724116,0.00022264242208569582,0.00021081030443983494,0.000354867108393433,0.00026210633983292153,0.00019962670739484385,0.00020584862562291232,0.00024343154841010054,0.00021267796984661668
326dc7ac4e98df98,Гриби,0.0002543058781371893,0.00020449413709204095,0.0001991885236927934,0.00021832535327759382,0.00021854454876258655,0.0002341009234913817,0.9951918081386625,0.0005866459310083632,0.00024748938313266127,0.0002686430061750463,0.00023587029075024555,0.00021478120544774916,0.00022424837529645705,0.0002123309104633814,0.0003574268255162793,0.0002639969582911208,0.0002010666374071675,0.00020733344840119863,0.0002451874740183374,0.00021421205097592842
a5b97c65b6ed6b6a,Грибы,0.00012218963090935642,9.825593729119121e-05,9.570668200198974e-05,0.00010490160740429863,0.00010500691960851849,0.00011248149586737305,9.971668755842883e-05,0.0002818754123795251,0.00011891442426850141,0.0001290783761999253,0.00011333164780808509,0.00010319869873020419,0.00010774751801963333,0.9976920485855885,0.00017173747321592452,0.00012684602522568833,9.660908259120965e-05,9.962017926239648e-05,0.00011780838418973434,0.00010292523187960285
844c9e3d2eb3c991,Грибы,0.0002543058340087757,0.00020449409590654328,0.00019918848282075548,0.00021832532582685072,0.0002185445067469798,0.00023410088055669234,0.9951918089466031,0.000586645838141217,0.00024748933940697143,0.00026864296119958415,0.00023587026226293406,0.00021478117820639703,0.00022424834749577727,0.00021233086881488117,0.000357426746191574,0.00026399691359015075,0.00020106661097608262,0.00020733340704795229,0.00024518743042864613,0.0002142120237682024
050498b695bf5440,Ми типа гриби,0.00025992704846267665,0.00020901426618792081,0.0002035913789392439,0.00022315121802014674,0.00022337525929144814,0.00023927549567330584,0.9950855279522794,0.0005996130805469292,0.0002529599120771783,0.00027458108801472743,0.00024108397846849894,0.0002195287372542719,0.00022920516358080443,0.00021702428005777126,0.00036532737805134206,0.0002698323327441167,0.00020551102380714882,0.00021191633988851597,0.0002506070712749157,0.00021894699537957618
ac31bb24f42bfb18,Гриби,0.0002543058050418724,0.00020449406691282028,0.00019918846837608926,0.00021832529684057472,0.00021854449231273524,0.00023410085157891025,0.995191809482435,0.0005866457802494256,0.00024748931043639793,0.00026864293224040025,0.00023587023328610463,0.0002147811492182128,0.00022424831851269037,0.00021233085437729108,0.00035742671728019313,0.0002639968846284653,0.0002010665819805142,0.000207333378055758,0.0002451874014568332,0.00021421199477971172
9e0020219d10c797,Балахнин Геннадий,0.09539110799965983,0.0001415066519809144,0.00013783524777234615,0.00015107763489482164,0.6937453685636523,0.00016199407321136944,0.00014361040761426915,0.0004059614927564789,0.00017125868013108254,0.0001858966394474974,0.11334957598729321,0.00014862514264605593,0.00015517626874210678,0.0946804865908057,0.00024733361191259153,0.00018268164146491493,0.00013913487919827366,0.00014347140773317567,0.00016966578398533962,0.0001482312950977105
5f69fdf54aa56e97,Pimp Schwab,0.0004022847251952642,0.0003234878743959462,0.0003150949694256751,0.0003453674079734921,0.00034571415103231003,0.00037032266365939303,0.00032829713717539693,0.0009280098629143974,0.0003915017844071997,0.00042496455595523216,0.0003731216374257723,0.00033976093301785014,0.0003547370084541604,0.0003358848264155759,0.0005654110944306599,0.00041761499427147826,0.9923837240152439,0.0003279793815336163,0.0003878603711091313,0.0003388606059635834
12b692b0e418bac4,Хор,0.0006825056160573082,0.000548820998864537,0.000534581773731853,0.0005859411921850696,0.0005865294388665243,0.0006282796446334207,0.9870957551342743,0.0015744675632486417,0.0006642115866423347,0.0007209836196230708,0.0006330282843048789,0.0005764294191331008,0.0006018374149707291,0.0005698532915523854,0.0009592614770110347,0.0007085145478477704,0.0005396222666450304,0.0005564411391583507,0.0006580336577107221,0.0005749019335389256
c1c314e6cf085498,слушай экзорцист,0.0005061586562422402,0.00040701566628055264,0.00039645563182971787,0.00043454469005604614,0.0004349809564997073,0.00046594365039015365,0.0004130667022268153,0.0011676527300621704,0.0004925914392325173,0.0005346946144018423,0.00046946533049347413,0.0004274905905353484,0.0004463336047148294,0.0004226136322811294,0.000711405807150315,0.000525447337403161,0.0004001937571326053,0.9904295776234272,0.0004880097975629434,0.00042635778207726816
91c1bb33b2af04b3,Майя Кристалинская,0.0005813878987303619,0.00046750949907964915,0.0004553799538127866,0.0004991301125225232,0.0004996312222776024,0.0005351958122188967,0.00047445990127789974,0.001341199624853533,0.000565804252641551,0.9891473099795106,0.0005392409536324438,0.0004910276060865815,0.000512671193572946,0.00048542575898249685,0.0008171405098247901,0.0006035434225967845,0.00045967367104339334,0.00047400067193503797,0.000560541581579149,0.0004897263738209531
beeff8a4b5cfade8,Алла Пугачева,0.00042663022218007897,0.00034306474409600987,0.00033416389063654184,0.00036626835470981306,0.0003666360816029677,0.00039273386439215495,0.000348165015695851,0.0009841791927726552,0.0004151947161582969,0.0004506825877907218,0.0003957022222304318,0.0003603226168459322,0.0003762049843782625,0.00035621193367672377,0.0005996286560129929,0.0004428882328473477,0.0003373147003856368,0.00034782805155109873,0.9919968121536481,0.00035936777838842384
deadc9999b6bda1d,Майя Кристалинская,0.0006011494614944955,0.00048340030988059914,0.00047085847967478654,0.0005160957279821904,0.0005166138925850861,0.0005533873394531207,0.0004905869770184479,0.0013867879897772352,0.0005850361255928304,0.988778422730655,0.0005575699091796628,0.0005077177828435704,0.0005300970570930814,0.0005019255384452151,0.0008449154063423182,0.000624058076217915,0.000475298123538454,0.0004901121189157268,0.0005795945823551634,0.000506372370955081
bc80b28e845fa4b9,Кристаллинская Майя,0.0007720684571070802,0.0006208408202360489,0.0006047330723247395,0.0006628322345708457,0.000663497664555134,0.0007107266042561181,0.0006300708090926426,0.0017810785338103062,0.0007513737708602333,0.9855879019155239,0.0007160983564893249,0.0006520722573362766,0.0006808144437998628,0.0006446331435957251,0.0010851420306360424,0.0008014904508473023,0.0006104350366206533,0.0006294609674249216,0.0007443851262106901,0.0006503443047021286
ceacfcb67ef92805,Людмила Зыкина dnb mix,0.00035778519097516185,0.0002877045901657171,0.04718164567128952,0.0003071638777470706,0.00030747226194848367,0.0003293586635801246,0.2114478295937076,0.0008253801287410443,0.00034819501274631706,0.0003779562418662321,0.7352179024053421,0.0003021775764579328,0.00031549703237802624,0.00029873022758502025,0.0005028669483272253,0.0003714196376664797,0.00028288243448775055,0.0002916992656988576,0.00034495639655484413,0.0003013768427345015
fdbeee965fb1d836,Мультфильмы детские,0.0002679156372638086,0.00021543810881676672,0.00020984855919878025,0.00023000954986785298,0.00023024045961357286,0.000246629361761942,0.0002186409847326317,0.0006180911979704005,0.0002607343558134502,0.0002830200566578956,0.00024849343263459294,0.00022627571832480866,0.00023624955541752163,0.9949394904391022,0.00037655535478898876,0.0002781253463043646,0.0002118271827257233,0.0002184293708227339,0.00025830922140689604,0.00022567610677499852
9bbe38d65324ed2c,Ольга Арефьева,0.9910330492759605,0.0003851125197970668,0.000375120767028638,0.00041116012874532786,0.00041157290838587446,0.00044086937803174684,0.00039083794192263223,0.0011048281219554032,0.0004660831331069697,0.0005059205739233547,0.0004442015338947846,0.00040448563067826726,0.0004223146377852873,0.0003998711017967027,0.0006731222598585044,0.0004971709144708145,0.0003786577265531385,0.0003904596503222779,0.0004617480301105414,0.0004034137656721549
d107e09afb7fbcf2,Google Тёлка,0.0005061587133745298,0.00040701572362347954,0.00039645566009124836,0.00043454474734048543,0.0004349810137832197,0.00046594370760788333,0.0004130667595568863,0.0011676538917346818,0.0004925914963936317,0.0005346946714735051,0.00046946538770372174,0.0004274906478347747,0.0004463336619742222,0.00042261366048708507,0.0007114059220542049,0.0005254473944944704,0.0004001937853861938,0.9904295755191805,0.00048800982562995977,0.0004263578102752691
0c8c968f517f7c59,Ирина Туманова,0.0008671308230099191,0.0006972830095525455,0.0006791919507837473,0.0007444446643594712,0.0007451920507810237,0.0007982360558207574,0.1743901352265985,0.002000385345221202,0.0008438880366222792,0.0009160175201835996,0.0008042692803218415,0.0007323598217350904,0.0007646409197566409,0.0007240048098833142,0.8104336266692519,0.0009001753727686257,0.0006855959581123462,0.0007069644576795818,0.0008360389075890165,0.0007304191199686588
8998131440283844,Ирина Туманова,0.0008671308100886622,0.0006972829991622184,0.000679191940662998,0.0007444446532663806,0.0007451920396767962,0.0007982360439261127,0.1744105919235143,0.0020003853154131356,0.0008438880240473668,0.0009160175065338741,0.0008042692683372947,0.000732359810822078,0.0007646409083626026,0.0007240047990948012,0.8104131701984796,0.0009001753593549666,0.0006855959478961696,0.0007069644471449898,0.0008360388951310652,0.000730419109084565
9692bc791dbafaf1,NHK World,0.0009124122676228042,0.000733695011665021,0.0007146593016235142,0.0007833194885806841,0.0007841058740996739,0.0008399198627963721,0.07080495538030346,0.002105017479159733,0.0008879557361898834,0.0009638518340750076,0.0008462681650804273,0.0007706035590686578,0.0008045704076300514,0.0007618122811937809,0.0012823951291903544,0.0009471824401329451,0.0007213977116609573,0.0007438820510765269,0.0008796967673876313,0.9127122992514625
18b6ec9a6db347b3,OST Кисло,0.0007724665581626236,0.0006211609661376298,0.0006050448929228833,0.0006631739797063304,0.0006638398172106771,0.0007110930342207901,0.0006303956707361184,0.0017820405349965687,0.0007517611596403579,0.0008160163123513309,0.0007164675809579481,0.0006524084716698827,0.792527879534824,0.19356266242574482,0.0010857015145795874,0.0008019036888316723,0.0006107497681710272,0.0006297854797615519,0.0007447689636258767,0.0006506796457483334
48efd740f9192a57,Грибы,0.00028088432197974854,0.00022586655835487,0.4411564980772635,0.00024114333329159252,0.00024138543350060352,0.00025856767983652824,0.0002292244854889887,0.4312064564971645,0.0002733554231194656,0.0002967198613466931,0.0002605219729103852,0.00023722878085874932,0.0002476854085915057,0.12319959463817845,0.0003947828005719387,0.0002915882449551528,0.00022208084857698766,0.00022900261244175718,0.0002708128834356993,0.00023660013813294088
d0fd8a34573a3597,Грибы,0.0003805756987278908,0.0003060310714553947,0.00029809108118705285,0.00032672988940883726,0.0003270579186678048,0.00035033844999851925,0.0003105807857634965,0.0008779384283816617,0.00037037466107245565,0.00040203162369426747,0.00035298637458723207,0.00032142597847072184,0.0003355938389429446,0.00031775901240623146,0.0005348990441247359,0.0003950786606895778,0.00030090175438867903,0.0003102801723116399,0.9928607513590195,0.0003205741967013844
13ac534df53494c8,Грибы,9.83418166216e-05,7.907927272434827e-05,7.70275619138145e-05,8.442790167245356e-05,8.451266657463885e-05,9.052842076879281e-05,8.025493645180776e-05,0.00022686117533389814,9.57058318904411e-05,0.0001038860815087575,9.121265179038117e-05,8.305735870549787e-05,8.671838029673088e-05,0.9981424931182644,0.00013821938118115993,0.00010208942210433558,7.775384069246113e-05,8.01772583320026e-05,9.481566217430746e-05,8.283726099810688e-05
0e68e7713ad0d366,Грибы,0.0004487703087754986,0.0003608681586045188,0.0003515054276089855,0.00038527593954318254,0.00038566275853865235,0.00041311488733550045,0.24721098469303796,0.09618382524724989,0.00043674134687228446,0.0004740708787823311,0.5845482120746515,0.00037902164303799254,0.00039572823059690586,0.0003746976289085109,0.0006307465126818479,0.00046587200992123743,0.0003548197134840973,0.0003658786447561317,0.06545618665482864,0.00037801724078438795
fe038c7f78096813,Грибы,0.000380580425145158,0.0003060348642785968,0.0002980947573529894,0.0003267339156934084,0.00032706194496237155,0.0003503427971446146,0.0003105846369329963,0.0008779499220430031,0.00037037924165972934,0.00040203661269980423,0.00035299072181401423,0.0003214299463860136,0.0003355980110167659,0.0003177629511059544,0.0005349056378896253,0.0003950835621717556,0.0003009054597440917,0.0003102840234719795,0.9928606624038964,0.0003205781645907209
7a0872b442050b8b,Грибы,0.0006117601361851106,0.07585621705766299,0.674466736328915,0.0005252051106566757,0.0005257324138624922,0.0005631549343685489,0.0004992461234280152,0.0014112815410806147,0.0005953623394396638,0.0006462496308342413,0.0005674113696180618,0.0005166793180567897,0.0005394535895000608,0.23909302309821806,0.0008598286749864191,0.000635073061328197,0.00048368741922738,0.0004987628834219781,0.0005898248117674974,0.0005153101574422387
9a077bd94a1e453a,Грибы,0.19456599446928688,0.00014741314722283065,0.00014358849707348626,0.00015738362313949747,0.0001575416278091734,0.00016875571019761253,0.00014960470895309424,0.00042290579936585037,0.0001784070190098401,0.00019365598303250188,0.00017003119991042923,0.00015482875835313436,0.00016165334354322004,0.24485755427475583,0.0002576573329945973,0.5574874561075363,0.00014494237794080139,0.00014945990286836913,0.0001767476352842475,0.0001544184817223697
01c7697594933ba4,Грибы,0.00013345831900254504,0.00010731738546139487,0.00010453303690328262,0.00011457593807315009,0.00011469097094857997,0.00012285486357658214,0.0001089128572466108,0.0003078771310138206,0.00012988106578707374,0.0001409823712742899,0.1944061720538407,0.049931773231422526,0.00011768431408694827,0.4351616849230305,0.06541214806682011,0.013349599390633859,0.00010551865982575937,0.00010880744318593857,0.00012867302414422912,0.23989285495372212
5b8c829a6fb484c2,Грибы,0.890746302772865,0.0001450267409109681,0.0001412640090072684,0.0001548358219363899,0.00015499126547533374,0.00016602381317181345,0.10602408060804208,0.0004160595767981974,0.00017551887845796652,0.00019052096985139344,0.00016727863921624938,0.00015232231359046694,0.00015903640636239638,0.00015058456774792302,0.0002534862405723364,0.00018722599465203842,0.0001425959747446402,0.00014704037647967155,0.00017388635750122138,0.0001519186726165647
c9cf18ab5af579d1,Грибы,0.0002404520041971186,0.021282103944224362,0.0001883372949937214,0.00020643160975971635,0.0002066388581101668,0.00022134775753827424,0.9743649918378404,0.0005546901255046438,0.00023400685989484674,0.000254008101046748,0.00022302074736457928,0.00020308053693742097,0.0002120319572822487,0.0002007637122552439,0.00033795520809458104,0.00024961514032980644,0.00019011309408810206,0.0001960385022518619,0.00023183033020962885,0.00020254237807656165
ddef0092c18b3885,Триада,0.00014967652499313459,0.00012035888031050493,0.9971651150676497,0.00012849950424637127,0.00012862852150768482,0.00013778451245424178,0.0001221482344737722,0.0003453023453314954,0.00014566454800673655,0.0001581149174502764,0.0001388259201133782,0.00012641353116296135,0.00013198561875001636,0.00012497136381776864,0.00021037029887800715,0.0001553803801530741,0.00011834157042893439,0.00012203000745600299,0.00014430970669190057,0.00012607854612399928
d799d9015e9f819e,Триада,0.00015180018030534778,0.00012206657945414224,0.00011889955156798709,0.00013032270311396672,0.00013045355393518607,0.00013973945114805752,0.00012388132696726885,0.9909298977065035,0.0001477312902005004,0.00016035830713667757,0.00014079562915118266,0.00012820713113446364,0.00013385828007970505,0.00012674450358869194,0.0002133551161735394,0.006583882004231445,0.00012002063838873332,0.00012376141918625822,0.00014635722561046058,0.00012786740212287698
799b5d76489d2eec,Триада,0.00015295048456310842,0.00012299155940707289,0.9238990808940191,0.00013131024768624195,0.00013144208801645676,0.00014079835678403372,0.00012482005090955415,0.0735568804366417,0.00014885075961037708,0.00016157345333949507,0.0001418625381690898,0.00012917865439148209,0.00013487261415400176,0.00012770493852372894,0.00021497184297818273,0.00015877910772693136,0.00012093012088405317,0.00012469924092926241,0.0001474662760720806,0.00012883633519413407
98b98edb5c5e2fd7,Триада,0.00015034422731793665,0.00012089579685716973,0.9299513657982268,0.00012907273521966947,0.00012920232000761437,0.00013839917286955067,0.00012269313277279588,0.0675479456721019,0.00014631435141559303,0.00015882026570642399,0.00013944520805336238,0.0001269774634311198,0.00013257440577301544,0.00012552884956583746,0.00021130875504848825,0.00015607353386321767,0.00011886948658575323,0.0001225743746083469,0.00014495347103560206,0.00012664097953986209
8a0332bf0a8470bc,Триада,0.00016000335257955865,0.00012866295191396937,0.00012532478631795016,0.00013736524433817117,0.0001375031528345921,0.00014729085803071975,0.0001305757720086765,0.007259626651835585,0.9901094135230394,0.0001690239390358608,0.00014840410861563004,0.00013513535257220563,0.00014109187329938578,0.00013359367906409932,0.0002248846508088363,0.00016610075039377595,0.00012650646000618123,0.00013044938862876557,0.00015426626017542706,0.00013477724450125248
fc8dbb7d057dcac0,Триада,0.00015178371510745018,0.00012205333159705361,0.0001188866458265681,0.00013030856721032332,0.00013043938892169472,0.00013972428162532729,0.00012386787529990135,0.9907287460636823,0.0001477152617472011,0.00016034091022258998,0.00014078034316455368,0.00012819322815876561,0.00013384375111173853,0.00012673074619941777,0.00021333195426353,0.006785303481150531,0.00012000761618042989,0.00012374798207632083,0.00014634134273951136,0.00012785351371472054
8da62fe8ea5bbfe2,Триада,0.0001484193333345563,0.0001193479421630926,0.9971889397766,0.00012742019427908864,0.00012754812015236858,0.00013662721917682088,0.00012112227155166002,0.0003423884848360942,0.00014444107296136068,0.00015678685833130803,0.0001376598666282558,0.00012535174161094732,0.00013087703048081723,0.00012392168139654174,0.00020860332716319077,0.00015407529838939427,0.00011734757789912336,0.00012100504133494484,0.00014309759663343167,0.0001250195650770648
85c8ebdf278611d0,Bahh Tee,0.00019435174278503522,0.0001562834258901897,0.00015222863685849464,0.00016685384906209468,0.00016702137069849994,0.00017891024095372898,0.0001586068572728033,0.9966151018052317,0.00018914228846446892,0.00020530882486945968,0.00018026247758185266,0.0001641452576141254,0.00017138049846401884,0.00016227262998187657,0.00027316131583287673,0.0002017580995941442,0.0001536639794686814,0.00015845334912978392,0.000187383063899672,0.00016371028634642302
90ffa82966595522,Дмитрий Авилов,0.0001871477320461525,0.0001504904731334127,0.020544310048553054,0.00016066909986825833,0.00016083040782622043,0.00017227858712547646,0.00015272780068602973,0.00043173297148800115,0.00018213138197157786,0.00019769865492863032,0.9760846931698296,0.0001580609022555039,0.00016502795084814622,0.00015625768737784635,0.0002630360758653783,0.00019427955195210154,0.00014796813180861286,0.0001525799677997025,0.00018043735009875476,0.0001576420545375045
b88cbf61e97df6d1,Lasha MC,7.636930217116977e-05,6.14105896236613e-05,0.7491051414042516,6.556417148265361e-05,6.562999706471572e-05,7.030165615871967e-05,6.23235694193473e-05,0.0001761733410155366,0.22142425982186764,0.011875179359740837,7.083300473911446e-05,6.449985178347563e-05,6.734288828588267e-05,6.376401243444422e-05,0.00010733702619642103,7.927957579127726e-05,6.0381296380993434e-05,0.01636624920352024,7.363099579236194e-05,6.432893227996938e-05
d6acde43cf343c83,ЗАПАС,0.000591383849613889,0.0004755475060060736,0.9693347739596808,0.0005077117825746471,0.0005082215071201611,0.0005443975725577435,0.0004826174093174956,0.0013642268434626915,0.0005755322136934523,0.0006247246195607801,0.0005485122143754704,0.0004994699260829833,0.0005214856957987129,0.019958232041511835,0.0008311897778133692,0.0006139202869166485,0.0004675769554532748,0.0004821502927846934,0.00057017914553904,0.0004981464001362098
dbb9c5a932b217eb,Триада,0.00019333433812193987,0.00015546528492364116,0.0001514317421484548,0.00016598039506585853,0.00016614702901642065,0.14617523836571608,0.0001577765651932928,0.4181118432804821,0.00018815215468186223,0.00020423404076083055,0.00017931880907256457,0.00016328597749078817,0.00017048332433212268,0.00016142314351006088,0.43279544481407073,0.00020070191323623532,0.00015285956125553752,0.00015762385742303702,0.00018640212712719008,0.0001628532763712384
1dc3bdd5cb54c666,Триада,0.0003000486351810879,0.000241277098669799,0.00023501715541102597,0.0002575961848852789,0.00025785480153783113,0.0002762093661186637,0.0002448641314313042,0.6246406801009575,0.3704255737775981,0.0003169646264422036,0.0002782969839993266,0.00025341454628087837,0.0002645846261667882,0.0002505235171135056,0.00042171825325379187,0.0003114828614476598,0.00023723310663958773,0.000244627138926045,0.000289290054378054,0.00025274303356150664
a85b668655378040,Триада,0.00014484973742263276,0.00011647753599917795,0.000113455525466497,0.02765716379231464,0.00012448049207172866,0.0001333412398189472,0.00011820919193752868,0.4526942288793365,0.00014096715579970962,0.0001530160096260264,0.00013434904717506024,0.00012233693693159819,0.00012772933783987064,0.00012094127741159349,0.00020358626819256948,0.51740057875891,0.00011452528032051598,0.00011809477751368902,0.00013965599924431376,0.00012201275666742168
9680eeafec79655d,Триада,0.00010874274758087876,8.744294273329873e-05,8.517423375283398e-05,9.335726286017968e-05,9.345098446660338e-05,0.00010010298480378421,8.874294530618347e-05,0.6020406849101196,0.00010582797724486817,0.3961802866673025,0.00010085958250315341,9.18417609829663e-05,9.588997995252114e-05,9.07939940229913e-05,0.0001528379012022841,0.00011288671087299624,8.597732481956963e-05,8.86570453538942e-05,0.00010484365663284865,9.15983874860898e-05
ca7d19b13674290f,Триада,0.0001543391109109029,0.00012410819398050245,0.00012088820470772888,0.0001325024217866433,0.00013263544083047283,0.0001420766642809076,0.00012595328933585981,0.00035604659291258594,0.00015020217644725454,0.9971189696044199,0.0001431505082061189,0.00013035145975562104,0.00013609712283915766,0.00012886437058298923,0.0002169235887785173,0.000160220659765283,0.00012202804156191587,0.0001258313879541554,0.00014880511996515696,0.00013000604097831205
2e16304f3952f4fc,Триада,0.00010993739417397692,8.840359456155617e-05,0.03066426208098029,9.438288170508025e-05,0.04747391304462675,0.00010120272381875549,8.971787256132519e-05,0.37542591995087404,0.17610565621884575,0.07721242003393798,0.00010196763066058239,9.285073243912463e-05,9.69434293314869e-05,0.02074839651522024,0.0001545169737110648,0.00011412688312665446,0.06001486019478226,8.963103401063266e-05,0.21112828612196624,9.260468866616958e-05
15b8e01e0c38f441,Триада,0.0001392348912583227,0.0001119624880356752,0.00010905761323277983,0.00011953521651521236,0.0001196552261459359,0.20614828716397812,0.00011362701593856434,0.7743511478072882,0.0001355028056559494,0.00014708461541153788,0.0173329150335154,0.00011759476250428825,0.0001227781322689635,0.00011625319976985769,0.0001956945985544169,0.00014454085361836967,0.00011008590964910672,0.0001135170398522065,0.00013424247897869286,0.00011728314782836806
7deef3823b607563,Триада,0.0001724419789756017,0.0001386651833903602,0.00013506751382486552,0.00014804399348075488,0.00014819261217295402,0.00015874122148282443,0.00014072669476303086,0.3809818163301036,0.0001678197964946474,0.00018216382132206323,0.00015994101219594774,0.00014564074497231557,0.6161669341328152,0.00014397922204500654,0.00024236713913891475,0.00017901339026494504,0.0001363410390835066,0.00014059048885301577,0.00016625888549702257,0.0001452547991234459
f070d4f4d19a1a3a,Триада,0.0001369737500237982,0.00011014424730387457,0.00010728654964088198,0.0001175939979890806,0.00011771205767015657,0.00012609099901795162,0.00011178174512121921,0.3909081579208417,0.0001333022729308819,0.00014469599985701714,0.00012704401844027953,0.00011568505603751304,0.6068270433868821,0.00011436527744200647,0.00019251657353509748,0.00014219355080295678,0.00010829814051844605,0.00011167355163806873,0.0001320624061729975,0.0001153784981339771
db37310cf6c4eedb,Триада,0.00014553822702893768,0.00011703116674159416,0.0001139947863002563,0.00012494671646526623,0.00012507216851147943,0.00013397501463387586,0.00011877105172633295,0.0003357459099310751,0.00014163717916387122,0.00015374330889940022,0.0001349876240861193,0.0001229184271070326,0.00012833643919405629,0.00012151612468743435,0.997334063247574,0.00015108439781808404,0.00011506962701054761,0.00011865609160974739,0.00014031979443545462,0.00012259269707543116
b5bd5933904a4762,Соня Мармеладова (Гнойный),6.478408825448455e-05,5.209461039535718e-05,5.074301391280703e-05,5.5618098486699375e-05,5.567393782523649e-05,5.963690104681259e-05,5.286909245298236e-05,0.00014944744668948383,6.304759360155025e-05,6.843645174928478e-05,6.008764663575964e-05,5.4715232152771196e-05,5.7126979350141675e-05,5.409102045266859e-05,0.9988133042036746,6.72528789614167e-05,5.122146271127653e-05,5.281792064140747e-05,6.246118050249008e-05,5.457024050267043e-05
18bac43a0c26d767,Билли Бро,0.00023928748417630381,0.00019241743669485382,0.00018742516913197244,0.08072683559807098,0.0002056380996268444,0.00022027576991661202,0.00019527808141641277,0.0005520077192281409,0.00023287355264257353,0.00025277792507623137,0.0002219406400570564,0.0002020970073201551,0.026239113139826194,0.00019979141632484992,0.18174535812054646,0.00024840623851667484,0.00018919236834467169,0.00019508908113335732,0.6227634218985314,0.08499077325341828
bcb9aa5b530a4b62,KILLJOY | RHYME TIME inc.,0.00033080976994518074,0.0002660129427826518,0.0002591112312363321,0.00028400507651951115,0.00028429020675013045,0.0003045264786744548,0.9937453396635962,0.0007631292198275507,0.00032194264759923333,0.00034945999950471683,0.00030682815513546614,0.0002793947386780898,0.00029170996648518384,0.00027620728712583634,0.0004649530224167225,0.0003434162397873679,0.00026155435231516624,0.000269706422641507,0.0003189482126530294,0.0002786543663256631
033b34607ace834b,FCKN BEST,0.00015999060557335136,0.0001286527105951527,0.00012531480722736843,0.00013735430376161773,0.00013749219769398785,0.0001472791307772841,0.00013056537045046403,0.021892759218360005,0.00015570217121544302,0.9754897988679737,0.0001483922939527362,0.00013512458681486696,0.00014108062680466825,0.00013358302985775133,0.00022486673216313356,0.0001660875080858777,0.0001264963789482059,0.0001304389870816761,0.00015425396478345978,0.00013476650787925794
5869ef3d66dc7592,Гнойный (a.k.a Соня Мармеладова),6.478408825448455e-05,5.209461039535718e-05,5.074301391280703e-05,5.5618098486699375e-05,5.567393782523649e-05,5.963690104681259e-05,5.286909245298236e-05,0.00014944744668948383,6.304759360155025e-05,6.843645174928478e-05,6.008764663575964e-05,5.4715232152771196e-05,5.7126979350141675e-05,5.409102045266859e-05,0.9988133042036746,6.72528789614167e-05,5.122146271127653e-05,5.281792064140747e-05,6.246118050249008e-05,5.457024050267043e-05
16ce2d5651e94187,Соня Мармеладова (ГНОЙНЫЙ SLOVO SPB),6.478408825448455e-05,5.209461039535718e-05,5.074301391280703e-05,5.5618098486699375e-05,5.567393782523649e-05,5.963690104681259e-05,5.286909245298236e-05,0.00014944744668948383,6.304759360155025e-05,6.843645174928478e-05,6.008764663575964e-05,5.4715232152771196e-05,5.7126979350141675e-05,5.409102045266859e-05,0.9988133042036746,6.72528789614167e-05,5.122146271127653e-05,5.281792064140747e-05,6.246118050249008e-05,5.457024050267043e-05
fa8c6968e7ff7c18,youhate,0.0004172341473830411,0.00033550910635410706,0.00032680429609726025,0.00035820171243239844,0.00035856131936509077,0.0003840843311910505,0.0003404970663864369,0.6089127124182192,0.00040605050565393244,0.0004407567947141962,0.00038698732189259834,0.00035238691256858694,0.0003679194815183449,0.00034836674222003957,0.19145530652273038,0.0004331340939883005,0.0003298856932812784,0.00034016749460707405,0.07787203866040698,0.11583339537898975
3ba5403fb7706d13,Flowdan vs Logan Sama,6.963962096754109e-05,5.599907453309403e-05,5.454617499368392e-05,5.9786643242739516e-05,5.984666625273207e-05,6.410665559584706e-05,5.683160412268956e-05,0.00016064848123028793,6.777298139052667e-05,7.356572754272549e-05,6.459118342231344e-05,5.8816106932490146e-05,6.140861420262323e-05,5.8145114509553166e-05,0.9987243619678444,7.229343909211412e-05,5.506048331350135e-05,5.6776597885275936e-05,6.714261427534088e-05,5.8660248650527533e-05
27660c9702a3a95c,Redo,6.963964277033167e-05,5.599908906484007e-05,5.4546193163931894e-05,5.978666141110008e-05,5.984668442107102e-05,6.41066774006304e-05,5.6831622292114416e-05,0.00016064849572434343,6.777300319398954e-05,7.356574934410205e-05,6.459120522692227e-05,5.881612510120026e-05,6.140863600837829e-05,5.8145129040526284e-05,0.9987243616081439,7.229346089394891e-05,5.506050148356409e-05,5.677661241674194e-05,6.714263607903078e-05,5.866026681929378e-05
a0fd9e0218d24b5d,Grime,0.0001889685813790705,0.0001519546672576142,0.00014801220447019261,0.0001622323204193355,0.00016239519999434402,0.00017395477492871124,0.0001542137646169123,0.0004359290144455104,0.00018390342386356145,0.00019962216869077572,0.00017526955492349328,0.00015959875865338195,0.9964395614695987,0.00015777799405191525,0.00026559527962461847,0.00019616978526787994,0.00014940779124421368,0.0001540645056335421,0.00018219290456364615,0.00015917583637262855
4709bd6b7ebe9a52,Eminem,0.0001244564896495125,0.00010007877973042136,9.74822306115437e-05,0.00010684774121950593,0.0001069550106606692,0.00011456825242814099,0.00010156664027600078,0.051427333615701114,0.0001211205286274417,0.00013147304469576625,0.00011543417868003838,0.00010511324754314502,0.0001097464463007134,0.3121052923901147,0.6345786337372104,0.00012919927887868103,9.840138049242497e-05,0.00010146833481445585,0.00011999397030256665,0.00010483470206284565
f5b74cfb05235e85,Eminem,9.944594928945112e-05,7.996713505843402e-05,7.789238131467275e-05,8.53758196967229e-05,8.546153047238467e-05,9.154482730912931e-05,8.115599735894609e-05,0.00022940602610807374,0.9981353888873802,0.00010505246720365202,9.223674173377554e-05,8.398988081984623e-05,8.769200425186015e-05,8.303169546598791e-05,0.00013977123942390845,0.0001032356243142951,7.862682370907645e-05,8.107744612515622e-05,9.58802063989486e-05,8.37673165654559e-05
eb597f21a265bfcd,Eminem,9.944594928945112e-05,7.996713505843402e-05,7.789238131467275e-05,8.53758196967229e-05,8.546153047238467e-05,9.154482730912931e-05,8.115599735894609e-05,0.00022940602610807374,0.9981353888873802,0.00010505246720365202,9.223674173377554e-05,8.398988081984623e-05,8.769200425186015e-05,8.303169546598791e-05,0.00013977123942390845,0.0001032356243142951,7.862682370907645e-05,8.107744612515622e-05,9.58802063989486e-05,8.37673165654559e-05
10e54c337b5dad8a,Eminem,0.00019755557058295773,0.0001588596895881823,0.00015473807835307652,0.00016960438599810721,0.00016977465793858765,0.00018185951282715068,0.00016122143605396233,0.00045574241657901816,0.0001922602311045163,0.00020869327052220105,0.00018323402837368678,0.7813785368482297,0.00017420564285582438,0.00016494764269401355,0.21516953911288056,0.00020508400305945955,0.00015619708230969973,0.0001610653958849365,0.00019047200465567625,0.00016640898950871875
00afab6eb1d07137,Radiohead,0.00043746627037489767,0.0003517782802883685,0.0003426513775107691,0.07702730388475805,0.0003759483414431986,0.9151227227585728,0.00035700812206517667,0.0010091876339135997,0.0004257403082960656,0.0004621295541311857,0.0004057527293996237,0.0003694745146747038,0.00038576029016362654,0.0003652594070232528,0.0006148586815293198,0.0004541372059457047,0.0003458821936427001,0.0003566625722954765,0.00042178044123084143,0.0003684954327406952
9e2eeff611351472,Bassnectar,0.0007895366336716528,0.0006348874810169646,0.0006184152937405375,0.0006778289057141769,0.0006785094115322225,0.0007268068727834746,0.00064432626144095,0.001821374316764075,0.0007683737234585206,0.0008340487922239637,0.0007323002212205671,0.0006668255032399765,0.0006962179878327798,0.9850869964898024,0.0011096935207833196,0.0008196242924142224,0.0006242462466378699,0.0006437026245121552,0.0007612269862812361,0.0006650584349289487
b4d40956872e54b5,Ronan Keating,0.00026424618665330375,0.00021248741162275723,0.0002069744040848506,0.1734629093481335,0.0002270870277689885,0.38848807715260925,0.00021564642863570953,0.08427705465525807,0.0002571632748728005,0.0002791437387066096,0.0002450900166843309,0.00022317659352278385,0.00023301381900903758,0.00022063050316832426,0.00037139793195874567,0.00027431608270799625,0.00020892594684942327,0.0002154376959673947,0.3498946365926396,0.00022258518914653022
d8dc0aab814babce,MuDvAyNe,0.0001484612586725407,0.00011938165269613029,0.00011628429239178049,0.9971993195452804,0.000127584151786064,0.00013666581202529814,0.00012115648414095818,0.00034248330804615595,0.00014448186321591136,0.0001568311411511715,0.00013769875052387534,0.00012538714749349124,0.00013091399346557781,0.00012395669436513458,0.0002086622496532326,0.0001541188099345449,0.00011738072089034773,0.00012103921754345195,0.0001431380230786023,0.00012505488364527388
867266828ae27954,George Thorogood And The Destroyers,0.0001261703653598301,0.0001014569510527871,9.882464798688025e-05,0.00010831912455153009,0.00010842787100759894,0.00011614595172965646,0.00010296529335677161,0.00029105938762722636,0.0001227884568050638,0.00013328353027758494,0.00011702380323983728,0.00010656074397892481,0.00011125775269083148,0.00010534506250074368,0.0001773324078988482,0.00013097844883410442,9.975645071957883e-05,0.00010286563457122532,0.9976331597517304,0.00010627836408062212
0bac3be5fa2118f3,Bones,0.0004373697217856356,0.0003517006399781493,0.0003425757443837839,0.0003754883666799811,0.0003758653486262566,0.3508289738993219,0.00035692931816390345,0.6419562618520266,0.0004256463486872699,0.0004620275366728957,0.0004056631623207252,0.0003693929472495708,0.0003856751447179355,0.0003651787995714379,0.0006147230073563197,0.0004540369920657946,0.00034580586237107134,0.00035658385566855174,0.00042168735431130617,0.000368414098040964
6a351b1b6b3a2a8a,СТЕПАНЕНКО Pump,0.9985477302102514,6.23723496814783e-05,6.075410041137007e-05,6.659098602308586e-05,6.665784479343629e-05,7.140266380499733e-05,6.329963404183424e-05,0.00017893006201159358,7.54862511057436e-05,8.193827887763918e-05,7.19423360995269e-05,6.55099970677084e-05,6.839756253036521e-05,6.476263257602429e-05,0.00010901805265395442,8.052119163313367e-05,6.132694015661707e-05,6.323836320658329e-05,7.478414306759955e-05,6.533640000580928e-05
1114ad390cf695e7,Dead Hearted,0.0006453483177448148,0.0005189417596190415,0.0005054778029587012,0.0005540410977083439,0.0005545973301499965,0.0005940744666839085,0.0005266567780905729,0.0014887759206889861,0.0006280502222259926,0.0006817314258739507,0.0005985646059209406,0.00054504714043313,0.0005690718300731591,0.0005388290484687122,0.0009070368222590552,0.0006699411723977124,0.0005102439047329743,0.00052614705357283,0.9878938205249501,0.0005436027754470305
c8928abb251a1f63,LIL PUMP,0.00019005399061657114,0.00015282747086206767,0.00014886236506538156,0.00016316416174129423,0.94628821258469,0.00017495393409192454,0.00015509953410915218,0.00043843054311700587,0.0001849597289761759,0.00020076876935108798,0.0001762762666071362,0.0001605154658304185,0.00016759069421042283,0.00015868425284797948,0.0002671208305443059,0.00019729655146705436,0.00015026597002581666,0.00015494941655410738,0.00018323940158596657,0.05028672806770615
b20fcb742998acbe,ТГК,0.0001889944627162839,0.00015197548580541748,0.00014803247018124532,0.0001622545355963923,0.00016241744426961072,0.00017397859041198423,0.00015423487412507658,0.00043598450040980446,0.00018392860688360742,0.9964720712368547,0.00017529354498438578,0.0001596206101234241,0.00016665640216151337,0.0001577995982022201,0.0002656316502488632,0.0001961966558868656,0.00014942824608201266,0.0001540856005949404,0.00018221785481206627,0.00015919762964960188
5503d2ead8be85a1,ТГК,0.00010402622367100642,0.021490703238550627,8.147994568174587e-05,0.07485130815697001,0.43388215608782776,9.576119460261932e-05,8.489386848649793e-05,0.0002399798571403709,0.0001012378731200341,0.00010989096536918072,0.1307641354136152,8.785828265138268e-05,0.28528730694512405,8.68559613303914e-05,0.05226943391466759,0.00010799044895162584,8.224820673346082e-05,8.481170110109778e-05,0.00010029624783455225,8.762546657079876e-05
724c81c475d34535,ТГК,0.00010173404616676607,0.014993211080369911,7.968456973920857e-05,8.734018673279978e-05,0.13903598325922628,9.365114129128617e-05,8.302327381894324e-05,0.2528272539820151,0.09819573049957117,0.00010746956707210172,0.13822103876299824,8.592236454473391e-05,8.970966778596172e-05,0.035601596865889235,0.23555223370246411,0.00010561092372114192,0.024502474530120166,0.06005255063177995,9.808626668712763e-05,8.569467800575726e-05
cdd3cbcb69d69be5,ТГК,0.0001140602426603035,9.171888596412336e-05,8.933923334000969e-05,9.792241044222674e-05,9.802072317137496e-05,0.000104998002006238,9.308245121216046e-05,0.45293535093378123,0.00011100294379364853,0.0001204906824051287,0.00010579159789736616,9.633280304229153e-05,0.5451787148188157,9.523380613774814e-05,0.00016031163780065775,0.00011840684835924019,9.018159996999814e-05,9.299236031426873e-05,0.00010997049279058452,9.607752609571333e-05
ced1aa91c3d0a13e,ТГК,0.0003470981707490787,0.00027911089329695133,0.0002718693362069872,0.00029798891882992193,0.0002982881062154199,0.000319520748113792,0.0002832604011446903,0.0008007220683123683,0.0003377944616941868,0.00036666671378285913,0.00032193572582525594,0.00029315157103385037,0.0003060731773544282,0.0002898071915744786,0.9936419408437933,0.0003603253672980348,0.00027443277256178046,0.0002829862139502568,0.00033465258669282036,0.00029237473156948156
e327b8411b76cfcf,ТГК,8.788431685199923e-05,7.067012211971722e-05,6.883658087156903e-05,7.544998225470622e-05,7.552573224650968e-05,8.09017843254402e-05,7.172076308277814e-05,0.00020273804640386358,8.552863835365416e-05,9.283901824172235e-05,8.151325577978295e-05,7.422518397690056e-05,7.749689095167166e-05,7.337839351046412e-05,0.9983901592969959,9.123340363301658e-05,6.94856326455415e-05,7.16513431738552e-05,8.47331288345072e-05,7.402848574633533e-05
cb8079836e0e03f7,ТГК,9.944595654876632e-05,7.996714232100894e-05,7.789238857759488e-05,8.537582695839269e-05,8.546153773404013e-05,9.154483456976675e-05,8.115600462132205e-05,0.0002294060406215977,0.9981353887203452,0.000105052474462029,9.223674899429718e-05,8.398988808174796e-05,8.769201878909954e-05,8.303170272804998e-05,0.00013977125395243253,0.00010323563884893329,7.862683097187568e-05,8.107745338754533e-05,9.588021365886053e-05,8.376732382739487e-05
bc1abbe195e330e8,ТГК,8.247246617248765e-05,6.63183131145668e-05,6.459768019090496e-05,7.080383889909412e-05,7.087491772552172e-05,7.591992096724262e-05,6.730425625436875e-05,0.0001902519194880187,8.026185573533543e-05,8.712206479312331e-05,0.9984498723679772,6.965445593146503e-05,7.272469889046617e-05,6.8859812259821e-05,0.00011591502854082455,8.561532318489727e-05,6.520676512466558e-05,6.723911460906151e-05,7.951532796902107e-05,6.946987217185383e-05
5d1e95c85dfe94e4,ТГК,0.00014923397842036255,0.00012000302554396136,0.00011688954174889015,0.00012811958822918172,0.0001282482125941926,0.00013737713736216466,0.00012178709016103737,0.00034427775945275864,0.00014523387562864203,0.00015764742924846697,0.11062597795848936,0.00012603978507040231,0.00013159538557103889,0.00012460186682401462,0.8867787966849532,0.00015492098270152274,0.00011799167458712916,0.00012166921238427861,0.00014388303603371096,0.0001257057749957225
2ba8c17dbf447a50,ТГК,0.00018899395518145142,0.00015197506523299204,0.00014803207867546622,0.00016225410056898082,0.0001624170092437354,0.0001739781263912988,0.00015423446812587013,0.0004359834567831893,0.0001839280993010057,0.9964720806332277,0.00017529308097609988,0.00015962017507117565,0.00016665595262369614,0.00015779917768471392,0.00026563092515798515,0.00019619611931611964,0.00014942784003748143,0.00015408518004241258,0.0001822173617652466,0.0001591971945933649
4d8c2dec64e799e7,ТГК,0.00018234150128396324,0.00014662566301458716,0.0001428214581183916,0.00015654287941095112,0.00015670004007729997,0.0001678542273331377,0.00014880552511258618,0.13605415742755525,0.03855006324893328,0.00019262146778132203,0.1169933318332016,0.00015400166419565818,0.0001607897826211897,0.00015224476801692724,0.030491123186210785,0.20940834849995826,0.4662635682945258,0.00014866150482417375,0.00017580345749280255,0.00015359357033203902
4ab61b19625c8d72,ТГК,0.4154458354057204,0.00017265070604720223,0.00016817127760441805,0.00018432816609922076,0.00018451322279235347,0.00019764718393862804,0.00017521747454068344,0.39003029742577483,0.07262088600119343,0.00022681044239582644,0.11878638636292368,0.00018133589963395367,0.00018932885866127102,0.00017926715585272958,0.0003017690114600438,0.0002228878575025757,0.0001697569414892887,0.00017504788653236635,0.00020700735351454895,0.00018085536632258867
2550eea7530c1dd7,Jamal TGK,0.00034709814212003607,0.0002791108645749102,0.00027186933657887187,0.00029798889013370373,0.00029828807751961097,0.00031952071944702675,0.0002832603724283253,0.0008007211380850579,0.00033779443305241775,0.0003666666851805839,0.0003219357262656254,0.00029315154233101523,0.0003060731486692683,0.0002898071628670688,0.9936419422029764,0.0003603253386870854,0.00027443274383334026,0.00028298621433734805,0.00033465255804675367,0.0002923747028655838
af2c7699012268aa,ТГК,0.0002700673598569785,0.00021716837527622774,0.0002115339180681435,0.00023185682926752337,0.00023208961622599083,0.0002486101561128327,0.00022039697919579127,0.9952964120003,0.0002628284232306494,0.0002852931141462984,0.0002504891864809685,0.00022809302052546348,0.00023814696658904305,0.00022549086192533897,0.00037957958849545387,0.0002803590841853176,0.0002135284469728397,0.00022018366269743693,0.0002603838181967765,0.00022748859225098052
ecbe8c17adc04142,ТГК,0.7458004899736885,0.000157123931221984,0.00015304734414368248,0.00016775122139535298,0.0001679196306687445,0.00017987243992134648,0.00015945987683774304,0.00045075864703232447,0.0001901595355044322,0.0002064130021707442,0.0001812319522661668,0.00016502806396280695,0.0001723022007930673,0.0001631453667388501,0.20573694398832723,0.00020284318541525102,0.0001544904135651307,0.00015930553926290583,0.00018839082340433918,0.04524332286367931
1b8f0c18a994aae7,ТГК,0.0003470185633809302,0.000279046881525003,0.00027180698292125777,0.00029792057171372125,0.0002982196718055793,0.0003194474546312565,0.00028319542919394484,0.29472362601915536,0.00033771697835049144,0.00036658262559251156,0.000321861908617881,0.00029308432957455335,0.00030600296807548006,0.00028974073571904035,0.030867722732278394,0.00036024273392081045,0.0002743698373524073,0.6691355100516433,0.00033457583075740567,0.0002923076937906445
3824b7e1840dd54c,ТГК,0.00010390701386777942,8.355440071603806e-05,8.138658019129644e-05,8.92057094555354e-05,0.0501040752543716,9.565145813701817e-05,8.479658851399442e-05,0.0002397036460524766,0.00010112186475192574,0.00010976503982811577,0.9480322097799928,8.775760479203525e-05,9.162580196932808e-05,8.675643307729638e-05,0.00014604128182682177,0.0001078666989312723,8.215396084834644e-05,8.471451571644896e-05,0.00010018131631282062,8.752505064707535e-05
eec843a255b8508a,ТГК,0.000318707056835971,0.00025628082429473144,0.0002496316176154424,0.0002736147166095472,0.00027388942766745893,0.00029338532714913906,0.00026009092318608214,0.0007352305752321068,0.00031016435493179173,0.00033667497610243496,0.0002956028062173044,0.00026917303548832646,0.0002810377068354725,0.00026610223210424077,0.0004479426461323164,0.9940449080121042,0.0002519853608189126,0.0002598391750505872,0.0003072794668181733,0.0002684597588057011
1eb1603c98b40eaf,ТГК,0.16682493079971644,0.00017551646507788125,0.00017096267579666421,0.00018738775807875283,0.00018757588524878733,0.0002009278502544686,0.00017812584189523387,0.33669315571353065,0.00021241911996902748,0.0002305751817630238,0.00020244650276003557,0.00018434582555833126,0.00019247145538107182,0.00018224273900241427,0.00030677796336189215,0.00022658749111799815,0.00017257466429144847,0.00017795343079447825,0.00021044337723001734,0.4930825792591714
f8e8135a17e9bfd0,ТГК,0.17371578409336053,0.00011335115100724049,0.018471140580784876,0.00012101780501334918,0.0001211393062183901,0.00012976221014208118,0.00011503632811954206,0.000325183907229284,0.000137183438844445,0.00014890889084542854,0.00013074296548265768,0.00011905328208602058,0.07113666179148316,0.00011769507920291443,0.6168428688994704,0.013610688650848808,0.00011145129678524777,0.00011492498415039772,0.00013590748337865622,0.10428149785554658
62e02c51b8eb7834,ТГК,0.0005373150079353891,0.000432069340250899,0.2804834120622687,0.00046129290876341313,0.0004617560380950823,0.000494624629152491,0.00043849284774745515,0.0012395222187382442,0.0005229126839820306,0.0005676075603197193,0.06537100278092065,0.00045380460834732904,0.00047380749974934106,0.0004486274143912786,0.645222414377805,0.0005577910112845899,0.00042482752021625816,0.0004380684265167802,0.0005180490256440328,0.00045260203787133023
85b20fba193d744a,ТГК,0.0005213498405742517,0.09327497692281995,0.00040835432186655895,0.00044758655190044395,0.0004480359150958849,0.0004799278962852769,0.00042546394194830945,0.8980642428047512,0.0005073754601033869,0.0005507422680928373,0.00048355525262360497,0.0004403207506630713,0.00045972928258471054,0.0004352973998278183,0.0007327570050292049,0.0005412173981641873,0.0004122046426764073,0.00042505215180243546,0.0005026562734362397,0.00043915391975428767
fdea2342b949a6e4,ТГК,0.00019314171682335824,0.00015531039342017182,0.00015128086661985143,0.6623200729503319,0.00016598148644778233,0.00017779634534977807,0.0001576193746899138,0.2606396422964122,0.00018796468430680075,0.07404630659934124,0.00017914015638345504,0.00016312328684662338,0.00017031347477686388,0.00016126231534767616,0.000271460597218974,0.00020050194386659245,0.00015270727431637411,0.00015746681242541862,0.00018621640282848027,0.0001626910222465825
420228611bdf98a4,Патриотические. Русские народные военные песни.,0.0003574600966800199,0.000287443175934796,0.00027998546465718476,0.0003068847972458296,0.00030719289040505147,0.0003290594138446702,0.00029171654970721776,0.0008246329648039067,0.00034787864972117164,0.00037761281190369915,0.00033154648175713007,0.0003019030362170827,0.00031521035567201784,0.0002984588014974731,0.0005024100700594031,0.0003710821740715679,0.9932323420783299,0.00029143421343878675,0.000344642973057389,0.00030110300099567245
d660f088bfd45676,Русский,0.00036541735559135355,0.00029384181210467,0.00028621809298233107,0.00031371620632088655,0.0003140311679673977,0.0003363844517862701,0.00029821032606724366,0.38329025288689056,0.00035562260717838937,0.41312604264874214,0.19794441339037666,0.0003086235308642739,0.0003222271265920193,0.0003051026659457436,0.0005135939463820664,0.00037934266505413266,0.00028891680381175637,0.0002979217033867362,0.00035231489870959557,0.0003078057132458148
af1da3e67deaa631,Русская Императорская армія,0.000988366629147513,0.0007947718911701312,0.00077415153455966,0.000848527368930641,0.0008493792381180745,0.000909839482266893,0.000806587639852378,0.0022800482819525132,0.0009618741668064875,0.0010440882454398387,0.000916716252307328,0.9813409657608777,0.0008715473365593522,0.0008252297507365687,0.0013891488756104992,0.0010260311798035396,0.0007814508922530343,0.0008058069586400885,0.000952927648589301,0.0008325408663784132
2784c9ea586949d3,Русские Знаки,0.0008268768620050017,0.0006649137394192653,0.0006476625005200629,0.0007098860301594244,0.0007105987248258993,0.0007611803719544,0.0006747989145604583,0.0019075363552160305,0.0008047130706910261,0.0008734941596031523,0.0007669335012785625,0.0006983622510035357,0.000729144793262486,0.0006903950766753951,0.001162175197153922,0.9845496735259558,0.0006537692414171457,0.0006741457663366332,0.0007972283215013816,0.0006965115964604204
fd5dbac2305e7b4b,Русские народные песни - Хор Валаамского Монастыря,0.0005913754038902802,0.000475540702597694,0.0004632027738657526,0.0005077045100339043,0.0005082142345244103,0.0005443897721890278,0.0004826104887308305,0.0013642449734450838,0.00057552400251115,0.9889608697007569,0.0005485044135627149,0.0004994627708469996,0.0005214781889408852,0.000493764764669071,0.0008311779301662643,0.0006139114895150068,0.00046757026932037584,0.00048214337224843806,0.0005701709931420861,0.0004981392450430571
8ad7a24152671110,Русский,0.0005214096862323774,0.00041927945342744874,0.0004084012271623635,0.11938592314042502,0.0004480873858855131,0.00047998300199358814,0.000425512795559039,0.0012028541219827507,0.000507433735495549,0.8713286118268452,0.0004836107945413187,0.0004403713199742463,0.00045978209102852884,0.00043534738754438844,0.000732841161204493,0.0005412795702224036,0.00041225198416021966,0.0004251009472450163,0.0005027140254122729,0.0004392043436582708
ac74f87434ea4acc,Русские романсы,0.9924651450499228,0.0003236068899890518,0.000315210900507614,0.0003454944840375752,0.0003458413434912703,0.00037045890595866046,0.0003284179278185971,0.0009283779134449591,0.0003916458252842682,0.00042512090577955495,0.0003732588981940728,0.0003398859430405393,0.0003548675182177878,0.0003360084105791153,0.0005656190952730473,0.00041776863787291275,0.00031818298369366393,0.0003281000266763995,0.00038800307342470343,0.00033898526679339194
794bd17ff6d0ea5a,ГИМН РУССКОГО РАДИО,0.9902409842799895,0.00041913068758522534,0.0004082563317938866,0.0004474791296331179,0.000447928376383988,0.00047981270119015404,0.0004253618471218955,0.0012024080555888693,0.000507253656652216,0.000550610100855326,0.0004834392132812994,0.00044021507509849625,0.0004596189491439813,0.000435192917847256,0.0007325811701988604,0.0005410875016454147,0.0004121057210305466,0.0004249501443143152,0.0005025356344454557,0.00043904850620013356
3ece60a231d0b36d,Русский,0.00037653238164756805,0.0003027797239160139,0.0002949241052374626,0.00032325863440761936,0.0003235831712240649,0.00034661637941949425,0.00030728112610318813,0.0008686506270305312,0.0003664397261239563,0.00039776036653444514,0.00034923616074245575,0.0003180110682082462,0.00033202843351316113,0.00031438310108504355,0.0005292161417120708,0.00039088126868830315,0.9928712341270525,0.00030698368495315017,0.0003630314056112562,0.00031716836678952323
b5c5844471088792,Русский,0.0003848316521440868,0.00030945337221013696,0.00030142458588433075,0.00033038365363299827,0.0003307153499857886,0.0003542562449775973,0.00031405398927284524,0.0008877815484011717,0.9927843721579509,0.0004065275098203613,0.00035693376825217475,0.00032502042890755723,0.0003393467602197177,0.0003213124845247459,0.0005408807726377017,0.0003994967811436065,0.0003042666913186896,0.0003137499997664054,0.0003710330896887746,0.00032415915926044616
f0d19ff7e0ec7da4,Русский,0.00028069073697846317,0.05994445635132792,0.00021985480920273784,0.00024097714761131807,0.00024121907320913624,0.0002583894605709153,0.00022906650650846144,0.0006475277669157567,0.00027316701823334804,0.9350416340477316,0.00026034241496374457,0.00023706528709215537,0.00024751469758419023,0.00023436075535940957,0.00039451072808670544,0.00029138726810220623,0.00022192780234783188,0.00022884479352149254,0.00027062625375942,0.00023643708089318932
cf2bea7d8e71d826,Русский,0.0003105517166411491,0.0002497229023675171,0.00024324383628967746,0.27842806703548106,0.00026688092127363013,0.00028587795314506296,0.00025343550365111614,0.0007164150503281373,0.00030222761310467095,0.6735217438212817,0.0002880386507705347,0.0002622852224017754,0.00027384628328800087,0.0002592929700753301,0.0004364803326015403,0.0003223862080333121,0.0002455373347026524,0.0002531901874473325,0.04281918626333697,0.0002615901937788596
6966ec7f41c57f01,Русский,0.00038913882628640624,0.00031291690577126983,0.00030479824598112377,0.0003340814461045585,0.0003344168386783487,0.00035822121309815814,0.000317568978885199,0.0008977014486083438,0.0003787082452983973,0.00041107749947896647,0.0003609287135968676,0.00032865817961851094,0.00034314484542419114,0.00032490873278742877,0.992871854888481,0.0004039681024165101,0.0003076721621980676,0.00031726161330277987,0.00037518583747010395,0.00032778727651385127
1c6301092b3bbe58,Русский,0.0001974310477671434,0.00015875957074107353,0.00015464053523830276,0.00016949747129361422,0.00016966764136889704,0.00018174488547872817,0.00016111981833475365,0.0004554831839656953,0.00019213905528488138,0.00020856171901422474,0.00018311854244781243,0.00016674596640438693,0.00017409583227182032,0.0001648436675253596,0.00027748927244414804,0.996310943255625,0.0001560986224089255,0.00016096388003077465,0.0001903519348004037,0.0001663040975540395
4fb6a4aec7e59762,Русский,0.00029482372873375443,0.0002370756162544475,0.00023092468164677852,0.0002531105465587747,0.0002533646521071072,0.00027139956857291197,0.00024060017749825814,0.0006801323739463289,0.0002869211946101517,0.000311445159440097,0.00027345086478841666,0.0002490016968041035,0.0002599772462337802,0.9944312753075826,0.0004143746412175759,0.00030605885523198885,0.00023310204110619593,0.0002403673031946294,0.00028425248972412527,0.0002483418547480052
72085e04cd1be473,Русский,0.00023420955372925302,0.00018833414911733576,0.00018344780546856882,0.0002010723710311062,0.00020127423518634656,0.00021560127875969084,0.00019113408294878025,0.28746755087401077,0.4659082295931893,0.24302048929429534,0.00021723083122740465,0.0001978083038929005,0.00020652733073134495,0.00019555162212629406,0.000329181443736436,0.00024313479574531507,0.00018517751876244464,0.0001909490844622195,0.00022581171674335078,0.00019728411483580215
8e133fa78d865f02,Русский,0.0006224597747212863,0.0005005364890491287,0.0004875500391475569,0.0005343909393405945,0.0005349274393764196,0.0005730045064194206,0.00050797787318496,0.001435949185286475,0.0006057751882214617,0.0006575525348491571,0.0005773353312176736,0.0005257160183967771,0.5950274746800807,0.0005197184171500211,0.0008748670053656818,0.39389066757126845,0.0004921470766954949,0.0005074862512578059,0.0006001408027958566,0.0005243228761750739
eba1fbb393d98651,Русский,0.0004118124547794048,0.0003311493773737262,0.6851091371268205,0.0003535470760168685,0.00035390202636329394,0.00037909337282564205,0.0003360725235446543,0.2925849209609603,0.00040077412764836416,0.01589125902445427,0.00038195864517769084,0.00034780782926672457,0.0003631385934052474,0.00034383992910025504,0.0005788022445829514,0.0004275057653647481,0.00032559904360313687,0.00033574723000398543,0.00039704647962273933,0.00034688616908546825
8f9db111adb25049,Каспийский Груз,0.00026990028002626373,0.000217034015971917,0.0002114030650584662,0.00023171339143709062,0.00023194603290602593,0.00024845634489856,0.00022026062668990655,0.0006226586415578045,0.000262665824468732,0.000285116606611863,0.00025033421135256816,0.00022795192507446993,0.0002379996296456954,0.00022535136685391803,0.0003793447688819327,0.0002801856319252669,0.00021339635730415477,0.9948967106862914,0.0002602227325229877,0.00022734786052095932
93ec3d170ad3ee00,Песни Фанатов ЦСКА,0.0006696261546613692,0.0005384642045516802,0.0005244937247504172,0.9873676934543726,0.0005754611126210697,0.0006164234178450106,0.00054646950467154,0.0015447470188024867,0.0006516772973963372,0.0007073780161413206,0.0006210824757392433,0.0005655516651673847,0.000590480145293409,0.0005590996365788159,0.0009411593223363098,0.0006951442202226735,0.0005294391061470828,0.0005459405716228293,0.0006456159586529258,0.000564052992425539
e60e16293d52f93d,Фанаты ЦСКА,0.0006696261540377312,0.0005384642622578608,0.000524493782469609,0.9873676925348147,0.0005754611702927943,0.0006164234754785861,0.0005464695041626005,0.001544747133779158,0.0006516773549970799,0.0007073780736901881,0.0006210824751608151,0.0005655517228483382,0.0005904802029511461,0.0005590996942657784,0.0009411593796674515,0.0006951442777829346,0.0005294391638616688,0.0005459405711143825,0.0006456160162593137,0.0005640530501078883
661b83e3d70f190a,Смоки Мо,0.00026990025463847947,0.00021703399555692238,0.00021140304517313892,0.0002317133696413015,0.00023194601108835375,0.00024845632152786887,0.0002202606059714054,0.0006226334372811403,0.0002626657997614465,0.0002851165797927767,0.0002503341878052382,0.0002279519036324978,0.00023799960725860028,0.0002253513456565637,0.000379344733199409,0.0002801856055700058,0.0002133963372313313,0.9948967363120322,0.0002602227080455082,0.00022734783913580764
910b38c308a441c3,История России. ХХ век,0.0014914764092446807,0.0011993359825624413,0.001168219096415403,0.0012804546495438723,0.001281740107607846,0.0013729765472570907,0.0012171662707834373,0.47263762329313946,0.0014514985703228428,0.001575562270134331,0.0013833538096934784,0.0012596685761169094,0.5027014927415528,0.001245297802230916,0.0020962696435973976,0.001548313516127453,0.0011792340820246262,0.0012159882640682274,0.0014379978846065775,0.001256330482970163
6a0e2378f0a42d8d,я дура миша,0.0002699002549998155,0.0002170339958474823,0.00021140304545616027,0.00023171336995151382,0.00023194601139887752,0.0002484563218604963,0.000220260606266285,0.0006226320993386291,0.0002626658001130972,0.00028511658017448395,0.00025033418814037964,0.00022795190393767433,0.00023799960757722846,0.00022535134595825867,0.0003793447337072667,0.00028018560594511154,0.00021339633751702122,0.9948967376439761,0.0002602227083938881,0.0002273478394401755
b1187451c35eccdf,Оратория 2005 (demo),0.26475169478187593,0.0006983962374917825,0.0006802763075564941,0.0007456331552387804,0.0007463817640281004,0.0007995104617031733,0.0007087792044944515,0.3753400459382838,0.0008452353189167629,0.0009174799378959177,0.0008055533487315574,0.0007335290457672984,0.0007658617160738361,0.0007251607042841967,0.3468711068868685,0.0009016125282101517,0.0006866905594924173,0.0007080931689458219,0.0008373736751640888,0.0007315852589769592
12c4d4c44291b7c2,Мирко Саблич,0.0002768062826307202,0.0002225873136690464,0.00021681228397413976,0.00023764230387077968,0.00023788088253223205,0.00025481365196384093,0.00022589649210805654,0.9951790445823556,0.000269386697262333,0.0002924119609864847,0.00025673956893156865,0.0002337845764093781,0.0002440893846984618,0.00023111747215635528,0.0003890511472770046,0.00028735482095949074,0.00021885658077784882,0.00022567784957140991,0.00026688109017215236,0.0002331650576930615
4356db4031296129,Миша Fint,0.0002851750459788577,0.00022931686471578612,0.0002233672268820511,0.0002448270089608226,0.00024507279080825003,0.00026251751031335416,0.0002327260728527576,0.0006578698500610243,0.00027753115776428907,0.00030125252574110273,0.00026450166394844765,0.0002408526480939199,0.00025146899781509647,0.00023810491181347067,0.00040081346978873864,0.000296042474444588,0.00022547332556637143,0.994607922259827,0.00027494979353011794,0.00024021440109402845
4ae8a8b146ac791a,Каратель,9.956883038390902e-05,8.006595506126064e-05,7.79886402336969e-05,8.548131888974923e-05,8.556713880257397e-05,9.165795154732022e-05,8.125627979872474e-05,0.18966656814535338,0.7931169794970386,0.00010518228214174509,9.235071724123984e-05,8.409367019842274e-05,8.780037011270842e-05,8.313429888807887e-05,0.00013994396706846018,0.015682589803338594,7.872398482798534e-05,8.11776339795028e-05,9.599868563061485e-05,8.387082946335845e-05
1b4c43b6d38ca7a6,Каратели Сиона,0.00036489612117474865,0.0002934227000544333,0.0002858098363440098,0.00031326871886194085,0.0003135832148602543,0.0003359046018099563,0.9931008421751173,0.0008417841334712898,0.0003551153421933304,0.00038546804773627563,0.0003384434454076681,0.0003081833191512892,0.00032176750318949006,0.0003046674599452688,0.0005128613661069567,0.0003788015533000663,0.0002885046764761433,0.00029749674163613885,0.00035181237751143207,0.00030736666565205957
9b6a548d4f0c5530,Каратель,0.9897895781127343,0.0004385188630333974,0.0004271414761563275,0.00046817866672563057,0.0004686486936312815,0.0005020078855574024,0.00044503826718202485,0.001258002129197319,0.0005307182349002207,0.0005760802259743424,0.0005058021522874154,0.000460578549940004,0.0004808800451811445,0.00045532411479615745,0.0007664689460274713,0.0005661171689738677,0.00043116892279767644,0.00044460750134731655,0.0005257819919643916,0.00045935805159230263
04d7ca1066fdc85e,Каратель,0.7636891651812008,0.00024314728370182373,0.00023683881013166513,0.00025959286886679037,0.0002598534936701802,0.00027835028771489126,0.0002467621249865846,0.23134695139940484,0.0002942694427912241,0.00031942146799626556,0.00028045411632043454,0.0002553788088129627,0.0002666354429091213,0.0002524653407428184,0.00042498705712015175,0.000313897211694643,0.0002390719325048309,0.0002465232698485142,0.0002915324021424253,0.00025470205743906836
86e999fe6f4195c6,Каратель,0.061694176494805596,6.807402526380629e-05,6.630784461132526e-05,7.267830256297398e-05,0.03940781539015006,0.01136197525195478,6.908607467370177e-05,0.0001952932090274153,8.238671549165782e-05,0.09019720571749448,7.851883792487103e-05,7.149849138418701e-05,0.13317644231751843,0.2024179421109995,0.22019592298774102,8.788191204812068e-05,6.693305315004699e-05,6.90192086175751e-05,0.0759048824101259,0.16471595964445454
4e156c74c19d8582,Каратель,0.00014316356027799872,0.00011512163700012539,0.00011213479851063051,0.00012290803858968125,0.00012303143881764716,0.767690159400467,0.00011683313122320977,0.22994824279804907,0.00013932617698610055,0.00015123477919796294,0.00013278510634100004,0.00012091283298162782,0.00012624244953730892,0.0001195334134286121,0.0002012163389616582,0.00014861923278589146,0.00011319210417848825,0.00011672005557799642,0.00013803028541758063,0.00012059242167036985
09635be0e0ab33d9,Каратель,0.00020434444457178923,0.0001643188187905424,0.0001600555586454414,0.00017543274242410047,0.00017560886425793324,0.0001881090033662423,0.00016676172161254345,0.00047140214451547944,0.00019886714721665752,0.00021586489051799313,0.00018953076917066803,0.0001725848743444168,0.01712583042610988,0.00017061597106744053,0.0002872060639276089,0.00021213159658510036,0.00016156470870271072,0.00016660031176532597,0.00019701745323182025,0.9791961524891764
eccc5756ffacab2f,Каратель,0.00022528948817624706,0.00018116127164405802,0.0001764610322075779,0.00019341436241162194,0.00019360854316518818,0.00020738991970027217,0.00018385456917340066,0.030379794030950525,0.00021925076359940248,0.0002379907488215338,0.00020895740832676315,0.00019027459757860977,0.0001986615646766613,0.0001881038738683107,0.0003166442858755036,0.00023387479787555067,0.00017812486906318772,0.0001836766283569582,0.9659136968562524,0.00018977038827627788
de421c1be92cc525,Каратель,0.00030780950345804113,0.00024751783362667187,0.00024109595701742717,0.06530729684959784,0.0002645243077177503,0.806075275401773,0.0002511976346402183,0.12380412227981084,0.00029955888766100975,0.0003251630407275131,0.00028549524738823406,0.00025996920900272087,0.0002714281728634625,0.00025700338315834425,0.00043262614078226646,0.0003195394821881497,0.00024336921355994708,0.0002509545012404447,0.00029677266155448355,0.00025928029223158856
f0ac62a802361e65,Каратель,0.0002492843467170497,0.00020045617820626526,0.0001952553395109779,0.00021401429621518552,0.00021422915519166816,0.00022947835086107248,0.00020343633696608655,0.0005751189085993617,0.00024260245810307134,0.0002633383793253301,0.0002312127932184694,0.00021054012915643888,0.00021982036347064146,0.00020813821971246523,0.9954336266927858,0.00025878406751566056,0.00019709637462169248,0.00020323942049674942,0.0002403459804647846,0.0002099822088612581
9a6ea0b47e5dae9e,Каратель,0.0002581123129642845,0.00020755498939321526,0.000202169966128948,0.00022159325039448305,0.00022181572006303084,0.00023760494017392784,0.00021064067920264432,0.11611241248968796,0.0002511938089522696,0.00027266405281984175,0.00023940079193972337,0.00021799604623921914,0.00022760492275193927,0.0002155090658471803,0.00036277678322814476,0.00026794844672541583,0.00020407620871797764,0.0002104368068808001,0.8796410703389989,0.00021741837889016491
c9afe70bcd21bd26,Каратель,0.00014375393985555272,0.00011559637086658005,0.00011259722128203677,0.00012341488898863997,0.00012353878398894467,0.00013233249138724609,0.027757352747732306,0.6457997846425964,0.00013990072385535476,0.0001518584394779049,0.00013333268812860667,0.00012141145415578213,0.00012676305169126033,0.00012002634472320005,0.00020204611549339924,0.32420574061865126,0.00011365888531037022,0.00011720138155557566,0.00013859949165812108,0.00012108971860149072
192093ef498ec72a,Каратель,0.0001490797557557161,0.00011987900281639693,0.00011676873472160047,0.00012798717703414966,0.00012811567044320127,0.00013723515181861588,0.0001216612194966661,0.0003439182118138652,0.00014508377080527584,0.00015748450527620678,0.0001382724123165998,0.00012590951282455155,0.0001314593803577039,0.00012447309329935525,0.00020953153914000748,0.00015476086700984656,0.00011786973260708678,0.0001215434654008512,0.9972033909305439,0.00012557586651846603
0afa17ce1d410b0f,ЦеРН и ЦСНА - (Не) Герои,0.0001853387101756806,0.00014903580505425378,0.00014516905613973937,0.00015911603170956312,0.00015927578261213965,0.0001706132945637336,0.00015125149390260556,0.5428370058631793,0.00018037084709682287,0.0001957876532064212,0.00017190282689956183,0.00015653305257326894,0.00016343274033063328,0.06578939214141635,0.0002604935062857067,0.3884928268040291,0.00014653783819459034,0.00015110510165630204,0.00017869320068533253,0.0001561182502888871
11609792ea6fb9b1,Армейские песни под гитару,0.0007723109908180059,0.0006210358485440807,0.0006049230939269864,0.0006630404200181616,0.0006637061410757477,0.0007109498680059109,0.0006302686900613718,0.0017816505759367625,0.0007516097842250036,0.0008158520118012275,0.0007163233085437324,0.0006522770661734972,0.9854485384470755,0.0006448356819430235,0.0010854828353400753,0.0008017421829156657,0.0006106268047525358,0.0006296586737386033,0.0007446189855245443,0.0006505485895795459
081b91e5ea281628,Цыганский Барон Олександр Набок,0.00046608643063641796,0.0003747925062872714,0.00036506850797687554,0.00040014209100490194,0.0004005438112221882,0.0004290552073348608,0.0003803644934668626,0.0010752050492337103,0.000453593318959803,0.0004923632343935706,0.0004322981020107375,0.9912009169569579,0.0004109976754754303,0.0003891555974901546,0.0006550842823033728,0.0004838480056104189,0.0003685106766024559,0.000379996329969893,0.0004493743981152011,0.00039260332494798166
da211a6207a2bf09,Йорш,0.0008264805075293082,0.0006645950489906702,0.000647352077179941,0.0007095457987236231,0.0007102581440780064,0.0007608155139187843,0.0006744754501864912,0.3028752208284932,0.0008043273120660441,0.0008730754490603708,0.0007665659069490909,0.000698027492157072,0.0007287953050217117,0.0006900641602737708,0.0011616181584240901,0.0008579760325708152,0.0006534558489197147,0.0006738226512692326,0.6835273505450798,0.0006961777691082408
4668ff7791951ebc,Витос,0.0002492079960814557,0.0002003947923011879,0.00019519553878577872,0.0002139487510142108,0.00021416355182347205,0.00022940807919823376,0.0002033740348512642,0.9803158715504904,0.00024252815802988455,0.0002632577239680252,0.00023114198346121777,0.00021047566014329586,0.00021975304402880463,0.0002080744778430058,0.0003502617578457761,0.015602539394934407,0.00019703602127022667,0.00020317719110443964,0.00024027237845882274,0.00020991791436608797
cc81b5c39e2c3162,Ресторатор,0.4692003322755632,0.00013484017402146375,0.00013134174838279214,0.00014396026596303602,0.0001441047955726333,0.0001543624251815264,0.00013684483113871247,0.462128539805403,0.00016319057662493705,0.00017713893541567818,0.0001555291248844526,0.016813133326159014,0.04939470387156111,0.00014000763143347025,0.00023568156182249592,0.0001740753937261422,0.00013258014536587202,0.0001367123796177142,0.00016167271013397194,0.00014124802202876468
3857f67a853428d7,Can4eZ(SV),0.00010963331778467322,8.815907465117505e-05,8.587178317297526e-05,9.412183005100548e-05,9.421632289662466e-05,0.032397305723879055,8.946972177928503e-05,0.5818780276569572,0.00010669467541460664,0.00011581417725320932,0.06078703795195958,9.259391558917453e-05,0.019154873244149235,9.153757041280365e-05,0.06696597848886157,0.1234206200374512,0.11414061054270762,8.938312334634752e-05,0.00010570229317084823,9.234854851188067e-05
296ec00335bafebe,Пика,0.00039398298152532664,0.0003168122241626136,0.06833022171933215,0.0003382402397423174,0.00033857979413643634,0.0003626805018113767,0.31173423316398347,0.6137039140913623,0.0003834225692026011,0.0004161947632688792,0.00036542170432435177,0.00033274945281309244,0.0003474164738714802,0.000328953323744565,0.0005537429310565715,0.0004089968620393679,0.0003115022011265808,0.00032121100625582784,0.0003798563021898507,0.0003318676940508895
8de3ff49b4a2b56e,ВИТОС,0.0004427361898471225,0.0003560159915988208,0.00034677913330240034,0.0003800956013104912,0.0003804771816729772,0.0004075602197018981,0.00036130881477948674,0.5867424051281839,0.00043086898527652285,0.0004676965688753908,0.0004106406276590522,0.00037392538485792634,0.0003904073223898675,0.00036965949044625744,0.4061690115189287,0.00045960797323029546,0.0003500488616972,0.00036095910311480575,0.00042686141649199346,0.0003729344866349409
9f6e48e5c002d906,Rigos,0.00021185060714711012,0.00017035471815058363,0.00016593486528153334,0.0001818768800778066,0.00018205947749591096,0.00019501878645947343,0.00017288736238406485,0.9963103355067395,0.00020617211557196307,0.00022379422161044552,0.00019649277894230965,0.0001789244131225919,0.00018681108490257233,0.00017688318702820734,0.00029775596938090733,0.00021992380536200144,0.00016749944342963092,0.0001727200153719354,0.00020425447888401462,0.00017845028265744392
5c7ff04e8d9e567c,Oxxxymiron,0.00020813879547393238,0.0001673699514206784,0.009711600490468163,0.0001786902340296615,0.00017886963001693474,0.00019160188477428916,0.00016985821218120931,0.9868264088786299,0.00020255978108613845,0.00021987315277612277,0.00019305003297914665,0.00017578949928638728,0.00018353798566985203,0.00017378402735370875,0.0002925390049993651,0.00021607053410169726,0.00016456469178062448,0.00016969380466464433,0.00020067574487002345,0.00017532366343753987
7fab6803fde195c3,Витоса,0.0001254294095740658,0.00010086112906114851,9.824428015771692e-05,0.00010768300095636344,0.00010779111440294195,0.00011546386582549239,0.00010236061650838409,0.9891681570865191,0.00012206736442020519,0.0001325008104180936,0.00011633656594817676,0.00010593495226260957,0.00011060437049238474,0.00010472640123605428,0.00017629098361346938,0.00013020926228073503,9.91706113602001e-05,0.00010226153980052625,0.008768252411152628,0.00010565422400974336
0faf26ce609d2e4b,RC [SKL],0.000234516991777349,0.00018858135969052812,0.00018368861350818503,0.0002013363155009487,0.00020153844157789298,0.0002158842998712517,0.0001913849749793918,0.6492389215013585,0.00022823094354394873,0.0002477384964828676,0.29834597507700383,0.00019806795575424705,0.04875498765652632,0.0001958083200916131,0.00032961355658598057,0.00024345396207244406,0.00018542058223949595,0.00019119972912197636,0.000226108139522892,0.00019754308279029432
997bd5885d1e1d9a,Коньяк,0.021100914380310434,0.5632078223729207,0.00019268438341440007,0.00021119633904443668,0.00021140837498527084,0.00022645678587673325,0.00020075765440824632,0.2962908819839294,0.0002394080767667245,0.0002598709638688506,0.00022816838201707474,0.00020776792262657988,0.00021692596605948206,0.013680754131101125,0.00034575569169467143,0.00025537660518882617,0.10227888797837065,0.00020056334269882633,0.00023718131376224111,0.00020721735095535204
1b20450405e03e86,SKVerniy_hhiu_r 2_(vs. Vitos MC),0.10201272094099101,0.00015931672104609168,0.00015518323508471632,0.0001700923121195142,0.00017026307884012684,0.000182382699319813,0.00016168524891262728,0.20735443570897044,0.05049910260535629,0.18726741764010238,0.22290956374582493,0.00016733114448684567,0.06228717249022601,0.00016542216609086372,0.0002784630849113487,0.16538336428306563,0.0001566464446734953,0.00016152875762046978,0.00019101995926750702,0.0001668877330898463
da04bab90a968ad2,Витос,0.22059324038324843,0.0003906602999354746,0.00038052459941464946,0.0004170831160055007,0.0004175018328360098,0.0004472203377341462,0.00039646817333131195,0.6235823358830328,0.00047279730913571557,0.0005132086492100213,0.0004506005149864568,0.0004103124587443632,0.00042839830752445217,0.00040563145661845593,0.14853186186031408,0.0005043329117827112,0.0003841125198195404,0.00039608443930682713,0.00046839977833316673,0.0004092251686859083
2e84b7c0028cc5d5,витос,0.0003307199601144752,0.0002659407398702978,0.00025904089087336367,0.00028392798441328646,0.00028421302733637043,0.011467596821395304,0.00026989443713547106,0.40146110530875484,0.00032185525326342197,0.0003493651258662893,0.00030674483512619987,0.00027931889797260494,0.0002916307499062426,0.00027613231949103856,0.00046482677645156217,0.00034332302498341793,0.415931086887633,0.00026963320114633475,0.0003188616331829222,0.1662247821250836
9f5d9bc13843642f,Витоса,0.00012721763956757032,0.00010229908652517638,9.964493371739993e-05,0.0001092182236033659,0.0001093278722798791,0.00011711001792939623,0.000103819958051754,0.997784333079059,0.0001238076603154547,0.0001343898562685308,0.00011799515268687359,0.00010744524743229553,0.00011218124079853354,0.00010621947418189723,0.00017880433689666588,0.00013206563902048678,0.00010058447808356778,0.00010371946980548168,0.00012265610910547518,0.00010716052467122621
49c569a5c58d655d,Вообще,0.0007399861172241519,0.0005950425726108256,0.0005796041538665236,0.0006352890395789438,0.0006359268209542834,0.8103638732392703,0.0006038889733979123,0.0017070632658493794,0.0007201513318194481,0.000781704714224552,0.0006863417593837684,0.000624976154902991,0.0006525239796674532,0.0006178462399219997,0.0010400502344387916,0.17649058468050188,0.0005850691550317954,0.0006033044520352073,0.0007134530848752844,0.0006233200304445478
ba07ca844366697c,Rotoff,0.00063393699915316,0.0005097656147574973,0.000496539727382472,0.0005442442846831424,0.0005447906800320761,0.9880802685238131,0.0005173442527069131,0.0014624324192146674,0.0006169447848309999,0.0006696767963431065,0.0005879805344400232,0.0005354094089132636,0.0005590092991292772,0.0005293012711982263,0.0008909982283848803,0.0006580950426663853,0.0005012215444806699,0.0005168434921671372,0.0006112064986177338,0.0005339905970851759
3995033503fba1b7,Billy's Band,0.00019230801493480174,0.0001546400092653824,0.00015062785762111358,0.0001650992841897715,0.026138857089889708,0.0001770288844239462,0.0001569390078242877,0.3343271147239073,0.00018715334892941654,0.6365531391983261,0.00017836690373891222,0.00016241917102414327,0.00016957831941716742,0.00016056623226057504,0.00027028886560167046,0.00019963648938982773,0.00015204810979757604,0.00015678711495430015,0.00018541260541662472,0.00016198876908741
e7a143fd294462af,БьЯНК@,0.2897773023878046,0.00039575173584070826,0.0003854839618309876,0.000422518938334986,0.0004229431266982751,0.0004530489462701754,0.00040163533757890153,0.0011353497149524325,0.0004789592737186926,0.0005198973070339416,0.000456473157720109,0.0004156600380553051,0.0004339815993047888,0.5909843327795203,0.11112632758120372,0.0005109059107161872,0.00038911862309601173,0.00040124659768398196,0.0004745044082372559,0.0004145585743985613
ce9faeae3082f37f,Пилот,0.0002742130668903385,0.0002205020451530971,0.0002147811062716524,0.00023541598013538658,0.00023565233229826094,0.0002524264673596388,0.0002237802126903067,0.14919084496670731,0.0002668629831965286,0.0002896725239685419,0.00025433433950408727,0.000231594400529576,0.0002418026690138453,0.00022895228253596176,0.00038540638400910883,0.8463180268283321,0.00021680625227896283,0.00022356360747269896,0.00026438086348088525,0.00023098068817167285
64605f8601406475,Волин Виталий,0.00033404744756774645,0.0002686164436296836,0.0002616471816338147,0.00028678465673753,0.0002870725809548385,0.00030750690579141153,0.08587250042468465,0.908582222253499,0.0003250935370095909,0.000352880217592405,0.0003098311087702896,0.0002821292076522506,0.0002945649552403974,0.0002789105565817378,0.0004695035536497332,0.0003467772893857429,0.0002641142262237865,0.0002723460706916333,0.00032206979430694587,0.0002813815883967951
9b47b0886243ff7d,группа Весна,0.0004722936960654851,0.0003797839591070968,0.00036993044874137726,0.0004054711482835476,0.000405878223606043,0.07943448574891075,0.0003854301610599634,0.0010895420628624839,0.000459634226881404,0.0004989204443065043,0.00043805539308309653,0.0003988889961414962,0.0004164713205947161,0.0003943383206982007,0.0006638086218036071,0.9121754005832918,0.0003734184850072259,0.0003850570790152742,0.0004553591065359412,0.00039783197400396073
6318e9b7a9d19bb2,Бьянка,0.28979513091692205,0.00039575171593967095,0.0003854839125873504,0.00042251888995255873,0.0004229431074295454,0.0004530488985976918,0.00040163528871084783,0.0011353496249384787,0.00047895922664872685,0.0005198972609159473,0.0004564731392310854,0.0004156600186172147,0.00043398155118891385,0.5909913798710653,0.11110145267412318,0.0005109058643891074,0.0003891186030407283,0.0004012465488068885,0.00047450436106369684,0.00041455852583102405
fa958810537502b7,Ивангай,0.00041217270892302037,0.00033143905907170244,0.0003228398664341849,0.00035385637249059273,0.0003542116429600416,0.00037942501966564365,0.0003363665123444565,0.21503361239115373,0.000401124719914615,0.3215878407965353,0.00038229279479283404,0.0003481121201906344,0.00036345627126569774,0.00034414072777815685,0.0005793086200679019,0.3738824841582175,0.0003258838652602786,0.00033604095688682934,0.08357820175089511,0.0003471896451517509
3d319084082f3aeb,тбили,0.0002374718789643276,0.00019095747269431388,0.00018600306995567416,0.00020387312554306981,0.00020407781276087172,0.00021860442066149328,0.0001937964055338541,0.9958641064479977,0.00023110662453881546,0.00025085997424257,0.00022025665949246482,0.00020056358381516663,0.00020940407510165203,0.000198275484564099,0.0003337666502507911,0.0002465214375946321,0.000187756866592208,0.00019360883136653812,0.00022895707405788088,0.00020003210427188648
922aa38baaa18ab3,Пикачушь,0.00022805531642163465,0.00018338536612106846,0.00017862742886600347,0.0001957888786669497,0.00019598543136099816,0.00020993601602615586,0.00018611172530080884,0.0005260969543077889,0.00022194246506350033,0.00024091252852293475,0.0002115227421093978,0.00019261056616139632,0.00020110050167428017,0.9956924247899159,0.00032053167822543424,0.00023674603923536105,0.00018031168187273045,0.0001859315871650551,0.00021987814518306656,0.00019210015779952844
9957f95705b71763,◘ Легенды Про,0.00018892430948292438,0.00015191906927643884,0.0001479775233633672,0.00016219432110183647,0.00016235715701681602,0.00017391401043901104,0.0001541776281554584,0.00043582082404304014,0.00018386033080576726,0.0001995753935850134,0.00017522848480899328,0.00015956137058558786,0.0001665945433366378,0.9964315482173189,0.00026553304864973917,0.00019612382516017015,0.00014937278995854752,0.00015402839827984488,0.00018215021900446564,0.0001591385356274502
bb78a916e80cfb64,Кравц,0.0002183273007909344,0.0001755628049338081,0.0001710078084285851,0.0001874372250715258,0.00018762539587314055,0.00020098089527909317,0.000178172865355989,0.49440117918916926,0.00021247519031590765,0.00023063605190968954,0.00020249994049129322,0.00018439449258651828,0.0001925222604970191,0.00018229085332797468,0.0003068589490186806,0.5020230033552315,0.00017262021872184306,0.00017800041062163467,0.00021049893851365786,0.00018390585386194778
3ca4d6bb70ef6c80,Светлана Разина,0.00043718012065143254,0.0003515482081144534,0.00034242727103289396,0.00037532563103875264,0.0003757024383458557,0.00040244557080912997,0.000356774615976889,0.0010085369374148506,0.0004254618412268511,0.0004618272824778302,0.00040548732865995017,0.0003692328312148471,0.00038550795575318004,0.00036502048815517603,0.0006144565062857077,0.9918312207573841,0.00034565596279377233,0.00035642929901552513,0.0004215045641469013,0.0003682543895019022
f25726ac74f66332,Вообще,0.001046859099024633,0.0008418073359679457,0.0008199665963477575,0.0008987440983328479,0.0008996463754038341,0.0009636847643764183,0.0008543223339632023,0.0024149558436786065,0.0010187988118067445,0.0011058785317720839,0.0009709684645714847,0.0008841544626133095,0.0009231264175948362,0.9802266461852857,0.001471360175551162,0.0010867527724384588,0.0008276979717220353,0.0008534954358230545,0.0010093228361891533,0.0008818114875367764
bf110329a8ead484,Вообще,0.00023423168854844656,0.00018835193549857968,0.00018346514101574466,0.00020109136450361954,0.00020129325775131577,0.00021562165384556527,0.00019115214565865884,0.9959205388233829,0.00022795328002709069,0.0002474370989271154,0.000217251366292534,0.00019782699195909704,0.0002065468477654634,0.00019557010659282173,0.0003292125662883535,0.0002431577740727278,0.0001851950142832333,0.00019096713263060564,0.0002258330516803566,0.00019730275927578607
adfd71d98c37ad11,Вообще,0.0001408088116512465,0.0001132281261448863,0.6244116879701713,0.0001208864562545363,0.00012100781921319868,0.0001296213587534286,0.00011491146967169995,0.3634506034492755,0.00013703454005215462,0.00014874727337189532,0.00013060106633040037,0.00011892406523428022,0.00012416602100198714,0.00011756733940616885,0.00019790675131370187,0.00014617475699800413,0.00011133033106869525,0.00011480024939675313,0.00013575996705175652,0.00991423217763834
cd509affc9f82286,Вообще,0.0003470480396449198,0.00027907059638940116,0.0002718300867286485,0.00029794588696701994,0.0002982450161576093,0.0003194746030588659,0.0002832194932335804,0.17932770924428285,0.0003377456980734728,0.00036661376044129246,0.0003218892607311399,0.00029310923745667813,0.00030602898168291504,0.0002897653526198645,0.00048777592558458855,0.814988253533999,0.0002743931448429166,0.0002829453642351214,0.0003346042594956336,0.0002923325143745172
74d6eec8013a3de7,Вообще,0.0002638841549046585,0.00021219628430811606,0.00020669084456529757,0.00022654845760850263,0.00022677590400644584,0.00024291819541875703,0.00021535097894430995,0.0006087483660783736,0.00025681093572644604,0.0002787613030132471,0.0002447542102638303,0.06248376990052652,0.00023269457441864327,0.9327547817852019,0.0003708890849564409,0.000273940254283971,0.00020863970949457105,0.00021514253734455701,0.00025442229743874374,0.00022228022149672265
6e4f39dfcf3dada9,Вообще,0.000300015376234412,0.0002412503779151969,0.00023499111906319508,0.00025756764392448605,0.0002578262314539248,0.0002761787573980682,0.00024483701750753364,0.2673298673442115,0.00029197369697057214,0.00031692953269291433,0.0002782661713962601,0.00025338647129316506,0.00026455529888149944,0.0002504957624834889,0.00042167153926548685,0.3809985159001902,0.00023720682274397173,0.0002446000250199456,0.0002892580185944406,0.3470106068927598
1428212f29c705c9,Вообще,0.00021828344359671272,0.00017552753577364995,0.00017097347084706622,0.00018739956872972985,0.00018758771041693463,0.0002009405315196827,0.00017813708673206698,0.00050355947229807,0.00021243252670771862,0.00023058973474983534,0.0002024592710562673,0.0701916199850596,0.00019248359978720625,0.00018225424501338528,0.9259942742341056,0.00022660178290681012,0.00017258556090754432,0.00017796466111123864,0.00021045665336636555,0.00018386892531443283
216298685548a566,Вообще,0.00015040649646734468,0.00012094587120699401,0.00011780792569505192,0.00012912620024754912,0.00012925584324445085,0.00013845649424827465,0.00012274394928827884,0.0003469724190889244,0.00014637496160634615,0.00015888604195220252,0.00013950296600000807,0.00012703005532312388,0.00013262931147553698,0.00012558084481482386,0.9972448916548924,0.0001561381750321279,0.00011891871690422227,0.00012262514746689534,0.00014501349913613316,0.00012669342590934822
3656cf83d884231a,Вообще,0.00036129719762652464,0.00029052870079143266,0.00028299092500701635,0.00031017899622590427,0.00031049040721639544,0.0003325916526651871,0.00029484794212571446,0.37418929295638115,0.00035161289789886654,0.0003816662412685823,0.00033510543785039227,0.0003051437715479707,0.00031859396147325555,0.00030166257502408083,0.0005078031174478815,0.1974429964408349,0.0002856592224304007,0.00029456257906386717,0.4227986398264099,0.00030433515071060554
702dc8ba73f17cbd,Вообще,0.00022239195203832028,0.00017883129548117082,0.00017419150535851442,0.00019092678729155932,0.0001911184650885247,0.00020472261191884858,0.00018148995907524683,0.38720705920033804,0.00021643090643029577,0.00023492986565717662,0.000206269931371409,0.00018782740446282695,0.00019610649703923899,0.00018568460618171957,0.0003125718298656146,0.6091505514340669,0.00017583393611391162,0.00018131428838249203,0.00021441785300477172,0.00018732967083335506
32b24e86587ef6e5,PHARAOH,0.0006575961200448523,0.0005287905954717803,0.0005150711076156246,0.08458236843218714,0.0005651228289073012,0.0006053492131753021,0.000536652005960907,0.0015170062388195087,0.0006399697338781175,0.0006946698026859774,0.0006099245682826435,0.0005553913808433239,0.7529835317076666,0.000549055302151407,0.15153284797805236,0.0006826557993426341,0.0005199276057330986,0.0005361326189879437,0.0006340173018900895,0.0005539196583033256
4f2067104a6f935f,PHARAOH,0.0004167165813927475,0.00033509291716872893,0.00032639890530249653,0.0003577573484723982,0.8368225535969889,0.0003836078631206667,0.00034007467758693014,0.15627788089681297,0.0004055467942040609,0.00044021003523230147,0.0003865072446572617,0.00035194976693937415,0.0003674630676018367,0.0003479346028512345,0.0005856950356180856,0.000432596794012728,0.00032947648957692624,0.0003397455132941144,0.00040177476349365624,0.00035101710567256837
9adf12b2c31f7b25,PHARAOH,0.9902357431113235,0.0004193548799760924,0.0004084747040288626,0.00044771848352891705,0.0004481679921890523,0.00048006934094688836,0.0004255893569997812,0.0012030722539435952,0.0005075249923035175,0.0005509046007227808,0.00048369780279117734,0.00044045052948862715,0.0004598647925127622,0.00043542572407062705,0.0007329730412719543,0.0005413769379807181,0.0004123261594214815,0.00042517745048848993,0.0005028044674320835,0.00043928337857911576
e1cbce2a8dd6ebcc,PHARAOH,0.000670379885476846,0.0005390703207754537,0.000525084124909619,0.0005755310780329818,0.0005761088473121353,0.0006171173111998247,0.0005470845848728713,0.256228999778363,0.7327478400290204,0.0007081742385387953,0.0006217815495745826,0.0005661882821979661,0.0005911448184096377,0.0005597289776535715,0.0009422187015039458,0.0006959267056155672,0.0005300350942403621,0.0005465550697476992,0.000646342681120398,0.0005646879214343695
a9e350802e571098,PHARAOH,0.0005920468324172788,0.0004760806394000504,0.00046372868255593533,0.0005082809432114306,0.000508791249781268,0.0005450078822476938,0.00048315845822815065,0.5544464063926323,0.239588904503531,0.0006254249682624973,0.0005491271802562287,0.0005000298907547637,0.19675164179511137,0.0004943253652883806,0.0008321215972040695,0.0006146085295331663,0.0004681011256850616,0.00048269078877048456,0.0005708183235842197,0.0004987048515445687
83a1a839593e9ea4,PHARAOH,0.0357049707671496,0.017192872437287763,0.00028078287461734397,0.00030775880792182443,0.0003080678032933088,0.0003299965793662314,0.00029254739972176555,0.29321727491161936,0.0003488694241025024,0.0003786882778060915,0.06465558036419643,0.022111619143623237,0.00031610811489850694,0.0002993088307944435,0.16822773410080907,0.00037213904276369445,0.05716584688078764,0.0002922642485520216,0.00034562455069636996,0.3378519454399928
307d0a27e93d434b,PHARAOH,0.00025675890410309496,0.00020646668288685883,0.00020110989141552968,0.00022043132294032223,0.00022065262841114113,0.0002363590595173182,0.00020953619034919357,0.565649485571285,0.14126558009102813,0.0002712343308037976,0.02118313521810235,0.00021685299333880717,0.080297561542074,0.00021437905196038915,0.18820774265275722,0.00026654346390871873,0.00020300613645741166,0.00020933338035795192,0.0002475525499509113,0.00021627833835178464
93126b512f622192,PHARAOH,0.0001988385497611333,0.00015989137271769832,0.00015574298606246833,0.00017070583073838534,0.00017087722317204418,0.00018304055623480744,0.00016226845684259573,0.00045870325417849696,0.09895825496180685,0.09505199805595771,0.00018442400662264474,0.000167934709907883,0.18707034363331182,0.00016601884867183068,0.26987462452658617,0.3461878114973981,0.00015721146327912788,0.000162111398043438,0.00019170897085645893,0.0001674896978503417
b1a7179c5be817e2,SUPERIOR.CAT.PROTEUS,0.0003541413779681101,0.0002847745107267928,0.00027738603643364925,0.00030403563276173426,0.0003043408737880493,0.0003260043719211194,0.00028900821656746974,0.456878353237329,0.0003446488709941486,0.3928793450215357,0.0003284683608389191,0.00029910011703275063,0.14476084218031773,0.0002956878669479605,0.0004977456102113084,0.0003676369719905555,0.0002800014817111879,0.00028872849960485405,0.00034144325814113166,0.0002983075031778056
bce9d30b81ae9b4c,SUPERIOR.CAT.PROTEUS,0.0002643384143405388,0.0002125615776931976,0.00020704665056593414,0.00022693845893530275,0.0002271662836638643,0.0002433363678729585,0.00021572169992773262,0.48246917136512785,0.0002572530303576871,0.00027924117256531876,0.07052572565327118,0.00022325448243381023,0.10628555325888348,0.00022070751954793825,0.33696553731524564,0.000274411829650927,0.00020899886227136166,0.00021551289454767837,0.0002548602886313256,0.00022266287446627897
c541cc99a351fbee,Thomas Mraz,0.000294760726827755,0.0002370249673796363,0.00023087534227979168,0.00025305644930900974,0.0002533105257603106,0.00027134160100295446,0.00024054877201814173,0.1971603422517943,0.7979928613553633,0.00031137860731142805,0.00027339243161204554,0.00024894850166316644,0.0002599217230800184,0.0002461084042404639,0.00041428611845041813,0.00030599346711244774,0.00023305223613616913,0.0002403159559159446,0.00028419175763410686,0.00024828880510856894
f3100164220c0c29,PHARAOH,0.0004936948049080623,0.00039699313538115263,0.00038669314406281665,0.00042384430077950925,0.0004242698278929024,0.00045447008754244563,0.0004028951885858807,0.6600123772382585,0.18576075498346312,0.0005215280790843036,0.041340970307853685,0.0004169638931910986,0.0004353429333785439,0.0004122070175294792,0.0006938878931166547,0.10573841092232024,0.000390339213805766,0.0004025052263539982,0.0004759928362455454,0.0004158589662462953
904a96ed31b80b3f,PHARAOH,0.0002682140421602395,0.00021567805231822225,0.00021008227380399927,0.00023026572051841113,0.00023049690677846656,0.0002469040735640418,0.01760546173473285,0.9540554768259278,0.0002610247562873351,0.00028333528539646114,0.00024877021103426964,0.0002265277412276097,0.000236512682638804,0.0002239434376903927,0.0003769747574576015,0.00027843513203421337,0.00021206312401344897,0.00021867264707481755,0.00025859694403485635,0.024112563651306117
c160502576942117,PHARAOH,9.290709237907356e-05,7.470907174497871e-05,7.277074215345455e-05,7.97621149892849e-05,7.984219417594384e-05,8.552549539833205e-05,7.581976118727024e-05,0.00021432650795250786,9.041678683465941e-05,9.814496676809145e-05,8.61719132777015e-05,0.9982460382857068,8.192600653479904e-05,7.757212458473517e-05,0.00013058089362236075,9.644759505632234e-05,7.345688675998717e-05,7.574637588137872e-05,8.957580985559343e-05,7.825937513678589e-05
ce215f498dbdaddc,PHARAOH,0.0002129235860511934,0.00017121753958090118,0.00016677529145128734,0.00018279805433111694,0.0001829815830661365,0.0001960065207657689,0.00017376300397321237,0.07218017393859173,0.92431869051123,0.0002249276924559988,0.0001974879637835244,0.00017983062809854547,0.00018775724464141865,0.0001777790556556923,0.00029926403333618504,0.00022103767489768672,0.00016834778579278352,0.0001735948129551854,0.00020528898275963943,0.00017935409658207814
d003262ddc357e1d,PHARAOH,0.00016160460345624982,0.00012995056786328264,0.00012657899133634647,0.00013873995280552298,0.00013887924372288273,0.00014876489707917414,0.00013188252357383766,0.3442909341702676,0.03866356189167649,0.10356379659881929,0.00014988929434229086,0.00013648773857958418,0.04408975581811176,0.29534336680566864,0.17206658034638553,0.00016776303151624944,0.0001277724956373384,0.0001317548741873897,0.0001558101042044669,0.00013612605076606803
3eb266ea1adab117,PHARAOH,0.0001924364369536132,0.0001547432590534408,0.00015072844468376232,0.0001652095327319445,0.1043062887433161,0.00017714709204583515,0.00015704381450964744,0.4747383204184918,0.00018727832249773363,0.00020328552778649077,0.40884602515865776,0.00016252762986449673,0.000169691550794873,0.00016067345431517487,0.009372156028757399,0.00019976978579779096,0.00015214964263734004,0.00015689180523475522,0.00018553641495107248,0.0001620969369189688
3de74ee2cb8ed051,PHARAOH,0.0004788827055485033,0.0003850823612696868,0.00037509136462630016,0.00041112790534377717,0.0004115406559042294,0.00044083482803210575,0.00039080731806318767,0.9916596107467189,0.0004660466054967028,0.0005058809635978018,0.00044416672215227555,0.00040445393076186676,0.0004222815419102314,0.0003998397799647542,0.0006730695042160394,0.0004971319439264033,0.0003786280624197108,0.0003904290555449112,0.00046171185149696307,0.0004033821530056115
97da2f23146a2578,PHARAOH,0.0002390941543337465,0.00019226198698582225,0.00018727373591111997,0.0002052658696118482,0.00020547195383752552,0.3218039010752004,0.00019512031786142025,0.4418308782343402,0.00023268541803877216,0.00025257369541795035,0.00022176133881526575,0.00020193372837132618,0.00021083459659124393,0.00019962998554295234,0.00033604677079714774,0.09413145583630851,0.00018903952353155427,0.00019493146310355834,0.00023052116987127554,0.1387393191455284
5539a7fde7b8a77a,PHARAOH,0.0004725421795644205,0.0003799837819819544,0.0003701250621350109,0.0004056844750634959,0.00040609175410848906,0.00043499805981913795,0.0003856329233618539,0.8670694521185837,0.00045987604573733315,0.0004991829555695238,0.00043828586167384643,0.0003990988596353796,0.0004166904389203427,0.0003945457977262168,0.0006641579189415201,0.0004905498272520721,0.00037361493190521085,0.0003852596666981382,0.00045559868444223497,0.12509862865688015
6417abdfb3f4ca6d,207. Soulkast,0.0008266594842165396,0.0006647389173820728,0.0006474922193142983,0.0007096993903146131,0.000710411910331919,0.0007609802842551699,0.0006746214728153044,0.0019069719036421075,0.0008045015144830373,0.0008732644982853383,0.0007667318999687568,0.0006981786383805194,0.0007289530886435347,0.0006902135598209163,0.001161869680646697,0.0008581617631125417,0.0006535973883801534,0.0006739685574461256,0.984492655320786,0.0006963285077743545
d6aa173a8550a532,Песочные Люди,9.465354786514105e-05,7.611344078749144e-05,7.41386731980662e-05,0.9982143899708292,8.134305697408055e-05,8.713319108847834e-05,7.724500495342121e-05,0.00021835215002125716,9.211642880665025e-05,9.998988051845616e-05,8.779175981778694e-05,7.994232604125494e-05,8.346604309106254e-05,7.903031388892416e-05,0.0001330355253811375,9.82605964546918e-05,7.483771807821659e-05,7.717024449145834e-05,9.125964117074752e-05,7.97304865424667e-05
b856e42f847cdc2e,Рем Дигга,0.00044842458623986677,0.0003605901546161237,0.0003512346407244101,0.000384979165268555,0.000385365664148584,0.00041279663635519515,0.00036595099303515224,0.0010344653001354987,0.9915920196612307,0.0004737056584263167,0.00041591662528116404,0.0003787296704637731,0.0003954233952825671,0.00037440897387255753,0.0006302606386571405,0.00046551313363444935,0.0003545463947949958,0.00036559679940789675,0.00043234585448085385,0.0003777260539442762
cdb44b05f4e17b53,Onyx,9.699483388248852e-05,7.79961306148871e-05,7.59725195371772e-05,0.9981702162561713,8.335509873574277e-05,8.928846003126839e-05,7.915568538106059e-05,0.00022375923258783546,9.439495970907744e-05,0.00010246315964186376,8.996331962461287e-05,8.191972697948278e-05,8.553060269846494e-05,8.098515936555828e-05,0.00013632620715678251,0.0001006911075125355,7.668885208724567e-05,7.907906955048101e-05,9.351697721523056e-05,8.170264151688331e-05
068d7ae1ef84bb46,Onyx,9.516300166524564e-05,7.652310511804285e-05,7.45377146612963e-05,0.9982047783204235,8.178087190308739e-05,8.76021761296093e-05,7.76607665188067e-05,0.00021952829061251892,9.261223294983566e-05,0.00010052805971600346,8.82642809640487e-05,8.037260310001724e-05,8.391528124041672e-05,7.945568696647672e-05,0.00013375156484723044,9.878946972941795e-05,7.524052120063195e-05,7.758559860438353e-05,9.175083237016687e-05,8.015962127918722e-05
a35e601b57671551,Soulkast,0.0008266593119032065,0.0006647388028240032,0.0006474921047080421,0.0007096992758821618,0.0007104117959014583,0.0007609801117583314,0.0006746213582848465,0.0019069715597241396,0.0008045013421077957,0.0008732643843098826,0.000766731727487988,0.0006981785239158794,0.0007289529742648776,0.000690213445334022,0.0011618694510622661,0.0008581616490948895,0.0006535972737909549,0.0006739684429138433,0.9844926580714268,0.0006963283933045454
e5e8fc140c58f921,Песочные Люди,8.853898626801018e-05,7.11965526696107e-05,6.934935443696677e-05,0.9962450546035256,7.608833888958193e-05,8.150443787456359e-05,7.225502256997142e-05,0.00020424667389228848,8.616575814441331e-05,9.353059134732527e-05,0.002166805254506927,7.47780990358809e-05,7.807418776612532e-05,7.392500758458348e-05,0.00012444151403676285,9.191302232970373e-05,7.000324472701948e-05,7.218508606760148e-05,8.536431871458117e-05,7.457994561249941e-05
a49cebf0c5ab2c1c,Рем Дигга,0.00044842455751451074,0.0003605901258166345,0.0003512346119170247,0.00038497910738581896,0.0003853656353700055,0.0004127966075997687,0.00036595096424018756,0.0010344651845932734,0.9915920204981453,0.0004737056297222982,0.0004159165965283709,0.0003787296125757625,0.0003954233374086461,0.0003744089450847315,0.0006302605809814249,0.0004655130758196849,0.0003545463368865742,0.00036559677061263315,0.0004323457966380958,0.0003777260251592498
30883624b973b9ae,Песочные Люди,8.652750333927775e-05,6.957907027649062e-05,6.777383978385846e-05,0.9983676852886032,7.435972347618503e-05,7.965277141763663e-05,7.06134931274856e-05,0.00019960653196357214,8.42081973587494e-05,9.140571257460654e-05,8.025480595347314e-05,7.307924957678252e-05,7.630044684587444e-05,7.224553400822895e-05,0.00012161437411104163,8.982488715737978e-05,6.841287256262463e-05,7.054514278450012e-05,8.342496238202395e-05,7.288559269697607e-05
3f5272dd615705d6,Onyx,0.0003688654765660274,0.00029661457564629913,0.0002889188824266634,0.00031667648668829145,0.00031699441693891847,0.0003395586171687917,0.0003010243008187868,0.05178988461846766,0.00035897832307435636,0.00038966121160466106,0.00034212505120035454,0.03686950061142146,0.00032526770479000274,0.000307981658947965,0.9057463002848618,0.00038292219041618255,0.0002916430592226348,0.00030073291326209714,0.000355639415158489,0.0003107102013185971
60f83b67a2e6e91d,Onyx,0.05460970713276526,0.00021543871280626077,0.00020984914844537832,0.00023001019801096112,0.00023024110776457068,0.13732441535551557,0.00021864160338347418,0.8039142981262654,0.00026073509231783746,0.0002830208521313898,0.0002484941396169079,0.00022627636634033966,0.0002362502183257505,0.0002236949152027467,0.0003765564153928188,0.00027812614161061686,0.00021182778659183964,0.00021842998946634595,0.0002583099578284216,0.00022567674021812915
bdc21735c577436f,Onyx,0.00036498042836755827,0.00029349050096826225,0.00028587586145476386,0.00031334111940470565,0.00031365570273390376,0.000335982242437952,0.0002978537766918915,0.22148572234219405,0.0003551974077881051,0.00038555712922576444,0.00033852163916498704,0.0003082545261234336,0.00032184185421293667,0.0003047378517933693,0.7726706303834556,0.00037888909187547894,0.000288571342037335,0.0002975654741237505,0.0003518936570991189,0.000307437668847034
3e15859e3ccb1e36,Onyx,0.0002807411311856716,0.00022575142364321277,0.768907949616641,0.00024102041330810374,0.00024126238254992247,0.0002584358395322167,0.0002291076336519535,0.16779826262580855,0.0002732160740296212,0.0002965686087944981,0.0002603891430761982,0.00023710783993501042,0.0002475591271168055,0.0002344028281203632,0.0003945815476570933,0.006791164503821916,0.000221967634717443,0.0002288858770200029,0.0002706748440177566,0.05236095090537271
fabaf14a2baee48e,Onyx,0.0002924547474962922,0.00023517066406995776,0.00022906914750866014,0.00025107675238876786,0.00025132882067961654,0.00026921882992929824,0.00023866690743442454,0.1308278818669324,0.000284615717599605,0.030623272052957836,0.00027125362435888865,0.0002470009353094922,0.000257888300592796,0.00024418304406638555,0.8341753391869655,0.00030359962348706953,0.00023122901565721162,0.00023843591031810245,0.00028196846212479823,0.0002463463901228872
d7aae8b01a377966,Аля Кудряшева,0.00022805549673572957,0.00018338550451501366,0.00017862755289289886,0.00019578901657897369,0.0001959855838172982,0.00020993616794042532,0.00018611186358882513,0.0005260932667849948,0.00022194263106318878,0.0002409127083374806,0.00021152290851393003,0.000192610718748822,0.00020110065393184125,0.000190413336257801,0.000320531927706053,0.9957387585096227,0.00018031180583418654,0.0001859317254600704,0.00021987831126296127,0.00019210031040678535
1fdb7cc4ef9d7ac6,Loc- Dog,9.368307853234278e-05,7.533306353587321e-05,7.337854498043041e-05,8.042831450140094e-05,8.050906307443456e-05,8.623983252181688e-05,7.645302980018635e-05,0.10202554781171304,9.117197835473559e-05,9.89647031416132e-05,0.8964297264273223,7.912269491310817e-05,8.261027947899469e-05,7.822003238660565e-05,0.00013167154230266234,9.725315062503432e-05,7.407042302677576e-05,7.637903331543665e-05,9.032397281873846e-05,7.891302365440299e-05
fdcded0e7d00790f,Полюса,0.00034348248676410487,0.000276203421670029,0.00026903730168173734,0.00029488479269065463,0.0002951808368635726,0.00031619231883309314,0.00028030968124110624,0.0007923739867628576,0.9935596904510718,0.0003628471866419799,0.0003185821508440042,0.0002900978236071532,0.0003028848247598172,0.00028678828142042804,0.00048276451803313185,0.00035657190582876163,0.00027157402072968307,0.00028003837532487137,0.00033116653112251807,0.00028932910410860006
a9bb590681ab9ee3,ПОЛЮСА [26/08 клуб Грибоедов],0.0007396245617402236,0.0005947518030686494,0.0005793209518982166,0.0006349786525483806,0.0006356161428615401,0.0006808603763819689,0.0006035938961576565,0.0017062560945182794,0.9861319828749715,0.0007813227844975338,0.0006860063993554718,0.0006246708323249991,0.0006522052100885148,0.0006175443518629153,0.0010395420426238722,0.0007678101086174459,0.0005847832753064993,0.000603009665855138,0.0007131045106930261,0.0006230154646281453
70cfeea10d56c220,[Loc-Dog,9.368309615044158e-05,7.533307470259709e-05,7.337854895902627e-05,8.042832543916304e-05,8.050906673261126e-05,8.623984319843081e-05,7.64530336406262e-05,0.10203083313874825,9.117198880971709e-05,9.89647132464184e-05,0.8964244409368708,7.912270590954e-05,8.261029031870733e-05,7.82200434235998e-05,0.0001316715509377429,9.725316080675039e-05,7.407042697428117e-05,7.637903715920164e-05,9.032398331182619e-05,7.891303466025667e-05
15fe4f90302319d4,Аля Кудряшева,0.00023102504296553818,0.00018577339140096784,0.00018095349177082426,0.00019833841648827518,0.00019853754488453895,0.00021266978204586095,0.00018853525743725016,0.00053296205942997,0.00022483257766801724,0.00024404966116445024,0.00021427717195545614,0.00019511871812202713,0.0002037192051059656,0.0001928927408844009,0.0003247056256305331,0.995683253807674,0.00018265967462708965,0.00018835277643102774,0.00022274138026130266,0.00019460167405248253
c88eb9c7845ebfe2,Армия брат,0.0003369397481830935,0.00027094223993857404,0.00026391261678509526,0.0002892677587631776,0.0002895581859021903,0.0003101694323765222,0.0002749702975917227,0.0007772764472984658,0.00032790833436437464,0.0003559355864651317,0.0003125137169361305,0.00028457197189363774,0.000297115403321229,0.0002813254685436303,0.0004735687058987821,0.00034977983496973434,0.9936208638178168,0.000274704143048555,0.0003248583982953464,0.00028381789160785575
ef3b28cc4090acaa,"Наташа, Илья, Лёша",0.0005219453670336355,0.00041971018665875167,0.0004088207846125268,0.000448097830457134,0.11344405424122846,0.22732635163936668,0.00042594996068544223,0.001204088812961335,0.20627808862631067,0.0005513713773097404,0.00048410762204079377,0.0004408237353852116,0.00046025444240319947,0.0430943189696362,0.12526285825523517,0.0005418356817486969,0.2773188987856552,0.0004255376758173606,0.0005032304396320249,0.0004396555658218161
dadf022feccbb0b3,Полюса,0.0006333707002483854,0.0005093102589829218,0.000496096187691538,0.0005437581372424006,0.0005443040087253383,0.000583048543988926,0.0005168820866769922,0.001461125315889797,0.9881242621610928,0.0006690785998334297,0.0005874553298953294,0.0005349311194589647,0.0005585099386293537,0.0005288284532310224,0.0008902023016479575,0.0006575071488500543,0.0005007738138634681,0.0005163817917957968,0.0006106605140636948,0.0005335135881917453
b33caf7f9604abe0,Любэ,0.00035838437501034586,0.0002881864286585346,0.0002807094215646409,0.00030767828312016656,0.00030798719118567863,0.0219759649512073,0.0002924708618731729,0.0008267466570165456,0.00034877813161789676,0.9716640399272444,0.0003324037631507435,0.00030268365821392975,0.00031602540745870095,0.00029923051773296614,0.0005037091470652784,0.0003720416679941676,0.0002833561821915302,0.00029218776890603174,0.0003455341021648872,0.00030188155662305786
0da80ea040e41ee1,Армейская,0.00033693971817708775,0.0002709422101092801,0.00026391258697462346,0.00028926772888481617,0.0002895581560230512,0.00031016940244219535,0.0002749702677516435,0.0007772795884311093,0.000327908304382551,0.00035593555640826363,0.0003125137160993586,0.0002845719711316813,0.000297115373421855,0.0002813254677903666,0.0004735686464231133,0.0003497798049293486,0.9936208611573447,0.00027470411320918835,0.0003248583683216891,0.0002838178617440866
2872f1b3db1118a1,Любэ,0.00022510957067942136,0.00018101660411980262,0.00017632011963492967,0.00019325989999512428,0.00019345393520650588,0.00020722430885911753,0.00018370776219816287,0.0005192968989714042,0.00021907567805466265,0.9957979165206836,0.00020879054583498467,0.0001901226530158414,0.00019850292523813958,0.00018795366124091644,0.00031639142334428916,0.00023368803996029293,0.00017798263206891146,0.00018352995237006387,0.000217038031848804,0.00018961883667502441
464ea61f02ff6e5f,ФИЗТЕХпесня,0.00047898406283427295,0.0003851638485641991,0.0003751707572891327,0.0004112148910617261,0.0004116277580026281,0.0004409280976675735,0.000390889998131062,0.0011049755903614524,0.0004661452281068978,0.0005059879647456679,0.00044426071910200183,0.00040453952005982044,0.0004223708840961059,0.9909527946863665,0.0006732119397040814,0.0004972371413759629,0.00037870818237949834,0.0003905116774370831,0.0004618095431508154,0.0004034675095634732
f9e075d98408ceb0,Хай Хэт,0.0006459418366721996,0.000519419042664295,0.000505942688285223,0.0005545506264602851,0.06884846994224338,0.0005946208975674022,0.024829086485706506,0.5589161047370258,0.0006286278511210911,0.20026083749851503,0.0005991151111696005,0.0005455484622475979,0.0005695952698833156,0.0005393246079616886,0.0009078710781003584,0.13833071608691838,0.0005107131554524521,0.0005266309720168707,0.0006227808914482402,0.0005441027585403346
a023cadea72f5001,Игорь Белый (на стихи Али Кудряшёвой),0.0002310250628596765,0.00018577341594937068,0.00018095350226305496,0.00019833843974432849,0.00019853756812011133,0.00021266980382789145,0.00018853526714967414,0.0005329448915637247,0.00022483259819906868,0.00024404967971896854,0.0002142771935721619,0.00019511874170923582,0.00020371922780858907,0.00019289276470055782,0.0003247056504412628,0.9956832706080141,0.00018265969949574732,0.0001883527861622204,0.00022274140100743986,0.0001946016976928707
3d4d7cae84f57ee2,Аля Кудряшова,0.00023102503414918792,0.00018577338716183783,0.00018095348801922876,0.00019833841097818852,0.00019853753935431039,0.0002126697896380646,0.00018853525291875642,0.0005329435536951159,0.0002248325840299499,0.00024404966558256823,0.00021427717938507173,0.00019511872748952696,0.0002037192136035232,0.0001928927359251462,0.00032470562189027235,0.9956832723032383,0.00018265968525482606,0.00018835277193099203,0.00022274138683476064,0.00019460166892036867
8b1603ced004c4e4,Л.П.П.Л,0.00024054360046466222,0.00019342751588725306,0.0001884090264853543,0.3047122652292656,0.0002067175750168403,0.00022143207733072898,0.00019630317777721333,0.6913048533551429,0.00023409601126605207,0.0002541048490594761,0.00022310570748661988,0.0002031579004195942,0.00021211272615505192,0.00020084018800783313,0.000338083943490846,0.00024971022930520546,0.00019018552411976457,0.00019611317343897204,0.00023191865206271078,0.00020261953781734453
54b51eca8766f9b8,Игорь Белый,0.00023102501986286165,0.0001857733728234902,0.0001809534736753402,0.00019833839665428567,0.00019853752503063644,0.0002126697607787242,0.00018853523858358386,0.0005329427976083167,0.00022483255518459183,0.00024404963675930217,0.0002142771505275792,0.00019511869861000986,0.00020371918473389321,0.000192892721594983,0.0003247055931597284,0.9956832734478769,0.000182659656360986,0.00018835275759560965,0.00022274135798699857,0.00019460165459217005
a3161d43f436a382,Полюса,0.0006333707490180901,0.0005093103096012713,0.0004960961802991283,0.0005437581291397724,0.0005443040588222403,0.0005830485353008251,0.0005168821371825126,0.0014611397296180517,0.9881242474368932,0.000669078589863381,0.0005874553211415623,0.0005349311696955335,0.0005585099303069066,0.0005288284453508639,0.000890202346590573,0.000657507197260098,0.0005007738064013564,0.0005163818423087722,0.0006106605049641436,0.0005335135802417729
52571fd849a46161,Виктор Малолетний,0.15261446096491113,0.0001429141286947777,0.0001392062137070039,0.0001525803103004058,0.00015273349829863304,0.00016360532052752766,0.000145038809995924,0.07632643807755655,0.00017296207023477026,0.286777948123519,0.0001648418839679532,0.00015010341447383983,0.48170800769449607,0.0001483909888951005,0.00024979367299949196,0.00018449865299705688,0.00014051876724211382,0.00014489842768197907,0.00017135332704297583,0.00014970565245773422
0d0dcf04034ec63b,Эдуард Эдуаши (Успешная Группа),0.0006015967733402823,0.00048376001054315914,0.16909149218292044,0.0005164797618498453,0.0005169982757367842,0.0005537990829079806,0.0004909519751063053,0.6866983155614563,0.0005854714454762768,0.0006355133324634647,0.0005579847961555978,0.000508095587875801,0.0005304915111610176,0.0005022990356848581,0.1350493246422339,0.0006245223863842711,0.0004756517991126686,0.0004904768259303867,0.0005800258855101028,0.000506749128150535
e2982b4537190310,D1sH,0.00020698328422072505,0.00016644076362147542,0.0001621224539818557,0.00017769821175010687,0.0001778766182180725,0.00019053816599495324,0.00016891521476603333,0.6105992358208568,0.00020143523596867697,0.38601452337168685,0.0001919782961827362,0.00017481357124836988,0.00018251904264243924,0.0001728192459605867,0.00029091491266535526,0.00021487098923619194,0.00016365108891174037,0.00016875172401011214,0.00019956166246483983,0.0001743503256120552
bb9f291dd7b61926,Любэ,0.00022510957067942136,0.00018101660411980262,0.00017632011963492967,0.00019325989999512428,0.00019345393520650588,0.00020722430885911753,0.00018370776219816287,0.0005192968989714042,0.00021907567805466265,0.9957979165206836,0.00020879054583498467,0.0001901226530158414,0.00019850292523813958,0.00018795366124091644,0.00031639142334428916,0.00023368803996029293,0.00017798263206891146,0.00018352995237006387,0.000217038031848804,0.00018961883667502441
837223a50ab47eb8,Армия брат,0.00033693977697312583,0.00027094226879007135,0.00026391264564313937,0.00028926778759760796,0.00028955821473635016,0.00031016946119148626,0.0002749703264394686,0.000777276679405226,0.00032790836316281814,0.00035593561523747277,0.00031251377485274327,0.0002845720298362733,0.00029711546125218253,0.00028132552648928936,0.00047356876366540067,0.0003497798637478084,0.9936208628924351,0.00027470417189654877,0.00032485845620046225,0.0002838179204473617
e4c4a02f97668c94,Артиллеия,0.0004921284151095318,0.00039573355100132085,0.00038546621341791095,0.00042249950237276487,0.00042292369074147364,0.00045302811371403045,0.0004016168617763546,0.0011353038618172183,0.00047893724823643247,0.0005198733903255724,0.00045645217968854783,0.0004156409512514489,0.9907275771869378,0.00041089915102169797,0.0006916862979413891,0.0005108824013466034,0.00038910072921020765,0.0004012281509803014,0.00047448258642491007,0.0004145395166844654
d666f5b8306429d8,РВиА,0.0004921283872946105,0.00039573358684226575,0.0003854662498391621,0.0004224995367009078,0.0004229236959418101,0.00045302814631670724,0.00040161689728477685,0.0011353594441761614,0.00047893727937473426,0.0005198734191501782,0.0004564522120976977,0.0004156409568634032,0.990727521191371,0.0004108991860054886,0.000691686317055191,0.0005108824306793765,0.0003891007654260373,0.00040122815740686196,0.0004744826178149878,0.00041453952235867233
c819bf1d6260b8a1,Батарея,0.00020797815891552372,0.00016724077570462722,0.0001629017152559899,0.00017855232727508706,0.00017873159229687526,0.00019145401008394792,0.00016972713018857514,0.11249059553944227,0.0002024034518401227,0.00021970345048918854,0.000192901052357397,0.884062837791225,0.00018339633912043278,0.0001736499040491538,0.00029231322034118436,0.00021590378581639528,0.00016443768427253075,0.0001695628390857268,0.0002005208707971208,0.00017518836144289455
1eb7af1dde9fdb3d,Батарея,0.00039327710011998997,0.0003162445853841952,0.00030803960423633726,0.0003376342131691741,0.00033797318548918254,0.0003620307032570355,0.00032094616376796486,0.000907252851588715,0.9926260309296143,0.00041544909709072204,0.00036476698724283055,0.0003321532923980785,0.000346794003701639,0.00032836394449411863,0.0005527508437578893,0.00040826408880514757,0.0003109440792616556,0.00032063550947554877,0.0003791757119092496,0.00033127310523623285
9e93700aecf4627d,Батарея,0.0002877151883817491,0.0002313594444510005,0.00022535680816045304,0.00024700774557388154,0.00024725573932818704,0.0002648558161989982,0.25545941346597806,0.739764437072182,0.0002800031967137078,0.0003039358600208898,0.00026685763598642234,0.00024299797964235203,0.0002537089029414254,0.00024022578141619225,0.00040438360416738904,0.0002986794168845072,0.0002274816789504829,0.00023457176537983426,0.0002773988402879329,0.00024235405735459128
feaa64a6592909a1,Батарея,0.000492251685408456,0.0003958326968743558,0.00038556279843607967,0.000422605370494934,0.0004230296461634735,0.0004531416062006529,0.00040171749178303184,0.9914267720730746,0.00047905723016509517,0.0005200036447811961,0.0004565665451959694,0.0004157450733323064,0.0004340703596025225,0.0004110021090796743,0.0006918595631358896,0.0005110103859505811,0.00038919821634721987,0.0004013286645823399,0.0004746014625304592,0.0004146433768611243
b03370fec91e5dfc,Батарея,0.0003404588344064696,0.036393360782098365,0.0002666690087722945,0.0002922889662451168,0.0002925824201795348,0.0003134089183737189,0.00027784214436157005,0.734767824461913,0.00033133309516534794,0.00035965307330700135,0.00031577770833466436,0.00028754413946914775,0.00030021856710969936,0.0002842637301897679,0.22366155102591512,0.0003534330315129049,0.0002691833760990992,0.00027757322495722394,0.00032825131953690556,0.0002867821720530021
0438157cf9c5f199,Батарея,0.00035803454431128855,0.00028790510889680133,0.0002804354069197849,0.00030737795841263794,0.00030768654633372446,0.03612866704261273,0.00029218535112808996,0.8073767600332888,0.11650831507327539,0.03480684833411214,0.0003320792820806272,0.00030238819388311595,0.00031571693361676106,0.0002989384294720861,0.0005032174050115133,0.00037167850763950954,0.00028307960638997213,0.00029190254920135244,0.0003451968153120253,0.000301586878101613
b1ef62f6c6b74cff,Батарея,0.00023028445639530524,0.00018517787208006836,0.00018037341194745602,0.00019770261768637634,0.00019790110580186228,0.00021198804309891515,0.0001879308760484118,0.7479476618623756,0.00022411185435347329,0.14418345092011947,0.00021359028165870823,0.00019449323657156156,0.0002030661623788838,0.0001922743897333605,0.02843034522086886,0.0002390601194771839,0.00018207413786543156,0.00018774897711559845,0.010028880605062573,0.06638188384936093
aec5e77531164940,Батарея,0.0002562322486493589,0.00020604317879786553,0.00020069737325965236,0.00021997918267091765,0.00022020003706388114,0.00023587425246655676,0.00020910638571804745,0.0005911048429216629,0.00024936412377194237,0.000270677991504497,0.00023765702195567518,0.00021640818672507447,0.995172211590972,0.00021393932361274707,0.00036013433796146547,0.00026599672820542614,0.00020258973321021957,0.0002089039977034638,0.0002470447524682012,0.00021583471036134658
2e71dcbc23fe4cb5,Батарея,0.15096977832199016,0.00023511865464365039,0.0002290184776365199,0.6681686192327181,0.00025127322942194004,0.00026915927826963893,0.00023861412631082625,0.15757839816541253,0.0002845527588286234,0.00030887430444360433,0.0002711936358823279,0.0002469463050300416,0.0002578312533072396,0.00024412903987858093,0.0004109541493932048,0.01903778000833898,0.00023117786529647802,0.0002383831728797033,0.00028190611487178917,0.0002462919054460457
cff220fd17b56e22,Батарея,0.00019523113518943506,0.00015699056902448852,0.00015291743021413808,0.00016760882385569962,0.00016777710218399394,0.00017971975577123428,0.00015932452133497527,0.0004503824519738419,0.00018999812155765373,0.0002062377951452141,0.00018107811869348965,0.9963142914960806,0.0001721559475942066,0.00016300686850693552,0.0002743973138480402,0.00020267100471875582,0.00015435927746443087,0.00015917031470708397,0.00018823092262420596,0.0001644510295114828
257b6b7982601659,Вадим Сажин,0.00012095229030043251,9.72609585430522e-05,9.473751832085993e-05,0.00010383933340397266,0.00010394358331964502,0.0001113424678811777,9.870692408195494e-05,0.00027902297844434223,0.0001177102547110188,0.00012777128106805907,0.00011218401237423885,0.00010215367600493631,0.00010665642398536514,0.00010098827137811661,0.0001699984049926611,0.00012556152919137087,9.563078759410777e-05,0.997713040910796,0.00011661541959369843,0.00010188297401494538
55af6e0a9dd3f5ed,Светлана Копылова,0.8246532119886201,0.00025199690324428453,0.00024545881454151274,0.00026904103899139743,0.00026931115166261237,0.00028848117686871633,0.0002557432941075692,0.17020223851908545,0.00030497970306435124,0.0003310471910993085,0.0002906615487025069,0.00026467360144229705,0.0002763399309845722,0.0002616541079043292,0.0004404549301357637,0.00032532185602829496,0.00024777320952485023,0.00025549576601052325,0.00030214303980335484,0.00026397222817825126
30ba06073d4982a5,Вадим Сажин,0.0005136874605498526,0.0004130697809455605,0.00040235264417200515,0.000441008295213893,0.0004414510518053803,0.0004728742842571834,0.0004192108058473015,0.0011850247894242367,0.0004999184377777078,0.1027161522492534,0.0004764483512039399,0.0004338492473834967,0.00045297256027916085,0.00042889973335111025,0.0007219875420703283,0.0005332630469899664,0.00040614638684035144,0.888113715109807,0.0004952686350040564,0.00043269958782411126
f712835d6f340e3a,ВАДИМ САЖИН,0.0001209523046745782,9.726097295201805e-05,9.47375327335346e-05,0.00010383934780327,0.00010394359771878914,0.00011134248226944734,9.87069384887956e-05,0.00027902420039506854,0.00011771026908992945,0.0001277712954321826,0.00011218402676127165,0.00010215369040671113,0.00010665643838052207,0.00010098827850564703,0.0001699984192947216,0.00012556154355874215,9.563080200546957e-05,0.9977130394444139,0.00011661542669826095,0.00010188298841711806
067f067a8b61c285,Святитель Иоанн Златоуст,0.0002764875368931573,0.044635867856097716,0.00021656261630526003,0.00023736864004956053,0.00023760695677603393,0.00025452022660536554,0.00022563636159288306,0.34227673767303496,0.00026907650806664294,0.00029207522904863887,0.0002564439316778988,0.00023351536548239172,0.00024380829938681846,0.00023085133168913218,0.4803224721231126,0.0002870239097984495,0.00021860455569437122,0.0002254179664392583,0.12882702635243765,0.0002328965598112337
10988441563de466,Мытарь,0.0004167621922890101,0.00033512958647102353,0.00032643461346282737,0.00035779649346567274,0.0003581557220422087,0.00038364986241694673,0.000340111900272026,0.0009614548105540326,0.00040559118182011746,0.00044025820919926795,0.0003865495352304795,0.0003519882711703869,0.00036750329023566507,0.0003479726701943232,0.000585759112250593,0.9334231542532803,0.0591190713520397,0.00033978270684828797,0.0004018187142418,0.0003510555225153272
39ed7bfe09df07d1,Голубые молнии,0.000330625718714285,0.0002658649509248576,0.0002589670810550978,0.0002838470730197978,0.0002841320577324656,0.0003043570374557793,0.9937488009267124,0.0007627232246062381,0.0003217635439821794,0.00034926558738870774,0.00030665743335794204,0.0002792392962960442,0.00029154765565100486,0.00027605362006402753,0.00046469432042553054,0.0003432251745864131,0.00026140883426418733,0.00026955636442730203,0.000318770767941703,0.00027849933139412636
591be07dd52c4887,Ваня Воробей,0.0002922405402930353,0.0002349984106280973,0.00022890136156759552,0.00025089284269904115,0.00025114473636431227,0.0002690216196022625,0.00023849209281948675,0.0006741556910839,0.0002844072439316578,0.00030871633595850516,0.0002710549588193817,0.0002468200233562675,0.00025769938497409857,0.00024400419851413623,0.0004107439806034555,0.00030337723799270656,0.00023105964353514906,0.9944743418149785,0.0002817619384407482,0.00024616594383768825
bd4f54e9763122d4,Lx24,0.0005813947257952459,0.0004675149840838185,0.0004553852929479597,0.000499136005892331,0.0004996371156618632,0.0005352021140825476,0.0004744654737940261,0.001341226089815211,0.0005658108464263216,0.0006141723338647183,0.0005392472556127643,0.0004910333245997091,0.00051267720374863,0.0004854314482302251,0.0008171500794493809,0.9891365500673309,0.0004596790685100682,0.0004740062444379193,0.0005605481752121343,0.0004897321505042136
d33202be6109c34d,Игорь Растеряев,0.0551209736671318,0.00027647449898000805,0.00026930133575491714,0.0002951742057001329,0.0002954705409158927,0.00031650262871939867,0.0002805848040464522,0.000793163003751034,0.00033460375693014123,0.00036320327756862795,0.00031889481817720395,0.8509664938966865,0.0003031820959261279,0.0002870697489601042,0.00048323830668800516,0.0003569218266471771,0.0002718405577711606,0.08804580241635593,0.0003314915677765316,0.0002896130455128049
c0cf448edd77bc54,Андрей Климнюк,0.0004994214029907075,0.00040159804038629774,0.00039117854849002684,0.0004287606465263036,0.0004291911213012065,0.00045974167538737325,0.00040756854594355856,0.0011521188342026607,0.00048603474634721736,0.0005275774975301512,0.00046321646916737294,0.0004218004360677281,0.00044039263315567086,0.00041698837942806804,0.000701936574276704,0.0005184533298720386,0.000394866935290986,0.9659878433291432,0.02505062815108201,0.0004206827034106972
13c2117345618fa1,Крестная Семья,0.0002581127700805683,0.00020755536087174582,0.000202170323233839,0.00022159363596018248,0.9951309911603771,0.00023760535431337863,0.00021064105057902124,0.0005954424928772854,0.0002511942371937667,0.00027266453855820936,0.00023940122057163537,0.0002179964319240062,0.00022760532267053268,0.00021550945161430033,0.000362777411502416,0.0002679489035160685,0.00020407656575976133,0.00021043717826392633,0.00024885784009009954,0.000217418750042162
cf3db1f7500212dc,StilRyder,0.00041221013877755074,0.0003314691543048542,0.0003228691758153331,0.00035388850511852276,0.0003542437755899775,0.0003794594807444601,0.048703147027431344,0.028253707211484607,0.0004011611310726634,0.12454976599637024,0.0003823274887184946,0.00034814369981333253,0.00036348924795894444,0.0003441719581324536,0.3627780511320876,0.33706618595320204,0.00032591346569692893,0.0935851444458712,0.0003974298743516952,0.000347221137457746
a39f322d2fb8dab3,Дюна,0.00031030933149382706,0.00024952798722226665,0.00024305397083524723,0.00026640515368663947,0.0002666726178996566,0.00028565480630081993,0.0002532376780218335,0.000715857401449533,0.0003019917183379634,0.000327803790227851,0.0002878138449491839,0.0002620804989239548,0.00027363253730826776,0.00025909060408916927,0.0004361396312895657,0.0003221345675459955,0.00024534570840409564,0.9941326793084891,0.00029918284933614487,0.00026138599418889185
7b17ab6f330b51eb,Голубые Береты,0.0003538329286860583,0.0002845264937470548,0.0002771444236546835,0.0003037707902276166,0.00030407576926335127,0.0003257204041323297,0.9933100224801313,0.0008162557981840694,0.00034434868894475906,0.00037378115950551834,0.0003281822680176013,0.00029883958277273487,0.00031201191807337856,0.00029543033100968533,0.000497312046270139,0.0003673167622803815,0.0002797575983527029,0.0002884770185425114,0.0003411458415448577,0.0002980476966592407
b0198df9d958ee64,ШИРЯЕВ ОЛЕГ,0.0004794382869603191,0.00038552910215437547,0.1524020741029773,0.00041160488294282274,0.0004120181282340757,0.0004413462620965087,0.00039126072324906463,0.4704104393490315,0.0004665873159183789,0.0005064678293826597,0.0004446820267491077,0.0004049231672969008,0.0004227714406826601,0.00040030366177861554,0.0006738503622342739,0.36971065634446865,0.0003790673241565977,0.000390882024204781,0.0004622475273163717,0.00040385013816504595
9fc4258846081901,Гимн ВДВ,0.0003306257465671941,0.00026586497902278893,0.0002589670800752963,0.0002838471010496938,0.00028413205665745253,0.0003043570654080759,0.9937487971668657,0.000762726539557192,0.00032176357186861857,0.0003492656151710929,0.00030665746130153506,0.0002792393243433737,0.0002915476836517657,0.00027605364812341004,0.0004646943768750222,0.00034322520239165217,0.00026140886237897837,0.00026955639251126693,0.0003187707958394653,0.0002784993303404247
0f668abd7ea00ccb,Маевский Сергей,0.00029493206317117817,0.00023716273204456143,0.00023100952712989297,0.00025320354186545964,0.00025345773473388523,0.00027149931658739017,0.00024068858852814193,0.000680384960011222,0.016988965634686964,0.0003115596062445907,0.000273551340468096,0.00024909320767634247,0.000260072773806169,0.00024625145131513176,0.00041452692648606476,0.9024907223734677,0.0002331876870183566,0.07553694044899731,0.00028435695299423814,0.0002484331327672638
b98aa1d4f4601be1,Воробей,0.00039768868276312234,0.00031979207059569986,0.000311495033530922,0.00034142160256167114,0.00034176438750417565,0.00036609175745752506,0.00032454635630361004,0.0009174108423261427,0.0003870289092416164,0.0004201093733194351,0.0003688587461515929,0.00033587921416586156,0.00035068415927898657,0.0003320473744379718,0.0005589512739773272,0.0004128437760884456,0.0003144320759199341,0.9924805361183555,0.00038342911437249625,0.00033498913164789457
c7debf7a79e94e68,Любэ,0.0002699463595095772,0.00021707105712544058,0.00021143914561618277,0.00023175293596164881,0.00023198562109332877,0.00024849875665411474,0.00022029822091327846,0.0006227580789745426,0.00026271065226969343,0.000285165276793856,0.0002503769433067518,0.00022799081464968226,0.0002380402512010963,0.00022538981979343834,0.00037940950721310446,0.0002802334579478328,0.00021343277261588777,0.994895846541901,0.0002602671236929935,0.000227386662766508
f4af82afedb91de7,ЗОЖ,0.0002922405402930353,0.0002349984106280973,0.00022890136156759552,0.00025089284269904115,0.00025114473636431227,0.0002690216196022625,0.00023849209281948675,0.0006741556910839,0.0002844072439316578,0.00030871633595850516,0.0002710549588193817,0.0002468200233562675,0.00025769938497409857,0.00024400419851413623,0.0004107439806034555,0.00030337723799270656,0.00023105964353514906,0.9944743418149785,0.0002817619384407482,0.00024616594383768825
1799b2fcce7a2bff,Любэ,0.0002619306374919696,0.00021062540578494835,0.0002051607255603051,0.0002248713365855759,0.00022509709497772862,0.0002411198872243926,0.0002137567448243317,0.0006042555351826867,0.00025490977559549364,0.00027669765777723016,0.0002429423107128314,0.00022122093077759077,0.00023097194999930425,0.00021869716324711297,0.0003681434271904911,0.0002719122899969903,0.00020709515512998662,0.9950474184327499,0.00025253883226473143,0.00022063470692636783
c80d8c5d34784d8c,Ваня Воробей,0.0002971675579891661,0.00023896034508410702,0.00023276050127076734,0.00025512273618375674,0.0002553788790092524,0.00027355719068863075,0.00024251293344190126,0.0006855212633628012,0.00028920218841477197,0.00031392112067646263,0.00027562475601825617,0.0002509812608891283,0.00026204406399255557,0.0002481179676885932,0.0004176688894088992,0.0003084920045423384,0.00023495517758668436,0.9943811827168904,0.00028651229584533597,0.0002503161510162671
e34016701ace16f7,Владимир Высоцкий,0.0003651222248851254,0.0002936045085082493,0.00028598693005966856,0.00031346283802129177,0.00031377756684684616,0.00033611277787448136,0.0002979695010416916,0.3680447971084693,0.00035533539241280735,0.0003857069278056199,0.000338653163947735,0.0003083742951519786,0.00032196689005019064,0.00030485625319671804,0.0005131791743860112,0.0003790363006976221,0.0002886834872886393,0.13633360098410302,0.4899122165574603,0.0003075571177926374
f16292415055ef60,Братья Карамазовы,0.00034359107570898116,0.0002762907352146899,0.00026912234507434963,0.0002949780144517753,0.00029527417504221677,0.00031629229284128017,0.000280398304488664,0.12645571433977792,0.8678945646233831,0.00036296188753520854,0.0003186828815695491,0.00029018953193350386,0.0003029805786136598,0.00028687894198427917,0.0004829171130050776,0.00035668459851103746,0.0002716598790484066,0.0002801269112589208,0.00033127122006255635,0.0002894205504947612
6bbd7465de33a931,Ваня Воробей,0.0003889145311964808,0.00031273653246944216,0.0003046225879373823,0.00033388887715711817,0.0003342240950898506,0.0003580147312187599,0.00031738595688408016,0.0008971706627744631,0.00037848997526352746,0.0004108405721442504,0.00036072068906853663,0.00032846875417704465,0.00034294706640263265,0.00032472146123149043,0.0005466192599316394,0.00040373527910504583,0.0003074948159772702,0.9926464362302971,0.00037496957578937295,0.0003275983458844394
75aa08b4083875e0,Браток,0.000330648946593053,0.00026588363801413286,0.00025898527331620543,0.00028386701173814684,0.00028415199645341903,0.0003043784315531216,0.816251239628105,0.17825989890550056,0.00032178613149567276,0.0003492901251102228,0.0003066789729954628,0.00027925891483014117,0.00029156814741251955,0.00027607303484219336,0.0004647269791708124,0.0003432493047990902,0.0002614272011705965,0.00026957531348479263,0.00031879315170102804,0.00027851889171379867
429d51dac60ca1d6,Браток,0.00030497165775845037,0.00024523583990860236,0.00023887317482126046,0.00026182269554855163,0.00026208553225069296,0.00028074123375175573,0.00024888173508639524,0.0007035368137903771,0.0002967971190900921,0.00032216521186953663,0.00028286313589766644,0.0002575724302061406,0.000268925747556957,0.9942396038388507,0.00042863756302878033,0.00031659348705854773,0.00024112549123605557,0.00024864084267319365,0.00029403656246607384,0.00025688988715015363
6361806e29954298,Браток,0.0003436084613596874,0.0002763047193291193,0.0002691359803275278,0.00029499295798969733,0.00029528911856424464,0.0003163083120770307,0.0002804124921094609,0.38002499401592293,0.00033439829240718475,0.000362980261676554,0.0003186990170923229,0.00029020424289777125,0.00030299592917572515,0.00028689347850323723,0.0004829415634092101,0.00035670268195096865,0.6142622741778264,0.00028014109889428266,0.000331287995194007,0.00028943520329263777
3b190c6307df01dc,Браток,0.0003187417348696617,0.00025630871812503547,0.0002496587835292857,0.00027364447392103325,0.00027391921409602505,0.00029341726820147104,0.32922281689753796,0.0007353080850896791,0.00031019807212705105,0.00033671160495937996,0.0002956349511033991,0.0002692023269242987,0.0002810682794122313,0.6650168078332366,0.0004479913875493025,0.00033088830650666965,0.0002520127596769221,0.00025986744740231013,0.0003073128928359877,0.00026848896289577916
c242c06a0b180e59,Браток,0.0002622263794208348,0.0002108632130316691,0.3809521109519944,0.00022512522467258553,0.0002253512450146468,0.00024139212638738108,0.00021399808840053534,0.2526223600660393,0.0002551975716986444,0.0002770100481067044,0.0002432166018204621,0.020454991132305575,0.00023123272155930192,0.00021894406599269934,0.038354537487530406,0.00027221926668683524,0.00020732897491057973,0.30405818707663046,0.0002528239506533843,0.00022088380714361882
8818ef24cd9713bb,Браток,0.00038478413893821124,0.000309415198719074,0.00030138740164499614,0.0003303428906270661,0.0003306745578875323,0.0003542125142090641,0.22634156633918326,0.0008876665026512788,0.0003744702941302702,0.00040647734891851325,0.0003568897174343862,0.00032498033510368313,0.0003393048915791456,0.7667045195587072,0.0005408139690053538,0.0003994474931127864,0.0003042291288281469,0.00031371127345160705,0.0003709872931302439,0.00032411915273818673
c76bab1929cfa752,Браток,0.0002899964562326365,0.00023319388252396968,0.0002271436616124039,0.4992402378206863,0.00024921622571540515,0.00026695585503755485,0.0002366607454864688,0.49595804833164936,0.00028222331759895756,0.0003063457373154445,0.0002689735363652959,0.0002449247202387214,0.00025572055371016715,0.00024213051958221294,0.0004075899345137171,0.00030104764672183297,0.00022928536891816462,0.00023643168378049588,0.00027959832661890254,0.00024427567569200865
75a8d0687c59b2e5,Браток,0.0002972758232871579,0.00023904742868052642,0.00023284532994737026,0.9467388534557926,0.0002554719272303672,0.00027365687274455853,0.0002426012972475573,0.0006857878433239176,0.0002893075732391546,0.0003140355251882457,0.0002757251945646649,0.0002510727088443372,0.00026213955626131993,0.04790132263588677,0.0004178210893035322,0.00030860440143891507,0.0002350407918447436,0.00024236648755466723,0.0002866166914115357,0.00025040736620810027
d8c098609edf6cdc,Браток,0.00019315910140746019,0.00015532438552816547,0.4062830614637185,0.0001658299510581385,0.0001659964395124336,0.00017781234673941337,0.00015763357063945538,0.2510985017899445,0.00018798161752428032,0.0002040489393447901,0.00017915628880710164,0.0001631379778347752,0.0001703288064065705,0.00016127684617228742,0.0002714850579255844,0.00020051999820452834,0.00015272101891245906,0.339563085554874,0.00018623317588801935,0.0001627056695575094
db22b8ef62a9911b,Браток,0.00019795309670855794,0.00015917935787279614,0.0001550494515033785,0.00016994566529143039,0.0001701162865002936,0.00018222545923023747,0.0001615458631257922,0.6058141688959097,0.00019264711908292576,0.00020911320806358928,0.0629131655327758,0.00016718688405316137,0.0001745561777730122,0.00016527954994084503,0.00027822301948542675,0.0002054966932718854,0.05548904555054614,0.0001613895027940877,0.27286696883508427,0.00016674385098673576
a573531eda93118a,Джиз,0.31610456651438684,0.00028193218399300045,0.0002746174301576725,0.00030100104493708933,0.0003013032300423967,0.0003227505144841189,0.0002861236308109767,0.12926331112828393,0.00034120895162018355,0.0003703730302559658,0.00032518991051335377,0.00029611480229719243,0.0003091669985966419,0.00029273660390429597,0.5493692175815444,0.0003639675966007614,0.00027720676913812987,0.00028584667872948725,0.0003380352949705308,0.0002953301047329724
7e566bafca94b0f3,Barry Gibb,0.0005453820522554043,0.0004385562352679716,0.00042717788864393415,0.0004682185692222241,0.00046868865430746735,0.000502050696416822,0.00044507619200005044,0.0012581163739179492,0.0005307634887668679,0.0005761293770453347,0.0005058453121662145,0.00046061781260619313,0.0004809210237609611,0.9896986815197768,0.0007665342674585216,0.0005661654475249214,0.00043120568429073686,0.0004446453970872365,0.0005258267804645335,0.00045939722701988694
182f42119e76c662,Madwayz LOC,0.0001862855241453362,0.00014979715326653986,0.0001459106572328743,0.00015992887959349888,0.00016008944541035937,0.04118950260471388,0.00015202416360245727,0.04711097388714606,0.04289036195453005,0.3758975792307645,0.11749719419475058,0.00015733270175640932,0.09136137959142869,0.00015553779594884568,0.28195703240740094,0.00019338448611740173,0.00014728643881919306,0.00015187702920203345,0.00017960606474427433,0.0001569157894260619
ed9aebbf274ba6cb,SD AND SCHOKK,0.00011932951502263396,9.595604878929174e-05,9.346646367922761e-05,0.00010244615879632501,0.00010254901172477455,0.00010984862288209864,9.738260930262364e-05,0.0002752791982185726,0.00011613097521235289,0.9977724930865005,0.0001106788823377705,0.00010078311512789498,0.00010522545796305326,9.963334657155782e-05,0.0001677176050790291,0.00012387692267717618,9.434774214553106e-05,9.728835655537298e-05,0.00011505083028875013,0.00010051605112543739
87ed2426ec2256d3,OSLIKt,0.00033703993672673483,0.00027102280992295,0.0002639910910191353,0.0002893537718795531,0.0002896442863413999,0.00031026164542510013,0.00027505206099046314,0.0007775143141581619,0.00032800581589905895,0.9937085214328205,0.00031260665767202886,0.00028465661694658995,0.00029720374505053093,0.0002814091239395523,0.0004737095287257968,0.0003498838366166357,0.0002664802254474972,0.0002747858191254086,0.00032495500659600454,0.00028390227469687977
6e49d1cd3dea59d9,Стрелки & MC Пряников,0.7729931846607582,0.0002848803332715385,0.0002774890955983084,0.0003041485818767864,0.0003044539392571225,0.0003261254948006102,0.0002891156098688171,0.0008172711587181259,0.22071845192250608,0.0003742459995191302,0.0003285904145461481,0.00029921123359766955,0.00031239995413050186,0.0002957977327334418,0.0004979305524045163,0.0003677735697468923,0.00028010550077700006,0.00028883577654705467,0.00034157011137467486,0.00029841835796742784
310e16230f074ebc,✵ ​Бек✵,0.00011932954410388789,9.59560633230533e-05,9.346647821346014e-05,0.00010244618060481583,0.00010254903353324592,0.0001098486446891891,9.738263111207236e-05,0.00027527899443970013,0.00011613100429421191,0.997772492897747,0.00011067890414470389,0.00010078313693670041,0.0001052254797710183,9.963336838058075e-05,0.00016771763415112924,0.00012387695175756984,9.43477639555539e-05,9.72883710888825e-05,0.00011505085209485646,0.00010051606565833632
ee63a15907acd4a0,HULIGAN,0.00030796319047815904,0.0002476413945007665,0.00024121634518187477,0.00026439097010249647,0.0002646563970526117,0.00028349510394087374,0.0002513230583841579,0.11818034184772677,0.00029970847053723926,0.0003253254017487405,0.0002856377862787449,0.00026009902796066576,0.125325732202383,0.00025713171763983787,0.7518347368825408,0.0003196990488982712,0.00024349073691259094,0.0002510798085542167,0.00029692084727671965,0.00025940976190150136
02a396af5d5a9f5a,МЖ,0.0005453821098440315,0.0004385562929778514,0.0004271779172628975,0.0004682186268984357,0.000468688682879314,0.0005020507540546324,0.0004450762497025298,0.0012581164889052506,0.0005307635463720878,0.0005761294345990621,0.0005058453697997179,0.000460617870291032,0.00048092108142275475,0.9896986803964198,0.0007665343830037929,0.0005661655050899584,0.00043120574200895985,0.0004446454547902048,0.0005258268380753569,0.0004593972556022798
39616dbdd94dad45,Madwayz LOC,0.0002904662058570831,0.1535443643508331,0.00022751160304676087,0.00024936955653338144,0.0002496199077039909,0.000267388292454859,0.04944725749825994,0.3015436187256518,0.20119290253035502,0.00030684200130749886,0.00026940923350763155,0.00024532144620759567,0.0002561347715949179,0.00024252273432439218,0.29037454182196387,0.00030153529572793424,0.00022965677381026886,0.0002368146723372143,0.00028005122463066896,0.00024467135389209886
5264ad75377228eb,Джиз,0.0003102594504158667,0.000249487884465767,0.00024301491575640335,0.0002663623153271185,0.0002666297504387947,0.0002856089122182219,0.0002531969932232443,0.9945964127270221,0.0003019431759588084,0.00032775111534495444,0.0002877675725368783,0.00026203838811995585,0.00027358856396661154,0.00025904895891863574,0.00043606955332412656,0.0003220827948290903,0.00024530627499678005,0.00025295190985449634,0.0002991347434883093,0.00026134399979375254
2a6f8c28f73ca624,Джиз,0.00020668431988765724,0.00016620035811222442,0.00016188829144841603,0.00017744153666735527,0.00017761969574432536,0.00019026296571701272,0.00016867124392055298,0.2317819319908266,0.00020114429000322312,0.00021833666275870655,0.00019170100036091216,0.00017456107270167966,0.00018225541151626836,0.00017256961423549409,0.0002904947269099657,0.7648329421990521,0.00016341471441490927,0.00016850798600300603,0.00019927342324420498,0.0001740984964753687
1c74e072969949ce,Джиз,0.0002875794462418624,0.00023125028902742738,0.00022525049039946051,0.00024689121222732984,0.0002471390604608657,0.00026473084262532213,0.00023468825194511244,0.994991415754167,0.00027987109260287643,0.0003037924634679056,0.0002667317310771293,0.00024288333807090604,0.0002535891972336913,0.00024011243498326345,0.00040419279682011265,0.00029853849419136035,0.0002273743425415787,0.00023446109653614728,0.0002772679585549494,0.00024223970682564472
0626bd5b5a497d5d,Джиз,0.0001920997488168596,0.00015447253199094916,0.00015046473135070604,0.00016492047102193458,0.00016508605724298842,0.00017683716376268427,0.0001567690421830235,0.00044315057884266695,0.00018695065617107713,0.00020292986474595008,0.00017817372789234016,0.0001622432682269083,0.0001693946604823531,0.000160392337619039,0.00026999614052977656,0.9964105931323579,0.00015188344103074852,0.00015661730938339887,0.00018521180439918256,0.00016181333194946424
3f6c639730d3db51,Джиз,0.00040707797462326533,0.0003273422645185909,0.00031884935891056935,0.00034948248078306573,0.00034983335658069815,0.00037473508993694077,0.00033220880356549785,0.9285414685879269,0.00039616656968648986,0.0004300280341147574,0.00037756738754793904,0.06471252766854735,0.0003589637234192724,0.00033988691829507574,0.0005721479825638151,0.00042259089911348053,0.0003218557265402835,0.0003318872644304412,0.0003924817626308791,0.0003428981462647206
8e4911dbe0724fa4,Джиз,0.2779765278029601,0.00023321613638402507,0.00022716533329254535,0.0002489900349869467,0.00024924000780013317,0.0002669813254473446,0.00023668333409976964,0.6659601091533132,0.0002822502725647865,0.00030637499189575785,0.00026899921053635036,0.0002449480947965477,0.0002557449470863924,0.00024215363215785582,0.00040762882419060524,0.051603301399203425,0.00022930724436168783,0.00023645424328605475,0.0002796250196054363,0.0002442989920310922
4c769276042003c6,Джиз,0.0004024260791711095,0.0003236015221771958,0.00031520567778949585,0.000345488738984941,0.0003458355984562114,0.0003704527838211502,0.000328412472939019,0.9929912063582066,0.0003916393549743088,0.00042511388419295986,0.0003732527179907732,0.00033988031411905014,0.00035486162812092245,0.0003360028396688167,0.0005656096942912292,0.0004177617032252763,0.00031817770291847625,0.0003280946008845455,0.0003879966611378309,0.00033897966693009784
6dee2d618bb2ab35,Джиз,0.0005135457717082236,0.00041295585939015757,0.0004022416914450439,0.0004408866605236677,0.00044132930069001175,0.00047274388860711814,0.0004190952252373388,0.06490849834463994,0.0004997805909471339,0.0005424982628305238,0.0004763169659443566,0.00043372962101638046,0.00045284763659069464,0.00042878147497381905,0.0007217884558543854,0.9266805239659036,0.0004060343862913383,0.0004186895760402513,0.0004951320688451676,0.0004325802525208016
59c676a89e0357d4,Джиз,0.34634923565447445,0.00030940857836302073,0.0003013809555145177,0.00033033583474956137,0.00033066750202644704,0.00035420496474808486,0.000314008526424938,0.6473341476112675,0.00037446230911467515,0.00040646866699546363,0.0003568821098982783,0.0003249733953760324,0.00033929763241848175,0.00032126597455000953,0.0005408024706609547,0.00039943895636088264,0.0003042226537345173,0.0003137045951005683,0.000370979366149886,0.0003241122420717353
69e4a9c45a096703,Джиз,0.00035034681761291956,0.0002817232159710524,0.0002744139053724838,0.0003007779303146687,0.00030107991165926804,0.00032251130300391286,0.00028591154820903353,0.7796691650439831,0.0003409560301654303,0.00037009851048780656,0.000324948894322043,0.0002958953262016473,0.00030893785856537734,0.0002925196311170878,0.0004924123637520735,0.21459276958587523,0.0002770013232096962,0.00028563482898925224,0.00033778476038585014,0.0002951112108020525
de42a764be311a22,Лизоркин,0.0004923050123264625,0.0003958755738130103,0.00038560456924765564,0.0004226511291860125,0.000423075463069713,0.000453190712371969,0.0004017610091099711,0.9610107752225914,0.0004791091307621959,0.0005200599407804254,0.0004566160006737854,0.0004157901043063682,0.00043411739906478944,0.0004110466161009545,0.0006919345468318528,0.0005110657504682824,0.00038924039467667985,0.0308164402649344,0.0004746528682836849,0.00041468829140039185
9d5545ce9a38c26a,Лизоркин,0.0006695723829391933,0.0005384210242426587,0.0005244516501333294,0.0005748378353874651,0.0005754149643929902,0.0006163739525238934,0.0005464256260159126,0.0015446335419081788,0.0006516250387475043,0.0007073212765137972,0.0006210326030490783,0.000565506273458996,0.0005904327749771071,0.0005590547686222448,0.0009410837858784153,0.9874889472432172,0.0005293966241661471,0.000545896751165262,0.0006455641655553399,0.0005640077171052648
5dd08524cbda891b,Лизоркин,0.00066957238336791,0.0005384209663797355,0.0005244516504691277,0.0005748377775478589,0.0005754149065537536,0.0006163738947108823,0.0005464256263657804,0.0015446334264818521,0.0006516249809570638,0.0007073212187590182,0.0006210326034467158,0.0005655062738210808,0.000590432775355152,0.0005590547689801988,0.0009410837282733107,0.9874889478754909,0.0005293966245051115,0.0005458966933071253,0.0006455641077610188,0.0005640077174663901
aa4cfbfa47357cc7,Лизоркин,0.00035053661557411477,0.000281875822610068,0.000274562554249841,0.0003009408678768754,0.00030124299472578423,0.00032268599744533674,0.0002860664247409503,0.2710037096336788,0.3288169637303957,0.00037029898858390026,0.00032512489831601997,0.00029605558645145444,0.00030910519040488896,0.0002926780870953353,0.0004926791052578684,0.0003638948365303264,0.3946925502937421,0.00028578956001561846,0.0003379677486681975,0.000295271063636775
97216c2ca7f3bea5,Иллет - Сопряжение сфер,0.0005819214635338563,0.00046793857459285495,0.0004557978818624424,0.0004995881772665322,0.000500089752711673,0.0005356869991928761,0.1087840788352692,0.001342443366749708,0.0005663234974656393,0.000614728758447107,0.0005397358079213318,0.0004914782197847431,0.1251975375429949,0.0004858712500848385,0.0008178904460409243,0.7561331263363582,0.00046009552835670734,0.00047443568500238185,0.000561056053072861,0.0004901758232911809
81be91d38f661b8a,Ясвена,0.9804179653249329,0.0002138262089371364,0.0002082784811143573,0.00022828862810597098,0.00022851782074259538,0.0002447841096529281,0.014820318706776935,0.0006134311378867382,0.000258783545143868,0.0002809025117749544,0.00024663421082341387,0.00022458273596684576,0.000234481951568359,0.000222020624223827,0.00037373798604573184,0.00027604444278566987,0.0002102423054883491,0.00021679509031644477,0.0002563765713499954,0.0002239876063630345
a1a036f1bf1a70a1,4SGM,0.00015986017792178725,0.00012854782132669582,0.00012521263914276148,0.00013724232777378583,0.00013738010529183833,0.0001471590639968315,0.0001304589241410004,0.0003687873130584515,0.0001555752359923171,0.0001688727018888941,0.00014827131040972833,0.9969820463022228,0.00014096562404559282,0.00013347413884849424,0.00022468342332388486,0.0001659521182756013,0.00012639326499770825,0.0001303326571866128,0.00015412820825492555,0.00013465664190029662
d83047d0c4a9b3b9,Сидоджи Дубоshit и Грязный Рамирес,0.7860702040528371,0.0002034460115913954,0.00019816759633936544,0.00021720634378769924,0.20941018234795925,0.00023290106172395387,0.00020647061207031687,0.0005836611484809188,0.00024622089297439106,0.0002672661017857102,0.00023466136293364787,0.00021368037171256728,0.00022309900982186314,0.00021124262076438184,0.00035559484329809735,0.0002626438613759721,0.00020003609101913042,0.00020627077065478428,0.00024393077117938248,0.00021311412769005195
15da7d81651e9d49,Белый Аликорн,0.00025648304718594873,0.00020624484794742559,0.00020089381804570675,0.00022019448755404613,0.0002204155602350722,0.00023610511401886265,0.12649869053464,0.8692436219671178,0.00024960819903341845,0.0002709429351132314,0.00023788962981315635,0.00021661999899762137,0.00022616822296961885,0.00021414872016302058,0.00036048682967304796,0.00026625707321109804,0.00020278801161757376,0.00020910847549357358,0.00024728655753287446,0.00021604596963687648
139a73d5c4941f30,Kid,0.0002685113203590047,0.00021591709716618985,0.023825547137005833,0.00023052093159624745,0.00023075236522383983,0.0002471777208372632,0.0002191271036998043,0.6620552214748754,0.11958592211360518,0.130998816741635,0.0002490459245581866,0.00022677880525251155,0.0002367748200223424,0.00022419163515593064,0.00037739254755069635,0.05989202768792636,0.0002122981527677237,0.0002189150095648597,0.00025888354175279465,0.00022617786944484965
d41f279221ffd380,"Сэт, Крек, Эйсик",0.00023756886956504322,0.00019103546093553734,0.0001860790357407644,0.00020395639545150697,0.00020416115541814159,0.00021869369973759475,0.00019387555777926403,0.5244052768749762,0.00023120101068085296,0.00025096240655677097,0.00022034662242184552,0.00020064550056922369,0.0002094896002666004,0.00019835647011569576,0.4717910433988178,0.000246622123906755,0.0001878335453290786,0.00019368789631030517,0.00022905057264593264,0.00020011380277511556
8d567d4e98f11507,Свобода воли,0.0002973787447692868,0.00023913016463136753,0.0002329259265509975,0.00025530403611973414,0.00025556035355121716,0.00027375158612516064,0.00024268527023477694,0.24264497737902,0.0002894077004764678,0.752489914597595,0.0002758206356129532,0.00025115962161302243,0.00026223028201663993,0.00024829429133433917,0.0004179657207666137,0.00030871122322827173,0.00023512214522430897,0.00024245038777414522,0.00028671588723270006,0.0002504940461230049
bb55640b12756ce1,Мастер & Margenta,0.0007397619135741572,0.0005948622551357811,0.0005794284927485721,0.0006350965573695605,0.0006357341641324852,0.0006809867820006257,0.0006037059785170303,0.0017065499025624526,0.0007199331232299103,0.0007814678219956546,0.0006861337947824056,0.9860342845182066,0.0006523263172617943,0.0006176589961131089,0.0010397351153938123,0.0007679527006637243,0.0005848918641898825,0.0006031216317676235,0.0007132369134429048,0.0006231311569118413
9498c3cc42194a0c,10. Сплин,0.0002948109814488358,0.0002370653718611797,0.00023091469918396187,0.9944384285162798,0.0002533537092325619,0.0002713878690105705,0.0002405897875881433,0.0006801394757264692,0.00028690879656603026,0.0003114317136741186,0.0002734390488120944,0.00024899095765351827,0.00025996604142908606,0.0002461503655398326,0.0004143567426328557,0.0003060456422931313,0.0002330919713333121,0.00024035692783627756,0.0002842402371974113,0.00024833114470081884
26bad073dbbc8cef,VOICE OF SATURN,0.00048541141812457434,0.00039033225235641904,0.0003802050498739354,0.00041673289203796477,0.00041715125963408197,0.00044684479426710495,0.0003961352655731011,0.0011198291049435676,0.0004724003168525776,0.0005127776938737077,0.00045022211943745777,0.9908360435492528,0.0004280385669171077,0.0004052908657022786,0.0006822455868224404,0.0005039094649893344,0.0003837899726834607,0.0003957518516801447,0.0004680064530111165,0.00040888152196686024
9e394db35fdf938e,Сплин,0.0002899637337240457,0.00023316757933017172,0.00022711802801123055,0.9945299056268786,0.0002491881029905779,0.0002669257235487484,0.00023663404927376443,0.0006689223246127884,0.00028219149757187725,0.00030631118071285714,0.00026894320108146984,0.0002448970633202531,0.0002556917031697035,0.00024210319745225127,0.0004075439366832604,0.0003010136723749535,0.00022925950241394847,0.00023640500212745,0.0002795667686150325,0.00024424810610697235
2bec693e47432ddf,Dav / 4SGM,0.00016281020406499802,0.000130920019299115,0.00012752329698889357,0.00013977496081177208,0.0001399152994700752,0.00014987470214904204,0.00013286639599993183,0.0003756059415702799,0.00015844618692952505,0.00017198904207874503,0.00015100748133993266,0.9969263405117172,0.0001435669713130083,0.00013593724274876378,0.0002288296765989523,0.00016901455810420623,0.00012872569253620498,0.00013273778618428655,0.00015697245639437454,0.00013714157370063286
1a66d068ad58c758,Враги,0.9922002340800102,0.00033498472313483194,0.00032629353322162133,0.0003576418522929626,0.0003580009062631638,0.0003834840174677027,0.0003399648834832896,0.000961009100844911,0.00040541587914286225,0.0004400679196559958,0.0003863824680547449,0.0003518361326579095,0.00036734442945740635,0.0003478222486217361,0.0005855059360730482,0.0004324571221786942,0.0003293700992579325,0.0003396358355634473,0.0004016450412042126,0.00035090379141324745
2299606bdf7692d0,Мастер (По ту сторону сна) - 2006,0.0007397618551511932,0.0005948621967549883,0.0005794284925799361,0.000635096498977058,0.0006357341057397971,0.0006809867235947673,0.0006037059201336637,0.0017065511826344119,0.0007199330648127171,0.0007814677635605525,0.0006861337363750493,0.986034284231233,0.0006523262588642773,0.0006176589377256814,0.0010397349986758795,0.0007679526422325557,0.0005848918058119915,0.000603121631592092,0.0007132368550276604,0.0006231310985228213
a9478558f7619116,БАРТО,0.9916051658816689,0.00036054165803190574,0.00035118736675021276,0.00038492735019817457,0.0003853138199640805,0.0004127410952537246,0.0003659017687124113,0.0010343292994913415,0.00043634619358074616,0.00047364193752645335,0.00041586067664298046,0.00037867869957090275,0.00039537018295019024,0.00037435858517135845,0.0006301758133110668,0.00046545048979448347,0.00035449868417514814,0.00036554760419841854,0.00043228766441020725,0.0003776752285972849
e35476365dd7bd49,Сфера,0.00026413773846763357,0.00021240020181456697,0.00020688946513521258,0.00022676617043328553,0.0002269938351115847,0.0002431516389810344,0.050136707367160575,0.6634406606489928,0.0002570577380463103,0.09586495903560627,0.00024498942917290125,0.00022308500211497417,0.00023291818081307378,0.00022053995984930123,0.18682318997150094,0.0002742035003906137,0.0002088402072754948,0.00021534927794364522,0.00025466680053891084,0.0002224938306508704
b99450cc5cc8cc7f,Сфера,0.0003102919401086633,0.0002495140276004393,0.00024304036019430906,0.0002663902343294324,0.00026665766944956914,0.0002856388108900529,0.0002532235148250846,0.0007158103989693449,0.00030197479227352667,0.9942078218759351,0.00028779773321149614,0.00026206581222031994,0.0002736172107933555,0.0002590760918860981,0.0004361152019294868,0.0003221165363607416,0.00024533195233783777,0.00025297840234475035,0.0002991660686758518,0.0002613713656644834
664884a080244124,Сфера,0.000185070479748236,0.00014882010605633312,0.00014495895952432357,0.00015888575196593531,0.00015904527004220045,0.00017036638229277833,0.0001510325935434184,0.00042693739819931305,0.884816126903794,0.00019550430362240528,0.00017165403746651248,0.0001563065126018102,0.00016319621793243116,0.11186831639462143,0.0002601165023299561,0.00019212313740671843,0.00014632576255582146,0.00015088640501995923,0.00017843457434172925,0.00015589230693470463
a397024b5a5f352d,Сфера,0.00013486159989066203,0.00010844581054898413,0.0001056321763439499,0.00011578068774110986,0.00011589692842209664,0.00012414666255621245,0.00011005806064519935,0.04116372876792616,0.00013124674463219877,0.0001424647707026367,0.9566125592251951,0.00011390117721086822,0.00011892173998848289,0.00011260175686421648,0.00018954793630025869,0.00014000089900234174,0.00010662817475278803,0.0001099515333661353,0.0001300259992031428,0.00011359934870752733
b6fbfd0bd18cb43a,Сфера,0.000889113264558372,0.0007149596390386062,0.0006964100185318043,0.0007633168838548995,0.983227895539486,0.0008184719697045409,0.0007255888253744481,0.0020510797586715188,0.0008652812397255603,0.000939239265865001,0.0008246581063262347,0.0007509256931185261,0.0007840251940382273,0.0007423588627641594,0.0012496483756102212,0.0009229955422339897,0.0007029763676586771,0.000724886549827145,0.0008572330979250285,0.0007489358056871042
526a1dcb327f2458,Сфера,0.0008889566619148595,0.0007148337747480103,0.0006962873561640067,0.0007631824617308883,0.9832308492167751,0.0008183278836178019,0.0007254610981513624,0.0020507181172344405,0.00086512888688556,0.0009390738725096254,0.0008245129141267044,0.0007507934832206084,0.0007838871042717619,0.0007422281664970157,0.0012494283168698699,0.000922833001493119,0.0007028525991678192,0.0007247589390383649,0.000857082200494124,0.000748803945088945
673565a5c8f3ae91,Сфера,0.443055031658688,0.00020323936852560838,0.00019796630815311888,0.0002169857314705353,0.0002172035736112017,0.00023266450117749677,0.00020626089867949586,0.5527958100985394,0.00024597081426712956,0.0002669946326612016,0.0002344230125767415,0.00021346332446416026,0.00022287241691901823,0.0002110280617894424,0.00035523367993768265,0.0002623770777709071,0.0001998329111636442,0.00020606126098224786,0.00024368300612890955,0.00021289766249408778
5c3bbeabcad277cd,Сфера,0.0002742764574957749,0.00022055300794055296,0.0002148307593353558,0.00023547040641260568,0.00023570680223335036,0.000252484822806741,0.0002238319467587084,0.3244581240198456,0.0002669246857137856,0.6710547204650309,0.00025439313152578164,0.00023164793910564543,0.00024185856509186237,0.00022900520990786285,0.00038549547429546425,0.00028472857247215853,0.00021685637102214175,0.0002236152978834085,0.0002644419838992427,0.0002310340812230789
8b6958875c8c8a10,Сфера,0.00013590614213243775,0.00010928575173310989,0.00010645032591471007,0.00011667743263996977,0.00011679457554467093,0.0001251082147672699,0.00011091048744153107,0.0394244262417682,0.00013226327428259024,0.00014356819031853928,0.9583346385478236,0.00011478337011413128,0.00011984281582391577,0.00011347387978657889,0.00019101604347697448,0.00014108524095202414,0.00010745403688120832,0.00011080313797470119,0.00013103308460835078,0.0001144792060154898
d374221a7df5ce44,Сфера,0.0004992207649669923,0.0004014366917926207,0.0003910214198728331,0.00042858841330581225,0.00042901868435716147,0.5223533180702724,0.00040740481088101527,0.4694116354239559,0.000485839492430724,0.0005273655674335211,0.00046303038278460964,0.00042163099676223215,0.0004402157143065954,0.00041682086093892707,0.0007016545634772199,0.0005182450085812607,0.00039470829330254893,0.00040701048306210764,0.00048132065686127135,0.0004205137006541899
58f377666d1329b5,Корж,0.00022232076282183207,0.00017877404724376338,0.00017413574144248072,0.00019086566817686854,0.00019105728776509754,0.0002046570689445616,0.00018143185225993216,0.0005128680816653963,0.0002163616235481328,0.0002348546600417723,0.00020620390817523954,0.00018776727489575368,0.00019604373352907694,0.00018562516056667936,0.995927587355283,0.0002307929446828042,0.0001757776483197185,0.00018125625432773596,0.0002143492104181688,0.00018726971589205335
588b978ed7b06f88,Корж,0.00022515943886402165,0.00018105670820999043,0.00017635917601286047,0.00019330271067470844,0.00019349678954077638,0.0002072702190204119,0.00018374844835027058,0.0005194297842238819,0.00021912420749600162,0.00023785337832021476,0.00020883680523369402,0.0001901647652206215,0.00019854688549040644,0.00018799530779624782,0.9958755759568328,0.0002337398143989569,0.00017802205223564784,0.0001835705948673972,0.0002170861101918945,0.00018966084701914693
ad4c3bda7c5835b3,Корж,0.00023261432249790682,0.00018705138075840585,0.00018219831778165115,0.00019970284300163376,0.5248273393977916,0.00021413279639277778,0.0001898322367757817,0.4713212713518067,0.00022637926434603247,0.0002457285501256138,0.00021575124560180832,0.0001964609969331616,0.00020512065116898778,0.00019421969674502746,0.00032693934218080284,0.00024147878035692594,0.0001839162438677704,0.0001896485043225748,0.00022427368985020475,0.00019594038769461174
402b98c6e8e54b88,Макс,0.0002223208061896384,0.00017877409066796793,0.00017413578487269246,0.00019086569703350017,0.0001910573311733938,0.00020465711233524456,0.00018143189568069453,0.0005128686630776831,0.0002163616523717441,0.00023485470339334574,0.00020620395156391912,0.00018776731830831095,0.00019604376237900237,0.0001856252039820109,0.995927586065437,0.00023079298803963802,0.00017577769174780377,0.00018125628319681295,0.00021434925379629923,0.0001872697447533422
02644ec3a6c096f8,Корж,0.0004990146953862582,0.0004012710211611064,0.0003908600278060982,0.00042841150780922773,0.00042884163332896155,0.0004593673029869158,0.00040723666625103134,0.0011512331218030102,0.0004856389820692279,0.0005271479137129858,0.00046283927362107013,0.00042145697274640096,0.0004400340354450045,0.0004166488452267347,0.0007013650182467679,0.0005180311386228835,0.0003945453877298316,0.00040684251306652934,0.990638873800648,0.0004203401423320112
b1c75f32247bbd46,Корж,0.00030772637630741397,0.0002474510002153251,0.000241030869366634,0.0002641876539174395,0.00026445290624776117,0.0002832771196546496,0.00025112981196753547,0.2815870254037658,0.00029947800090242006,0.0003250752582321141,0.5765636988008256,0.0002598990295607493,0.0002713549092528199,0.000256933989303068,0.0004325093496207021,0.00031945321268099595,0.13701852675276724,0.00025088673675765545,0.0002966925312918843,0.0002592102873622567
d56d4c90dfbd5050,Super Rags,0.0002899531567087705,0.00023315905654904754,0.00022710973831788382,0.0002489290683177969,0.6165829055483592,0.00026691596241995054,0.00023662539537806215,0.378616347741398,0.00028218118282143356,0.0003062999918222998,0.0002689333816592582,0.000244888118035029,0.0002556823499720307,0.00024209435414918612,0.0004075290473033682,0.0003010026583325486,0.00022925112531808805,0.00023639636279339826,0.00027955657039147307,0.0002442391899531622
8462db53ad2d8212,Корж,0.00022974302738678172,0.00018474249062546064,0.050304096616800714,0.00019723778100405923,0.0001974358034241647,0.0002114896326944547,0.00018748903307057584,0.44137274726466363,0.00022358493466465828,0.00024269536422119107,0.00021308810203299864,0.0001940359674364117,0.12866115800503136,0.0001918223305649798,0.29405215058440903,0.00023849805434553238,0.00018164604745346153,0.08250131184909308,0.00022150533545574783,0.00019352177562171247
e337c83bcfd0e09b,Вэ,0.00022515944191772028,0.0001810567106655509,0.0001763591784047112,0.0001933027132963539,0.00019349679216505402,0.00020727022183149004,0.00018374845084233746,0.0005194162288853209,0.0002191242104678481,0.00023785338154607344,0.0002088368080660188,0.00019016476779970895,0.0001985468881831754,0.00018799531034591224,0.9958755894632791,0.00023373981756902583,0.00017802205465005115,0.00018357059735705196,0.00021708611313609952,0.00018966084959140002
691ac6e77793d0e6,Корж,0.0002507518615807987,0.0002016362466556375,0.00019640479047157726,0.00021527418259512012,0.00021549030759893277,0.00023082927479317413,0.0002046339406217975,0.0005784537123658267,0.00024403063880703164,0.0002648886370793102,0.00023257391812956678,0.0002117795699223755,0.00022111443258873508,0.00020936350134521283,0.9954067957167174,0.00026030749131104473,0.00019825666685086617,0.0002044358745413441,0.00024176087515771254,0.00021121836086655547
8800b1277383929b,Корж,0.02025254364387389,0.00022624301817563997,0.00022037313905921976,0.0002415452600682239,0.0002417877677483606,0.0002589986389434786,0.00022960654803983423,0.38519748107172813,0.0002738110342396772,0.10316329996310963,0.000260956191787604,0.00023762418809441323,0.0002480982352255068,0.00023491328255897807,0.48746054968532965,0.0002920742417922369,0.00022245100714483152,0.00022938431117868523,0.00027126427431671985,0.00023699449758526978
de512d0e3a2865c2,Корж,0.00020197476807107037,0.00016241329567670293,0.00015819946897332367,0.00017339833147024354,0.000173572416011748,0.00018592758722327335,0.00016482786558414672,0.07965456507253094,0.0001965609760264725,0.000213361596748961,0.00018733286551242192,0.0001705834966293699,0.00017810251400368846,0.0001686374110259631,0.9171116470910512,0.00020967160982866937,0.00015969111286924555,0.00016466833295616766,0.00019473273181879443,0.00017013145598761666
dcc696e3027775a9,Корж,0.0008262679416518914,0.9843676886679074,0.0006471855391042714,0.0007093632585610571,0.0007100754293499541,0.0007606198229629986,0.0006743019875883918,0.0019061633298154354,0.0008041204487513415,0.0008728508961656332,0.0007663687030582513,0.0006978479196555335,0.0007286078187616581,0.0006898866243976173,0.0011613192976355684,0.000857755320162972,0.0006532877979375212,0.0006736493050337614,0.0007966412293801148,0.0006959986621186918
20b5431b3ad53303,Корж,0.00018031388476677564,0.0001449952083456456,0.00014123329093441734,0.00015480213676890913,0.0001549575657730726,0.00016598769906778763,0.00014715082717101286,0.26120537117685194,0.735829699642316,0.00019047954699873108,0.00016724226331607392,0.0001522891956706054,0.0001590018194392189,0.00015055181343438356,0.00025343111675644916,0.00018718528448000369,0.00014256496578031266,0.00014700839302694846,0.00017384854168983426,0.00015188562741178454
667508bc31e4a3de,Корж,0.00016362676459364032,0.00013157664083269396,0.00012816287834746016,0.00014047599448374388,0.00014061703162911493,0.0001506263906878989,0.00013353276724926004,0.14902887929863173,0.0001592408615289066,0.00017285164454905987,0.00015176485963838427,0.00013819560777928025,0.0001442870242067645,0.013962332336761982,0.8345256036619633,0.0001698622449644978,0.00012937131289791914,0.0001334035317057148,0.00015775975322380846,0.00013782939432484278
39597b2358680f2a,Корж,0.00021304833372266427,0.00017131784119000796,0.0001668729883906146,0.0001829051513638646,0.00018308876740529473,0.00019612134449964244,0.00017386478980716647,0.9962894756406322,0.0002073377264046725,0.00022505946837002321,0.0001976036605912764,0.00017993597898366168,0.00018786723736793323,0.0001778832133405852,0.0002994393465215284,0.0002211671662687708,0.00016844641401112743,0.00017369651148230533,0.00020540924865269244,0.00017945917099400412
3d3c3f283a679fe7,Корж,0.0002129261092303648,0.0001712195523269868,0.00016677726042275192,0.00018280021290624878,0.00018298374164617975,0.00019600883976542661,0.00017376504589124514,0.0004911957258331807,0.0002072187757824874,0.00022493036147555218,0.00019749029737474102,0.9959802413427744,0.0001877594615569194,0.00017778115588885468,0.00029926756290797965,0.00022104028560548329,0.0001683497839101577,0.00017359686942063126,0.00020529140387110314,0.00017935621140930422
bd16bc3fcaee9866,Корж,0.00024904060690044186,0.00020026017658981987,0.00019506441580637192,0.00021380503964594708,0.00021401969492480617,0.00022925397695282854,0.00020323741081956008,0.395743387857492,0.00024236525118861234,0.0002630809044101001,0.00023098671697178245,0.0002103342772633693,0.600138839270107,0.0002079346957995155,0.00035002646413570467,0.000258531015763923,0.00019690366128163184,0.00020304069805028227,0.0002401109705829653,0.00020977689531325475
9c8e8200cc1b03b7,Корж,0.0002455764979725988,0.00019747460251211399,0.00019235110585746776,0.00021083104914835344,0.0002110427213127758,0.000226065100351559,0.00020041042238203583,0.0005665419305084436,0.00023899399715534325,0.00025942148151960324,0.00022777374262640987,0.0002074085695647799,0.00021655076688925797,0.00020504236987938638,0.0003451576720906753,0.00025493489310725304,0.00019416476930725582,0.00020021644534699184,0.9953931829187554,0.0002068589437122959
c63f8e2087fee451,Абубакирова Гульфарида,0.0001086576113906508,8.737448307909197e-05,8.51075494366702e-05,9.328416840954131e-05,9.337782453216501e-05,0.9979569508530489,8.867346701539803e-05,0.00025065469240771586,0.0001057451257109648,0.00011478345813712153,0.00010078061634021939,9.176985979230564e-05,9.581490643651618e-05,9.072291501756615e-05,0.00015271824050794717,0.00011279832959766268,8.591001476949865e-05,8.85876398228507e-05,0.0001047615763523549,9.152666819484026e-05
bcb21bb4257412b9,ИСН,0.0004485892306581892,0.0003607225746002928,0.0003513635966610731,0.00038512052193181886,0.0003855071663595754,0.0004129482105195716,0.00036608536337230153,0.0010348551351148712,0.00043656512737587935,0.00047387958883565425,0.0004160693347255966,0.00037886872746238805,0.9915479258881955,0.0003745464589448884,0.0006304920607061702,0.00046568406574355503,0.0003546765733373857,0.00036573105330353915,0.00043250458963284825,0.00037786473251889407
82edabd555beb3c1,КрэФ,0.00021969211148010828,0.0001766602821705459,0.00017207682209593938,0.00018860893168831338,0.0001887982811960197,0.00020223726500764993,0.00017928665530298965,0.0005067960819554171,0.9958807725459501,0.00023207781318927232,0.0002037658126282293,0.00018554717983460732,0.00019372576307447536,0.00018343038563398492,0.00030877718404674783,0.00022806413331557577,0.00017369931687466136,0.0001791131382779443,0.00021181481107205333,0.0001850554852053506
f5f1c6e7b61942bf,Лилия Биктимирова и Фадис Ганиев,0.00043717052594941105,0.9917291461074103,0.0003424197343225326,0.0003753173696422846,0.000375694176982715,0.00040243672973464456,0.00035676678949715955,0.0010084790517788861,0.00042545250742289536,0.00046181713698291676,0.00040547842964682953,0.0003692247439024967,0.00038549949153046464,0.0003650124877817608,0.0006144430564532324,0.0004538302008875305,0.0003456483681613094,0.0003564214725052536,0.0004214953173044404,0.000368246302103012
aca8b36534c27c31,Алина Булатова,0.00010967211974098335,8.819027052358126e-05,8.590217112562732e-05,9.415513670310524e-05,9.424966594042921e-05,0.9979378754869049,8.950138347826909e-05,0.0002529949890510335,0.00010673243653837476,0.00011585516277629524,0.00010172157932894346,9.262668362771972e-05,9.670950703464199e-05,9.156996724429076e-05,0.00015414412412539182,0.00011385149510136075,8.671213069296908e-05,8.94147559305798e-05,0.00010573970492349775,9.238122920799034e-05
ce96742b7376f0a0,Эмир Камалиев,0.00030794659787013005,0.0002476280621925507,0.00024120333308724165,0.0002643767062854428,0.0002646421332326072,0.5330907971553385,0.00025130949320435514,0.0007103874008219848,0.46141868178763845,0.0003253078485212307,0.0002856223871760312,0.00026008499702198396,0.0002715490837290966,0.00025711786135713716,0.0004328188297433156,0.0003196818158754645,0.0002434776083773442,0.0002510662724809503,0.00029690483686809426,0.0002593957891781464
bd2a556785f585ea,Айгуль Бариева,0.00043717052594941105,0.9917291461074103,0.0003424197343225326,0.0003753173696422846,0.000375694176982715,0.00040243672973464456,0.00035676678949715955,0.0010084790517788861,0.00042545250742289536,0.00046181713698291676,0.00040547842964682953,0.0003692247439024967,0.00038549949153046464,0.0003650124877817608,0.0006144430564532324,0.0004538302008875305,0.0003456483681613094,0.0003564214725052536,0.0004214953173044404,0.000368246302103012
9abae6502f33c7f9,Зиннур и Ильназ Сафиуллинар,0.002249578207302104,0.0018089457562716202,0.0017620125708561508,0.0019312961618851731,0.0019332351754514372,0.0020708462325043767,0.0018358390921247537,0.005189401472033977,0.002189279961099234,0.002376403850638659,0.0020864980394182256,0.0018999448177763648,0.0019836909720281444,0.0018782695658017526,0.003161781411917299,0.0023353050518046294,0.9574097822689361,0.001834062245098944,0.0021689170590245077,0.0018949100880264976
87ea02932cfc69be,Гөлфәридә Әбүбәкерова,0.0001086576113906508,8.737448307909197e-05,8.51075494366702e-05,9.328416840954131e-05,9.337782453216501e-05,0.9979569508530489,8.867346701539803e-05,0.00025065469240771586,0.0001057451257109648,0.00011478345813712153,0.00010078061634021939,9.176985979230564e-05,9.581490643651618e-05,9.072291501756615e-05,0.00015271824050794717,0.00011279832959766268,8.591001476949865e-05,8.85876398228507e-05,0.0001047615763523549,9.152666819484026e-05
d6d2e0d2a27cf2ea,Зи,0.00024239131378638598,0.00019491331453204538,0.00018985627774650122,0.0002080965318527607,0.23652853705402754,0.0002231329933681088,0.0001978110658627112,0.609645229373279,0.00023589419069032744,0.00025605675236534006,0.00022481947265178082,0.00020471843646049787,0.00021374206250952325,0.00020238292735189048,0.1501536478204383,0.00025162834362417566,0.00019164641029900163,0.0001976196063571693,0.00023370011161397375,0.00020417594118295724
16321cfead2e3e82,Мишари Рашид Аль-Афаси,0.0004266081126680715,0.0003430469401098691,0.00033414658121942346,0.0003662493870816558,0.0003666170848790814,0.00039271350036320025,0.00034814697899143157,0.000984115884520032,0.09582109838836397,0.00045065922734390516,0.0003956817127477212,0.0003603039401250881,0.000376185493100072,0.00035619346059212985,0.0005995975281248919,0.0004428652796824391,0.00033729721641495146,0.00034781001483925547,0.8965913141089786,0.00035934915985420465
f33ca360638964ef,Фархетдинова Зайнап,0.0015555543475009074,0.0012508626416966471,0.0012184089625418663,0.0013354664233938024,0.0013368071785649102,0.0014319634263977846,0.9705889762878631,0.0035884033332479266,0.0015138588058151946,0.0016432526810742796,0.0014427864417231933,0.0013137873307938147,0.0013716967317494088,0.0012987992083648289,0.0021863310521135944,0.0016148333746254765,0.001229897174971357,0.0012682304095586986,0.001499778257173997,0.0013103059308292421
26d0aa5b89fd2cb4,Айсылу Мухамадиева,0.0007558820746528713,0.0006078249272990196,0.0005920548395186655,0.0006489359573058261,0.0006495874175551829,0.0006958261940958379,0.9857084603363466,0.0017436941262114272,0.0007356212068780459,0.0007984968416219618,0.0007010853735499016,0.0006384015330806132,0.0006665411583171908,0.0006311184147121122,0.0010623919682914065,0.0007846871881874203,0.0005976372461675717,0.0006162642828363218,0.0007287790698220116,0.0006367098435499614
519d9f1a8b3a395a,Гаяр Нуриманов,8.653862612082171e-05,6.958801796933351e-05,6.77825474151158e-05,7.4294689117758e-05,7.436928223025745e-05,0.998372846005614,7.062257176177134e-05,0.00019962997012176815,8.421902188386535e-05,9.141746096686248e-05,8.026512126013787e-05,7.308864101575987e-05,7.631026021006918e-05,7.225481632863174e-05,0.00012163000711138087,8.9836431862242e-05,6.842166021348096e-05,7.055421414453251e-05,8.343569233922125e-05,7.289496231290941e-05
d497ef672e903305,ИСН,0.00010902054785075738,8.766632671707902e-05,8.539181886239949e-05,9.3595758841073e-05,9.36897205514539e-05,0.00010035871733795883,8.896965436591824e-05,0.000251496717838163,0.00010609833429233712,0.00011516686170489181,0.00010111724314475139,9.20763861971633e-05,0.9979458979707451,9.102594171434534e-05,0.0001532285139509723,0.00011317509754429636,8.619696900248311e-05,8.888353613732382e-05,0.00010511149622675239,9.183238697479816e-05
6cc852f19e82b4c9,ИСН,0.00036884671795823186,0.20892603562072906,0.0002889041891510544,0.0003166603705206611,0.0003169782717040585,0.00033954133948231325,0.000301008968652575,0.7575687606276751,0.0003589600580933909,0.000389641378549304,0.00034210765739402417,0.0003115199057657795,0.0003252511530540039,0.000307965978336774,0.02789625346806886,0.00038290270583094297,0.00029162822074150113,0.00030071763927000535,0.00035562132441610566,0.0003106944046062185
2e6bc1247924cd67,ИСН,0.0003049586929151083,0.6958046558181076,0.00023886302969763483,0.0002618115620584542,0.0002620743987739249,0.00028072931541759234,0.00024887115391284363,0.2525073209119115,0.0002967845030781866,0.0003221515203023146,0.0002828511012557801,0.0002575614711234954,0.0002689143233887501,0.0002546231190439212,0.0004286193366631944,0.04693856121663284,0.0002411152443632373,0.0002486302614874255,0.00029402406272950295,0.0002568789571367273
78fd0c9ac226a073,ИСН,0.00016678196453741946,0.04123208444271475,0.00013063422656744807,0.00014318478596409776,0.0001433285443137171,0.00015353090514745298,0.00013610766674955412,0.1996652938417886,0.00016231150041454652,0.00017618472684955555,0.0001546913183546294,0.00014086042343485904,0.00014706928820174724,0.00013925342656623225,0.7565664143997025,0.00017313768721141954,0.0001318659587007794,0.0001359759282801641,0.00016080181218889014,0.00014048715231165974
8b1b43fdaa9beea5,ИСН,0.0003895642340794574,0.00031325896646195014,0.000305131459774978,0.0003344466426000004,0.0003347824134960059,0.0003586128047827071,0.2053748095819733,0.4571127648328681,0.00037912224524766107,0.0004115268870242021,0.00036132327364947383,0.00032901746848234897,0.0003435199655804965,0.00032526391831950557,0.0005475324062160028,0.0004044097198236502,0.0003080084898654458,0.2685346337569723,0.06320412532775953,0.0003281456050229023
aab81ddb9ddb7228,ИСН,0.00031584857077795726,0.00025398226587933123,0.000247392663743465,0.00027116068579606235,0.00027143292303257236,0.0002907539669980386,0.00025775816782797094,0.0007287106881341798,0.00030738249912915704,0.00033365534240906207,0.0002929515390799715,0.0002667588477510338,0.0002785170865710487,0.994034075328603,0.0004439250728924325,0.0003278849258083731,0.00024972530670573173,0.00025750868978741457,0.00030452348427684113,0.0002660519447964056
419bf6d8a7be6411,ИСН,0.000357420403017265,0.1620194833534527,0.0002799543848695383,0.0003068507200617904,0.0003071587841205968,0.00032902286308081894,0.0002916841894810563,0.8320429687611853,0.00034784003279394614,0.0003775709065731978,0.0003315096690863713,0.0003018695119506056,0.00031517537636151357,0.00029842565554261694,0.0005023542544811591,0.00037104096716061255,0.000282594044199309,0.0002914018532094946,0.0003446047053402652,0.0003010695640318194
3ff9f376d43b2ddb,ИСН,0.00035388967104330564,0.9933047113703088,0.0002771888800792871,0.00030381952634444577,0.0003041245345003796,0.0003257726338869398,0.0002888027932122586,0.0008163943762292132,0.00034440391739376427,0.00037384107525098906,0.00032823487625414515,0.0002988875037176318,0.00031206193520108176,0.00029547769879881454,0.0004973918174584004,0.00036737565904481587,0.00027980243326736074,0.00028852328001287037,0.00034120054595300416,0.00029809547204248074
c2456c2ce9c9a29e,ИСН,0.0006450039165100617,0.0005186648184200009,0.0005052080210204063,0.0005537454143764503,0.0005543013557914302,0.0005937574219775973,0.0005263757043089349,0.0014879480060491909,0.0006277150174399407,0.000681367642248923,0.000598245174794426,0.0005447562881490222,0.0005687681143983659,0.0005385414556835843,0.0009065527281102721,0.9879480218525721,0.0005099715617572616,0.0005258662708188393,0.0006218765557408372,0.0005433126798323102
5a7c3d1d6f40cbb1,ИСН,0.0004320566889855585,0.15828407657006316,0.0003384142654734607,0.0003709270584336775,0.0003712994710681124,0.0003977291847878518,0.0003525934487032403,0.47403880507945095,0.0004204757212548837,0.0004564149665656236,0.000400735290492615,0.00036490567931706707,0.0003809900867018962,0.0003607426962897977,0.36110695146936544,0.00044852148345479406,0.00034160512230384075,0.000352252177169059,0.0004165648356205086,0.00036393870449844397
ff37092c6bd2a58a,От Винта,0.0006009638476513838,0.0004832510623895883,0.0004707130724582847,0.0005159363560889444,0.0005164543461279817,0.000553216446698237,0.9886375109878852,0.0013863272597559161,0.0005848554575622525,0.0006348447268549343,0.0005573977363334999,0.0005075610293390895,0.0005299333794305759,0.0005017705887172904,0.0008446544996013173,0.0006238653636541961,0.00047515137805234853,0.0004899607767147829,0.0005794156599335044,0.0005062160247507049
c60bd2dc2a7c9406,Ot Vinta!,0.0006113739910723183,0.0004916221343565879,0.0004788669717612362,0.0005248736136639013,0.0005254005676778094,0.0005627995179177415,0.9884406851207099,0.0014103419812812443,0.0005949865536094205,0.0006458417777997825,0.0005670532178435538,0.0005163531752947558,0.0005391131299882567,0.0005104624429280784,0.0008592859766976456,0.000634672192067223,0.0004833821405294737,0.0004984480893170422,0.0005894525178292037,0.0005149848876547538
7671b4f820c8d80a,Ot vinta,0.0006113739910723183,0.0004916221343565879,0.0004788669717612362,0.0005248736136639013,0.0005254005676778094,0.0005627995179177415,0.9884406851207099,0.0014103419812812443,0.0005949865536094205,0.0006458417777997825,0.0005670532178435538,0.0005163531752947558,0.0005391131299882567,0.0005104624429280784,0.0008592859766976456,0.000634672192067223,0.0004833821405294737,0.0004984480893170422,0.0005894525178292037,0.0005149848876547538
5c0fdd31f7271875,9 ВАЛ,0.0009913454662893388,0.000797167277152028,0.0007764847571491154,0.0008510847406038677,0.6419558905152077,0.04604654231720479,0.0008090186475535867,0.0022869153575833727,0.0009647731461073925,0.001047235063434237,0.032638504003113175,0.22765811511860284,0.000874174089096916,0.0008277169266703781,0.0013933357081057016,0.0010291235175197133,0.03645348798773973,0.0008082355799176634,0.0009557996787798932,0.0008350501021685218
9006d7ad9b34ec15,От Вінта,0.0006113739910723183,0.0004916221343565879,0.0004788669717612362,0.0005248736136639013,0.0005254005676778094,0.0005627995179177415,0.9884406851207099,0.0014103419812812443,0.0005949865536094205,0.0006458417777997825,0.0005670532178435538,0.0005163531752947558,0.0005391131299882567,0.0005104624429280784,0.0008592859766976456,0.000634672192067223,0.0004833821405294737,0.0004984480893170422,0.0005894525178292037,0.0005149848876547538
6a3c948ffccbcc05,От Вінта,0.0006009639053518317,0.0004832510910855531,0.00047071310116483166,0.0005159364138611564,0.0005164544038997566,0.0005532165044389842,0.988637510153464,0.0013863273750011767,0.0005848555152762961,0.0006348447845267864,0.0005573977940707181,0.0005075610289107024,0.0005299334371909744,0.0005017705882937904,0.0008446545570960876,0.0006238654213353149,0.00047515140675514946,0.0004899608345089187,0.0005794156594444712,0.000506216024323453
b6ab4a9fdb5f8961,М8Л8Tx / Нежеголь,0.0004167841912548297,0.30636026957802737,0.00032645186926936315,0.0003578154079249071,0.05439829738012486,0.0003836701154334027,0.0003401298544546456,0.6108655830361241,0.022215924796284932,0.00044028145943078405,0.0003865699628453574,0.00035200686553668256,0.00036752269937780026,0.00034799106086781797,0.0005857900737647764,0.00043266699528821676,0.0003295299485361404,0.0003398006610336955,0.00040183995663459947,0.0003510740877856925
9fa4841e90c01e46,Сокира Перуна,0.00015914954159875112,0.0001279763873599515,0.00012465603344291863,0.0001366322442713872,0.9969978218823475,0.00014650490314376677,0.00012987899193295702,0.0003671432525724989,0.0001548836625051499,0.00016812200450727182,0.00014761220195041254,0.00013441424151017462,0.0001403389806140579,0.00013288080444831727,0.00022368463259386448,0.00016521441563630766,0.00012583140610415665,0.00012975329249816268,0.00015344306665584034,0.00013405805430648614
1510b2fe5b92ad92,Сокира Перуна,0.0007911571487120217,0.000636190586987051,0.0006196845807725445,0.09379503295968286,0.4308514417049797,0.0007282986313846089,0.0006456486925189599,0.0018250923046393363,0.0007699508152150088,0.000835760694067755,0.000733803272203662,0.3952794160537181,0.0006976469398346642,0.0671578338341851,0.001111971089479968,0.0008213065663072075,0.0006255275245496528,0.0006450237750107558,0.0007627893513749498,0.0006664234743760859
0f4feb5f6fb412f5,Сокира Перуна,0.0004023379091141383,0.000323530648347023,0.0003151366093076603,0.00034541306064824574,0.9924103705952458,0.0003703716021522042,0.00032834052174519055,0.0009281311174955189,0.0003915535434978336,0.0004250207349196294,0.00037317095394145765,0.0003398058587516804,0.00035478388239542063,0.0003359292287331894,0.0005654858252346725,0.0004176701845640729,0.00031810799382994145,0.00032802270793286383,0.00038791163585996674,0.0003389053862834213
72f559da30f2c956,Сокира Перуна,0.0001985773267842672,0.00015968131172738092,0.00015553838176903003,0.0001704815677861394,0.9962540722348131,0.00018280008325576746,0.0001620552818978953,0.0004580882329325025,0.00019325460038624895,0.00020977262365644102,0.00018418171474468784,0.00016771408475319533,0.00017510663176409014,0.0001658007408731679,0.00027910035828221114,0.00020614470049175362,0.00015700492367701246,0.0001618984268152783,0.0001914571188466795,0.0001672696547431567
5b0d161a3db1decb,Нежеголь,0.00024220141243650936,0.00019476060195277797,0.00018970753720902935,0.0002079334890587972,0.9954311443369446,0.00022295816539919048,0.00019765608354627457,0.0005587333601053603,0.00023570938170001333,0.00025585611340731967,0.00022464332066903048,0.00020455804169355782,0.00021357459663782846,0.00020222436583482384,0.00034041399556882895,0.00025143119657319266,0.00019149625844914174,0.00019746476953599342,0.00023351700492394686,0.00020401596835386188
f8b9eb8f2fa87d77,Молотх,0.00044282690362529444,0.33743570476566725,0.00034685015071537307,0.0003801734557181998,0.00038055512336462774,0.0004076436891659614,0.0003613828288379661,0.6552079557173041,0.0004309572551897385,0.0004677923740217728,0.0004107247371849829,0.0003740019591425789,0.000390487300632702,0.00036973522102782196,0.0006223930620546735,0.0004597021200423314,0.00035012057736603306,0.00036103302988704203,0.00042694884268346827,0.0003730108863681538
5fbfe86b48e8748d,Русич,0.0003892382583720614,0.00031299684136631994,0.00030487614463565825,0.0003341667941580159,0.00033450230313359535,0.0003583127301895544,0.0003176501366534038,0.0008979105525077447,0.00037880500025255765,0.0004111825477186036,0.9926840005634028,0.0003287421600107842,0.0003432325214183481,0.00032499175290459924,0.0005470742184154916,0.00040407131740171487,0.00030775075922855917,0.00031734268377189606,0.0003752816903476606,0.0003278710241106242
6b9604a0a0aee90b,Русич,0.0003892382583720614,0.00031299684136631994,0.00030487614463565825,0.0003341667941580159,0.00033450230313359535,0.0003583127301895544,0.0003176501366534038,0.0008979105525077447,0.00037880500025255765,0.0004111825477186036,0.9926840005634028,0.0003287421600107842,0.0003432325214183481,0.00032499175290459924,0.0005470742184154916,0.00040407131740171487,0.00030775075922855917,0.00031734268377189606,0.0003752816903476606,0.0003278710241106242
cf86b1e47a727360,Don't Smoke,0.00020692741714870236,0.00016639585458614548,0.0001620787091470921,0.00017765026124106256,0.00017782860949941198,0.00019048675198930117,0.000168869636315472,0.8155066295327921,0.13899711119704225,0.04231231311150343,0.00019192648925958305,0.00017476640657437586,0.00018246979696008128,0.00017277260517740877,0.000290836416444885,0.00021481299749806108,0.00016360692205467524,0.00016870618921708912,0.00019950781819040638,0.00017430327735846294
c2b589690ad0ec80,Гекто,0.14733379015466042,0.0001259765340272501,0.00012270807257011533,0.0001344971300258503,0.00013463215722384837,0.0001442155085111861,0.00012784940884823798,0.00036140693838999943,0.207272583079888,0.00016549479956485372,0.11345301092002387,0.000132313790147282,0.202944660770637,0.03974767830405699,0.1826782356938472,0.00016263264206238043,0.00012386506604553628,0.00012772565938258697,0.00015104524501292386,0.10455567812507452
83e9ba7647ecfeaf,Гекто,0.0001849845693338688,0.9965002607271077,0.0001448916632763321,0.00015881199388054567,0.00015897142463630699,0.00017028728300570414,0.0001509624738806378,0.0004267342584401589,0.00018002619424936316,0.00019541354683062727,0.0001715743414781453,0.0001562339479192289,0.00016312045143914661,0.0001544515714416213,0.00025999573583759063,0.00019203395241286248,0.00014625782594631967,0.00015081635812501536,0.00017835174930840047,0.0001558199314504296
06cff5989b4476d5,Гекто,0.00017587920311028905,0.00014142914791972437,0.0001377597664419187,0.0001509949066581403,0.00015114649394410505,0.00016190536409427586,0.00014353175394344025,0.005352917995698204,0.00017116489235886607,0.000185794833511991,0.0001631290636288202,0.688969544086324,0.00015509129949424011,0.00014684911007471877,0.3030101059670185,0.00018258159632388978,0.00013905868481885067,0.00014339284137438778,0.0001695728693343482,0.0001481501239272367
4927bc3e83238e19,Гекто,0.00022416175626812789,0.00018025444392769818,0.0001755777355898532,0.00019244619667362357,0.00019263940242194587,0.00020635180096799052,0.00018293426601009939,0.0005171234144914034,0.14886631727587202,0.00023679945238660256,0.3434794306931026,0.00018932214834440194,0.16531026762657186,0.09728034557016758,0.13972141647433342,0.00023270410752327923,0.0001772332339673395,0.00018275719833324574,0.00021612419632152156,0.10223579300672539
72b4ff927666f8bf,Гекто,0.8314413322290922,0.000152137179505665,0.00014818997311623794,0.00016242717185114267,0.0001625902551396452,0.00017416369710405262,0.00015439898333648028,0.16545276740882048,0.00018412429234784892,0.00019986192427577646,0.00017548006315008972,0.0001597904379830054,0.00016683372392495185,0.00015796749074312963,0.00026591426499371086,0.0001964053938393267,0.00014958723324639978,0.0001542495351904179,0.0001824117359196605,0.0001593670064197997
f9ae71b975f9fdc3,Гекто,0.0010795375689930905,0.5585320073010491,0.23341155885944176,0.000926799060440595,0.0009277295101117347,0.0009937669313318388,0.0008809906686299696,0.0024903997384547595,0.0010506013700242473,0.0011403992802439485,0.001001277933187611,0.0009117540064900904,0.0009519425055701018,0.000901352411536489,0.0015172897793526818,0.18959875242979787,0.0008535351564759186,0.0008801379844114819,0.0010408295821048488,0.0009093379223518568
933d350aefbe0c3c,Гекто,0.00025636265102852877,0.00020614804489378437,0.00020079951839538403,0.00022009113490314443,0.000220312105701185,0.00023599429482637163,0.0002092128087268119,0.9955350981353727,0.00024949103401002886,0.00027081575648271766,0.00023777798100345577,0.00021651832013353545,0.00022606206127003293,0.00021404820567101363,0.00036031761718116867,0.0002661321068866863,0.0002026928386845813,0.00020901031885820905,0.00024717049866064886,0.00021594456731001597
ad5ea8983b5b108f,Гекто,0.00014721153943133547,0.00011837672307170065,0.00011530543223576963,0.0001263832813855236,0.00012651017408580348,0.00013551537940602052,0.0001201366098644526,0.00033960223526708695,0.00014326564211391695,0.0001555109623139064,0.0001365396305071557,0.0001243316650734069,0.00012981198908589546,0.00012291324624606978,0.00020690576555625162,0.00015282146280032547,0.00011639263492192899,0.00012002033278628904,0.00014193310868991144,0.9972205121851573
447018c84d58b95e,Гекто,0.9535585272133752,0.00023326183699027834,0.0002272098553742293,0.0002490388055765986,0.00024928883658998665,0.00026703364616742877,0.00023672970399065738,0.0006691873581649937,0.00028230556141993105,0.00030643502395535357,0.00026905193864984483,0.04125521057412332,0.0002557950562506701,0.00024220107872722962,0.00040770870204102385,0.0003011353618225516,0.00022935218838499597,0.0002365005840799488,0.0002796798137738046,0.00024434686054198727
44ac62a8f3f0a47d,Гекто,0.0002212176887585523,0.00017788704193444127,0.00017327175746719684,0.2789308738665839,0.00019010933849416907,0.0002036416418441439,0.00018053166279843294,0.15533652628650763,0.0002152881046869675,0.17259723803698654,0.00020518079759550108,0.00018683565301851605,0.0001950710312308761,0.00018470416168184171,0.3399478975257059,0.050298836723947055,0.00017490551519964103,0.00018035692343696657,0.00021328568881133638,0.00018634055331039062
e584ec771de27b7e,ιllιlι.ιl,0.00020346569698685634,0.00016361218261923147,0.00015936725851704715,0.00017467831612153333,0.00017485368122975906,0.00018730006371681004,0.00016604457859759487,0.3262288157582839,0.0001980119454396208,0.18670733890602395,0.00018871571750682953,0.136273337047417,0.00017941721947554992,0.0001698822528517329,0.34791962870063303,0.0002112193493410674,0.00016086991819720702,0.00016588386726614976,0.00019617021162563237,0.000171387328149515
948f61b30dbd5577,Чечерина,0.00036102652255325313,0.0002903110547482612,0.00028277892530411016,0.00030994662313055217,0.0003102578012822545,0.0003323424860734402,0.00029462706544438895,0.0008328337476810558,0.0003513494699326797,0.00038138031525538236,0.0003348543794439156,0.9931843167771857,0.0003183552726265942,0.0003014365758903528,0.0005074226588941453,0.0003747845142340304,0.0002854452144934016,0.00029434190611681883,0.00034808154636703303,0.0003041071433426727
24d97b4fa4646d27,T9,0.00022271357721179847,0.00017908992280948609,0.00017444342397653374,0.00019120290674507073,0.0001913948610398844,0.0002050186683209651,0.00018175242826812266,0.5955345638346021,0.0002167439019616817,0.00023526960871465602,0.00020656824341288587,0.00018809904174116099,0.00019639011103874562,0.00018595314377400948,0.2737261084501144,0.09290828383012065,0.03467249900289468,0.00018157651018230642,0.00021472793803276768,0.00018760059503808676
c17a017b42fe7e4a,Сергей Хижняк,0.00037667638071695226,0.00030289551698218267,0.00029503687103751,0.00032338225762357003,0.00032370691087466096,0.00034674890979836845,0.00030739860745955104,0.0008689570838784421,0.00036657985378293537,0.9929686276117224,0.00034936970991138845,0.00031813268294743596,0.00033215540419179976,0.00031450328952051585,0.0005294185030528682,0.0003910307401321974,0.00029781873175936343,0.0003071010789803128,0.0003631702233949204,0.0003172896322325681
ea084eecdcfc2860,Агния Барто,0.0005543414371246349,0.0004457607166839858,0.0004341954360840335,0.00047591030715776354,0.00047638810476108886,0.0005102982595231576,0.00045238777555391265,0.0012788122322317582,0.0005394827087335209,0.0005855938299852801,0.000514155157494034,0.00046818472416421396,0.0004888214362422486,0.5812350739242512,0.0007791266849003882,0.40886981896877916,0.0004382894138670978,0.0004519499084075382,0.0005344649171279097,0.0004669440569270723
1dce7475cc7181f9,"Михаил Михайлов (Афган, запись 1987 - 88 г.г.)",0.0003218505480627577,0.000258808591828166,0.00025209381389333245,0.0002763134699955338,0.0002765908586192948,0.00029627907716709795,0.00026265626395116746,0.5079964090409056,0.00031322359015118015,0.0003399956814325302,0.00029851841332049686,0.00027182798739202414,0.0002838096567184651,0.48666685590017106,0.0004523608332524524,0.0003341156014023726,0.0002544707529649081,0.0002624020419777594,0.0003103102383501386,0.00027110763844367567
9113a10dc6533d56,●,0.00038906700096166195,0.00031285914272362206,0.00030474199687875313,0.00033401978172001946,0.000334355116063589,0.0003581550942038236,0.00031751037151355165,0.9932238727551457,0.000378638341528065,0.00041100165634993857,0.0003608620997552983,0.0003285975342328286,0.0003430815215116766,0.0003248487570420489,0.0005468335150192337,0.0004038935403342275,0.00030761535992960675,0.00031720306415946805,0.00037511657422097236,0.0003277267767059012
f6d63ccd943f9072,Вадим Мулерман,0.0005452756379039733,0.00043847066136425367,0.0004270945268555522,0.00046812720307172023,0.0004685972008362087,0.0005019527230301096,0.0004449893373993103,0.0012578825871594802,0.0005306599268788944,0.0005760169084912621,0.0005057465820051334,0.9897059337862154,0.00048082718353455433,0.0004552740782509235,0.0007663847168723354,0.0005660549582276693,0.00043112153661956093,0.00044455865891030783,0.0005257242082040786,0.0004593075781692131
fb96e7acc640cf4c,Семёнова Мария,0.8081126327847294,0.00031670177572379083,0.00030848492025807036,0.00033812231165949747,0.06752959734744053,0.0003625540463523466,0.00032141013527429155,0.0009085688636225417,0.11770544368308784,0.0004160496814593278,0.00036529428844408866,0.00033263344557272275,0.0003472953443846237,0.000328838655273234,0.0005535499154977838,0.00040885428314565476,0.0003113935862190576,0.00032109904442612124,0.0003797238804779846,0.0003317520069509913
4ccc184374697b5c,Квартет физфака пу Сергея Никитина,0.0006009906220390012,0.0004832725806078116,0.0004707340680456639,0.0005159593553749096,0.0005164773453627956,0.0005532411303250295,0.0004904572978996146,0.0013864173447338235,0.000584881535048613,0.0006348730112960614,0.0005574225941703803,0.9886541026615931,0.0005299570176186316,0.0005017929491178285,0.0008446921347575262,0.0006238931835182283,0.0004751725478244354,0.0004899826144125699,0.000579441446918729,0.0005062385593352466
4bca52b39819cb7f,Стас Михайлов,0.0005066168786824561,0.00040738413020935865,0.00039681452035350524,0.0004349380675018859,0.0004353747414092878,0.0004663654630062247,0.00041344063781601864,0.4528145261342249,0.0004930373795417725,0.0005351786817050105,0.00046989031550870146,0.0004278775940787947,0.00044673766353973195,0.00042299621192929044,0.5390741067913309,0.0005259230225887912,0.0004005560217873802,0.0004130404601149539,0.0004884515468144,0.000426743737856556
002fdd4db0e8fdac,Вадим Мулерман,0.00040687420744647194,0.0003271784008988411,0.00031868974468497973,0.000349307527991514,0.0003496582291564585,0.0003745475053844845,0.00033204249508938117,0.0009386012892422675,0.00039596824522780065,0.0004298127702901354,0.00037737840593328,0.9923187718966512,0.0003587840264411053,0.0003397167679009623,0.0005718615850465231,0.000422379360784868,0.000321694627936185,0.0003317211305862013,0.00039228530091926116,0.0003427264823881328
17c74794efa4a7d9,Песни нашего века,0.000600992677970285,0.0004832742254298547,0.00047073565427067443,0.0005159611176273293,0.0005164791076313009,0.0005532430101505182,0.0004904590011524346,0.0013864123819282113,0.0005848835322719845,0.0006348751846948504,0.0005574244741257192,0.9886540737584006,0.0005299587803057317,0.0005017946527226634,0.0008446950131639646,0.0006238952983683877,0.00047517416329110967,0.000489984259442985,0.0005794434439731651,0.0005062402630781346
fb7a16dec2903ba5,Звери,0.00038906700096166195,0.00031285914272362206,0.00030474199687875313,0.00033401978172001946,0.000334355116063589,0.0003581550942038236,0.00031751037151355165,0.9932238727551457,0.000378638341528065,0.00041100165634993857,0.0003608620997552983,0.0003285975342328286,0.0003430815215116766,0.0003248487570420489,0.0005468335150192337,0.0004038935403342275,0.00030761535992960675,0.00031720306415946805,0.00037511657422097236,0.0003277267767059012
bf960976b240c4e9,Мельница--Сонный рыцарь-,0.000448696433144533,0.0003608087672599273,0.00035144754866009507,0.00038521253448597036,0.00038559926621140576,0.6549199073301181,0.0003661728364088999,0.33767848525399974,0.0004366694490125473,0.00047399281491144774,0.0004161687676509245,0.0003789592559445213,0.00039566308043012234,0.00037463593984352956,0.000630642679609394,0.00046579534215547916,0.0003547613110214794,0.00036581843904130306,0.00043260792188433493,0.00037795502820625
a8c9332443804576,Ляпис Трубецкой,0.0003687547815943064,0.00029652553079059297,0.00028883216554359857,0.00031658141820985485,0.0003168992611627811,0.0003394567102826994,0.0003009339464819804,0.0008506807465443625,0.0003588705671606599,0.00038954426021139445,0.0003420223586221566,0.00031144226349621014,0.0003251700755471264,0.0003078892094371368,0.0005182847132975354,0.0003828072468949152,0.993018512425538,0.0003006426753279756,0.0003555326777340363,0.00031061696612269773
b02c6106fec3785a,Чичерина,0.0003610265513838946,0.000290311083632413,0.00028277895419396155,0.0003099466519998458,0.00031025783015131264,0.00033234251492578686,0.00029462709432527486,0.0008328339798814916,0.0003513494987706438,0.00038138034407062216,0.0003348544082943615,0.9931843160256435,0.000318355301489525,0.000301436604766086,0.0005074227167178389,0.0003747845430542612,0.00028544524338123547,0.00029434193499792055,0.0003480815461036399,0.00030410717221638505
ed0ddbcf6c83f7df,Чичерина,0.00036102652255325313,0.0002903110547482612,0.00028277892530411016,0.00030994662313055217,0.0003102578012822545,0.0003323424860734402,0.00029462706544438895,0.0008328337476810558,0.0003513494699326797,0.00038138031525538236,0.0003348543794439156,0.9931843167771857,0.0003183552726265942,0.0003014365758903528,0.0005074226588941453,0.0003747845142340304,0.0002854452144934016,0.00029434190611681883,0.00034808154636703303,0.0003041071433426727
96d7c924b17aa290,Звери,0.00038906702983902637,0.0003128591716453453,0.0003047420258052012,0.0003340198106294256,0.0003343551449727999,0.0003581551230991811,0.0003175104004325675,0.9932238721770134,0.0003786383704114997,0.00041100168521453537,0.00036086212864908015,0.00032859756314539086,0.00034308155041580806,0.0003248487859567933,0.0005468335729085971,0.00040389356920296173,0.00030761538885438225,0.0003172030930786628,0.000375116603106457,0.0003277268056189703
627a96c8ac732800,Хром,0.000163702488823978,0.00013163753458213893,0.0001282221857166753,0.00014054100700255044,0.0001406821023647327,0.00015069610413383832,0.00013359456334435446,0.5754159963959693,0.4142032034570718,0.0001729316330890305,0.00015183508247521666,0.0001382595578603338,0.007833368639212343,0.00013668224675290208,0.00023008378219468837,0.00016994085087858224,0.00012943117331831136,0.00013346525503284956,0.00015783275586537222,0.00013789318431106995
e2378218aa0a7182,Хром,0.00018321381836788702,0.00014732711101521026,0.0001435047016203736,0.0001572917813444934,0.0001574496987126104,0.00016865723344417014,0.00014951740686662012,0.9064382591755973,0.00017830291127193348,0.0001935429559291881,0.00016993196653757983,0.00015473840069287273,0.00016155899908721364,0.00015297309348280615,0.09062833169171446,0.00019019572472625087,0.00014485779676937766,0.0001493726880842829,0.00017664448786842968,0.00015432835686696037
65372b26a21c28e0,Хром,0.00024249577716114828,0.05170963803343939,0.0001899381076309014,0.0002081862215984226,0.00020839523073072435,0.00022322916022217749,0.00019789631624398375,0.21849417935814552,0.00023599585944657976,0.0002561671106345702,0.00022491636727053733,0.00020480667067626935,0.0002138341829905141,0.28515061152344273,0.44116047471285397,0.00025173680970085174,0.00019172901161421788,0.0001977047694077735,0.00023380083427596596,0.00020426394251374583
295f47abfac09aa2,Хром,0.00013656672684576182,0.0001098169479900264,0.00010696774149702438,0.0001172445576039502,0.000117362268033795,0.00012571631068092928,0.0001114495781186941,0.8289949018023328,0.0001329061638530161,0.11339174503027664,0.00012666650698919682,0.00011534129098446117,0.00012042532945039687,0.00011402543418897145,0.05557106965713993,0.00014177100049856767,0.00010797632735897623,0.00011134170478250427,0.00013166997878498346,0.00011503564258929982
89e920c5215c38f9,Хром,0.00020947444655236845,0.0001684439757723226,0.00016407368718579735,0.00017983691549507732,0.00018001746107416196,0.030906408937764727,0.00017094821440411735,0.5702002193523139,0.058123484756502815,0.00022128409484308223,0.00019428885641200645,0.1032033373147291,0.0001847157643216163,0.0001748992187341611,0.10226283579752307,0.00021745708735992978,0.1326890791183761,0.00017078275915835347,0.00020196350599031602,0.00017644873548696934
af74e4f772385540,Хром,0.00042159992647221144,0.0003390197451399758,0.0003302238677666762,0.0003619497834761157,0.0003623131739576229,0.00038810324614108846,0.0003440598890456659,0.6096006948793417,0.00041029925665934496,0.0004453687082239011,0.0003910365925483145,0.00035607412668054036,0.00037176924271987874,0.2488869652376837,0.0005925585588354834,0.1349592858023384,0.00033333751243058474,0.0003437268829677062,0.0004064830163191539,0.0003551305512519849
da8449addf3b8343,Хром,0.0002660992553972369,0.09707117291862379,0.00020842584654619546,0.00022845015237707878,0.00022867950508277516,0.0002449573044164072,0.00021715868255480438,0.2857234697593915,0.6130438235341167,0.0002811012884908841,0.0002468087443469795,0.00022474164092548283,0.00023464785591201964,0.00022217771021537208,0.0003740024201947685,0.0002762397561880825,0.0002103910678869473,0.00021694849471893873,0.00025655797329271604,0.00022414608932131244
9a4d3ab26ef18ba0,Хром,0.0002508129374062265,0.00020168535767490294,0.00019645262058872094,0.00021532661232067757,0.9952686956701879,0.00023088550356047143,0.00020468377942797186,0.0005786012474626964,0.00024409006983746253,0.0002649531480581609,0.00023263056901365282,0.00021183114086210234,0.0002211682887743865,0.00020941450460618312,0.00035251748241775716,0.00026037089605222125,0.00019830494819546638,0.00020448566967914253,0.00024181975307063387,0.0002112698008032592
64f793fb4a48eee5,Хром,0.00017319533691856538,0.9967232993983666,0.00013565760128601517,0.00014869075995486988,0.00014884004802718503,0.0001594347281341989,0.00014134150562424927,0.00039954080735185376,0.0001685529711794039,0.00018295967033541685,0.0001606397720242875,0.00014627701964460674,0.0001527246520166957,0.00014460823540082476,0.00024342599623512247,0.00017979545878376197,0.0001369366998597973,0.0001412047030930245,0.00016698523541736055,0.0001458894003462093
92455e27f01caec3,Хром,0.0003891980301182656,0.027105853786802685,0.0003048446262001909,0.00033413227532920595,0.00033446772606621206,0.00035827570620654866,0.0003176173073685856,0.2514020406351866,0.0003787658789056257,0.00041114007644794183,0.00036098361380009874,0.7153553688930024,0.00034319707043165844,0.0003249581662437416,0.0005470177065776578,0.00040402957438203475,0.0003077189785937529,0.00031730988361923675,0.00037524291857132813,0.0003278371461461692
9fc94a1b32153c5d,Чарли Z,0.00027635976356743525,0.04457479050851383,0.00021646253690191182,0.4969751626666861,0.0002374971561217021,0.00025440261111315404,0.000225532090991486,0.454096355300683,0.000268952169194215,0.00029194026665339785,0.0002563254430185218,0.00023340745668817633,0.00024369564638865985,0.0002307446598800724,0.0003884235700013534,0.00028689127584685,0.0002185035303610695,0.00022531379770719995,0.0002664506076097555,0.00023278894207213113
d2b36eebe66a91aa,Чарли Z,0.00039343625004755936,0.00031637259221867074,0.0003081642930216995,0.0003377708643951096,0.00033810995313921557,0.0003621772213131634,0.0003210760333693199,0.993147776091629,0.00038289050570475323,0.0004156172406759753,0.0003649146113153629,0.00033228770248715716,0.0003469343513512051,0.0003284968410859016,0.0005529745501104669,0.0004084293218213226,0.0003110699322754376,0.0003207652917573708,0.0003793291862247717,0.0003314071660565568
a83d67ed827939d2,Чарли Z,9.721023889459744e-05,7.816934956854466e-05,7.614124194304282e-05,8.345643124715861e-05,8.354022117191056e-05,8.948675196827084e-05,7.933148002714388e-05,0.9983069523419587,9.460459487910693e-05,0.00010269071551936513,9.016311041088029e-05,8.210165526601191e-05,8.572054910096702e-05,8.116501400140255e-05,0.00013662896015640417,0.00010091472709172535,7.685916792994784e-05,7.925469684931241e-05,9.372466242602212e-05,8.188408958956762e-05
7eceb9e38004c26c,Чарли Z,0.00035058554122919226,0.0002819151669897759,0.00027460085024030834,0.0003009828624031482,0.000301285047486627,0.0003227310207066675,0.00028610635157049564,0.9938940795480543,0.0003411883505637731,0.00037035068086297156,0.00032517027104053285,0.0002960969111545285,0.0003091483498115217,0.0002927189458363113,0.0004927478341773191,0.000363945626020279,0.000277190043514565,0.00028582942861284365,0.0003380148978701929,0.00029531227185465483
0e486aea6140d279,Чарли Z,0.000466201419951356,0.00037488497492227445,0.0003651585615994595,0.0004002408153849441,0.00040064265199253813,0.0004291610603529557,0.00038045832963493114,0.4569971198274858,0.5353370581688124,0.0004924846831226221,0.0004324047406303202,0.0003937435886311876,0.00041109907673190127,0.00038925161589808933,0.0006552459423935403,0.00048396738849774984,0.0003686016031256122,0.00038009010795322766,0.0004494852557268658,0.00039270018715231063
317a2d089b99e93b,Чарли Z,0.00013538306879906412,0.00010886513651306245,0.00010604062442638695,0.0001162283689592759,0.00011634506076306187,0.0001246267009242574,0.00011048361501522956,0.0003123165979219775,0.00013175422873250815,0.00014301563535805629,0.00012556864636122775,0.00011434159680622942,0.00011938157241869307,0.00011303714862276799,0.0001902808654057622,0.0001405422464205953,0.00010704046465589531,0.9974401810567152,0.00013052876834190747,0.00011403859683884803
fab818d343d05480,Чарли Z,0.00018122487679070692,0.00014572775053186003,0.0001419468283511621,0.00015558424269544318,0.00015574044294979945,0.00016682630998654516,0.00014789425417158585,0.00041806496037394557,0.00017636727297971585,0.0001914418780936065,0.00016808720430734476,0.00015305858324448504,0.00015980512747071978,0.00015131244076999024,0.00025471150853002096,0.00018813098276363596,0.0001432852407225445,0.0001477511215367947,0.0001747268501668475,0.9965783121235633
92dca5da37144320,Чарли Z,0.0002923900412867341,0.00023511861967089729,0.00022901845661285044,0.0002510211859696628,0.0002512731960456153,0.00026915924666085037,0.3858760122192702,0.6092702344422657,0.0002845527287410503,0.00030887427675953646,0.00027119360447457877,0.00024694627122612126,0.0002578312205789922,0.00024412902034816835,0.000410954102693046,0.00030353241402819483,0.0002311778444862037,0.00023838315278147234,0.00028190608452266925,0.0002462918715774563
9c1a9d717aa85fa2,Чарли Z,0.00021555941009194994,0.00017333707779223354,0.00016883983814230017,0.00018506095757506882,0.00018524674185003807,0.00019843292883169733,0.0001759140469851337,0.07658691346547117,0.00020978150022291892,0.00022771212020290216,0.000199932721758752,0.00018205680242023577,0.00019008152767700497,0.00017997982241067304,0.9199617968548849,0.00022377395050362625,0.00017043180288713936,0.00017574377504956423,0.00020783029239856488,0.00018157436284413678
ac664ffade5f1dcd,Чарли Z,0.00019427431590460882,0.0001562211584989299,0.00015216799889759974,0.0001667873771687506,0.00016695482606145017,0.00017883895351863773,0.00015854367333100063,0.043323402439753675,0.00018906694201438907,0.0002052270334525125,0.00018019065185400564,0.0001640798623059027,0.0001713122080101148,0.00016220799119583774,0.0002730524933856179,0.0002016777193765869,0.00015360275956715806,0.00015839022338109908,0.7490031905588033,0.20464081081351887
b9c3862881b3f2f2,Король и Шут,0.0003076893658278423,0.000247421211307402,0.00024100185211727956,0.0002641558557840454,0.00026442107899371856,0.0002832430211083022,0.00025109958626890453,0.0007098180431119067,0.00029944198047606325,0.0003250361220729314,0.00028538381158717073,0.0002598677555682191,0.00027132223755007987,0.9941882593106526,0.00043245728454905307,0.00031941477537020426,0.00024327423556690827,0.0002508565401782669,0.0002966568311842721,0.0002591791007248869
956d54bab10df90b,Король и Шут,0.0006120769102497083,0.000492187333529708,0.0004794175316353657,0.3787488493048384,0.0005260046497598224,0.0005634465574654155,0.000499504619452021,0.6111164818679462,0.000595670613411817,0.0006465842783818911,0.0005677052050665148,0.0005169468381541985,0.0005397329282164092,0.000511049353665479,0.000860273881987594,0.0006354018869006453,0.00048393788091100737,0.0004990211465630645,0.0005901302329652055,0.0005155769788995989
0fa556a3b487a6ae,Король и Шут,0.0004069437394836001,0.000327234311758405,0.0003187442002907199,0.0003493672225114493,0.0003497179818866286,0.00037461150745657075,0.00033209924999572766,0.0009387660238114478,0.00039603591453973765,0.00042988623151272824,0.0003774428736874298,0.00034369584621182645,0.000358845321741266,0.9923135339655837,0.0005719592616985913,0.0004224515413843645,0.00032174960743292744,0.0003317777981786969,0.0003923523299198976,0.0003427850709142112
cbb80c9cf31775f3,Король и Шут,0.00030498666195450394,0.0002452479072386556,0.00023888492228833712,0.00026183554795428836,0.00026209844285255844,0.00028075504575385697,0.0002488939477756394,0.0007035968532289357,0.0002968117161911726,0.00032218105932231583,0.00028287703511816186,0.0002575851081753723,0.000268938978000847,0.0002546464653354273,0.00042865864449962647,0.000316609072821309,0.0002411373404677198,0.9942333017299105,0.00029405101416912007,0.00025690250694167087
bbfb82ce375fd414,Король и Шут,0.000406943768350559,0.00032723434067176085,0.0003187442292090177,0.00034936725141192216,0.00034971801078689726,0.0003746115363423495,0.00033209927890625175,0.0009387660814726766,0.0003960359434130457,0.0004298862603663328,0.00037744290257156043,0.00034369587511560046,0.0003588453506362218,0.9923135333879812,0.0005719593195733297,0.0004224515702422966,0.00032174960724564453,0.0003317778270894081,0.00039235235879534977,0.00034278509981851534
dae6b792126aac0e,Король и Шут,0.3988591045590946,0.0003519372151302792,0.00034280617888417117,0.00037574094827023355,0.00037611819214038736,0.000402890923596178,0.1776671800756184,0.35259928167306664,0.00042593266020717334,0.06450909714275284,0.0004059360284326478,0.00036964142537105964,0.0003859345654220132,0.00036542442563599297,0.0006151364973007245,0.00045434239490046904,0.00034603847956795074,0.0003568237194162653,0.00042197098839008687,0.00036866190680186537
c24fb6900d2ec66c,Король и Шут,0.0004992232738422738,0.00040143874524330956,0.0003910233871023733,0.0004285905803293987,0.00042902088043953325,0.0004595592952628883,0.0004074068637069228,0.14302616541394947,0.00048584197360301476,0.0005273682479853957,0.0004630327208255612,0.0004216331354103371,0.0004402179674244474,0.0004168229709867593,0.0007016581571059187,0.0005182476318802766,0.0003947103183537812,0.00040701253592929595,0.00048132308029896526,0.84869970282032
fbfdf7c2c4f5a9d9,Король и Шут,0.0005541248382011688,0.0004455865527548578,0.0004340258125238937,0.0004757243848342131,0.0004762020078074734,0.0005100988907201906,0.0004522110212856387,0.001534808930144502,0.0005392719307964029,0.0005853650651974184,0.000513954275234711,0.0004680017996497192,0.000488630507868474,0.00046266267271854035,0.0007788223054921915,0.0005752414139417542,0.00043811816043176513,0.00045177332876873775,0.9893486144744322,0.0004667616271960864
9e228a957de33cfb,Король и Шут,0.0004122998642822159,0.0003315413014102282,0.0003229394603090358,0.0003539655415801408,0.00035432089936170423,0.0003795420759381536,0.00033647029719465166,0.29263410934586265,0.00040124847010624277,0.00043554430862903444,0.0003824107241852942,0.00034821951393643544,0.00036356840896281363,0.08689142304319271,0.0005794873186043891,0.4769100703679834,0.00032598441956688165,0.00033614462532113035,0.13755341326571527,0.00034729674785762693
58b48ffbed283c9a,Король и Шут,0.0003727097239874141,0.00029970581774901715,0.8173045901120679,0.0003199768112402659,0.0003202980593359842,0.0003430974191134656,0.00030416149798656887,0.17649609682112877,0.0003627195135702755,0.0003937221666983151,0.0003456905996331794,0.0003147825048547493,0.00032865758205579554,0.00031119135394165067,0.0005238433615334333,0.0003869129177884901,0.0002946824963754905,0.000303867083623796,0.00035934579738476445,0.0003139483599307247
ea2b7c2f59005693,Король и Шут,0.001016665611203631,0.000817527945870715,0.0007963171321933475,0.0008728224886253779,0.0008736987467630212,0.0009358901407170295,0.0008296819966499508,0.002345318467787526,0.0009894146466902657,0.0010739826955757175,0.0009429637685846373,0.0008586536960553723,0.0008965015981926595,0.0008488578704779754,0.0014289232370917203,0.0010554086307609184,0.0008038255130854044,0.0008288789637505933,0.0009802120153921783,0.9808044548345319
fce1894ea91cad26,Король и Шут,0.9879201596265653,0.0005188055504529521,0.0005053450863363147,0.0005538956333050554,0.0005544516911202514,0.0005939185246517445,0.000526518531608189,0.001488357747557631,0.0006278853160019479,0.0006815524912685184,0.0005984074414998648,0.0005449040626000862,0.0005689224656627608,0.000538687600488991,0.0009067986890559763,0.0006697653228719099,0.000510109907512293,0.000526008923508949,0.0006220452828546204,0.0005434601050766313
f5f9d3b9a6f16d95,Король и Шут,0.00036147429909795927,0.0002906711386874159,0.00028312966661924474,0.00031033103863955527,0.0003106426242570491,0.0003327546966160216,0.0002949925046570678,0.965522137185662,0.00035178525532094583,0.00038185335472058914,0.00033526970419454997,0.00030529334007104526,0.0003187501367394399,0.0003018104554800591,0.0005080520199599405,0.0003752493461612067,0.000285799244645607,0.0002947069669685538,0.028530812680628233,0.00030448434087344817
e5c02190df6adc0a,Король и Шут,0.0006225618307030482,0.0005006185876881727,0.0004876299849430023,0.0005344785655180038,0.0005350151819344538,0.0005730984747346673,0.0005080611937036369,0.0014362692345548432,0.0006058745095221798,0.3986847628024692,0.0005774299977447701,0.0005258021899436853,0.0005489786174634944,0.0005198036577622281,0.0008750104306707696,0.000646286399755964,0.0004922277788932343,0.0005075694553929556,0.5902941122334127,0.0005244088731890951
4bb4c9087085feb2,Король и Шут,0.000239357387132116,0.00019247364716908246,0.02535005161196802,0.00020549186360585762,0.00020569816611302466,0.00022034011439396372,0.00019533512129667064,0.8315625987292038,0.00023294157852046476,0.0002528517567985598,0.00022200547926859988,0.0002021560406861326,0.00021106671701618396,0.00019984976579363956,0.0003364167140890276,0.0002484787897516705,0.00018924763300431845,0.000195146062809465,0.13933687248036145,0.00020162034101791368
f0dab98a06a438d0,Король и Шут,0.0003276172953011674,0.0002634457907225956,0.00025661069759737597,0.00028126429165037706,0.00028154668613113095,0.0003015876429729397,0.0002673624097943229,0.000755809226306939,0.0003188357670034921,0.0003460875474401209,0.00030386711329362446,0.0002766984534008515,0.00028889482160477156,0.9938118348534137,0.00046046598508733594,0.0003401021115828729,0.0002590302446609102,0.0002671036185212256,0.00031587023205384613,0.00027596521146040906
951be5e44b5aaa28,Король и Шут,0.0002679985934913153,0.00021550480853537243,0.00020991352702436075,0.00023008076124095988,0.0002303117583070552,0.00024670573970456345,0.00021870868865664855,0.9953324425342862,0.0002608150998734696,0.0002831076991833964,0.0002485703927255613,0.0002263457799529154,0.0002363227024354993,0.0002237635430007539,0.00037667193012166423,0.0002782114752423089,0.00021189277635980366,0.0002184970019790318,0.00025838920867399343,0.00022574597920513184
76fc52a5d4baae82,Король и Шут,0.13221585381942602,0.00028469863834496077,0.00027731211548481934,0.0003039546051531648,0.00030425975880699557,0.0003259174900528464,0.0002889312082902733,0.42123996036977385,0.0003445570377491635,0.0003740072902787074,0.0003283808090901929,0.000299020400082764,0.00031220068051804984,0.00029560905289855225,0.000497612913700485,0.0003675389932438744,0.44101195297874946,0.0002886515495912118,0.0003413522695477739,0.0002982280192168417
65bf4c5b09967519,Король и Шут,0.00032182362459219177,0.0002587869657302061,0.00025207271171496175,0.000276290359470198,0.00027656774809186815,0.0002962543075728463,0.00026263431768205355,0.9943950067264609,0.0003131973943414404,0.0003399672735297622,0.0002984934399825422,0.0002718052552503139,0.0002837859349561543,0.00026870438748241533,0.00045232302396498996,0.00033408768830907006,0.00025444947614562896,0.00026238009571056176,0.0003102843044968463,0.0002710849645150591
1fc46f54c8bffcd8,Король и Шут,0.0002924007246862919,0.00023512722169728747,0.000229026840312657,0.00025103035564550096,0.0002512823948272616,0.0002691690858670811,0.00023862282470455198,0.0006746063276707146,0.0002845631501446518,0.00030888557146885196,0.0002712035310082608,0.0002469552953508398,0.00025784065224272924,0.00024413794258737917,0.0004109691234934692,0.0003035435340726219,0.00023118630096252642,0.9944712318380701,0.0002819163894901854,0.00024630089569704206
802a1fbf916deeaf,Король и Шут,0.0003727094564774292,0.00029970560953878733,0.00029192973517877855,0.0003199766027267948,0.0003202978508177075,0.0003430971811502935,0.00030416128970968496,0.5803952403755609,0.0003627192753135692,0.00039372189887399724,0.0003456903616312149,0.0003147822964189818,0.0003286573443086342,0.0003111911455596045,0.0005238430044510903,0.00038691265006603437,0.41340820330707545,0.00030386690445514773,0.00035934555917852684,0.0003139481515074355
39b0503b961e38f6,Король и Шут,0.00021441754675999357,0.0001724188607096016,0.0001679454423174038,0.00018408063351129636,0.00018426544281734236,0.00019738178127293017,0.00017498218033637372,0.9651898431421424,0.00020867023927641196,0.00022650587981272194,0.00019887361437822353,0.00018109239799975703,0.0001890746175180756,0.00017902643368495662,0.00030136379144532043,0.00022258856280875632,0.0001695289815838548,0.00017481282516284904,0.03128251512147733,0.00018061250498441957
01c0551ed0a5d4dd,Король и Шут,0.00041184957164848603,0.00033117922212795006,0.0003225867524219616,0.00035357895697220754,0.00035393393640555364,0.0003791275517665716,0.000336102804621798,0.0009500996448311473,0.00040081022640924,0.2037441806637079,0.0003819930568127627,0.0003478391866265306,0.00036317131791473287,0.00034387090829929355,0.5867949943478677,0.000427544307573899,0.00032562836475282734,0.20268750948164269,0.00039708225841906446,0.0003469174391776903
a7ad3e595fc29b87,Король и Шут,0.00010585775224637954,8.512304012650515e-05,8.29145176760891e-05,9.088044745027334e-05,9.097168796305503e-05,9.744720323335449e-05,0.39843692273044107,0.40500556351050204,0.00010302031054207002,0.04979347672278781,0.013128288708917723,8.940515238702334e-05,9.334597128764913e-05,8.838518677272699e-05,0.02938960817378023,0.00010989176889247746,8.369630480666067e-05,0.1029339704742839,0.00010206210325891329,8.916823264402514e-05
f1f04a8a52f7b36e,Паук,0.00012307874226865986,9.89708978429018e-05,9.640308878061082e-05,0.00010566492418192471,0.0001057710076410049,0.00011329996464507374,0.00010044227833072697,0.0010216522213572043,0.00011977970676232911,0.00013001761912654193,0.00011415630845278585,0.00010394963177374666,0.00010853154226324896,0.00010276373075097432,0.00017298712440462952,0.0001277690135919126,9.731206686424791e-05,0.00010034506426373312,0.00011866561943922217,0.9969384394472586
469fd233b616422b,Паук,0.00033688183442044553,0.00027089564700578234,0.0002638672461535158,0.9936448333305552,0.0002895083917060613,0.00031011608768802626,0.00027492300620119006,0.0007771328555959555,0.0003278519630280812,0.0003558743841308783,0.00031245999391773854,0.00028452305077010016,0.000297064328620707,0.0002812771294691468,0.0004734872774008365,0.0003497197094249587,0.0002663552163525967,0.00027465690986342486,0.0003248025508021132,0.00028376908689323855
078d3388e4a70f50,Паук,0.00045995306932970927,0.0003698605316310563,0.0003602644747853961,0.991323121202467,0.0003952729779507625,0.0004234091644727469,0.00037535917656995643,0.0010610513937840827,0.0004476243665095813,0.0004858840877045534,0.0004266093634871626,0.00038846637775706637,0.00040558926729437406,0.0003840345919395711,0.0006464638914301405,0.000477480938670993,0.0003636613574875782,0.00037499587345152073,0.0004434609471148286,0.00038743694616192193
b2da92dd87766582,Паук,0.00033688183442044553,0.00027089564700578234,0.0002638672461535158,0.9936448333305552,0.0002895083917060613,0.00031011608768802626,0.00027492300620119006,0.0007771328555959555,0.0003278519630280812,0.0003558743841308783,0.00031245999391773854,0.00028452305077010016,0.000297064328620707,0.0002812771294691468,0.0004734872774008365,0.0003497197094249587,0.0002663552163525967,0.00027465690986342486,0.0003248025508021132,0.00028376908689323855
78097ab94f178195,Паук,0.0002810283340933492,0.00022598236761090526,0.00022011925542593793,0.00024126698637587168,0.00024150920300568672,0.0002587002536394089,0.00022934201194705963,0.0006483097117495739,0.2317094363846532,0.00029687202289141045,0.0002606555362877555,0.00023735042569008366,0.0002478123942125145,0.00023464263439884159,0.00039498522665244647,0.00029173775793509536,0.00022219472234257182,0.00022912003703139735,0.0002709517439432459,0.7632579829901137
65e669047c3b9436,Неизвестный исполнитель,0.00033688838129236864,0.00027090091360100303,0.0002638723963645003,0.9936447097255905,0.00028951403656876017,0.00031012213991321006,0.0002749283600900908,0.0007771478697354352,0.0003278583353169581,0.0003558813092685994,0.0003124660752363855,0.0002845286083433569,0.00029707011896914034,0.0002812825997452666,0.000473496501220997,0.0003497264890707463,0.0002663603956564071,0.0002746622637535027,0.00032480886489681584,0.0002837746153659986
141f2f0865a84a7a,Агата Кристи,0.0009357963592292092,0.0007524987820030861,0.0007329751733625323,0.0008033950432774625,0.0008042016269368083,0.0008614460747213899,0.982306723921491,0.00215880460415741,0.0009107130451529613,0.000988554218150493,0.0008679570098721038,0.000790353265953483,0.0008251906136262925,0.0007813366070986833,0.0013152615201763428,0.0009714576364465117,0.0007398862862326663,0.0007629469420438779,0.000902242374226621,0.0007882588958411268
93ae0b17b1580cb5,А. Грейчайник (ДМЦ),0.00047884911245987143,0.00038505532936789936,0.00037506506168630656,0.000411099065443385,0.0004115117868435728,0.9909963139109019,0.00039077990702885004,0.001104685891329003,0.00046601391638184973,0.0005058454459649846,0.00044413557853199555,0.000404425557435271,0.0004222519146814197,0.0003998117274111702,0.000673022263984278,0.0004970970677740774,0.00037860149706168354,0.00039040167366612236,0.0004616794540130908,0.00040335383803321787
4654e1fe09954426,Агата Кристи - Чудеса (1998),0.0007395832562124234,0.0005947186423215103,0.0005792886056011876,0.000634943222894189,0.0006355806550185722,0.0006808223869499478,0.986016557889482,0.0017061606845023755,0.0007197592975878621,0.0007812791518986109,0.0006859681190375974,0.0006246359262343831,0.0006521687914144249,0.0006175098530148035,0.00103948409859014,0.0007677672905254643,0.0005847506381329883,0.0006029760396913513,0.000713064717778752,0.0006229807331114756
79cff479f127dc57,Пальчики,0.00021290085427049326,0.00017119924646519954,0.00016675747858402768,0.00018277853876266678,0.00018296203839240108,0.9959968960745719,0.00017374444890284242,0.0004911336012186007,0.0002071942049606327,0.00022490368001153041,0.00019746687649169558,0.0001798114326957704,0.0001877372051646786,0.00017776007854792075,0.0002992320749562962,0.00022101406993770494,0.00016832981284198092,0.00017357627243806532,0.00020526706594675706,0.0001793349448388299
aa51c27c9f230fa9,✔Слот,0.00021290083979293446,0.00017119923197307662,0.0001667574640903535,0.00018277852427458789,0.00018296202390438626,0.9959968964224197,0.00017374443441160842,0.0004911335431824729,0.0002071941904810809,0.00022490366553816355,0.00019746686200874654,0.00017981141820665528,0.00018773717612641794,0.00017776006405808922,0.00029923204595697463,0.00022101405546297968,0.00016832979834885588,0.00017357625794677258,0.0002052670514665322,0.00017933493034954836
17b7651d116df741,Лавров Василий,0.9194215815070159,0.00015197777193318626,0.00014803469806303016,0.07720203675993396,0.00016241989056993403,0.0001739812114476551,0.0001542372039305495,0.00043599271192724324,0.00018393137353513704,0.00019965250448689996,0.00017529619513666648,0.00015962301274081894,0.00016665890671069736,0.00015780197169808587,0.00026563564005535964,0.00019619959728061438,0.00014943050308119298,0.0001540879158470485,0.00018222060689505244,0.00015920001771097127
dea1795b8827a6b9,Неизвестен,0.00018115499589654724,0.00014567156634899054,0.00014189211426951455,0.9965825689113149,0.00015568038700998835,0.00016676198928652528,0.0001478372403245334,0.00041789638053152953,0.0001762992697422908,0.00019136806721550828,0.00016802240327480435,0.00015299957529635075,0.0001597435140913406,0.0001512541023751928,0.0002546132881029376,0.00018805843821547092,0.00014322998809338338,0.00014769415135903379,0.0001746594873689233,0.00015259412988226045
2ed319f7c4e0f658,Уматурман,0.00015635368222484576,0.0001257281601924595,0.00012246614490151272,0.00013423194959513927,0.0001343667148723892,0.00014393116419604882,0.00012759733901736812,0.0003606956193049907,0.00015216273094010481,0.0001651685187931899,0.00014501902164463696,0.9970482467698436,0.00013787358067138128,0.00013054641539380672,0.00021975504809654498,0.00016231200714287019,0.00012362085384385812,0.00012747383692169592,0.0001507474554223963,0.0001317029869811676
ba4ccfc9650192f0,Slot,0.0002129008687418558,0.00017119926095233987,0.00016675749307284857,0.0001827785532454261,0.00018296205287509094,0.9959968956977368,0.0001737444633890198,0.0004911336592404345,0.00020719421943415437,0.00022490370903026523,0.00019746690552081112,0.00017981144717965232,0.0001877372196455618,0.00017776009303257883,0.00029923210394690883,0.00022101408440599785,0.00016832982733020691,0.00017357630147621985,0.00020526708042100785,0.0001793349593228921
e6a16150a9a79595,трол фейс,0.00033688183442044553,0.00027089564700578234,0.0002638672461535158,0.9936448333305552,0.0002895083917060613,0.00031011608768802626,0.00027492300620119006,0.0007771328555959555,0.0003278519630280812,0.0003558743841308783,0.00031245999391773854,0.00028452305077010016,0.000297064328620707,0.0002812771294691468,0.0004734872774008365,0.0003497197094249587,0.0002663552163525967,0.00027465690986342486,0.0003248025508021132,0.00028376908689323855
b6de28b260019683,TROLLFACE,0.00033688183442044553,0.00027089564700578234,0.0002638672461535158,0.9936448333305552,0.0002895083917060613,0.00031011608768802626,0.00027492300620119006,0.0007771328555959555,0.0003278519630280812,0.0003558743841308783,0.00031245999391773854,0.00028452305077010016,0.000297064328620707,0.0002812771294691468,0.0004734872774008365,0.0003497197094249587,0.0002663552163525967,0.00027465690986342486,0.0003248025508021132,0.00028376908689323855
cb79e9dabf449645,Animal ДжаZ,0.00036512607934266337,0.0002936076037684342,0.00028598996684614915,0.04368635833697246,0.0003137808665383893,0.0003361163111767268,0.0002979726255581539,0.42315026018042257,0.0003553391592170489,0.5275033946817765,0.00033865675554636593,0.0003083775655509829,0.00032197027733923793,0.0003048594652651927,0.0005131846056212931,0.0003790403011602623,0.0002886865241692961,0.0002976842356893417,0.00035203409897966977,0.00030756035905927034
749d456af00746dd,ROTOFF,0.00045995306932970927,0.0003698605316310563,0.0003602644747853961,0.991323121202467,0.0003952729779507625,0.0004234091644727469,0.00037535917656995643,0.0010610513937840827,0.0004476243665095813,0.0004858840877045534,0.0004266093634871626,0.00038846637775706637,0.00040558926729437406,0.0003840345919395711,0.0006464638914301405,0.000477480938670993,0.0003636613574875782,0.00037499587345152073,0.0004434609471148286,0.00038743694616192193
cccf9e6b3d02d5c4,Андрей Грейчайник (ДМЦ),0.00047884917593546785,0.0003850553918116472,0.00037506509491631954,0.00041109909906981697,0.0004115118204745452,0.9909963248130977,0.0003907799404317459,0.0011046741455348482,0.00046601397971624296,0.0005058455097375743,0.00044413561252187037,0.00040442559098828606,0.00042225194843054694,0.0003998117609134274,0.0006730223295960213,0.0004970971314504242,0.0003786015303306017,0.0003904017070648572,0.00046167951729979956,0.00040335390067827205
c276af3040f30a61,«Полкино»,0.0008672915690554519,0.0006974122584579419,0.0006793178811286555,0.0007445826463009329,0.0007453302073753751,0.0007983840516320852,0.0007077806156569735,0.00200074235463141,0.0008440444743709647,0.0009161873485801853,0.0008044183823201135,0.0007324955913019282,0.0007647826860041153,0.0007241390075090221,0.0012189779890710393,0.0009003422901483271,0.9835799267050016,0.0007070955114098207,0.0008361938898321368,0.0007305545402118851
801551c524530c8c,Василий Лавров,0.9501397178451527,0.0001799577423242757,0.000175288732017143,0.045862286897767474,0.00019232231340638418,0.0002060121417338297,0.00018263315513765156,0.0005162637962864649,0.0002177941851969586,0.00023640967591656947,0.00020756922550106135,0.00018901053089688294,0.00019734176287617246,0.00018685422846675652,0.0003145406998661586,0.00023232106864915598,0.0001769415091625668,0.00018245637850166036,0.00021576845707986714,0.0001885096540602994
c59e2a440218863f,Балабама,0.00042684895275582434,0.0003432406308384467,0.028779637734400225,0.15811297663312338,0.00036682404727980954,0.0003929352187663171,0.00034834352196581604,0.14929896938535037,0.0004154075964542874,0.00045091365925258606,0.00039590509011015957,0.0003605073517713272,0.0003763978689453886,0.00035639454387517363,0.0005999360721601749,0.00044311528770126906,0.6574125442026116,0.00034800635408217356,0.0004115438300411143,0.00035955201851448087
f9b6b73b38ec2b1d,Коля RotoFF,0.0002658158599258634,0.00021374962567049084,0.00020820387719588118,0.9949854658672825,0.00022843596892075285,0.00024469643622144756,0.0002169273996021858,0.0006131986828873028,0.0002586908651275574,0.00028080191436970155,0.00024654589701171586,0.0002245022958848477,0.0002343979603056874,0.0002219411010453558,0.0003736041181479589,0.00027594556275835027,0.00021016700297610012,0.00021671744460602556,0.00025628473546959334,0.0002239073845906265
c8bc1bb1d7fa9ce7,Паук,0.00045407807728504643,0.00036513627701948977,0.0003556628056228188,0.00038983276880678744,0.0003902241280132876,0.00041800096920312674,0.9914146619920174,0.001047519613293397,0.0004419068554394036,0.0004796778937582481,0.00042116027729736407,0.00038350449014664187,0.00040040866419267676,0.0003791293113325446,0.0006382066031062289,0.00047138207975220864,0.00035901632357687437,0.0003702060478483363,0.000437796608792836,0.00038248821349521196
62dfd4085b106feb,Паук,0.7795452863508381,0.0004832581566405555,0.00047071999302515725,0.20971850604455236,0.0005164619326576912,0.0005532245543440218,0.0004904426994808314,0.0013863733728270299,0.0005848640285000871,0.000634854050748994,0.0005574059600814999,0.0005075684419117762,0.0005299411395739108,0.0005017779435159256,0.0008446668927901304,0.0006238745137474447,0.00047515835649452606,0.0004899679577747944,0.0005794241730710299,0.0005062234374241111
0c3dd6043e092628,Паук,0.00043212584288662584,0.00034748390091440785,0.0003384684365161677,0.000370986437112734,0.0003713589079325019,0.00039779286922689614,0.00035264988899461096,0.5297369922589468,0.22412995848627235,0.00045648804802340357,0.0004007994404127159,0.0003649640979307298,0.0003810510654882997,0.0003608004457649513,0.000607352758075586,0.0004485932848172873,0.000341659787920358,0.00035230855927322963,0.00041663151662480006,0.23939153396686563
b781582067ee12d6,Паук,0.0006115264854703705,0.0004917447233130473,0.0004789863898163888,0.0005250045226239407,0.0005255316512023237,0.0005629398523079141,0.0004990554309167538,0.24859687740229902,0.0005951349752907154,0.000646002824897011,0.0005671946577069932,0.0005164819897250316,0.0005392475880345903,0.7412631527868431,0.0008595002601057792,0.0006348305046445541,0.00048350269313269243,0.0004985724237454395,0.0005895995431410838,0.0005151132947833247
d9bff76d7383f0e2,Паук,0.00041191449895566545,0.0003312314260144917,0.0003226376169947599,0.0003536347129273918,0.0003539897505906065,0.16660277719921823,0.00033615579461978174,0.8266023627286169,0.00040087343589980464,0.00043513723340077916,0.00038205329653542044,0.00034789404000389154,0.000363228587869198,0.00034392512114412796,0.0005789456768985986,0.0004276117096885282,0.00032567972428102784,0.00033583044286659893,0.0003971448564959659,0.00034697214697823457
261a9581da3a2980,Паук,0.0007257936992064861,0.0005836301043603099,0.0005684877890617499,0.15232518079466548,0.0006237302344576314,0.0006681284181702556,0.0005923068292000321,0.5739826471149349,0.07264579720074649,0.0007667121707959195,0.0006731782237146161,0.1903481304975807,0.0006400091125255903,0.0006059963977200071,0.0010201028623066748,0.0007534522330144948,0.0005738479578492955,0.0005917335419565717,0.0006997695782839607,0.0006113652394488946
17f54252b620a202,Паук,0.0005290416934058044,0.00042541653226099,0.0004143790778649195,0.0004541901249903101,0.0004546461238603717,0.0004870086267673004,0.0004317411446206288,0.5835610729099322,0.0005148611413603102,0.000558867768081642,0.0004906895341639712,0.4076717684826854,0.00046651201888934374,0.00044171965601904863,0.0007435679159710047,0.0005492023848325068,0.0004182862093627512,0.00043132324266918553,0.0005100723383173136,0.00044563307394500986
e53d24f50db1e730,Паук,0.00047240312419354324,0.0003798719204551124,0.0003700161412524615,0.13099778988093494,0.0004059722352091515,0.0004348700392076967,0.00038551943135729463,0.0010897817388984493,0.0004597406880399328,0.0004990360390367873,0.00043815685114618086,0.00039898140792897263,0.00041656777556302695,0.8604848849175308,0.0006639624378514639,0.0004904054146622875,0.00037350496287505343,0.00038514629115272113,0.00045546457871170805,0.0003979241239923259
495678950b8e4d38,Паук,0.4063175542706265,0.0005488017641080577,0.0005345631217324857,0.0005859207332937262,0.0005865089799470695,0.00062825767031952,0.000556960732384243,0.00157443023510219,0.0006641883300426906,0.0007209584394574616,0.0006330061351410557,0.0005764092517346311,0.0006018163732430883,0.0005698333572988353,0.0009592279035548564,0.0007084897757316881,0.5814437587964167,0.00055642167120706,0.0006580106342369682,0.0005748818244211162
369795772c044b8c,Паук,0.00044887700659404387,0.00036095394784935327,0.000351588974578219,0.00038536755289265826,0.0003857544301486956,0.0004132131110623592,0.00036632019994443606,0.7451837194411601,0.00043684519087009875,0.00047418357545061433,0.0004163362434136244,0.21676147610515917,0.00039582231920165593,0.0003747867087778114,0.0312470135055986,0.0004659827846152546,0.00035490407581392135,0.00036596565704719334,0.00043278203380712435,0.0003781071360150073
a19fa3708f8e8b62,НОМ,0.001706452058855792,0.06931767137163578,0.0013366016147687261,0.0014650143554102157,0.0014664851466433656,0.0015708720922320242,0.0013926039060030255,0.0039365674968359,0.001660711778639552,0.0018026575681389808,0.0015827449421208365,0.0014412322176354426,0.8999025575545913,0.0014247901826025826,0.002398417657365964,0.0017714814273261928,0.0013492042723384483,0.0013912559329391785,0.0016452653274776669,0.0014374130964390905
1eec8d6c1fd16c52,Habib Hakimov,0.0004991477123876717,0.0004013779586827519,0.0003909642002031408,0.0004285256928643042,0.00042895590570629925,0.0004594897252011997,0.00040734520463274297,0.0011514522442635212,0.990640984758306,0.000527288440207164,0.0004629626272448733,0.00042156929498217367,0.00044015130579715784,0.00041675988677356327,0.000701551940609402,0.0005181692201670021,0.0003946505497493981,0.0004069509350230483,0.00048125022369714454,0.00042045217350151224
449bec166a0250e6,Dareen,0.0004998448197327655,0.0004019385375307372,0.0003915102268772368,0.000429124165573847,0.0004295550187108007,0.0004601314760757288,0.0004079141073244546,0.7042648104805256,0.00048644684131816387,0.28755774174255666,0.000463609209441518,0.0004221580759433908,0.0004407660478366891,0.0004173419446304868,0.0007025317093832729,0.0005188928706779334,0.0003952017278930479,0.0004075192847321881,0.000481922330407332,0.00042103938282813644
2c78c23b1ce8dd1d,Женщины деревни Кеба (Лешуконский,0.000789898372197614,0.0006351783269381099,0.0006186986313342223,0.0006781394828311249,0.0006788202796684374,0.0007271399166874195,0.000644621472672624,0.0018222227006788718,0.0007687257418971223,0.0008344309021860538,0.0007326357096925949,0.0006671310165982347,0.0006965369463384782,0.0006595201317088746,0.0011102019918663294,0.98524062969164,0.000624532261620841,0.0006439975447229701,0.0007615757452907514,0.000665363133429386
ed14dbd73b2ca52f,СИЛЕН Radio Beograd 2 - 2016-12-30,0.000545566623975026,0.0004387046900689274,0.000427322472735021,0.9242294062517556,0.0004688472660815353,0.0005022206583927879,0.00044522682953122784,0.0012585553650859625,0.0005309431129632522,0.0005763243676671625,0.000506016496469848,0.0004607737177946645,0.00048108379727572834,0.0004555170420156482,0.0007667937505022363,0.0005663570621896195,0.03243206521350539,0.03392271781143913,0.000526004774889619,0.00045955269566158336
63ddb2874d010f84,НОМ,0.0006573513711723981,0.0005285937486951024,0.0005148793246062321,0.0005643458853460101,0.0005649124205380078,0.0006051239045221262,0.0005364522489726358,0.0015164588870619298,0.0006397315038792651,0.0006944112011987728,0.0006096975134994232,0.987590064314419,0.0005796561889539395,0.0005488508888207675,0.0009239070812261304,0.0006824016795833038,0.0005197340765997984,0.0005359330366113269,0.0006337812836525335,0.0005537134406412862
482e385d82d47872,НОМ,0.00020791705541094808,0.0001671916455784062,0.0001628538508430582,0.00017849986555104963,0.00017867907237770932,0.00019139775121197,0.00016967725808849472,0.00047964774821865574,0.00020234399231224966,0.0002196388990003982,0.0001928443715810374,0.0001756022155828313,0.0001833424516473394,0.00017359888262200428,0.0002922273553726035,0.9961150363374375,0.00016438936885760383,0.00016951302518182146,0.0002004619641104186,0.00017513688901392375
5103d701a50b1158,НОМ,0.00038059370764595153,0.0003060455543536879,0.0002981051852608969,0.00032674533397091183,0.00032707339235331964,0.0003503550310213031,0.00031059547266058487,0.0008779724741387223,0.0003703921746155798,0.0004020506525290308,0.0003530030721836307,0.9928149151342628,0.0003356097205923637,0.0003177740489784003,0.0005349243382258695,0.0003950973689665577,0.00030091597504586687,0.00031029485919075784,0.0003669471250428336,0.00032058937896099765
737f249ef640897d,НОМ,0.0003805937653883905,0.0003060456121872516,0.0002981052431041666,0.00032674539177917294,0.0003270734501611797,0.00035035508880070464,0.0003105955304885869,0.0008779725894808467,0.0003703922323704887,0.0004020507102452416,0.0003530031299597954,0.9928149139206845,0.0003356097783897893,0.00031777410679762754,0.0005349244539873226,0.00039509742669126795,0.00030091603288570076,0.0003102949170191273,0.0003669471828019536,0.00032058943677678355
0077ef7bd3a4cc22,НОМ,0.0003650382652098801,0.0002935369915422074,0.0002859211592217334,0.00031339075201904435,0.0003137053935373097,0.0003360354534852047,0.0002979009654998709,0.0008421186550376373,0.00035525367360181954,0.00038561822448088566,0.00033857528661960314,0.00030830337323499993,0.0003218928251010296,0.0003047861461400145,0.0005130611361023636,0.00037894911068299554,0.9930888641558078,0.0002976126338449403,0.0003519493992391574,0.0003074863995915602
fd9b1a5ac9889a23,НОМ,0.00046024141331690133,0.0003700923826664784,0.00036049030107048624,0.000395124064240303,0.00039552074946316694,0.0004236746027650305,0.00037559449110871195,0.0010617054435258463,0.991370473864106,0.0004861886723247741,0.0004268767809257659,0.00038870987082379713,0.0004058435292377195,0.0003842753491273518,0.0006468691505076797,0.0004777802552724753,0.00036388933754724894,0.0003752309551498863,0.0004437389587997855,0.00038767982802059836
3553449d9896fb13,НОМ,0.0003805937653883905,0.0003060456121872516,0.0002981052431041666,0.00032674539177917294,0.0003270734501611797,0.00035035508880070464,0.0003105955304885869,0.0008779725894808467,0.0003703922323704887,0.0004020507102452416,0.0003530031299597954,0.9928149139206845,0.0003356097783897893,0.00031777410679762754,0.0005349244539873226,0.00039509742669126795,0.00030091603288570076,0.0003102949170191273,0.0003669471828019536,0.00032058943677678355
9ea22550e1bf94b4,О. Васильчак та С.Роговський,0.000990114578261146,0.000796177584515134,0.0007755206740557306,0.0008500280557128369,0.5602424451608758,0.000911448666457622,0.0008080142294255428,0.0022841262485228248,0.000963575317682953,0.0010459347968120503,0.42199846433362426,0.0008362292886532238,0.0008730887680766481,0.0008266892853376116,0.0013916057831084496,0.0010278458338698214,0.0007828329536508426,0.0008072321512506724,0.0009546129672258861,0.0008340133228808721
1ad257c01d7ba503,storm in life ♛,0.0006454858231471151,0.0005190523693785815,0.0005055855019407288,0.0005541591590768084,0.0005547155079500789,0.0005942010857514156,0.0005267690178906496,0.6353362180549774,0.0006281840600388626,0.0006818767321687592,0.0005986921564425707,0.0005451632806852816,0.0005691930933033396,0.0005389438497624858,0.0009072300982673835,0.000670083975417675,0.0005103525933848708,0.0005262591769426504,0.0006223412327161986,0.35396549323075716
a6d813106c6015f3,Антонина Матвиенко,0.0009129471565192443,0.0007341251699152603,0.0007150782241906535,0.000783778696636602,0.5820540232334654,0.000840412253989902,0.0007450392821570303,0.0021060674899454008,0.40161274309735867,0.0009644168788756836,0.0008467642820993597,0.0007710553154721431,0.0008050420739166619,0.0007622588563744179,0.0012831469310175142,0.0009477377046415101,0.000721820651124693,0.0007443181473668494,0.0008802124449983507,0.0007690121099345751
acf654007caff152,♡ Акула ♡,0.00046014031173547,0.0003700110706857934,0.0003604111135624897,0.0003950372519144322,0.00039543384983022246,0.0004235815334335712,0.00037551198593225427,0.7622896781855282,0.00044780657348455105,0.00048608186668154014,0.0004267830131380376,0.00038862448451418643,0.00040575435962096113,0.0003841909231947596,0.2303430841516724,0.0004776753121807492,0.0003638093933775141,0.00037514850817704,0.000443641465909547,0.00038759464542632854
7b5eb1d29981b9c6,НОМ,0.5015942548022755,0.00010888088057615984,0.00010605596087586055,0.00011624518300524058,0.00011636188936755185,0.0001246447232549181,0.00011049959200065098,0.49618292781598267,0.00013177328465289627,0.000143036321730864,0.00012558681426439835,0.00011435813425892652,0.00011939883775264618,0.0001130534968266753,0.00019030837930419955,0.00014056256885541454,0.0001070559466811582,0.00011039264269768256,0.0001305476350179799,0.00011405509061863571
ba3ff05016fd3463,НОМ,0.0003437663248659854,0.037809334638118586,0.00026925964589459176,0.00029512849824541826,0.00029542477523901943,0.00031645363148838547,0.0002805413383004445,0.29270574406194794,0.0003345519357420067,0.00036314703119908094,0.000318845442479361,0.00029033757120203364,0.0003031351366149312,0.000287025293366596,0.4092319303518144,0.11441404355138278,0.00027179846033298176,0.0002802697995626941,0.00033144021240194294,0.14125782229980086
1975a1b5276ad867,НОМ,0.00025830956647798125,0.09944584727151343,0.00020232448332245238,0.047310220986145256,0.00022198523934881565,0.5580442591886555,0.0002108016715964337,0.17812297966590424,0.0002513857950009806,0.00027287245241002444,0.0002395837563606504,0.00021816265532322623,0.00022777888009713136,0.0002156737833002305,0.00036305403820474316,0.08613445502915579,0.00020423216646062742,0.0002105976246612837,0.0002490476225971842,0.027596428123463964
c24598e9c7149b28,НОМ,0.0004167868529009002,0.00033514941395345346,0.00032645394597844547,0.0003578176893539312,0.00035817691793879977,0.0003836725723041007,0.00034013201890833355,0.4919296280924086,0.0004056151727847767,0.00044028426734004934,0.00038657241980787896,0.00035200911767794846,0.00036752503932186727,0.0003479932546742617,0.5013972598168925,0.00043266974474870845,0.00032953202534268997,0.0003398028254769596,0.0004018425013921377,0.0003510763107935911
5b352ca16ca80f32,НОМ,0.0005632531171071568,0.6015908662553121,0.00044117560499316004,0.0004835611178060403,0.0004840465988455064,0.0005185018410153915,0.0004596604098033767,0.38905224719213694,0.0005481555037013034,0.0005950079019178343,0.0005224207885538046,0.0004757113192614879,0.0004966798451860285,0.0004702842401971415,0.0007916520246022207,0.0005847175432434031,0.000445335415854073,0.00045921552861104536,0.0005430570360161676,0.00047445071583582786
5810ae8410229a46,НОМ,0.0002563283597184618,0.0002061204722385688,0.00020077265832281368,0.00022006170080508605,0.00022028262796643612,0.00023596272296809806,0.000209184828882243,0.0005913248914588148,0.9951938281940477,0.00027077951646229623,0.00023774616191643043,0.00021648936594059715,0.00022603182733150747,0.0002140195714072142,0.00036026942320413534,0.0002660965067466648,0.00020266571684079762,0.00020898235354809564,0.00024713742891882627,0.00021591567127526544
50de6e21ce2a524a,НОМ,0.00016295709904753851,0.21514160118374862,0.05281709307581807,0.0001399010890864414,0.00014004154416691965,0.00015000994041582737,0.3023199026818843,0.0003759248796864851,0.00015858915268185316,0.0001721442175492646,0.0001511437382960991,0.11564494977626179,0.00014369650492101024,0.00013605989292829354,0.0002290361503462504,0.0001691670558770758,0.0001288418376574786,0.00013285755492836742,0.3115488173093657,0.00013726531533261356
f778fdf6fc07a909,НОМ,0.9935659167548265,0.00027633114943493333,0.0002691617409459299,0.00029502119279189526,0.00029531738247437587,0.0003163385553388202,0.00028043932972580797,0.0007927465483332425,0.0003344302821494094,0.000363014987574799,0.0003187294932178756,0.0002902320119723419,0.00030302492078838336,0.00028692092738980755,0.0004829877869823572,0.0003567367965818083,0.00027169962406492276,0.00028016790740303954,0.00033131969385483893,0.0002894629141488937
b1f9425414b193a4,НОМ,0.0002784607307144896,0.0002239176940022565,0.00021810813297482557,0.00023906265775133065,0.00023930266248550747,0.00025633663942520573,0.00022724663373453662,0.20576169770969732,0.00027099679157397457,0.00029415965676397263,0.0002582740813889664,0.00023518188029823236,0.0002455482570941471,0.0002324988273134475,0.00039137646071464165,0.00028907227817440796,0.0002201646532590718,0.7896155593764791,0.00026847622527213506,0.00023455865088239987
4cc4166ed836585d,НОМ,0.0009358538047255176,0.0007525450058926206,0.0007330201762195955,0.0008034443487099821,0.0008042509905221084,0.0008614989268713643,0.0007637329264282943,0.833369482630883,0.0009107689207491212,0.0009886149196861075,0.0008680102690326935,0.0007904017573661268,0.0008252412563520171,0.15111274411135284,0.001315342222917763,0.0009715172914075012,0.0007399316960731146,0.0007629937472991131,0.0009022977265301867,0.0007883072709809528
c4f53bf0a83cd079,Восточный округ,0.00013134703720115484,0.00010561964777778839,0.00010287934064595567,0.00011276337108351371,0.00011287658496727425,0.00012091132918682994,0.00010718987923461668,0.0003030036594365574,0.00012782637645446332,0.00013875205465814036,0.00012182519660419555,0.00011093284955742772,0.00011582256883857634,0.00010966728422879388,0.00018460821777804403,0.00013635240053554834,0.08285595743366907,0.9147643884402806,0.00012663744150010752,0.00011063888636130344
d341f0775fd94f45,Восточный округ,0.00013796714688464455,0.00011094305677384794,0.00010806463727086385,0.00011844683849272939,0.00011856575673319725,0.0001270054666230346,0.00011259242890399847,0.0003182716903050427,0.0001342690398990131,0.00014574539225177178,0.9974068095274806,0.00011652405045213457,0.00012166022122603772,0.00011519470401268025,0.00019391278026471625,0.00014322479703586362,0.00010908356228280219,0.0001124834568966877,0.00013302018009539183,0.0001162152661149334
3ba82cd986533d78,Восточный округ,0.00013328458493134168,0.00010717768807610467,0.000104396962918916,0.00011442679656257349,0.00011454167664396669,0.00012269493917403592,0.00010877108622828045,0.0003074693892213683,0.00012971198829538,0.0001407988438343113,0.00012362228896780933,0.00011256926662784431,0.00011753111989697177,0.00011128503843060931,0.00018733143953393767,0.00013836378483120633,0.997476580817491,0.00010866580313386284,0.00012850551824811326,0.00011227096695231335
b24a9b7987e54ab7,Восточный округ,0.00013850816121726802,0.00011137810342744748,0.00010848839884685213,0.00011891130929450009,0.00011903069319903785,0.00012750349434158367,0.00011303394392251026,0.00031951972820985905,0.0001347955604375374,0.00014631690758071537,0.9973966407339607,0.00011698098331682594,0.00012213730133754246,0.00011564641998465744,0.00019467318058038197,0.0001437864315553881,0.00010951131838336233,0.00011292454263115058,0.00013354179660926284,0.00011667099116343544
68a34b3eb9c65ae0,Восточный округ,0.0001332845704162795,0.00010717768082978108,0.0001043969483958668,0.00011442678204229741,0.00011454166212372236,0.00012269492465604586,0.00010877107170644062,0.0003074693602025523,0.00012971197377933006,0.0001407988293213267,0.0001236222744500757,0.00011256925210705465,0.00011753110537755398,0.00011128502390946457,0.00018733142503381871,0.0001383637703175485,0.9974765810932797,0.00010866579588795068,0.00012850550373172975,0.0001122709524314412
28030eff99f5355a,Восточный округ,0.0001385081611890502,0.00011137810340475678,0.00010848839882475014,0.00011891130927027466,0.00011903069317478811,0.0001275034943156078,0.00011303394389948223,0.0003195199318715638,0.00013479556041007593,0.0001463169075509067,0.9973966405307643,0.00011698098329299378,0.00012213730131265983,0.00011564641996109716,0.00019467318054072183,0.00014378643152609494,0.00010951131836105195,0.00011292454260814482,0.0001335417965820568,0.00011667099113966643
78da836fed1ce89c,Восточный округ,0.0003108471419276053,0.0002499604764472317,0.000243475241125104,0.0002668668616153125,0.0002671347914651786,0.13147445859625076,0.0002536765988543737,0.49204862652058207,0.000302515123135648,0.07616345950847059,0.09372370224212985,0.0002625347275633448,0.00027410678832749853,0.00025953965251992555,0.11766608964612006,0.00032269289509976906,0.08509534174393503,0.00025343104984901633,0.0002997013649469611,0.0002618390296346897
b79fb3cc9d9beae3,Юрий Хованский,0.00016431493916473102,0.00013213002102320455,0.00012870189579872532,0.00014106680219739518,0.00014120843597124536,0.00015125987916569198,0.00013409436927125392,0.00037905222941580705,0.00015991059882479504,0.000173578599971306,0.9969115844080104,0.00013877682578152025,0.0001448938535778725,0.00013719360669928928,0.00023094458574702563,0.0001705766420848497,0.0001299154089672156,0.00013396458075497222,0.00015842324774853603,0.00013840906982418518
78fbd464981c9532,▂▃▅▆▇the Chemodan,0.00018670008522473245,0.000150130513460536,0.00014623537346157618,0.00016028479558886534,0.0184661454584382,0.12833050546502162,0.0001523624860726899,0.32338196910280403,0.2916177917063623,0.00019722577586121147,0.00017316550982464374,0.00015768284055616108,0.00016463321316571,0.03583556924982955,0.12973504412406375,0.00019381485080989424,0.07046125369659656,0.0001522150169733838,0.0001800057535469272,0.00015726498233763195
3aecc04e99fce5e0,TRIAGRUTRIKA,9.62282071820552e-05,7.737966423185183e-05,7.537204561355884e-05,8.261334061472022e-05,8.269627925612611e-05,8.858274000864571e-05,7.853005134610778e-05,0.00022198596130088065,9.364888019035503e-05,0.00010165331401104949,8.925226635688057e-05,8.127225065010473e-05,8.485458295762958e-05,8.034506808909106e-05,0.9982373186020337,9.98952607406135e-05,7.608271750238062e-05,7.845404669235517e-05,9.27778389186727e-05,8.105688230326602e-05
e727c1f1b4d2306b,Rewake,0.00017844557522482679,0.0001434928393905571,0.00013976990694096944,0.0001531981653491334,0.00015335197907497607,0.0001642678350630392,0.00014562612080787842,0.0004116498845874235,0.0001736624776680922,0.00018850589511357647,0.9966459888259717,0.00015071125788150902,0.00015735433736785903,0.00014899187654026562,0.00025080519800367064,0.00018524577172138716,0.0001410877864364488,0.00014548517097358207,0.00017204721526804125,0.00015031188061511805
47ab65af0cf067a5,Аля Кумар,0.00011486557220102748,9.236646596765327e-05,8.99700132106477e-05,0.19743681474564698,9.871280279068298e-05,0.00010573934697845035,9.37396645530641e-05,0.37920005365839954,0.00011178668563653168,0.00012134141377749847,0.17353839500483884,0.03397725844291112,0.00010128912447346092,9.590620435406141e-05,0.0001614435258362497,0.00011924286779193512,9.081833155511797e-05,0.20148183875592046,0.01287166148257829,9.675589057839273e-05
179b2623d89472a9,Лёша Маэстро,0.0003375897214681554,0.0002714648844669262,0.0002644217280857069,0.0002898257643062729,0.00029011674441585685,0.00031076774656596003,0.0002755007128121962,0.9314078498374889,0.0003285408745236255,0.0003566222013283822,0.06302568591052701,0.00028512092618114624,0.00029768854279652436,0.00028186816553226217,0.00047448224243416674,0.00035045457551693835,0.0002669149078304069,0.00027523406350593414,0.0003254850595040228,0.0002843653907095719
4b27f0346b7033d9,Триагрутрика,9.783538335482733e-05,7.867203937654924e-05,7.663088592862732e-05,8.39931216843909e-05,8.407745003126298e-05,9.006222335003055e-05,7.98416422610481e-05,0.00022569352084122666,0.006237803353904727,0.00010335109752451786,9.07429328254374e-05,8.262963636166075e-05,8.627179876334296e-05,8.168696331414151e-05,0.9920652884048784,0.00010156368581678725,7.735343215938486e-05,7.976436431694727e-05,9.432738960856544e-05,8.241067369809142e-05
527e944d5628249f,Slim,0.0001232067849706135,9.907386024063759e-05,9.650338089355986e-05,0.0001057748496928449,0.00010588104229163398,0.00011341783552651333,0.00010054677596029947,0.36757256684284045,0.00011990431520157098,0.19495070995271976,0.00011427506700383656,0.040120157366016304,0.00010864445092610405,0.00010287063673005923,0.3956181310487447,0.0001279019457526205,9.741329757868244e-05,0.00010044945275362577,0.00011878907099758387,0.00010378202315858404
50556fa86842f060,Триагрутрика (ТГК) - Т.Г.К.липсис,9.892521053431621e-05,7.954839765314894e-05,7.748451415811504e-05,8.492875707173123e-05,8.501402401529814e-05,9.106546680328113e-05,8.073103175225001e-05,0.00022820749024649533,9.627358976072203e-05,0.00010450237004587553,9.17537578116899e-05,8.355007957921206e-05,8.723281991714859e-05,8.259691462135284e-05,0.9981879157192244,0.00010269504408110127,7.821510030629294e-05,8.065289524683444e-05,9.53781376961449e-05,8.332867947461291e-05
c0052af6c32f247b,ТРИАГРУТРИКА (Т.Г.К.липсис),9.468175621107246e-05,7.613612678770576e-05,7.416076985701617e-05,8.12856928619126e-05,8.136729999929327e-05,8.715916575846382e-05,7.726802564120951e-05,0.00021842023718277818,9.214388046751072e-05,0.00010001968226856306,8.781792365890141e-05,7.996615434490047e-05,8.349091911243701e-05,7.905387298735766e-05,0.9982656442618857,9.828988162170551e-05,7.486001845997904e-05,7.719324335180166e-05,9.128683817799521e-05,7.975424936370622e-05
1a9ceff88ee04c8f,Восточный округ,0.00011289317201757082,9.078040988660723e-05,8.842510973593568e-05,9.692045931896649e-05,9.701776797243744e-05,0.00010392365557062132,9.213002721368415e-05,0.4004267899537304,0.00010986715229138612,0.00011925780842515722,0.00010470912426935041,9.534712085558595e-05,9.95498520586095e-05,9.425936523319122e-05,0.00015867131281637297,0.00011719530007382202,0.597696281833578,9.20408530805198e-05,0.00010884526591079434,9.509445596098207e-05
e28853a67bbda32d,Восточный округ,0.00014219134502173317,0.00011433984845908301,0.0001113732953769669,0.007279190757456234,0.03180454289350602,0.00013089405430269878,0.00011603972295634022,0.5056256640573404,0.00013838000970633888,0.00015020774677556117,0.00013188336614066435,0.0001200917178168735,0.00012538515096833394,0.0001187216697146065,0.2936994378638045,0.1597064392656204,0.00011242341966136712,0.00011592741128809843,0.0001370929220628237,0.00011977348202097044
3280f281728537c1,Восточный округ,0.00015588234543885223,0.00012534914365631817,0.00012209695121700193,0.00013382730633113542,0.00013396166414199952,0.00014349728521602313,0.00012721269071305796,0.5226770958577249,0.00015170404016524454,0.00016467060937539523,0.07034269290564281,0.0001316548367176065,0.00013745795036658971,0.00013015287559007188,0.4046289841073034,0.00016182269817743353,0.00012324819669419152,0.00012708956697887391,0.00015029301394078472,0.00013130595460827404
ecc2051685ab7806,Восточный округ,0.9979136691271158,8.96038302638121e-05,8.727906019590729e-05,9.566430939455767e-05,9.576035202460313e-05,0.00010257673758550418,9.093596337041303e-05,0.0002570569060597413,0.0001084432033276011,0.00011771214658606516,0.00010335202716463246,9.411135827437724e-05,9.825961408900416e-05,9.303769625790773e-05,0.00015661482506634967,0.00011567637024715849,8.810200001626041e-05,9.084794612074183e-05,0.00010743455926128964,9.38619675783592e-05
1817b29928817842,Восточный округ,0.00012102541473202512,9.731976368291013e-05,9.479479548755479e-05,0.00010390211127420743,0.00010400642667440975,0.00011140977873861135,9.87666023493697e-05,0.0002791949845219029,0.00011778142188166571,0.0001278485383031993,0.00011225183255606369,0.00010221543522636619,0.00010672091173027074,0.00010104932482146802,0.9977830851131239,0.0001256374476309888,9.568860318947662e-05,9.867100354604556e-05,0.00011668591736667222,0.00010194457316294066
f0712e6cb8edaf0e,Восточный округ,0.00021705844012547655,0.00017454248053581033,0.00017001396895378106,0.00018634787979913435,0.05336852568525879,0.00019981285194835548,0.0001771373776116416,0.0005007356239843422,0.6073641325214826,0.22799656331877843,0.0002013230640021175,0.00018332284273527878,0.00019140337434832462,0.00018123142728756935,0.03923938118936925,0.00022533009656015748,0.06885405932067476,0.0001769659269760009,0.0002092755678870725,0.00018283704168110902
07ed623aa4629bfe,Восточный округ,0.0005292309022594628,0.0004255686675849601,0.0004145272555739183,0.00045435256175124306,0.00045480870611955206,0.0004871827617636306,0.00043189552064961393,0.693841150788079,0.0005150452285898598,0.0005590676275699796,0.0004908650077677664,0.00044697689387125395,0.0004666788497638229,0.00044187764046558516,0.1286878531485241,0.0005493988105119262,0.11116930915263987,0.0004314775023020084,0.0005102547377442236,0.0586924782364683
d1ca763cdd1ba73d,Восточный округ,0.0001767584050978845,0.00014213614168588845,0.0001384484247036534,0.0001517497182556024,0.0001519020622449284,0.00016271471654130803,0.00014424926879659606,0.2828766793668476,0.0001720205346784825,0.17083920772595335,0.00016394454246259078,0.000149286312019184,0.00015586658573828768,0.30176169441983686,0.0002484338873897214,0.00018349431153891403,0.20855128722030927,0.00014410964318024464,0.00017042055171674833,0.03351559616100288
01efca65bb2217d2,Восточный округ,0.00020549443839369764,0.00016524355474036918,0.00016095629910224064,0.00017642002090185248,0.0001765971322405068,0.00018916761350327435,0.00016770019421783906,0.00047405588016894606,0.0001999863063205661,0.00021707969690794386,0.00019059738265591624,0.00017355613157444584,0.000181206174340854,0.06709848271444221,0.8060579509423775,0.1234642712768953,0.00016247393270832057,0.00016753788217516792,0.0001981262079832487,0.00017309621834971737
44ac40fa2aed973a,Восточный округ,0.00032182594321644373,0.0002587888262903162,0.5454772916627354,0.00027629233433613097,0.1219847040530759,0.000296256425551887,0.0002626362068823132,0.3126829936933122,0.00031319962669383144,0.0003399697063826741,0.0002984955867955533,0.00027180720155295856,0.0002837879671263851,0.00026870633415877326,0.0004523262581840989,0.00033409006366292665,0.015033072647892038,0.00026238198494146,0.00031028653720031993,0.0002710869400083408
44d6eb8e8a237515,5 Шлюх,0.0001741874696044401,0.00014006879074516973,0.00013643469767433167,0.00014954252313899711,0.0001496926697848345,0.00016034804667713903,0.00014215116959953388,0.0004018338099034754,0.00016951850263697757,0.9967484638043991,0.00016155997370808248,0.00014711495833910973,0.00015359952392657541,0.00014543661336938163,0.00024482043612032326,0.0001808253978106769,0.00013772113050355847,0.00014201358125524307,0.00016794178823272032,0.0001467251125703577
2803b6f330fadff5,Вульгарный Тонн,0.0008271865766196569,0.0006651627450789434,0.0006479051035112331,0.0007101519155866802,0.0007108649012842655,0.0007614654653918323,0.000675051645410625,0.8059642982487099,0.0008050144036262935,0.0008738212778377159,0.0007672207483413586,0.0006986237709725756,0.0007294178380375718,0.0006906536281341753,0.10153261668054117,0.0008587089379983267,0.07991313851184655,0.0006743982643627521,0.0007975268605445001,0.000696772476163881
782041d60bc5676b,Вульгарный Тонн,0.00025119712907659163,0.00020199430295772568,0.0001967535479330641,0.0002156564537189079,0.00021587297163132006,0.00023123916594794126,0.00020499732302042129,0.7918347655098952,0.0002444639589661604,0.00026535899252762084,0.20402328420952454,0.0002121556272669585,0.0002215070794142593,0.00020973528034969575,0.00035305749275421335,0.00026076972664461476,0.00019860871310422993,0.0002047989076876879,0.000242190178915879,0.00021159342866301125
b6e33cdaf4584dc1,Вульгарный Тонн,0.04800646574232169,0.00016553623857529568,0.00016124138680721973,0.03539304774513842,0.00017690992690225083,0.0001895026726838615,0.00016799724364463645,0.4482765577854152,0.053764616494133756,0.023938686636205065,0.09224309459702137,0.000173863542006135,0.0001815271326595062,0.00017188004342834958,0.25875961793983837,0.0002137032470816065,0.00016276171252830633,0.03748110997092349,0.00019847712881453775,0.00017340281387091426
08b026f5cc8ee62c,Вульгарный Тонн,0.0005140385677092225,0.00041335211603782434,0.000402627674233103,0.0004413097223400049,0.00044175279907237707,0.00047319751006228095,0.0004194973609776329,0.0011858544780757663,0.9903617296344853,0.0005430188244463801,0.00047677402172069844,0.00043414581419014926,0.0004532821655478299,0.0004291928950235818,0.0007224810245798071,0.0005336275418560421,0.0004064240071316418,0.0004190913334228954,0.0004956071693607061,0.00043299533972675783
c3dc264bfcc00ae9,Вульгарный Тонн,0.5162511789250047,0.00012928118706940876,0.00012592698533968381,0.000138025286945653,0.0001381638648269981,0.0001479986015877383,0.00013120318937857428,0.4231144858738164,0.00015646279538946047,0.00016983610663605736,0.03927208274227441,0.00013578468502143233,0.019013847143889304,0.00013423560462397864,0.0002259652271989786,0.00016689887546309637,0.0001271143342476408,0.0001310761948211345,0.00015500751663257705,0.0001354248598327291
a8a8b1049e8557f3,Вульгарный Тонн,0.00020097346184148329,0.00016160812084506997,0.00015741519076486693,0.00017253870318175834,0.00017271191460533836,0.00018500585114380693,0.00016401072903641714,0.6156608823295973,0.3112707313898343,0.0002123038579950969,0.00018640415904124698,0.00016973782367629188,0.00017721955891369947,0.0699315498240323,0.0002824681487915657,0.00020863214834417973,0.0001588994422620435,0.0001638519822146214,0.00019376733984129369,0.00016928802403730516
8452aa26780fb7a7,Вульгарный Тонн,0.0001996555156202964,0.0001605483243877487,0.0001563828972982021,0.0001714072243266379,0.00017157930070616422,0.9962459353709607,0.0001629351729288941,0.00046058672422209774,0.00019430390383724387,0.0002109116100436821,0.00018518174569486258,0.00016862470925193477,0.00017605739021351227,0.00016670097536435597,0.0002806157568894796,0.00020726398369939425,0.00015785739905788604,0.00016277747384010535,0.00019249665801884968,0.00016817786363788705
6f3717e85b6b0dd9,Вульгарный Тонн,0.00018932146888404774,0.00015223843246781253,0.00014828860633699857,0.00016253527979937928,0.00016269846496767663,0.00017427960605822772,0.00015450173537317997,0.8047002702549837,0.19218668763139674,0.00019999493431269885,0.00017559684535145721,0.0001598967848845406,0.00016694475725095373,0.00015807262965251693,0.0002660912430039805,0.00019653611887821885,0.00014968679793014226,0.00015435219990060788,0.0001825331317747027,0.00015947307679239564
ebe0dddd3d1293b0,Вульгарный Тонн,0.00016626083038561297,0.00013369476669473676,0.0001302260559884851,0.08210968443605282,0.0001428806916961747,0.14322129461702954,0.00013568238356422217,0.345841415353997,0.15513265626118214,0.00017563421314697647,0.00015420797454160614,0.00014042028313130184,0.00014660976525296103,0.00013881832109441595,0.13224228366770077,0.0001725966902131479,0.00013145393196463463,0.04295654691383081,0.09658758466640176,0.00014004817613090932
5b4723c165723b0f,Вульгарный Тонн,0.00020196368465614064,0.0001624043794894772,0.00015819078550941161,0.00017338881893429135,0.00017356288892831512,0.0001859173910664362,0.000164818818491185,0.0004659113629675369,0.00019655019806386778,0.00021334990244362292,0.000187322582079888,0.00017057414409278842,0.00017809273965308214,0.00016862816030322015,0.0002838598770024496,0.00020966010460424326,0.00015968235668375,0.996181277616814,0.00019472205567302919,0.00017012213254335136
c47a5d5830266f03,Вульгарный Тонн,0.00020215514691132531,0.0001625583409289821,0.0001583407596676768,0.00017355318514038822,0.00017372742975972668,0.00018609364635516969,0.00016497507916565118,0.9964791950317542,0.00019673652342043084,0.00021355216237249402,0.000187500176163653,0.00017073584726067848,0.00017826157336019093,0.00016878802990371233,0.00028412900392670075,0.000209858872024012,0.00015983372784586706,0.00016481540101231888,0.00019490666387909502,0.00017028339914772775
4a549223983dd1db,Вульгарный Тонн,0.000155756399307246,0.00012524787458653358,0.00012199830844982427,0.0001337191695866002,0.00013385342554719857,0.00014338133503881596,0.00012710990842636078,0.7134342295526553,0.00015158146966929773,0.000164537562768724,0.00014446504519464531,0.0001315484750942419,0.03141415274126252,0.00013004772162876716,0.252795172110511,0.00016169195049481875,0.00012314861544108374,0.00012698688654354067,0.0001501715783562158,0.00013119986943717552
9730037f2fb481cb,Вульгарный Тонн,0.00020196365594319423,0.00016240435069996752,0.00015819077126366085,0.000173388790166041,0.0001735628601604017,0.0001859173623224337,0.00016481878970634825,0.0004659099668855272,0.00019655016934044407,0.0002133498592007995,0.00018732255333860513,0.0001705741007671766,0.0001780927108939358,0.000168628131525756,0.0002838598484480054,0.00020966007590619254,0.0001596823278889721,0.9961812795448277,0.0001947220269460673,0.00017012210376877865
d71e254c74f6173b,Вульгарный ТоН,0.00012942180656268974,0.00010407151944602684,0.00010137138252463698,0.0001111105353621711,0.00011122208306616197,0.8810189193199615,0.00010561873725036123,0.11684616425481006,0.00012595274645574414,0.0001367182822339522,0.00012003953943911768,0.00010930684005697712,0.00011412489178291193,0.00010805982825790419,0.00018190229827219368,0.00013435379978262344,0.00010232719595379781,0.00010551651004789096,0.00012478124454330726,0.0001090171841900489
27f01ced490d53d8,Саша rAp [Вульгарний ТоНН],0.0005143543781491076,0.0004136060564994105,0.00040287503773656834,0.00044158086184222336,0.00044202420048809987,0.00047348823493322315,0.00041975508464633845,0.8882279326518382,0.10331445851504135,0.0005433524450589376,0.00047706692920965714,0.0004344125302491893,0.0004535606677525264,0.00042945658451866415,0.0007229249402162732,0.0005339554003546363,0.00040667369876187223,0.0004193487951763432,0.0004959116301790279,0.0004332613573483161
04a6bb886f8ad323,Вульгарный Тонн,0.00019965550013866442,0.00016054830908822376,0.00015638288201807394,0.00017140720897654727,0.00017157928535527228,0.9962459307318297,0.0001629351576182545,0.00046059166972795955,0.00019430388838053228,0.0002109115799577212,0.00018518173028062935,0.00016862469391480125,0.00017605737484176762,0.00016670096003618053,0.0002806157264789335,0.00020726396818233258,0.00015785738377089168,0.00016277745853020013,0.00019249664257055374,0.0001681778483028343
450c13200723d8f8,Вульгарный Тонн,0.0002640574228132106,0.00021233561464203228,0.00020682655120515345,0.013643689755311224,0.0002269248102081058,0.00024307769619806135,0.00021549237580328106,0.0006091590506663712,0.0002569795757827025,0.981653876053129,0.0002449149334931105,0.00022301715575506563,0.0002328473517169786,0.00022047289918761912,0.0003711326147044803,0.00027412010014621444,0.00020877669679754196,0.00021528380322617506,0.0002545893657722395,0.0002224261734414238
1490a10d6762304d,Вульгарный тон,0.00019965553089274188,0.00016054833951906122,0.00015638289786256836,0.00017140723949713883,0.00017157931587728615,0.9962459389662874,0.00016293518806882043,0.00046058285507523877,0.00019430391909037604,0.0002109116253567494,0.00018518176091507403,0.00016862472441239395,0.00017605740540079507,0.00016670099051787265,0.0002806157870060142,0.0002072639989992977,0.00015785741417948735,0.0001627774889794626,0.00019249667326545975,0.0001681778787967336
46790fe5d2f70076,Вульгарный Тонн,0.00019965553068355523,0.00016054833935084866,0.0001563828976987201,0.000171407239317549,0.00017157931569751603,0.996245937922483,0.00016293518789810708,0.0004605839023304579,0.00019430391888679649,0.0002109116251357693,0.0001851817607210521,0.00016862472423571947,0.0001760574052163331,0.00016670099034321373,0.0002806157867120024,0.0002072639987821394,0.00015785741401409416,0.00016277748880891448,0.0001924966730637737,0.0001681778786205273
84cd6073eb9f8468,Вульгарный Тонн,0.00012942177655580087,0.00010407149689198065,0.00010137135998943139,0.00011111050548305175,0.0001112220604622217,0.8810024622910059,0.00010561871468551912,0.11686262177159955,0.00012595271647306114,0.0001367182521761511,0.00012003950949769492,0.00010930681746640074,0.00011412486188275948,0.000108059805676029,0.00018190225334719983,0.00013435376974132087,0.0001023271734119229,0.00010551648748376215,0.00012478121456879857,0.00010901716160149364
cbda5320ecbf3696,Вульгарный Тонн,0.0001538438456236929,0.0001237099445203512,0.00012050027964058563,0.00013207722267701054,0.0001322098197231822,0.00014162074664568724,0.00012554911735556838,0.635568354524113,0.2630285215762173,0.00016251719420091069,0.0001426911418306356,0.00012993317267823512,0.06271826220949724,0.00012845084189374464,0.0002162274816666707,0.0001597065209926177,0.00012163646403160756,0.00012542759431643542,0.036439171442549476,0.0001295888598260108
0604beb29bfe61d5,Вульгарный Тонн,7.369258074923235e-05,5.925816834635025e-05,5.772071481988573e-05,6.326617696182214e-05,6.332968879694518e-05,0.29639995615588627,6.0139152223592795e-05,0.1878459337366535,7.171731101760588e-05,0.06416317187511254,0.05788290601696668,6.223915369877686e-05,6.498254628914307e-05,6.152910753472747e-05,0.2390385460863253,0.11998141021391634,5.826495645892838e-05,6.00809445616631e-05,0.03386978119139196,6.207422228869906e-05
91f65312e18ae1b3,Вульгарный Тонн,0.0001643513133185302,0.8132088713977086,0.00012873038403562337,0.00014109804032228336,0.00014123968864319483,0.00015129337248792556,0.00013412406513220874,0.18406088781939556,0.00015994599815129636,0.00017361704017941924,0.00015243687636151763,0.00013880754011598488,0.00014492593558261687,0.00013722397184207598,0.0002309957132581707,0.00017061439845588572,0.00012994417364889106,0.00013399424751654702,0.00015845831243198842,0.0001384397114116825
93709bfc39ff978d,Вульгарный Тонн,5.78041132426209e-05,4.648182706864586e-05,4.52758551579287e-05,0.036185711679441936,4.967551077179978e-05,0.021006122564609247,4.7172868491245136e-05,0.5332217773868664,0.04412856041725145,6.106297134291656e-05,0.03256018427619629,4.8820098173556764e-05,5.09719992426779e-05,4.826314174986638e-05,0.2953851233734922,0.009067889319513283,0.02783755317743786,4.712720821446446e-05,5.5731483739992554e-05,4.8690727995674705e-05
e1d9773d90cefd83,Вульгарный Тонн,0.2879661239337214,0.00013558086021611397,0.0952159264098773,0.00014475105397635248,0.049549550724452676,0.05251715011187983,0.0001375965184877568,0.0003889573340685927,0.00016408698154186358,0.15131465582334472,0.0001563834460199555,0.00014240125467136696,0.13967734220624614,0.00014077669362174826,0.21596162149118497,0.00017503159195495058,0.00013330841888226555,0.00013746333937717618,0.00016256079142619649,0.0057787310150486495
a7a6a2136a7b3e4c,Chemodan,0.00018797714654631329,0.00015115743025020907,0.0001472356460023816,0.9964538576884495,0.0001615431888681519,0.00017304211063389575,0.0001534046676449978,0.0004336475355357502,0.00018293856117239903,0.00019857483922727345,0.00017434999293146567,0.0001587614160478746,0.0001657593292150397,0.00015695021217850824,0.0002642018283718003,0.00019514057317356894,0.00014862391306815447,0.00015325619447519788,0.00018123702052047968,0.00015834070568699203
a77bd0a34714719b,Chemodan,0.00011353731212825871,9.129837912313252e-05,8.892963316328737e-05,9.747346187300414e-05,9.757132349262313e-05,0.00010451661720665882,9.265569432139888e-05,0.0002619136664310635,0.9978711747736818,0.00011993826240659368,0.0001053065678417542,9.589114498513947e-05,0.00010011785018211662,9.47971830450225e-05,0.00015957664941000337,0.00011786398169638421,8.976814353439297e-05,9.256601087727816e-05,0.00010946630513189321,9.563703946814518e-05
f6c557815fe2a4f4,Скептик,0.24065266501677116,0.00014460138845070897,0.00014084970145009912,0.00015438168578928982,0.00015453667821888439,0.05982870973328168,0.00014675115716880456,0.22215515559982116,0.0001750040899313118,0.10761539028971631,0.08454562404853624,0.0648788132092581,0.00015856995929564526,0.00015014291714344574,0.000252742783261538,0.2182324254091395,0.0001421777527224763,0.00014660911594213357,0.00017337635655443074,0.00015147310754709236
e32cd8ff52d787fe,Восточный Округ,0.00011317345916525024,9.100579355278009e-05,8.864464362747887e-05,9.71610858679238e-05,9.725863462405916e-05,0.00010418167137493734,9.235876504171334e-05,0.000261074406481919,0.9978779969221508,0.00011955389869527072,0.00010496908999852815,9.558384027895947e-05,9.97970050351655e-05,9.449338532029877e-05,0.0001590652558458273,0.00011748626815322131,8.948046191734943e-05,9.226936535747113e-05,0.00010911549784882369,9.53305496622231e-05
facb66287dd93a98,Chemodan,0.3159650123234312,0.00024547219549971803,0.0002391034039682677,0.00026207502937146746,0.000262338157115542,0.000281011815937423,0.0002491215831874739,0.010471773847839988,0.00029708318473511584,0.0003224757250821948,0.11671815640424527,0.00025782068943414467,0.0002691849499818758,0.00025487936887232517,0.00042905069781682694,0.0003168986450895191,0.00024135788864951114,0.00024888048704413646,0.5524111661257173,0.0002571374769806383
13f1900b330c2330,Восточный Округ (УРМК),0.0001131734446454505,9.100578630264706e-05,8.864463637667583e-05,9.716107861953741e-05,9.725862737570046e-05,0.00010418166412854313,9.235875051600718e-05,0.0002610742901406893,0.997877997205311,0.00011955388417728152,0.00010496908275235738,9.558383303012551e-05,9.979699778752709e-05,9.449337807115537e-05,0.00015906524133904994,0.0001174862536346454,8.948045466678356e-05,9.226935810769665e-05,0.00010911549060382951,9.533054241331726e-05
33f5e3426ee2dff4,Восточный Округ,0.00011353731212825871,9.129837912313252e-05,8.892963316328737e-05,9.747346187300414e-05,9.757132349262313e-05,0.00010451661720665882,9.265569432139888e-05,0.0002619136664310635,0.9978711747736818,0.00011993826240659368,0.0001053065678417542,9.589114498513947e-05,0.00010011785018211662,9.47971830450225e-05,0.00015957664941000337,0.00011786398169638421,8.976814353439297e-05,9.256601087727816e-05,0.00010946630513189321,9.563703946814518e-05
50e8582502836030,Восточный Округ,0.00011353731212825871,9.129837912313252e-05,8.892963316328737e-05,9.747346187300414e-05,9.757132349262313e-05,0.00010451661720665882,9.265569432139888e-05,0.0002619136664310635,0.9978711747736818,0.00011993826240659368,0.0001053065678417542,9.589114498513947e-05,0.00010011785018211662,9.47971830450225e-05,0.00015957664941000337,0.00011786398169638421,8.976814353439297e-05,9.256601087727816e-05,0.00010946630513189321,9.563703946814518e-05
49a3fe9c178da2ea,Chemodan,0.0002169572179342543,0.00017446108387166913,0.00016993468138712798,0.00018626098493603184,0.00018644799160478446,0.00019971967342376858,0.0001770547736715648,0.4809056082642576,0.00021114185041212074,0.00022918874337040686,0.10275814275280806,0.00018323735878656835,0.00019131412311342475,0.00018114691788757308,0.0003049332981675134,0.0002252250198105142,0.00017153697827372683,0.0001768833957602817,0.41296805310005974,0.00018275179046325208
a026688e5b99cb4d,Chemodan,0.9079027551379559,0.00014001383001704403,0.00013638116298575234,0.0001494838517979997,0.0001496339256862514,0.000160285126320052,0.00014209539399174346,0.08923884423587447,0.00016945198807832292,0.00018393553710621848,0.0001614965877057634,0.00014705723284044134,0.00015353925192865256,0.0001453795426846634,0.000244724367619473,0.00018075444506767636,0.00013766708651498976,0.00014195786385329037,0.00016787589938553087,0.00014666753258567742
de737b0ee3565412,Elect,9.340350050886362e-05,7.510824424250284e-05,0.9982309440246242,8.018828849185212e-05,8.026879695884284e-05,8.598246066950432e-05,7.622486357405857e-05,0.00021546744774175643,9.089988727427678e-05,9.866935815450833e-05,8.663233461931695e-05,7.888656880781163e-05,8.236374150247011e-05,7.798659837938429e-05,0.00013127858329438328,9.696291334833873e-05,7.384936539476072e-05,7.615108536752573e-05,9.005441376566511e-05,7.867752328001134e-05
17aa3ae6c36078cb,"LIN,MALIK",0.0007901604771688803,0.0006353890935605901,0.0006189038683149902,0.0006783644518984693,0.0006790455397705334,0.0007273811254362169,0.0006448353242518066,0.0018228289821571196,0.29656682799415796,0.0008347077916705884,0.30890338071172035,0.034634871158510036,0.34717635936925,0.0006597389308614158,0.0011105703241457382,0.0008202718836381977,0.0006247394776316116,0.0006442111634747667,0.000761828420768884,0.0006655839116118807
2f9565114cdbaddf,Восточный Округ,0.00010765278814962715,8.656647570957978e-05,8.432050423078274e-05,9.242151098417373e-05,9.251430126248131e-05,9.90996243308283e-05,8.785344696552313e-05,0.0002483389735844097,0.9979815095455306,0.00011372199121548463,9.984864043763422e-05,9.092120867201e-05,9.49288493866252e-05,8.988394098081518e-05,0.00015130595384295334,0.00011175522003069661,8.511555531687606e-05,8.776841285726776e-05,0.0001037927838764092,9.068027263532238e-05
2d9fcb90959d1e4e,KOt StYlE,9.340350050886362e-05,7.510824424250284e-05,0.9982309440246242,8.018828849185212e-05,8.026879695884284e-05,8.598246066950432e-05,7.622486357405857e-05,0.00021546744774175643,9.089988727427678e-05,9.866935815450833e-05,8.663233461931695e-05,7.888656880781163e-05,8.236374150247011e-05,7.798659837938429e-05,0.00013127858329438328,9.696291334833873e-05,7.384936539476072e-05,7.615108536752573e-05,9.005441376566511e-05,7.867752328001134e-05
c8188b4076070baa,Chemodan,0.0002582641875111664,0.00020767712341852342,0.0002022889282194552,0.0002217236489099287,0.0002219462495299024,0.00023774475264056212,0.0002107646319980529,0.0005957929968051462,0.00025134160945459224,0.897988090159783,0.00023954166656853584,0.00021812433498261233,0.00022773885695553071,0.0002156358850238881,0.09755391177308138,0.00026810611223549547,0.00020419629117047921,0.0002105606287234624,0.0002490038445595947,0.00021754631842864908
8362454231143c04,Чемодан,0.00019206726134978632,0.00015444640519795698,0.00015043927410421457,0.9963766982898999,0.00016505812559303545,0.00017680725258782445,0.00015674252239755688,0.0004430836516205809,0.00018691902747051,0.0002028955287576113,0.00017814358383401338,0.00016221583145442506,0.00016936601561826396,0.00016036520650993043,0.0002699504659488399,0.0001993865387390882,0.00015185775089754107,0.000156590818707759,0.00018518048135755715,0.00016178596795354933
192803fc1ba6960b,Chemodan,0.00043208098966669695,0.00034744783217664787,0.00033843329858177087,0.00037094792500675413,0.0003713203667441431,0.0003977515646970059,0.00035261329668541874,0.992474725900265,0.00042049938167902043,0.00045644066417327287,0.0004007578450176741,0.00036492622576218717,0.0003810115062240571,0.0003607630099140761,0.0006072896959493142,0.0004485467154197404,0.0003416243300276204,0.00035227199604821,0.00041658826322320936,0.00036395919273817976
29535be542d2bb9d,Chemodan,0.00015501289517677597,0.00012464999208399748,0.00012141594563009054,0.00013308086169355732,0.00013321447736719134,0.00014269691193251417,0.00012650314921816718,0.2442444790722228,0.00015085788719455817,0.00016375213439426202,0.00014377542703286112,0.0001309205136564891,0.0001366912642972352,0.6172249955264303,0.1361780640444151,0.00016092011366628488,0.00012256075925026725,0.00012638070941442542,0.0001494547334465199,0.0001305735814766689
b5b0432f273f8dd2,Chemodan,0.00016845049090855144,0.00013545552884149857,0.020986047862963687,0.00014461723813981363,0.00014476243711974748,0.3948565793915028,0.00013746932431515105,0.35784648362889543,0.00016393529448724132,0.0001779473161929255,0.02329986802668845,0.00014226962180028798,0.01789596118160633,0.00014064655972112372,0.15657408257525268,0.00017486979048934875,0.0001331851831557561,0.00013733627618190441,0.00016241051602307736,0.026577621755714192
d529900a1a649eed,Chemodan,0.08617279638343014,0.00020206196545093224,0.00019681944974604172,0.00021572868524886326,0.0002159452759166576,0.0002313166213136276,0.00020506598953761078,0.534253383171333,0.1024566557843205,0.0002654478704858657,0.0002330649463063367,0.00021222669471150464,0.0002215812607875311,0.1722608498782005,0.00035317573477868186,0.10144640193827378,0.0001986752406136273,0.00020486750144914568,0.00024227130115208334,0.00021166430694354927
e6bac07c0629b1f7,Chemodan,0.00015856390103360498,0.00012750545644478708,0.0001241973258065933,0.00013612946007394451,0.00013626611711372,0.0001459657837950724,0.00012940106173563493,0.24276887567164804,0.00015431370848070726,0.00016750333198617558,0.0001470690081754896,0.00013391962071676597,0.00013982256164039514,0.00013239181509371975,0.19137609546356732,0.04357214395283151,0.00012536836211389304,0.00012927581339772123,0.5200616268411948,0.0001335647431500527
2fe2a87262e81842,Chemodan,0.00019324784562375173,0.0001553957417560355,0.00015136398847758137,0.0001659061380913989,0.00016607269929844857,0.09244695982583916,0.0001577059890625182,0.11389085393480342,0.00018806797543862225,0.7906785507738456,0.00017923858709871277,0.00016321292806554464,0.00017040705962745296,0.0001613509379163185,0.000271609785818833,0.00020061211816354093,0.00015279118198995294,0.0001575533394852029,0.0001863187335186658,0.0001627804160791799
b08408a1d1dfa7b5,Chemodan,0.00014604936944380542,0.0001174421907275759,0.00011439515087496608,0.00012538554950892317,0.00012551143811810375,0.776507796110145,0.00011918818759313143,0.21958456773522328,0.00014213462805516292,0.00015428327901872613,0.00013546171686140143,0.001621784753298613,0.00012878717585325684,0.00012194290131864338,0.00020527234213621158,0.00015161501093913224,0.00011547376785446923,0.00011907282729382743,0.00014081261575984029,0.0001230232499759286
3c86370416f32658,Chemodan,0.09987569988359708,0.00012926665687367408,0.000125912819133418,0.00013800976672023445,0.0001381483300417489,0.025619934279879648,0.0001311884407943297,0.0003708459726167347,0.00015644519318704406,0.0001698170193744233,0.00014910043492813422,0.0001357694123065528,0.00014175388678384882,0.00013422050662056277,0.00022593982120013004,0.8718093863727615,0.00012710003700631815,0.00013106146079605886,0.00015499007458435175,0.0001354096307941475
97eca07889a8247e,Chemodan,0.00014849361408656884,0.01634327421809712,0.0001163096323724783,0.00012748396744802006,0.00012761195153566414,0.0001366955912333829,0.00012118287934903947,0.04684987415688787,0.0001445133453406248,0.0001568653159214226,0.00013772874805595856,0.16427025817615173,0.0001309425209568732,0.770319182539263,0.00020870771898125545,0.00015415238795740108,0.00011740630102569892,0.00012106559091852088,0.00014316921410611582,0.00012508213031124752
2608693fb0576196,Chemodan,0.9971601752542446,0.00012196494675425965,0.00011880056047337396,0.0001302142153341177,0.0001303449351702272,0.0001396231185994538,0.00012377818062028536,0.0003498943787114831,0.00014760830633485036,0.0001602248005113081,0.00014067840879146388,0.00012810040442537125,0.00013374683777806154,0.00012663898488837836,0.00021317748090116174,0.00015745378154754505,0.00011992071581839061,0.00012365837471906197,0.00014623537698191426,0.00012776093739467293
6183f001332c9f55,Chemodan,0.00016685494058976173,0.00013417249369553742,0.00013069138507861084,0.1946974837504054,0.00014339124696738725,0.0001535980896807467,0.0001361672262675734,0.8025397596287879,0.00016238251200664967,0.00017626180644037174,0.00015475899764050153,0.00014092204927347647,0.00014713364973332116,0.0001393143539302859,0.0002345145546357991,0.00017321344261088002,0.00013192365561949355,0.00013603542959194633,0.00016087216896112336,0.00014054861808324336
315204abe492faa4,ОУ74,0.00017260876447404647,0.00013879929866426633,0.00013519815106589496,0.00014818717492406987,0.00014833595369250448,0.00015889474970994614,0.19274121346995804,0.3654833418117625,0.12979697059208403,0.3094634444247224,0.00016009570461801944,0.0001457815980256027,0.00015220740309287832,0.0001441184743298256,0.00024260154981961814,0.00017918652062700227,0.00013647291328162676,0.00014072646683903857,0.0001664196899432433,0.00014539528836542723
a7c0b6a2e21db3d8,12 ТРИАГРУТРИКА (Т.Г.К.липсис),8.247246617248765e-05,6.63183131145668e-05,6.459768019090496e-05,7.080383889909412e-05,7.087491772552172e-05,7.591992096724262e-05,6.730425625436875e-05,0.0001902519194880187,8.026185573533543e-05,8.712206479312331e-05,0.9984498723679772,6.965445593146503e-05,7.272469889046617e-05,6.8859812259821e-05,0.00011591502854082455,8.561532318489727e-05,6.520676512466558e-05,6.723911460906151e-05,7.951532796902107e-05,6.946987217185383e-05
f1542c99c98bdcb3,Муровей (Сложные),0.020668854096269052,0.0001324451413468788,0.00012900885253429344,0.00014140324098214726,0.00014154520944854678,0.00015162063409274184,0.0001344141898427226,0.4404413422062239,0.00016029197372402617,0.0001739925855676795,0.00015276661181900554,0.00013910780762233516,0.00014523943092481923,0.00013752080505892816,0.5364174141240114,0.000170983468170752,0.00013022526152105056,0.00013428409573759632,0.00015880108654813135,0.00013873917855398413
c0d3791fb262e111,ТРИАГРУТРИКА (Т.Г.К.липсис),8.485314624772747e-05,6.823267681250228e-05,6.646237817513163e-05,7.284768560920739e-05,7.292082353275635e-05,7.811144786943412e-05,6.924708351398179e-05,0.00019574374252483788,8.257872562756602e-05,8.963695725556826e-05,0.9984051259100626,7.166512425679871e-05,7.482399570373733e-05,7.084753947831192e-05,0.00011926107592180073,8.808672722500837e-05,6.708904183205808e-05,6.918005739462913e-05,8.18106464630692e-05,7.14752144933137e-05
e306641e5bda03ba,ТГК,8.247246617488791e-05,6.631831311649692e-05,6.459768019278501e-05,7.080383890115478e-05,7.087491772758445e-05,7.591992096945218e-05,6.730425625632756e-05,0.00019025189038972672,8.026185573767135e-05,8.712206479565891e-05,0.998449872397036,6.965445593349225e-05,7.272469889258274e-05,6.885981226182507e-05,0.00011591502854419811,8.561532318738901e-05,6.520676512656336e-05,6.723911461101843e-05,7.951532797133527e-05,6.946987217387568e-05
90e9f738bb77644b,Триагутрика,8.077910343493897e-05,6.49566321843773e-05,6.327133131126885e-05,6.93500588964361e-05,6.941968253132499e-05,7.436109796338139e-05,6.592233360987927e-05,0.00018634590891240504,7.861388042187112e-05,8.53332342146946e-05,0.9984816999898882,6.822427913556047e-05,7.123148319711589e-05,6.744594816106266e-05,0.00011353500457202741,8.3857429978576e-05,6.386790887375657e-05,6.58585234648301e-05,7.78826830984142e-05,6.804348614990688e-05
ee46b15e7d8c78cb,Блондин,0.00030030754508320707,0.00024148530926317572,0.00023521995264548788,0.00025781848185368547,0.0002580773313388009,0.00027644769943576097,0.0002450754270573246,0.8786988836578726,0.00029225803622962617,0.0003172381465927305,0.11634939184487958,0.00025363323434328026,0.0002648129185761211,0.0002507397022250361,0.000422082170678995,0.00031175166673697876,0.00023743782474330282,0.00024483823082349377,0.0002895397091822606,0.0002529611104384842
411d3581d83f98fc,Вадяра Блюз (Bulletgrims),0.0005822037285454065,0.050011929873629485,0.0004560189671407659,0.0004998305095499086,0.000500332317839538,0.0005359468529786864,0.0004751256917526589,0.5591854953363135,0.0005665981950506932,0.000615026915055721,0.20687942567593867,0.17528316456651222,0.000513390625657129,0.0004861069172123873,0.0008182871538276875,0.0006043903371870953,0.00046031870922945997,0.0004746658220864698,0.0005613281893754277,0.0004904136151171829
418bf16c42a7987a,TRIAGRUTRIKA,8.247246617248765e-05,6.63183131145668e-05,6.459768019090496e-05,7.080383889909412e-05,7.087491772552172e-05,7.591992096724262e-05,6.730425625436875e-05,0.0001902519194880187,8.026185573533543e-05,8.712206479312331e-05,0.9984498723679772,6.965445593146503e-05,7.272469889046617e-05,6.8859812259821e-05,0.00011591502854082455,8.561532318489727e-05,6.520676512466558e-05,6.723911460906151e-05,7.951532796902107e-05,6.946987217185383e-05
21057f8be8cc68f0,MC-Нэмэр,0.000135624923904538,0.00010905961583772751,0.00010623005479621435,0.00011643600175610373,0.00011655289726357868,0.0001248493350813521,0.00011068098985028316,0.6598783964139845,0.00013198959440293483,0.012007967532393202,0.10905852578311853,0.0001145458612085912,0.00011959483618183071,0.00011323907770124497,0.12074449792446468,0.00014079331186599357,0.00010723168471315228,0.0001105738586756248,0.0965389679799195,0.0001142423228803925
ca03936e09d933a5,ОУ74,0.00021971731282808288,0.00017668055092249574,0.00017209656703254237,0.00018863056818056083,0.00018881994678988264,0.00020226047294736414,0.0001793072296144447,0.11205448040526775,0.0002138279494891351,0.0002321044404800936,0.0002037891951730506,0.00018556846711669496,0.00019374799613540732,0.00018345144011018305,0.8415422348618167,0.00022809029499204836,0.0001737192364152737,0.04306455722555742,0.00021183911029340512,0.00018507672883744165
f28b0457cff56d9a,Две Причины,0.0003079478726472165,0.00024762911097404866,0.00024120435349293405,0.00026437781137671277,0.00026464323829380006,0.0002834810115153813,0.0002513105706725176,0.3309963733591963,0.24733848805761094,0.00032530923774632845,0.3927927962492789,0.00026008610259957215,0.0002715502171114518,0.00025711893816711997,0.00043282064334315457,0.0003196831475304231,0.00024347864307723967,0.00025106732087284484,0.00029690608379255763,0.02435372803070062
50244a18d15742ef,ОУ74,0.0004854969354964325,0.00039040100960158213,0.0003802720612812044,0.00041680630487427283,0.00041722475976569074,0.00044692353193903,0.0003962050412277482,0.9542633089219438,0.0004724835355253706,0.0005128680705261545,0.0004503014681591176,0.00041004015878152636,0.00042811398748017823,0.00040536227081710213,0.000682365759238714,0.0005039982121704812,0.0003838575951324287,0.0003958215691419698,0.00046808891515436485,0.03769005989174283
894cc78d39bd0de9,ТРИАГРУТРИКА [Т.Г.К.липсис(2011)],8.247246617488791e-05,6.631831311649692e-05,6.459768019278501e-05,7.080383890115478e-05,7.087491772758445e-05,7.591992096945218e-05,6.730425625632756e-05,0.00019025189038972672,8.026185573767135e-05,8.712206479565891e-05,0.998449872397036,6.965445593349225e-05,7.272469889258274e-05,6.885981226182507e-05,0.00011591502854419811,8.561532318738901e-05,6.520676512656336e-05,6.723911461101843e-05,7.951532797133527e-05,6.946987217387568e-05
97956f106e8bc2d7,The Chemodan & Эфди Вадим,0.620066158994293,0.0003064562008460291,0.0002985051799732613,0.01813746968503144,0.0003275122398695472,0.0003508251354006104,0.0003110122308301304,0.27515864064739676,0.00037088917037409727,0.0004025901389950126,0.08106204776769078,0.00032187249966667036,0.00033606006388299097,0.00031820044031515227,0.0005356420819389588,0.00039562751329733976,0.0003013197531776158,0.00031071120991508057,0.00036743949338861377,0.0003210195537170073
15aea3d946f3591c,The Chemodan,8.247246617488791e-05,6.631831311649692e-05,6.459768019278501e-05,7.080383890115478e-05,7.087491772758445e-05,7.591992096945218e-05,6.730425625632756e-05,0.00019025189038972672,8.026185573767135e-05,8.712206479565891e-05,0.998449872397036,6.965445593349225e-05,7.272469889258274e-05,6.885981226182507e-05,0.00011591502854419811,8.561532318738901e-05,6.520676512656336e-05,6.723911461101843e-05,7.951532797133527e-05,6.946987217387568e-05
739a48a7bdf317b2,Триагрутрика,8.228166230398004e-05,6.616487839905526e-05,6.444822540660064e-05,7.064002871392647e-05,7.071094747001377e-05,7.574427285139125e-05,6.71485441742133e-05,0.00018981169689544057,8.00761668424087e-05,8.69204998308853e-05,0.9984534587734858,6.949330145906471e-05,7.255644311485311e-05,6.870049859656512e-05,0.00011564685248127605,8.541725066689485e-05,6.505589881081716e-05,6.708354804739194e-05,7.933136347040955e-05,6.930914697906375e-05
14ec5ba101ad44e9,ТГК,8.247246617248765e-05,6.63183131145668e-05,6.459768019090496e-05,7.080383889909412e-05,7.087491772552172e-05,7.591992096724262e-05,6.730425625436875e-05,0.0001902519194880187,8.026185573533543e-05,8.712206479312331e-05,0.9984498723679772,6.965445593146503e-05,7.272469889046617e-05,6.8859812259821e-05,0.00011591502854082455,8.561532318489727e-05,6.520676512466558e-05,6.723911460906151e-05,7.951532796902107e-05,6.946987217185383e-05
d4d7d9b6be8eedb7,GOA,0.00036892851894299223,0.00029666524821364174,0.0002889682452490279,0.0003167305936969096,0.0003170485821581973,0.0003396166243065805,0.0003010757301273266,0.18182702918183002,0.0003590396482320395,0.00038972780484514645,0.81208976604668,0.00031158899443597894,0.0003253232961750316,0.0003080342815791954,0.0005185288768394187,0.00038298761943986756,0.0002916928877319888,0.0003007843134640579,0.0003557001873118918,0.0003107633187406896
416103d68ee4aa19,ОУ74,0.5803304055350259,0.0002821289108415672,0.0002748090642262621,0.00030121107121856405,0.0003015134600345581,0.00032297570270059956,0.0002863232678189116,0.0008093860702913902,0.00034144700274468993,0.24274530925421703,0.0003254168157256537,0.00029632139458742637,0.00030938272879311004,0.00029294086806837266,0.0004931214202452716,0.00036422156630601393,0.1710032323893522,0.00028604614112922005,0.00033827116347711706,0.0002955361731961349
cc455b528553bb4a,ТРИАГРУТРИКА (Т.Г.К.липсис 2011),8.247246617488791e-05,6.631831311649692e-05,6.459768019278501e-05,7.080383890115478e-05,7.087491772758445e-05,7.591992096945218e-05,6.730425625632756e-05,0.00019025189038972672,8.026185573767135e-05,8.712206479565891e-05,0.998449872397036,6.965445593349225e-05,7.272469889258274e-05,6.885981226182507e-05,0.00011591502854419811,8.561532318738901e-05,6.520676512656336e-05,6.723911461101843e-05,7.951532797133527e-05,6.946987217387568e-05
67e57e37ac894f38,Cтрана OZ,0.04613566592104184,6.165812364535334e-05,6.005840269172299e-05,6.582845466866091e-05,0.03981935129346915,0.04963907005989764,6.257478505578488e-05,0.4415882893957461,0.029428899495098724,0.05579262677378904,0.07948431167426703,6.475984217758126e-05,6.76143382515511e-05,6.402103425380756e-05,0.10969770133307771,0.12776307724315117,6.062468676715405e-05,6.251421999184527e-05,0.02001676469149629,6.458823146181003e-05
0fac09f965d85568,ОУ74,0.0004170113292313983,0.00033532993809581434,0.00032662978382848914,0.00035801040950182294,0.0003583698418372854,0.00038387920579446405,0.00034031522093292923,0.4015983372717205,0.00040583365298667133,0.00044052140539225365,0.0003867806250970488,0.0003521986942276399,0.000367722998801839,0.0003481807063784951,0.3252394464695293,0.2669184127639837,0.00032970952231482927,0.0003399858237529483,0.00040205894407616057,0.00035126539251641647
021641fc502abf7f,ОУ74,0.00021575363068700523,0.00017349324587671413,0.00016899194632207816,0.00018522769014237833,0.00018541364903703898,0.00019861171014800194,0.00017607254333041236,0.2247584993126095,0.00020997051133464823,0.00022791728362298917,0.0002001128418246987,0.00018222082838451552,0.00019025278580103727,0.0001801419857665849,0.7717871015137585,0.00022397554877422892,0.0001705853516783307,0.0001759021258787048,0.00020801754276310734,0.00018173795225950385
fb15ccf15ff02f29,ОУ74,0.0001303592306302842,0.00010482533674295854,0.00010210563498667274,0.0001119153347332865,0.00011202769005968525,0.00012000201512719424,0.00010638375939874757,0.00030072481549196946,0.00012686505419404363,0.9975666016105958,0.00012090901408606538,0.00011009857195192347,0.0001149515260626647,0.00010884253078880414,0.0001832198578400222,0.00013532696296107076,0.00010306837505132944,0.00010628079005674555,0.00012568506860836544,0.00010980682063227985
1582d9202123afc7,ОУ74,0.00016929249553703768,0.00013613261342951483,0.00013260064571691727,0.00014534011848948395,0.00014548603052728226,0.0001558419871615089,0.0001381564790229077,0.8567729833380971,0.0001647547432112452,0.04510295262959956,0.09551146311334101,0.00014298077307965524,0.00014928310500208282,0.0001413495908751112,0.0002379405513782618,0.00017574389726251758,0.00013385091703072547,0.00013802276148871715,0.00016322233939630672,0.000142601870352998
543f7055f7dbe739,ОУ74,0.00012682735005160037,0.00010198525417222109,9.933924331017658e-05,0.00010888315961724205,0.00010899247359354265,0.09520108048990078,0.00010350145444853899,0.4734790747336493,0.0001234278338181723,0.00013397756385366178,0.10462636947943241,0.00010711562596210682,0.00011183708897482979,0.00010589360717472568,0.1647660866076632,0.027270014473872593,0.00010027589906837045,0.00010340127179813411,0.13311508461330646,0.00010683177633195248
33537c14016b2c3e,ОУ74,0.00012920580927501177,0.00010389783975657499,0.0001012022067199177,0.0001109251048265895,0.0001110364706288732,0.00011894023389385088,0.0001054424672816247,0.8290758955849415,0.0001257425409163672,0.00013649011936417424,0.1455366695686504,0.013170132758378077,0.0001139344262098989,0.00010787949096831665,0.00018159872625704007,0.0001341295805405168,0.0001021564266906547,0.00010534041470467245,0.00012457300354154155,0.010304807226454285
caaf955a25a5a148,ОУ74,0.0002145020830226734,0.00017248683892293916,0.00016801165996524025,0.00018415320956612397,0.0001843380916228126,0.00019745959537427251,0.00017505117705986703,0.32833407621143473,0.0002087525202700508,0.14811294655065865,0.00019895202503597486,0.00018116379549390046,0.0001891491723919671,0.18088421633845897,0.33964009224112174,0.00022267631464972118,0.00016959582488749867,0.00017488174913495356,0.00020681087304912158,0.0001806837278787759
7c6b0d3ae95eedcd,ОУ74,0.0001882235949074144,0.03529783797211341,0.0001474286717519116,0.00016159273363543442,0.00016175497292516297,0.00017326897118936994,0.00015360578464259996,0.44911246831171503,0.00018317838809908717,0.17144805293156093,0.12024573752003193,0.00015896954740136647,0.0001659766432617343,0.00015715597145730983,0.22140705280677225,0.0001953964079649684,0.00014881875789332408,0.00015345710773676479,0.00018147462089844176,0.00015854828404157176
247368fe56555ea5,ОУ74,0.0006451818394324117,0.3443417450562242,0.0005053474017344561,0.0005538981276782668,0.0005544542437509769,0.0005939212554432775,0.0005265209071119834,0.6449403502478933,0.0006278881662535963,0.0006815555791615595,0.0005984101726937835,0.0005449065561672948,0.0005689250195906439,0.0005386900352912878,0.0009068028448780918,0.0006697683515006821,0.0005101122233375522,0.0005260112989670623,0.0006220481325827694,0.0005434625403067344
3a426dbc92882fa0,ОУ74,0.00016460207257695074,0.00013236090940800082,0.0001289268031466425,0.0001413133053078809,0.00014145518647254145,0.00015152420896617154,0.00013432869202248526,0.3952410571556638,0.03918268288092723,0.00017388193020486737,0.00015266944462348286,0.00013901932698190612,0.07924293234293406,0.00013743334294354464,0.48400324555850444,0.00017087471890212254,0.0001301424264135398,0.00013419868521991323,0.00015870007806152958,0.0001386509307188757
f8316113908fc77e,Тараканы,0.00037254745601639916,0.0002995753573290195,0.0002918028585843329,0.0003198375040709561,0.0003201586357642729,0.0003429480720523894,0.00030402908778910415,0.0008594186679685617,0.0003625616107720985,0.9930457148329366,0.00034554011762699324,0.0003146454966791725,0.00032851449173760205,0.0003110558881246769,0.0005236153249830591,0.00038674448037656633,0.0002945542185407762,0.00030373481893364594,0.00035918937874627636,0.0003138117009675691
785b3a01045a4867,Четыре таракана,0.0003765109841411463,0.0003027625128731719,0.00029490733027404565,0.0003232402604577442,0.0003235647681901073,0.0003465966681147858,0.00030726362429595895,0.0008685621460347708,0.0003664188809761522,0.9929717283828311,0.00034921630407801446,0.0003179929849773496,0.00033200953622799693,0.0003143652213601904,0.0005291860805553047,0.0003908590280439564,0.0002976879686386584,0.0003069662413354849,0.00036301076398286247,0.0003171503126111756
15759b9706a994f0,Детские Песни,0.0003048684338512933,0.00024515284741883476,0.00023879233646818484,0.0002617340557341282,0.0002619968342098846,0.0002806462188508177,0.00024879749087220685,0.0007032832693118964,0.0002966966606291337,0.0003220561659715223,0.0002827673932498157,0.00025748524588600286,0.00026883474982628594,0.00025454776727967126,0.00042849247900420684,0.0003164863333064092,0.00024104386691911693,0.00024855668578765614,0.9942809582297136,0.0002568029357092798
d690559977487c0b,Круть,0.0001363565195063307,0.00010964791340887386,0.00010680309411744401,0.00011706409301703235,0.00011718162155623541,0.00012552280817522556,0.9974218851746851,0.0003145598637458916,0.0001327015878467087,0.00014404396135670852,0.00012647153480704415,0.00011516375119832405,0.00012023996836824919,0.0001138499243022406,0.00019164905150259866,0.0001415527899726621,0.00010781013027152927,0.00011117032745049521,0.00013146730899241975,0.00011485857571885931
b04bf5cd80bf2bc9,НОМ,0.0007910091307233374,0.0006360715670131154,0.0006195686469336374,0.0006790930832569602,0.0006797748696087647,0.6639583300954836,0.0006455279256682692,0.001824797183380009,0.0007698067567977661,0.20661657150225674,0.0007336659683475536,0.0006680691340408529,0.0006975164487479542,0.0006604475391178968,0.001111763095657076,0.11620872800556792,0.0006254104843655344,0.0006449031246181309,0.0007626466322237476,0.0006662988061911317
42b8d37116ab2b22,Кровосток,0.00015769484303534726,0.00012680663020231948,0.00012351663161812467,0.0001353833682524506,0.0001355192831293625,0.00014516577603457115,0.9970184330168775,0.0003637900796844854,0.00015346794857104342,0.000166585291247841,0.00014626296124756934,0.00013318563633431648,0.0001390562276944133,0.0001316662127842224,0.00022164005686255863,0.00016370427420707323,0.00012468125040067423,0.00012856728083106113,0.00015204052222136016,0.00013283270876368006
d205c23b10acd943,Леонид Сергеев,0.00026609147094879237,0.00021397123497701848,0.00020841973854286646,0.0002284434612642629,0.00022867281395812776,0.00024495013223893016,0.00021715231216655256,0.0006138479259407901,0.0002589590838379009,0.9950329029173075,0.0002468015138663428,0.00022473506641927668,0.000234640989856535,0.00022217120860099302,0.00037399145786303596,0.0002762316510744484,0.00021038490157458908,0.00021694213889344234,0.00025655045127089926,0.00022413952939774126
aedcf5f7f25886cc,Белки на акации,0.00024560468215872855,0.00019749726608432976,0.0001923731883238229,0.6139947364694542,0.0002110669393691681,0.00022609104723957045,0.000200433434643965,0.3164136190705912,0.00023902142588906844,0.06578441379302288,0.0002277998783655838,0.00020743236630419454,0.000216575624186309,0.00020506590513264943,0.0003451973043183428,0.00025496418146579876,0.00019418705515678988,0.0002002394285418445,0.00023679825740336046,0.00020688268234818645
7a8256d4855076b7,Злой дух,0.00015769482641814786,0.00012680661398965443,0.000123516600896634,0.00013538333737554456,0.00013551926680259024,0.00014516575958146145,0.9970184199592038,0.00036380349178457503,0.00015346793200920247,0.00016658527451420585,0.0001462629447800901,0.00013318562003810733,0.0001390561967694048,0.00013166619650791273,0.00022164002485597267,0.00016370425751116997,0.00012468123421584466,0.00012856726459533732,0.0001520405056782138,0.0001328326924720931
ac06fc5e28632b45,Детские Песни,0.0003048690596763616,0.0002451533539600895,0.0002387928281519915,0.0002617346212795374,0.00026199739976791656,0.00028064681440851996,0.00024879799758853525,0.0007032845836632777,0.00029669728606166373,0.00032205685082987995,0.0002827679889094104,0.00025748578212348594,0.00026883531571278316,0.00025454830337605,0.00042849337270214134,0.0003164870178972151,0.00024104437326299323,0.00024855719249241724,0.9942809463862218,0.0002568034719139875
3d6af264e29d1545,Шишков Сергей,0.0003048690596763616,0.0002451533539600895,0.0002387928281519915,0.0002617346212795374,0.00026199739976791656,0.00028064681440851996,0.00024879799758853525,0.0007032845836632777,0.00029669728606166373,0.00032205685082987995,0.0002827679889094104,0.00025748578212348594,0.00026883531571278316,0.00025454830337605,0.00042849337270214134,0.0003164870178972151,0.00024104437326299323,0.00024855719249241724,0.9942809463862218,0.0002568034719139875
d66d014316f13939,"Вокальный Квартет ""Аккорд""",0.0003048690596763616,0.0002451533539600895,0.0002387928281519915,0.0002617346212795374,0.00026199739976791656,0.00028064681440851996,0.00024879799758853525,0.0007032845836632777,0.00029669728606166373,0.00032205685082987995,0.0002827679889094104,0.00025748578212348594,0.00026883531571278316,0.00025454830337605,0.00042849337270214134,0.0003164870178972151,0.00024104437326299323,0.00024855719249241724,0.9942809463862218,0.0002568034719139875
f7adf8deb33144b4,Песьня.,0.0002874762602433883,0.00023116731816979257,0.00022516965894290507,0.0002468026090758331,0.00024705039909057375,0.00026463586493351033,0.00023460404402023274,0.0006631622150670943,0.00027977067181459347,0.0003036834559749704,0.0002666360256996661,0.000242796190290986,0.0002534982072671903,0.00024002627685806169,0.0004040477833784182,0.00029843137868343947,0.0002272927542900174,0.00023437697593296395,0.994607219118361,0.0002421527919052835
630e5b2db8700a11,Неизвестный исполнитель,0.0002806271322720859,0.00022565974721278618,0.0002198049879422913,0.00024092253780477353,0.00024116441973578187,0.00025833092095094157,0.0002290145893509436,0.0006473629514146164,0.0002731051309970497,0.0002964481779789374,0.00026028340959316943,0.00023701156513134086,0.0002474586031833107,0.00023430764470272104,0.0003944213321812139,0.00029132124728871645,0.00022187750077937878,0.0002287929345817751,0.9947357016624179,0.0002363835044802568
feb9d899b0bb1744,Анатолий Александрович,0.0003048690596763616,0.0002451533539600895,0.0002387928281519915,0.0002617346212795374,0.00026199739976791656,0.00028064681440851996,0.00024879799758853525,0.0007032845836632777,0.00029669728606166373,0.00032205685082987995,0.0002827679889094104,0.00025748578212348594,0.00026883531571278316,0.00025454830337605,0.00042849337270214134,0.0003164870178972151,0.00024104437326299323,0.00024855719249241724,0.9942809463862218,0.0002568034719139875
633b27948fdf9123,Детская,0.00028747623124414086,0.00023116730370197538,0.00022516964447290595,0.0002468026091656194,0.00024705037007661943,0.00026463583592595356,0.00023460402955366582,0.0006631621571006898,0.0002797706428125427,0.0003036834269816191,0.0002666360257966677,0.0002427961758273994,0.0002534982073594124,0.00024002626239346737,0.00040404775442157923,0.00029843134968817744,0.00022729275437270602,0.00023437696146631442,0.994607219480197,0.0002421527774414628
27e8b991e382a330,Louis Armstrong,0.0008271927589976546,0.0006651677254765655,0.0006479099114566625,0.0007101572395712113,0.000710870166971454,0.0007614711321677492,0.0006750566827720129,0.0019082513516600304,0.0008050204723779399,0.9845588976398304,0.0007672264726009955,0.0006986289799918778,0.0007294233342216804,0.0006906587799483573,0.001162619163630708,0.0008587153492418626,0.0006540189798300849,0.0006744033018063266,0.0007975328720303218,0.0006967776854160514
2a995e04d3ccd556,Злой Дух ( няшка ^^ ),0.00013635651985158994,0.00010964791368650601,0.00010680309438787299,0.00011706409331344252,0.00011718162185294316,0.0001255228084930535,0.9974218877001905,0.00031455733250920065,0.0001327015881827135,0.0001440439617214326,0.0001264715351272743,0.00011516375148992249,0.00012023996867270078,0.00011384992459051237,0.00019164905198786042,0.00014155279033107847,0.00010781013054450809,0.00011117032773198216,0.00013146730932529934,0.00011485857600968504
5d7da139972da2fb,♨♨♨Детская песня♨♨♨,0.0003215440120634175,0.00025856209986279365,0.0002518536959684461,0.0002760503007490208,0.00027632742742584796,0.00029599690222247634,0.0002624061047303268,0.0007417508836357913,0.0003129252618195367,0.0003396718569428506,0.0002982340845918341,0.00027156906750623773,0.00028353935669677457,0.0002684709065104803,0.0004519299889309351,0.0003337973942160944,0.00025422839393830885,0.00026215211559898143,0.9939681407004038,0.00027084944618600794
dac37ad105fe3d66,детская песенка,0.00028747623124414086,0.00023116730370197538,0.00022516964447290595,0.0002468026091656194,0.00024705037007661943,0.00026463583592595356,0.00023460402955366582,0.0006631621571006898,0.0002797706428125427,0.0003036834269816191,0.0002666360257966677,0.0002427961758273994,0.0002534982073594124,0.00024002626239346737,0.00040404775442157923,0.00029843134968817744,0.00022729275437270602,0.00023437696146631442,0.994607219480197,0.0002421527774414628
ce3bf661dfd530fb,Тараканы!,0.0003504709099065684,0.00028182300212691583,0.0002745111008145872,0.0003008844697918737,0.0003011865675713311,0.00032262552729831904,0.00028601281893119926,0.0008085070229219834,0.00034107680401490473,0.9934577981076081,0.0003250639918890546,0.00029600011913316155,0.0003090472798496739,0.0002926232596770075,0.0004925867857589959,0.00036382665855714494,0.00027709942103792647,0.00028573601238202594,0.00033790439898078226,0.00029521574174836817
d251daf7dbec59da,Тараканы!,0.0003339351257599357,0.00026852612630112754,0.00026155919282295576,0.00028668825615767136,0.00028697606395092917,0.0003074035196640828,0.00027251826981345236,0.5875782057709733,0.21035848081675487,0.19692512805655168,0.00030972693676908404,0.000282034349716527,0.0002944659059761191,0.00027881680468914066,0.00046934570934496864,0.0003466606889289717,0.0002640254224308912,0.00027225450178531045,0.0003219615182946516,0.0002812869633143771
b7c0b2fca2bd73f3,Тараканы!,0.0004117890591738941,0.0215812032579637,0.0003225393669910299,0.00035352700181765347,0.00035388192303850225,0.00037907184186981245,0.0003360534108424205,0.21647386766977947,0.0004007513438995548,0.15616858376404166,0.00038193693942333755,0.5997184061378421,0.00036311796564563,0.0003438203793646951,0.000578769380001928,0.0004274814956828748,0.0003255805427229999,0.00033572814642551145,0.00039702389982911707,0.00034686647364412905
798d956adffd17f9,Тараканы!,0.0005217163136592845,0.0004195259835071622,0.00040864135461908134,0.0004479011705273439,0.000448350824708895,0.25280252154954336,0.0004257629925954967,0.6493402137813932,0.0005077320977168752,0.08980226536586916,0.00048389512919751085,0.000440630247859747,0.00046005242722353386,0.0004356033760444801,0.0007332720577172201,0.000541597838780186,0.00041249438163794034,0.0004253509114591483,0.000503009593761198,0.0004394626021792401
382bc90a566392a3,Тараканы!,0.0005721618070631097,0.0004600905812071632,0.0004481534996293083,0.0004912093862535873,0.12582615014595108,0.0005267027880548172,0.0004669306507508045,0.0013199264645844424,0.0005568254271926292,0.13233172890057945,0.0005306836681913074,0.0004832354314756487,0.0005045355645549478,0.00047772249660048684,0.7324575183857198,0.0005939657565513134,0.0004523790847722146,0.00046647872647159066,0.0005516463423565491,0.0004819548920397183
4cfe66fd10dd0087,Тараканы!,0.0008889807833703106,0.0007148531413780641,0.0006963062590716163,0.0007632031620827742,0.0007639694077594056,0.0008183500333963091,0.0007254807547087408,0.3175144015077478,0.0008651523123400327,0.10958607900519543,0.0008245352960892748,0.0007508138356216717,0.0007839083845357954,0.0007422482869628532,0.0012494621795286626,0.0009228579925220508,0.0007028716178044182,0.0007247785374614846,0.0008571053939591529,0.5591046421084642
6eeabfeabf074797,Тараканы!,0.0005912898004686735,0.00047547185905563944,0.00046313573434293194,0.0005076310109693281,0.0005081406772694534,0.0005443109774709377,0.10796633811166872,0.5794768574098554,0.0005754406686509562,0.052271230454528875,0.0005484249786998391,0.0004993904938639093,0.0005214027112827657,0.0004936932441924075,0.2519256875238485,0.0006138226272283614,0.000467502560557511,0.0004820735976076401,0.0005700884158000167,0.0004980671426380814
65e3b7f516e3ce78,Тараканы!,0.0005458812904828868,0.0004389576863645087,0.0004275689207544354,0.000468647173709601,0.0004691176662408161,0.0005025102959327648,0.0004454836092756701,0.8052981633668335,0.0005312493394703666,0.0005766567290723952,0.0005063083458723648,0.0004610394614018501,0.0004813612695736935,0.062019613701487335,0.0007672359483297547,0.0005666837193191176,0.00043160041252212375,0.0004450524360200749,0.12415705088655074,0.00045981774078602996
ca704367e42751d3,Тараканы!,0.00041662383410490155,0.00033501834137628046,0.0003263262484031549,0.00035767774282603005,0.00035803682593481143,0.0003835225007427842,0.0003399989969718542,0.9513547516180828,0.0004054565473278752,0.04182929366792217,0.00038642121354481976,0.0003518714405524681,0.00036738128135592967,0.0003478571486741886,0.0005855647242704153,0.00043250049963709385,0.00032940313487936454,0.0003396699199163354,0.00040168533067447347,0.0003509389828022456
e082a268b30fe53b,Тараканы!,0.00021160665875062055,0.00017015856111158572,0.00016574378716641857,0.0001816674508957961,0.00018184984457446656,0.00019479422237735623,0.00017268828023507006,0.00048814764989489097,0.00020593470137786622,0.9960499730352221,0.00019626651218424029,0.00017871838929279626,0.00018659596558069373,0.00017667950619783873,0.0002974131056794789,0.00021967055773372277,0.00016730656076889645,0.00017252113696131796,0.00020401927671356452,0.00017824479728128115
876f3c804576201e,Оксана Дроздова,0.0004501542093739957,0.00036198100689279795,0.0003525894040094331,0.00038646405265200525,0.00038685206494121205,0.03702241760549937,0.0003673625091700532,0.6863543176514327,0.00043808816804988054,0.0004755328091499434,0.0004175208682731998,0.0003801904597140263,0.00039694859174123446,0.00037585311562007986,0.26983030149439713,0.0004673086773863838,0.00035591390564338203,0.0003670069476536086,0.0004340134569365674,0.0003791830014629624
2cead8277b9bc4e1,Оксана Дроздова,0.0007256404856173352,0.0005835068584748274,0.0005683677436132537,0.0006229731097206308,0.0006235985510681271,0.0006679873662335594,0.016903926524405918,0.5167153137575795,0.0007061902201366539,0.45510148276175383,0.0006730361243682996,0.0006128601684202442,0.0006398739377346776,0.0006058684384679678,0.0010198874438603067,0.0007532931422496019,0.0005737268068036945,0.0005916086085757081,0.0006996218345231715,0.0006112361163926505
b972773d729f29c6,Оксана Дроздова.,0.40015032541530776,0.00046058601705140816,0.0004486360998944978,0.000491738351769517,0.0004922320691818878,0.000527269998352414,0.00046743347942056516,0.3072829150790917,0.000557425061150439,0.000605069780974528,0.0005312551861192109,0.0004837558108339914,0.0005050789082448607,0.0004782369384126492,0.1798552691131079,0.0005946053816295861,0.017578114981346767,0.08745533803664074,0.0005522403880362329,0.0004824739034333025
5d565bfe19918f1d,Оксана Дроздова,0.000545754197272276,0.0004388554705981485,0.0004274693527623345,0.0004685380329894618,0.0004690084382370444,0.0005023932700795572,0.0004453798804965169,0.0012590056082225553,0.0005311256214377501,0.0005765224199339953,0.0005061904471291213,0.00046093209556492766,0.0004812491610156299,0.000455673615076576,0.9900030057405205,0.0005665517378966676,0.0004314999134461475,0.00044494879452688295,0.0005261855368789012,0.0004597106659150763
c7073630061e0de5,Оксана Почепа,0.0011882606978335158,0.1122222059735542,0.0009307212596277582,0.0010201393997938833,0.0010211635053471492,0.0010938517165654167,0.0009697175390136915,0.2514921644136669,0.0011564101652951212,0.0012552518926302557,0.0011021191832104424,0.0010035790879644874,0.0010478150461948191,0.000992129874260656,0.6182160775272025,0.0012335428805275513,0.0009394968791362608,0.0009687789405115649,0.001145654321225853,0.001000919696437966
48ad6827fd164e05,D-Bosh,0.000479689058185664,0.00038573074364157023,0.0003757229546553487,0.00041182014570916546,0.00041223362384194216,0.030274023357397706,0.00039146536258169234,0.011605573265063637,0.0004668313347167305,0.0005067327457812113,0.0004449146071653918,0.00040513493742767983,0.0004229925827167373,0.0004005130161698494,0.9508817505844508,0.000497969000068414,0.0003792655894293409,0.0003910864598006253,0.00046248927590169446,0.00040406135529479705
81342b8a5f9ef8a7,Бабич Анжела,0.0004856846638606292,0.0003905519838327547,0.00038041910692183294,0.0004169674934379106,0.334564566203285,0.00044709636076650214,0.0003963582562094366,0.0011203999151750237,0.0004726662585787713,0.0005130663624281067,0.00045047560651670284,0.00041019872828537056,0.000428279541142176,0.00040551903608046123,0.6569561950282613,0.0005041931284016432,0.000384006037605919,0.00039597463862065533,0.0004682699212668424,0.0004091117293229707
d70233aa4719c91c,"Марьяж ""Декорации""",0.0003687271142055303,0.00029650330379004335,0.0002888104912998092,0.00031655767837325495,0.0003168754922312747,0.0003394312248585675,0.0003009113703592442,0.0008506132495429879,0.0003588436561939456,0.00038951502179950475,0.0003419966986470825,0.9930389251050615,0.0003251456956674113,0.00030786610964074387,0.0005182458451325737,0.0003827785321628119,0.0002915336496563417,0.000300620099197059,0.00035550599950424195,0.0003105936626760823
f002d8bb093e1629,"Гр. ""Они""",0.00026026794369579214,0.0002092883968291026,0.00020385839365075572,0.00022344388791374858,0.0002236682202251363,0.00023958930962795716,0.00021239985804837486,0.8178247903356853,0.00025329166865212683,0.0002749412209963046,0.00024140016439971377,0.00021981664864278804,0.17787179748933538,0.00021730890269353024,0.0003658065755249417,0.00027018623746821345,0.00020578055601526044,0.00021219426860265056,0.00025093577192895433,0.000219234150063874
84961d486de50728,Большая разница,0.00043749031534885197,0.00035179763282445527,0.0003426702345658456,0.00037559193630068725,0.000375969005547498,0.00040273111407969093,0.0003570277369459528,0.2627558545446695,0.0004257637120659931,0.00046215493981587025,0.0004057750256562146,0.00036949482902524623,0.00038578147890649955,0.0003652794882125284,0.12176483006338776,0.0004541621835498635,0.00034590122557417687,0.0003566821871491495,0.0004218036409633537,0.6088432387054109
723f4c47173de986,Армейские Песни,0.00037657881582591786,0.00030281707504150115,0.0002949604665496272,0.0003232984892005056,0.0003236230842363079,0.0003466591163333186,0.0003073190012598353,0.0008687286565976464,0.00036648490847389587,0.9929704520341465,0.0003492792178928218,0.00031805028252776074,0.00033206936546380375,0.000314421849612532,0.0005292814115708589,0.00039092944961355774,0.0002977415996103493,0.0003070215309952486,0.0003630761803847472,0.00031720746466334764
221b73b137e14baa,Tony Gun,0.00022099168978268998,0.00017770530284827167,0.00017309473245208858,0.00018972463128813386,0.00018991511584950328,0.00020343359707751196,0.6637316033617321,0.0005098099696661657,0.00021506815834493957,0.00023345064611281428,0.0002049711814719668,0.0001866447767827413,0.00019487174532543624,0.00018451545333530512,0.22548783253763938,0.10714224966486915,0.00017472681697958643,0.00018017266727054446,0.00021306777941226997,0.00018615017175933527
5e8db6999340fcf4,Курские соловьи,0.0005214241651191928,0.00041929107164054,0.00040841255343196554,0.00044765037090177637,0.00044809979229915617,0.00047999631328003657,0.00042552461801762805,0.5037326152682555,0.0005074477475581189,0.0005508207832151273,0.00048362419344112856,0.0004403835220190173,0.00045979481855743204,0.0004353594727557946,0.4505565940364578,0.03790364069725364,0.00041226339806173554,0.00042511274056550275,0.0005027279206667917,0.00043921651650210663
b4cc202b6139308c,Типа РВ!,0.0005813012301526678,0.00046743981522258214,0.0004553120440201249,0.0004990557171537381,0.0004995567687535948,0.0005351160655192646,0.00047438917041023283,0.6474028340615168,0.0005657198525319367,0.0006140735438094688,0.0005391605670718257,0.0004909543740231547,0.0005125947623529806,0.0004853533994478044,0.3432900386403846,0.0006034534385007952,0.00045960512141576083,0.00047392999922697655,0.0005604580540337664,0.0004896533744520118
356b0546da398a24,"Из к/ф ""Снежная любовь, или сон в зимнюю ночь""",0.0005818427116287924,0.00046787521801469855,0.00045573618413877887,0.0004995206007993997,0.000500022059831853,0.0005356144752643947,0.0004748310630649239,0.7487437035917673,0.0005662468409543423,0.0006146455829323387,0.0005396627601451954,0.0004914116910128559,0.000513072218285253,0.00048580550708689,0.2419404997024299,0.0006040155245593001,0.0004600332485790346,0.00047437145534347854,0.000560980095025794,0.0004901094691354273
2a3dee19a37a17c4,ВИА Пламя,0.0004266545673860792,0.00034308431345250696,0.00033418296492741405,0.0003662892636259036,0.00036665701963530396,0.0003927562876009485,0.0003481849053666773,0.0009842482602862798,0.00041521842069394585,0.00045070830168880086,0.0003957247910585938,0.0003603431763153191,0.0003762264466026084,0.0003562322601766837,0.0005996628441543988,0.9920278996644832,0.00033733394940586815,0.0003478478830028869,0.0004113564005186209,0.0003593882796179129
f83daf24271ff834,Триада,0.00011134668576436841,8.95368369452573e-05,8.721379845929055e-05,0.03223554571799819,9.568874600308415e-05,0.017464835877087657,9.086796602470308e-05,0.6532231127087446,0.00010836211725690272,0.06620174943279507,0.000103274746209585,9.404098909757622e-05,9.818614552551373e-05,9.296813466807707e-05,0.15921684021775231,0.07030646772086492,8.80361271331776e-05,9.078001425501677e-05,0.00010735422984854264,9.379178756616026e-05
7b08fb49bfed0102,Дворовые песни,0.0002237260353478708,0.00017990406860397644,0.00017523645506549164,0.00019207211666492406,0.00019226494406955082,0.00020595069849175065,0.0001825786811853356,0.0005161121309185163,0.00021772922093447707,0.9958237358924182,0.00020750730211755401,0.00018895415093763153,0.00019728290947535086,0.00018679848869238282,0.00031444688361521585,0.00023225178313745283,0.00017688873752198106,0.00018240196274885628,0.00021570410390445039,0.0001884534341490267
d92b735496872140,Окси,0.0004994686870013341,0.32873964878146544,0.00039121560023792717,0.00042880125478083974,0.00042923175872645577,0.0004597851988386304,0.00040760714274106847,0.5852801770074272,0.00048608077681318453,0.0005276274634679376,0.00046326034240449593,0.00042184037385271835,0.0004404343491630861,0.00041702787990793155,0.07838489181881601,0.0005185024212772412,0.0003949043368579353,0.0004072126111370412,0.00048155967047680147,0.00042072252460669576
18eb71d4211337cc,Окси,0.00014088118541043942,0.00011328631767497388,0.00011034709293267515,0.0001209485844630202,0.00012107001291140725,0.0001296879839432121,0.0001149705271254406,0.9879878089266833,0.00013710496366480605,0.00014882372206677437,0.00013066818633459602,0.00011898518926187582,0.0001242298373976479,0.00011762775759761312,0.0001980084646068651,0.00014624988133916199,0.0001113875475249754,0.00011485924863723692,0.00969438468476398,0.00011866988566005111
eadcd3b87116806f,Окси,0.00039355895127450086,0.1410217690286452,0.0003082603997686567,0.0003378761948269211,0.0003382153999608149,0.00036229017511073416,0.0003211761845764447,0.4546295567364206,0.39819379457750287,0.0004157468378404877,0.0003650284089178893,0.00033239134530968836,0.00034704256237221253,0.00032859929093683967,0.0005531469777702859,0.00040855667853214635,0.0003111669410223419,0.00032086532657257344,0.00037944746473175876,0.0003315105179070891
74a9cd3466813905,Окси,0.0003469300894594541,0.000278975729745801,0.00027173769435845304,0.42646405479380445,0.00029814365817390547,0.0003193660260121873,0.00028312322934951473,0.0008003382898198667,0.00033763089167703354,0.0003664891733723692,0.0003217798395240345,0.0002930096260204427,0.000305924945665381,0.0002896668473360009,0.000487610119998021,0.5673513462837483,0.00027429987919928573,0.00028284918767950155,0.00033449053013521514,0.0002922331649207951
4441426482ae396b,Окси,0.07370806325241674,0.09478950507600051,0.00022535879148754596,0.00024700990393386756,0.0002472578976928681,0.00026485814951988126,0.00023480109347103807,0.8270105183719476,0.00028000564673669274,0.0003039385142237984,0.00026685999844903665,0.00024300012337450858,0.00025371111963594356,0.00024022789599203266,0.0004043871333869616,0.0002986820418840678,0.00022748367686972038,0.00023457383619288345,0.0002774012902616121,0.0002423561865226407
19a27253fecdb3ee,Окси,0.0002659069931775499,0.00021382290192828207,0.00020827526151361597,0.8839449832154119,0.00022851429519913543,0.0002447803218916942,0.00021700178191502037,0.11165217230957449,0.0002587795534119984,0.0002808981995157125,0.00024663042302995375,0.00022457926869958237,0.00023447832405761973,0.00022201718610501847,0.00037373221697810393,0.0002760401888187017,0.00021023905674957423,0.00021679173960013703,0.0002563726087638784,0.00022398415365805063
fbec39c3e69385fa,Окси,0.00029487392478803377,0.5266293835120467,0.0002309639946139017,0.00025315364241783913,0.0002534077770630612,0.00027144577804226146,0.00024064114911942621,0.2191392759292124,0.0002869700521040917,0.00031149820721573817,0.0002734974234476994,0.00024904412338730246,0.0002600215351623258,0.00024620292017263074,0.2497472740201769,0.00030611097183218516,0.00023314173236363932,0.00024040823116641292,0.00028430091073350524,0.0002483841649339063
9b4741f6a7603f79,Окси,0.0002454887911856603,0.9953555657033004,0.0001922824347122179,0.00021075576577820205,0.00021096736511826977,0.00022598438445496966,0.00020033886749119088,0.000566319345663727,0.00023890864979310295,0.0002593288519483505,0.00022769241502648796,0.00020733450960288405,0.0002164734445005763,0.00020496915465269866,0.0003450344281558839,0.0002548438656196999,0.00019409544277078993,0.00020014496327508454,0.00023668652930439106,0.00020678508764541232
1bbc7fae68fe4054,Окси,0.00024223018156404891,0.00019478374234119285,0.00018973006672078896,0.740315318426003,0.00020816697655637466,0.0002229846510329137,0.0001976795584546692,0.2556738740878518,0.00023573737996633682,0.0002558865115284637,0.00022467000992825736,0.0002045823456461837,0.0002135999623382059,0.00020224839344135733,0.00034045442942799004,0.00025146107109140747,0.0001915190061320936,0.00019748822990397303,0.00023354475593951172,0.00020404021413141448
7e48a5c8688f00ad,Окси,0.000460038310138566,0.00036992906768555287,0.00036033123559616636,0.00039494968889827335,0.0003953461994838043,0.00042348762443158647,0.0003754287312069872,0.0010612629104799435,0.0004477073082313731,0.00048597413040241724,0.00042668840549261994,0.00038853834788918806,0.0004056644095835447,0.9913106545416096,0.0006465836767378224,0.00047756940984076414,0.00036372875855078383,0.0003750653698842954,0.0004435431321760469,0.0003875087416807084
62d73c778c94a29d,Баста / Гуф,9.401344665881433e-05,7.559871722945653e-05,7.363730084615307e-05,8.071193310796318e-05,8.079296545243448e-05,8.654394815524635e-05,7.672262718888342e-05,0.4038775490607135,9.149348408212989e-05,9.931369103823098e-05,8.719805678126501e-05,7.940170769151227e-05,8.290159629436126e-05,7.849586546990969e-05,0.00013213586508559883,0.568732591419968,7.433161641619152e-05,7.664836876132896e-05,0.02594072702752147,7.919130153748325e-05
10bc866baa8f4567,Toto Cutugno,0.9961740607837714,0.00016431647582127305,0.0001600532746418114,0.0001754302374077855,0.00017560635921030467,0.0001881063214731926,0.00016675934910511165,0.0004713968511175681,0.00019886431789173113,0.0002158618107884281,0.00018952807247292215,0.00017258242804209115,0.00018018954240377888,0.00017061353966708954,0.0002872019674319264,0.00021212857572694915,0.000161562409878848,0.00016659793928659205,0.00019701465333958664,0.00017212509052167704
d3569d00fb7aaf87,Jencarlos,0.00026395919257551486,0.9690638934240304,0.00020674962407763633,0.00022661289403736663,0.0002268403985996947,0.0002429872853456705,0.00021541221608247874,0.0006089287522000124,0.0002568839665788873,0.0002788405870125296,0.0002448238382622457,0.0002229342002707421,0.00023276074135594602,0.00022039089018497477,0.026313222964407256,0.0002740181422167468,0.00020869904160886014,0.00021520373086663674,0.0002544946593575896,0.00022234345092877778
6597ca6460f9322b,Баста / Гуф,0.00011545363050232439,9.2839335566155e-05,9.043061522317572e-05,9.911864711793135e-05,9.921816039116615e-05,0.00010628067785584838,9.421957018676591e-05,0.0002663497314486649,0.9978352283882327,0.00012196262221029018,0.00010708396541196023,9.750962728392605e-05,0.00010180767373066063,9.639719883776519e-05,0.00016227003806797925,0.00011985332935385267,9.12832774281266e-05,9.412837333316315e-05,0.00011131390889477891,9.725122892276053e-05
66fe03cd33f7f29a,Баста / Гуф,0.00010605954362294604,8.528530408193568e-05,8.307257643228211e-05,9.105369003255632e-05,9.114510515575067e-05,9.763296683400178e-05,8.655322689299048e-05,0.00024466770233849667,0.0001032166962730378,0.9980202010382841,9.837089438847251e-05,8.957558665291549e-05,9.352391379888036e-05,8.855367122249774e-05,0.00014906664834783657,0.00011010125040048336,8.385585502645917e-05,8.646945152459986e-05,0.00010225666285653026,8.933821583318512e-05
145a8d02bf6d3af1,Баста / Гуф,0.00010634878625798963,8.55178958187505e-05,8.329912909314968e-05,9.130201247088063e-05,9.139367497791999e-05,9.789923187635754e-05,8.678927472750886e-05,0.00024533808341089457,0.00010349818997322985,0.00011234447318950462,9.863917488146806e-05,8.98198781899281e-05,9.377897380870553e-05,8.879517605336817e-05,0.00014947318730058602,0.0001104015234441267,0.9979865386637172,8.670527380325346e-05,0.0001025355371984759,8.958185980663085e-05
ad9d2858eccc346b,Баста / Гуф,0.00012681120276773717,0.00010197226360759957,9.932658732815394e-05,0.00010886929622825021,0.00010897859565723999,0.00011673587924902091,0.00010348827477288248,0.9977914116714233,0.0001234121229485762,0.00013396050010031063,0.00011761818364641052,0.0001071019807773943,0.00011182284736046333,0.00010588012200960828,0.00017823309892392854,0.0001316437189139701,0.0001002631267104783,0.00010338810667017297,0.00012226425338951054,0.00010681816751507209
53925c729587cf75,Basta,0.00024403998640598588,0.00019623906012894955,0.0001911476220329801,0.00020951194787067407,0.00020972228123041392,0.00022465068197920673,0.00019915651508680245,0.6888295255824692,0.00023749868294649617,0.00025779835509053873,0.0002263486283664467,0.0002061108746149386,0.00021519586713046035,0.00020375948909764753,0.18843310503594035,0.11908342133798466,0.00019294993474483984,0.00019896376043873864,0.00023528967335225028,0.00020556468308840782
af0db1c472f52ec4,NATALIA OREIRO,0.0001284166297855583,0.9975704698082652,0.00010058406317104034,0.00011024757490995028,0.00011035826404815606,0.00011821375133296962,0.0001047984285988504,0.00029624441353820317,0.0001249745199122664,0.000135656440116668,0.00011910723161184502,0.00010845789314417419,0.00011323852449975269,0.00010722056567583395,0.00018048952103864415,0.0001333103222414181,0.00010153245509956005,0.00010469699447831357,0.00012381211297610948,0.00010817048555538392
fb865ebbfddf9f1d,Баста / Гуф,0.00011107921739082885,8.932176355961047e-05,8.700430582016719e-05,9.536315060088727e-05,9.545889491703951e-05,0.00010225382370515291,9.064969116783522e-05,0.00025625934567735095,0.00010810182308938811,0.9979264876313467,0.00010302667584146199,9.381509619420748e-05,9.795029168087185e-05,9.274481749389877e-05,0.00015612180678077322,0.0001153122162894332,8.782465540277475e-05,9.05619504042149e-05,0.00010709635133671736,9.356649130065252e-05
bcc72aaba66af5b4,Баста / Гуф,0.00012102222360005745,9.731719626788159e-05,9.479229334147605e-05,0.00010389936979581653,0.00010400367792892975,0.00011140684144765455,9.876399140160308e-05,0.1385229293091339,0.00011777831050943257,0.00012784515857642407,0.00011224887350882411,0.0001022127372603225,0.00010671809045599564,0.00010104665586011391,0.00017009669002433626,0.00012563412592389117,0.8414096023852033,0.00694259753442936,0.011328142652880851,0.00010194188244982635
8f3e03ea928fd26b,Rido,0.00012015702072421318,9.662146724540955e-05,9.411461620935321e-05,0.00010315658653107848,0.00010326015250662037,0.0001106103827314495,9.805792310612031e-05,0.0002771944135733887,0.00011693630369417475,0.00012693118430947837,0.00011144639749579812,0.00010148201041734261,0.00010595515252128691,0.0001003242673751725,0.9977989893814716,0.00012473595524661884,9.500201378382385e-05,9.796301551970971e-05,0.00011584866450013911,0.00010121309103726477
e88fb1a1cf9de621,Rido,0.00012015699933958982,9.662144577396564e-05,9.411459472866174e-05,0.00010315656508374203,0.00010326013105966597,0.00011061036131160944,9.805790163997535e-05,0.0002771911258632435,0.00011693628229767045,0.000126931155673887,0.00011144637607904206,0.00010148198896382881,0.00010595513108427413,0.00010032424591738789,0.9977989930622626,0.00012473594115484403,9.500199230640592e-05,9.796299405321466e-05,0.00011584863582366532,0.00010121306958275894
9e4e5cd66b98a3d4,Basta,9.290710705401811e-05,7.470907911986765e-05,7.27707495257767e-05,7.976212964682256e-05,7.984220883358753e-05,8.552551006350171e-05,7.581976856362996e-05,0.000214324951181448,9.041680150630624e-05,9.814498144997213e-05,8.617192794372716e-05,0.9982460396076084,8.192602119520218e-05,7.75721392393728e-05,0.00013058090834719386,9.644760973595532e-05,7.345690140917529e-05,7.574638325764127e-05,8.957582452612661e-05,7.825938979233358e-05
3320450b99db1fb1,Basta,0.5951327621049097,0.00010412988816482937,0.0001014282305426951,0.00011117284771674554,0.00011128446090541262,0.00011920588319094809,0.00010567797182279082,0.36009293428615036,0.04277450175318533,0.00013679495757167346,0.00012010685773719684,0.0001093681410363403,0.00011418889218823547,0.00010812043073351202,0.0001820043234746842,0.00013442915087363854,0.00010238458240178252,0.0001055756864116903,0.0001248512258868347,0.00010907832509559797
2f2a07729254b231,Basta,0.0007116987911766733,0.0005722959591922176,0.0005574477061744798,0.0006110039440301369,0.0006116173946754122,0.0006551533565815276,0.0005808041744706976,0.835093882183491,0.000692622216517974,0.000751822619405396,0.10065890367682777,0.053113209026688,0.0006275800917632177,0.0005942279111546445,0.0010002924242799355,0.0007388201316368925,0.0005627038006633042,0.000580242062991295,0.0006861800243160101,0.0005994925039634432
c3178b671beb23f2,Basta,0.9944811525728637,0.0002370238086173378,0.00023087421285900616,0.0002530552171675197,0.0002533092645051699,0.0002713402517394228,0.0002405475985677333,0.0006799754962131474,0.0002868585015477731,0.00031137711098131745,0.0002733911113730802,0.00024894729878427874,0.00025992043246552505,0.00024610720147134565,0.0004142840942739923,0.0003059919709904722,0.0002330510920793316,0.00024031478247453446,0.0002841903787700875,0.00024828760225517843
f5f244c3dae351f6,Basta,0.28561842251408337,9.708144288139359e-05,9.4562659167242e-05,0.00010364766716638685,0.00010375172791149211,0.00011113695580795819,9.852473820392235e-05,0.520187612885117,0.00011749298495483467,0.06686059341025653,0.040604978529492256,0.00010196512380718131,0.07384142975523057,0.0001008018655394429,0.0001696846291069128,0.0001253297806057035,9.545427683522092e-05,9.842937222810815e-05,0.011367404757757502,0.00010169492384701985
ef95d3177f797a7e,Basta,0.0003933247232369384,0.0003162828934635064,0.13227232372226427,0.00033767508288867244,0.00033801411342431555,0.00036207454214107405,0.00032098502493064043,0.0009073553766188775,0.00038278194750982777,0.0004154993982815826,0.0003648111463333641,0.11406822250548605,0.3314576292240113,0.0003284037080500131,0.41598411212140946,0.00040831351671209476,0.0003109817469320229,0.0003206743415270873,0.0003792216466723518,0.00033131321810651946
0bbe80aaf015e5cc,Доктор Айболит,0.00021033975369010534,0.00016913979546013768,0.996016172684491,0.00018057979643583996,0.0001807610841682925,0.00019362797297555956,0.00017165438058259165,0.0004852279518494764,0.00020470174595618772,0.00022219818037289867,0.0001950914443164666,0.00017764838631672753,0.00018547879981874857,0.000175621697734141,0.00029563244494007447,0.00021835536938918237,0.00016630487907628717,0.00017148822683968405,0.0002027977882080453,0.00017717761737848928
a07e07d06374967f,Регги,0.00021033976853585958,0.00016913981024833623,0.9960161740759094,0.00018057981124002,0.0001807610989727258,0.0001936279877979677,0.00017165439537430307,0.00048522626450541877,0.00020470176079406577,0.00022219820978713198,0.00019509145914091918,0.00017764840111681246,0.00018547881462977248,0.0001756217125313947,0.00029563247445689423,0.0002183553842461343,0.0001663048938605254,0.00017148824163116334,0.00020279780304326354,0.00017717763217791656
32629b20d58dee67,реги,0.0002103397814379765,0.00016913982347360428,0.9960161662636754,0.00018057982437555861,0.00018076111210684249,0.00019362800083116318,0.000171654408579848,0.0004852337694866277,0.00020470178829231725,0.00022219822259623748,0.00019509147216263594,0.00017764841427534353,0.00018547882772688583,0.00017562172570582203,0.0002956325012419324,0.00021835541163729382,0.00016630490710802906,0.0001714882548380115,0.00020279783055644868,0.00017717765989205302
18b3a8c71e2c6844,♫. ιllιlιιl Сява,0.00023113225435204973,0.0001858596086197129,0.8238941961753542,0.0001984304678460649,0.00019862968353513686,0.00021276848228421526,0.0001886227549653929,0.1722613608191437,0.00022493692290825933,0.00024416293947752407,0.0002143766287425812,0.00019520928548656248,0.00020381375888830076,0.00019298226071990282,0.0003248563239017221,0.00023994023625719714,0.00018274445149838275,0.0001884401866648015,0.0002228447652713527,0.00019469199408297377
66006de3092bcb09,Лигалайз,0.00011553338313948515,9.290347382869812e-05,9.04930872733629e-05,9.918712189829915e-05,9.928670065589864e-05,0.00010635410034109972,9.428465433414871e-05,0.7920351163004088,0.0001124365972830816,0.00012204687143806546,0.00010715794087601384,9.757698155475557e-05,0.00010187800390038421,0.20604917757100213,0.00016238213268779712,0.0001199361233742882,9.134633883727439e-05,9.419339927220126e-05,0.00011139080932551252,9.731840856866972e-05
50a78dd550ad8b04,ЮГ,0.00010791368232531322,8.677626652741461e-05,8.452485217351355e-05,9.264549111542691e-05,9.273850696737587e-05,0.1692870437811246,8.806635215611974e-05,0.6494655101949546,0.0022671837422280888,0.00011399758406537136,0.00010009061552928601,9.114155051797303e-05,9.515890545468702e-05,9.010177240950789e-05,0.1689223974270952,0.00011202604672657269,8.532182427483001e-05,8.79811143036806e-05,0.00010404432038207873,0.008625335969668373
7b281727b9b85318,Регги,0.00021033975386151272,0.0001691397955979709,0.9960161734961518,0.0001805797965829957,0.000180761084315596,0.00019362797313334838,0.00017165438072247403,0.0004852271373377621,0.00020470174612300063,0.00022219818055396956,0.000195091444475448,0.00017764838646149448,0.00018547879996989657,0.00017562169787725638,0.00029563244518098744,0.00021835536956712172,0.0001663048792118102,0.00017148822697943101,0.00020279778837330666,0.0001771776175228726
3fee5a596b2fc3d3,Bad Balance,0.0001047793171244613,8.42558434485982e-05,8.206981856189542e-05,0.009223768580535273,9.004490766644459e-05,9.645445821727414e-05,8.550845764568911e-05,0.00024171207755376765,0.00010197078318874247,0.9889102871422998,9.718347272416619e-05,8.849433575617701e-05,9.23950053824344e-05,8.748476034918257e-05,0.00014726728957857282,0.00010877223860892405,8.284364568766016e-05,8.542569363535029e-05,0.00010102234037206599,8.825983166358625e-05
2c0fde7afd2bf7ae,Каста - Влади - Что Нам Делать в Греции?,0.05834822914652048,9.45039871709266e-05,0.020487402641310052,0.00010089588540189761,0.14401370046959314,0.00010818633509346946,9.590895972015169e-05,0.4303262761620345,0.00011437361889016715,0.21027177340822426,0.046493259107003984,9.92580095015208e-05,0.00010363312187216724,0.026044523107700775,0.00016517959683333633,0.06273185549161729,9.29200188284593e-05,9.581613307366642e-05,0.000113309815917184,9.89949836925819e-05
e5ab9ae2a79d3495,Bad Balance,0.00012012575609725038,9.659632309205774e-05,9.409012704058689e-05,0.011477191614632398,0.00010323327628236017,0.00011058159977117502,9.803240051793778e-05,0.00027711482729238414,0.00011690587599299762,0.9863835691699073,0.00011141739620730491,0.0001014555999596318,0.00010592758492151375,0.00010029815530026022,0.0001688367154156118,0.0001247034970915439,9.497729173188195e-05,9.79375220409755e-05,0.00011581851334973805,0.00010118675335504927
224ec6898a729ff2,Лигалайз,0.0001315061639050476,0.00010574761568490466,0.00010300399038128023,0.00011289999097785863,0.00011301333584270161,0.40337129405717514,0.0001073197463586982,0.507531868477829,0.00012798123901664298,0.0001389201607993085,0.00012197279702677547,0.0001110672500608409,0.00011596289256946453,0.00010980015662633854,0.00018483187418751366,0.08706405538345297,0.00010397519973093826,0.00010721587479042893,0.0001267908632772815,0.00011077293030684399
a5c2af62eb3c52d0,Лигалайз,8.45065900367962e-05,6.795400574636796e-05,6.619093218393192e-05,0.012801863408627684,7.262300201635674e-05,7.779243134476448e-05,6.896426512391653e-05,0.00019494569552114483,8.22414536015344e-05,0.9827489257345166,7.838039416797763e-05,7.137243232529008e-05,0.003018808135357882,7.055818723398885e-05,0.00011877399091267892,8.772696506146246e-05,6.681504196238177e-05,6.889751549280914e-05,8.14765176719963e-05,7.118330109452862e-05
a0546e689e38f53a,Лигалайз,0.00017944065463144804,0.00014429300663618388,0.00014054932274983235,0.00015405245222498002,0.986880949391882,0.00016518385236942806,0.0001464381917526028,0.00041395253719469057,0.009908734733547543,0.0001895570732495685,0.00016643233392545426,0.00015155167651117131,0.00015823180589751801,0.00014982271982236497,0.0002522037807999981,0.0001862787741600382,0.0001418745511060973,0.0001462964560995263,0.00017300661268136172,0.00015115007275823454
5918fdfa01941865,Лигалайз,0.00018319218666650635,0.00014730971540105327,0.0001434877572732168,0.0001572732066142813,0.00015743110942397032,0.00016863731946906938,0.00014949974922766633,0.24817664372411435,0.00017828186184967702,0.00019352011599289002,0.0001699119069907588,0.00015472014621008902,0.00016153992941591146,0.00015295504279963385,0.7488902934396764,0.00019017326327778388,0.0001448406922953546,0.00014935505955512575,0.000176623627689462,0.00015431014605683235
f23c2dcca7b0728c,Лигалайз,0.00019337495025501504,0.00015549794930379745,0.0001514635477092158,0.0001660152574536244,0.00016618192051861004,0.38780291166056763,0.00015780970993357226,0.4491656476285928,0.00018819167509188237,0.16004584287205356,0.00017935648082784497,0.00016332027218258564,0.00017051913288061385,0.000161457059733647,0.0002717884162077058,0.00020074406834065626,0.00015289167249727908,0.00015765697304977858,0.00018644126907617245,0.00016288748372403876
4da49dba80795399,Лигалайз,0.00015376597244361084,0.00012364730834758152,0.00012043928068098875,0.00013201036612892907,0.00013214289041045565,0.00014154905849688592,0.0001254855643418237,0.32675964041820366,0.0001496443901629896,0.23145153782153371,0.0001426189006681336,0.43940308202752326,0.0001355917231512443,0.0001283858190256244,0.0002161180138936035,0.00015962567899768972,0.00012157488295196396,0.00012536409951499793,0.0001482525286850656,0.0001295232548377737
0e4cf4b737e06dc2,Лигалайз,0.00016207799624481735,0.00013033123497945904,0.00012694977760957038,0.00013914634794899686,0.00013928604632380506,0.0001492006728145677,0.00013226885143804876,0.00037389775252337254,0.00015773360961890702,0.00017121555052570936,0.0001503283588413788,0.00013688754164366062,0.00014292130362650933,0.9837791118019519,0.00022780056641665328,0.000168254454296767,0.000128146774402966,0.00013214082369830267,0.00015626650019705412,0.013296034034897593
add8cdc9fdc4fa8b,Лигалайз,0.00020131103977361146,0.0001618795743646089,0.07564364197075754,0.00017282850680795544,0.00017300202382399663,0.055906396997972306,0.018966603575865566,0.7624277139576261,0.00019591504474524598,0.00021266045542716174,0.00018671726046328517,0.00017002292699759756,0.00017751723518665225,0.00016808324424548476,0.08433976486882819,0.0002089825902685519,0.00015916634099703844,0.0001641272047092631,0.00019409281048663103,0.00016957237065319409
04ddd40890f43579,Лигалайз,0.0001324755033167151,0.00010652708028963153,0.00010376323494886383,0.00011373218484088537,0.00011384636644708941,0.028089263372832768,0.0001081108089263491,0.00030561083431329374,0.0502348780533885,0.08996714916696477,0.09102583944808175,0.00011188593236975449,0.00011681766389746581,0.00011060949653596952,0.00018619427831499216,0.0726952872240211,0.00010474160389424285,0.00010800616610085834,0.00012772545245598362,0.666137536128059
82952f46397d7422,Лигалайз,8.142270373123212e-05,6.54741623177043e-05,6.377543734056851e-05,0.4876606707315732,6.997277744544349e-05,7.49535556974458e-05,6.644756168471843e-05,0.5009720558760898,7.924022947118819e-05,8.601311233358505e-05,7.552006899222232e-05,6.876784257199637e-05,7.179900629457762e-05,6.798331977501222e-05,0.00011443958545785606,0.010103615200560464,6.43767660900079e-05,6.638324222406644e-05,7.850320412207011e-05,6.858561622674423e-05
54fa456834495ef5,Домино,0.00016457783366235373,0.0001323414163717507,0.00012890781963554958,0.00014129250205669746,0.00014143435410892983,0.00015150189169697175,0.0001343089223805863,0.82216491143069,0.0001601664356543326,0.0001738563228478315,0.0001526469672138073,0.0001389988585638003,0.00014512567978410175,0.00013741310745220145,0.00023131408741223797,0.00017084954828479692,0.0001301232682057905,0.00013417891558589572,0.1111058679920228,0.0641601826463695
dca412120be7a16f,Domino,0.00015507168678169703,0.0001246972699078661,0.00012146199347456486,0.00013313132727987742,0.0001332649866234099,0.00014275101651619484,0.00012655112573025726,0.3363476151937215,0.0001509150922006114,0.00016381424476153507,0.00014382995373632242,0.00013097016410672756,0.00013674309814600872,0.00012947601708267927,0.00021795319105203116,0.00016098114689185698,0.00012260723649750195,0.00012642864225780078,0.6611011135123086,0.0001306231009229225
6dc91f0044ec4de3,polusplus.com,0.00014304841390457018,0.0001150290455210445,0.00011204461531235345,0.00012280918994650545,0.00012293248831359203,0.00013168301984633327,0.00011673916462318849,0.9975086185554228,0.00013921411554011673,0.00015111314283562877,0.00013267831255437705,0.00012081558500826868,0.0001261409234100144,0.00011943727864851918,0.0002010545112330094,0.00014849970639770242,0.00011310106971482243,0.00011662617628715121,0.0001379192571310409,0.00012049542834896593
109c9ef656e75418,Валдай,0.0006115724888168193,0.0004917817589004716,0.0004790224354710372,0.0005250440621901673,0.0005255711907851804,0.0005629822452464264,0.0004990929906037862,0.0014108424550843893,0.0005951797557591152,0.0006460514486759677,0.0005672373418180528,0.00051652083053043,0.9884770846007432,0.0005106281777790881,0.0008595649559352251,0.0006348782549560971,0.000483539088175801,0.0004986099252095709,0.0005896439159812085,0.00051515207733788
e7f38246f29c52dd,Animal Jazz,0.992874352784747,0.00030603231575345363,0.00029809229581212015,0.00032673122250213794,0.0003270592517846195,0.00035033987209564,0.0003105820594915226,0.0008779573505973674,0.0003703761719173207,0.0004020332823275467,0.00035298782597799463,0.0003214272820799924,0.0003355952308793,0.0003177603157526438,0.0005349012361512786,0.00039508028972061834,0.00030090296921522313,0.0003102814460181173,0.000366931267822723,0.0003205755293534282
c0e3634d9f3ca4b2,Alex Dark Stalker98,0.00027222949054126795,0.00021890699447641164,0.00021322744012729854,0.00023371304446479494,0.00023394769409963478,0.00025060048400793244,0.00022216144303046566,0.000628011596968602,0.0002649325781137276,0.15174935873384188,0.3631742922236587,0.00022991911275338172,0.00024005353225668577,0.0002272961009097135,0.00038261845765703525,0.00028260360919403444,0.00021523793275052158,0.4804691112775599,0.00026246841497789885,0.00022930983861005713
cfd3ce311addc54a,Анимал джаз,0.9928743538250191,0.00030603231607409526,0.0002980922961244428,0.00032673122284446665,0.0003270592521272919,0.00035033987246270437,0.00031058205981693125,0.0008779563037793089,0.00037037617230537787,0.00040203328274877225,0.00035298782634783334,0.0003214272824167639,0.00033559523123091587,0.00031776031608557334,0.000534901236711715,0.0003950802901345589,0.0003009029695304906,0.0003102814463432109,0.0003669312682071708,0.0003205755296893073
0e9d1317b80465fd,Chpoks,0.00025479804655068077,0.00020488989148189634,0.00019957400517254108,0.00021874788125703586,0.00021896749871691402,0.4151766348324128,0.00020793595596450533,0.44415122161436876,0.0002479683684643082,0.00026916290853377657,0.00023632678044599627,0.00021519687997080162,0.00022468236935670522,0.0002127418414047677,0.048471697974299385,0.08861997408011117,0.00020145577115496114,0.0002077347030179035,0.0002456619776820442,0.0002146266196330263
4e4a21e912974d85,dom1No,0.00014788299934798035,0.00011891665728651727,0.00011583136042219451,0.0001269597476881675,0.00012708720790529138,0.0001361334927250604,0.00012068457662759361,0.9974244178681798,0.00014391910155555073,0.00015622027124858893,0.00013716241492761521,0.00012489876006957477,0.00013040408393336677,0.00012347388027963096,0.00020784950266555013,0.0001535185191887797,0.00011692351796822595,0.000120567761135761,0.00014258048551342176,0.00012456779133133237
468f9603e7608919,dom!No,0.0004166159163862259,0.00033501197215054677,0.00032632005443841326,0.00035767093537961543,0.0003580300184620401,0.7293737386596822,0.0003399925400690443,0.2637538477292966,0.0004054488341557027,0.0004401036985503968,0.00038641388011965755,0.00035186474994756435,0.0003673742985742831,0.0003478505456754301,0.0005855535054184558,0.0004324922897147505,0.00032939688248111523,0.0003396634630376797,0.0004016777050906046,0.00035093232136961634
9976041a1d8c4b07,ST,0.00031333699420210925,0.00025196262629911684,0.00024542546872778355,0.0002690044633419097,0.5277976953452105,0.0002884419533389876,0.0002557085225068107,0.46701439207537465,0.0003049382390220109,0.000331002177151733,0.0002906220341982172,0.00026463763684556903,0.0002763023660182319,0.0002616185506729525,0.00044039504732935317,0.0003252776277167628,0.0002477395436366466,0.00025546102350635833,0.00030210195402788,0.00026393635087250915
ac3b129c7ecae9ca,не ну это пиздец песня,0.0001231441994166587,9.902353423779086e-05,9.645436451648706e-05,0.00010572111866330755,0.00010582726033231833,0.5332949128120751,0.0001004957005605189,0.4646737248397834,0.0001198434103339592,0.0001300867726094678,0.00011421702148552245,0.00010400491672372857,0.00010858926475706279,0.00010281838994322873,0.0001730791253138077,0.00012783697376968022,9.736381555681695e-05,0.00010039843555974182,0.00011872873363444931,0.00010372931072698748
84817fa651bf5bab,Shot,0.00036141139605287746,0.0002906205427555513,0.0002830803799542477,0.0003102770386166356,0.00031058853693938915,0.00033269676878170155,0.00029494115225796953,0.9937055324373588,0.0003517240397770536,0.00038178687300013427,0.0003352113399380044,0.00030524021289216345,0.0003186946528738578,0.00030175791019051073,0.0005079635716331551,0.0003751840573427086,0.000285749492462865,0.0002946556727617638,0.00034845259434423677,0.0003044313300663865
6de65dea54e1d893,Глеб Романов,0.0003403316416852429,0.00027366974793083194,0.0002665693730174043,0.0002921797568441894,0.00029247309438062855,0.00031329182308296354,0.00027773834741927724,0.000785105125144484,0.00033120930705293734,0.9936470784660831,0.00031565974006899603,0.0002874367051214511,0.00030010638958671783,0.00028415751800907227,0.0004783359949865783,0.0003533009792187879,0.0002690828091702386,0.0002774695153105276,0.00032812866629174293,0.0002866749995947437
154096bd3afeaaf9,Nasty Nay,0.0006571550132852317,0.0005284358592630945,0.0005147255671929337,0.000564177287594965,0.0005647437064016048,0.0006049431435262946,0.0005362920316497511,0.9885547582388863,0.0006395404419575061,0.0006942037858157589,0.000609515413969246,0.0005550188350766723,0.0005794830518149559,0.0005486869468632225,0.0009236311093543075,0.000682197814232538,0.0005195788060440292,0.000535772935676304,0.000633591967645951,0.00055354804374935
b20feb611a905853,Nebo7,0.00018515335861863587,0.00014888675842219417,0.00014502388009307807,0.00015895690118433197,0.00015911649202509753,0.00017044266869166105,0.0001511002355078152,0.9967753041245513,0.0001801904574550172,0.00019559185397968843,0.00017173090598175412,0.00015637651213928157,0.000163269302688618,0.00015459250569134757,0.00026023298388930905,0.00019220917426044027,0.0001463912943472092,0.0001509539887721816,0.00017851448441657015,0.0001559621172844917
23f1b9b7d1bffde9,1 klass,0.00010154425737757157,8.165443847133732e-05,7.953591252593333e-05,8.717724661073782e-05,8.726476910152412e-05,9.34764212256866e-05,8.286838829698776e-05,0.021809629260001188,0.7774141132873953,0.16403979924389814,9.418293851081602e-05,8.576207290902239e-05,8.954231109449105e-05,8.478366765018755e-05,0.00014272042061310513,0.00010541389525081904,8.028584544848247e-05,8.278817814332344e-05,0.03527192263709375,8.553480838165437e-05
c9f4a6e5e4e2ec81,Shot,0.00024251137068244258,0.0001950098519785136,0.00018995031188494,0.00020819960409616597,0.0002084086277750977,0.00022324351731785924,0.0001979090441657348,0.9513129950609002,0.00023601103112669215,0.04471952541245527,0.00022493082618696336,0.0002048198349807409,0.00021384792914332188,0.00020248317609597468,0.00034084966290373093,0.00025175298506508516,0.00019174133223829272,0.0001977174827824532,0.00023381586049243087,0.00020427707772810967
a49bfc91f3f0c5e1,Alex Fish [Время Иллюзий],0.0002833840975163517,0.00022787670198888934,0.0002219644331823724,0.00024328945102414324,0.00024353370493249737,0.00026086884936942135,0.00023126451897727293,0.9950644832043912,0.00027578820114422515,0.00029936058777350845,0.0002628405466621551,0.00023934004649740973,0.0002498897198624192,0.0002366095686539873,0.0003982962408948414,0.0002941832780313546,0.00022405730427879186,0.00023104068140692422,0.0002732230476173241,0.00023870581579489518
a47d695a3fd29e76,Domino-Прыгай в такт,0.0001750223419540835,0.00014074012584677263,0.00013708861383253767,0.0001502592755523631,0.0001504101207025626,0.0001611165756994831,0.0001428324874873847,0.10670406155057197,0.6366633643793165,0.0001848896753282851,0.00016233432359685375,0.00014782006901931373,0.00015433570348265298,0.0001461336767015133,0.00024599383552166673,0.00018169208119656733,0.0001383812167803257,0.20282460338007263,0.00016874672677565555,0.05122017384056086
1219d0dc37567a36,dom!No,0.00026033845545349814,0.00020934508560388246,0.00020391361282445672,0.00022350441802303114,0.00022372880853619866,0.00023965420488852166,0.00021245739075266416,0.3213877992466854,0.0002533602597399236,0.00027501569049026233,0.00024146553982600622,0.00021987618931693166,0.000229567938633126,0.00021736775949340452,0.6744439607212814,0.00027025939741446474,0.00020583628445560177,0.00021225174310466913,0.0002510037227942462,0.00021929353068222173
074e6a28d8b77282,Гайтана,0.00037649348923144533,0.9928770669533972,0.00029489361962252756,0.00032322523986990493,0.0003235497475992458,0.0003465805704676305,0.00030724936055655163,0.0008685387966722082,0.00036640185182175693,0.0003977192633212247,0.00034920008999113307,0.0003179782263728694,0.0003319941372086684,0.0003143506083086576,0.0005291615119924746,0.00039084089271631986,0.00029767414154591474,0.00030695197759884717,0.00036299390948320114,0.00031713561222220784
b5a50f0048cb377a,Домино,0.00019750951767075398,0.00015882266695086257,0.00015470200090169584,0.00016956484767444456,0.00016973507598762446,0.00018181710982350993,0.00016118386083841346,0.3051276663419487,0.0001922154142204759,0.0002086446146778178,0.00018319132000945145,0.00016681223635075815,0.0001741650284591134,0.000164909180434129,0.0002775995670595913,0.00020503619062320108,0.00015616067040800805,0.00016102784974714984,0.00019042759492652342,0.6915988089112878
7e87728b3920821a,Домино,0.00026001155884824496,0.00020908221789211904,0.00020365757001062176,0.0002232237677413301,0.00022344786721414123,0.0002393532690892555,0.0002121906085472337,0.06640803170722416,0.0002530421234514743,0.9293381863728433,0.00024116234846330783,0.00021960010836980187,0.00022927967764429144,0.0002170948217829117,0.00036544614075087136,0.00026992004427901973,0.00020557782600625054,0.0002119852373875075,0.00025068855511805997,0.0002190181773361839
6bf517239dd614f8,Домино,0.00033064045078591564,0.0002658768006334237,0.00025897861050608426,0.0002838597379365696,0.0002841447226540066,0.0003043706049345539,0.00026982953750012104,0.9942414499624749,0.0003217778684518641,0.00034928116378338275,0.00030667108818670735,0.0002792517283050548,0.0002915606699426209,0.00027606593560440095,0.00046471505013003563,0.00034324048894552065,0.0002614204801713616,0.0002695683888206315,0.0003187849759459787,0.0002785117342869224
b354711b3130872c,Домино,0.0003159088357516861,0.9940232903501496,0.0002474398858567368,0.0002712124205114418,0.0002714847159728903,0.000290809457350996,0.00025780734055570644,0.000728761200414621,0.0003074411337510971,0.0003337190136610254,0.00029300743702601864,0.00026680973817597603,0.0002785702187371485,0.00026376588469895055,0.0004440097641080267,0.00032794749074857094,0.000249772965524496,0.00025755783339548863,0.00030458159484839326,0.00026610271876116543
c620002df42e9691,Домино,0.9936912211325892,0.0002709495061419887,0.00026391970861860107,0.0002892755190719726,0.0002895659462005295,0.0003101777449056139,0.0002749776800654451,0.0007773093648519747,0.00032791714101996567,0.0003559451488113048,0.00031252211669231735,0.00028457961595616414,0.0002971233961781446,0.00028133302541154275,0.00047358140722373086,0.0003497892229145379,0.0002664081734720933,0.00027471152553185937,0.00032486711774924683,0.00028382550659369926
5acbe0fc91eead55,Домино,0.00024564738089284845,0.00019753160564956704,0.00019240663954379054,0.00021089192233323867,0.00021110365269324562,0.00022613036734570323,0.0002004682839149913,0.4603969013972412,0.00023906298870216081,0.535584313950237,0.00022783950428818957,0.00020746843886277575,0.00021661328411424027,0.0002051015699242788,0.00034525733301789475,0.00025500851125364514,0.00019422082675905284,0.0002002742486833533,0.00023683942702038886,0.00020691866752249653
3bde9a8da1fbda58,Домино,0.979860393953916,0.00022758097481791946,0.00022167637532999698,0.00024297371377246199,0.00024321764751970742,0.0002605302933490828,0.00023096438231282138,0.015493510731475939,0.00027543028991768747,0.000298972086590042,0.0002624994293515737,0.00023902944637859612,0.0002495654255718701,0.00023630250486267974,0.00039777935502984245,0.0002938015002349004,0.00022376653960760805,0.00023074083579816506,0.00027286848353055116,0.00023839603063260207
d3f2ba440520b333,Домино,0.00020680451854123273,0.0001662970235010982,0.000161982439055826,0.00017754473664857864,0.00017772298304944117,0.00019037361717123423,0.000168769335569099,0.7274229168627515,0.00020126127229793403,0.00021846364341580806,0.00019181248137439252,0.00017466259901216476,0.2691576646463063,0.0001726699762541511,0.00029066366576103824,0.00021468541343563436,0.00016350974979539076,0.00016860597577678267,0.0001993893140150573,0.00017419974626726846
d382b3637a76660c,Домино,0.00020313396585282253,0.00016334543859975503,0.00015910742647209434,0.00017439351365808713,0.00017456860228757412,0.00018699468539593115,0.0001657738620113897,0.23265620624051417,0.7640036306086591,0.00021458614756348623,0.0001884080254931963,0.00017156252609700696,0.00017912469015188097,0.00016960527910942142,0.00028550471136440484,0.00021087497293100066,0.00016060762694414404,0.0001656134126074067,0.00019585036908803077,0.00017110789519919842
8509bbc4b7bd9e76,Эльбрус Джанмирзоев,0.00018308970527394156,0.00014722731413419171,0.00014340749497627998,0.0001571852178332855,0.00015734303333816003,0.00016854297198165707,0.0001494161111406184,0.0004223681331252872,0.00017818211600954036,0.9965822892478853,0.00016981684651339694,0.00015463358340882816,0.000161449554301239,0.00015286946945396987,0.0002573325216089954,0.0001900668822671362,0.00014475965880412177,0.00014927149422153647,0.00017652482765369399,0.0001542238160688777
bd09ada32cb463b4,Эльбрус Джанмирзоев,0.00043197652062625726,0.0003473638204434187,0.0003383514693497748,0.0003708582387722972,0.00037123056410618056,0.0003976553891588961,0.0003525280336513915,0.9924765455530935,0.0004203977062387936,0.00045633028782823614,0.0004006609419791989,0.0003648379654243381,0.0003809193755871809,0.0003606757680781858,0.0006071428572914946,0.00044843825967702213,0.0003415417441972923,0.0003521868203148443,0.0004164875189814474,0.00036387116520028817
28b7dbf007b1de1d,Daily,0.00011433800704221916,0.004316600788180512,0.9895212106756449,9.816086737725049e-05,9.825942022959394e-05,0.00010525368960316144,9.330912755488404e-05,0.0002637612224204429,0.00011127325707893396,0.00012078409845724789,0.000106049221032964,9.656738889955915e-05,0.0001008239116943281,9.546571425711703e-05,0.00016070201998521076,0.00011869519271717796,9.040121086825171e-05,9.321881108709968e-05,0.00011023828842027071,0.0041848870874489
777d926db4523f0e,Эльбрус Джанмирзоев,0.00033067194351823863,0.0002659021228859895,0.00025900326332073273,0.00028388674834116737,0.0002841717621644929,0.00030439959454774595,0.00026985523813102813,0.0007628323822440093,0.0003218085171091014,0.9938273836544628,0.00030670031064715695,0.00027927833122274996,0.0002915884079985932,0.0002760922183569538,0.00046475929130833723,0.0003432731750258851,0.0002614453949381197,0.00026959406034582204,0.0003188153335432976,0.0002785382498877815
638b96e891515e08,Эльбрус Джанмирзоев,0.00028749801044405737,0.00023118480277121384,0.00022518670678576373,0.9945764368625085,0.00024706909203353215,0.0002646558972423254,0.0002346217906713645,0.0006632184659041752,0.0002797918396802786,0.0003037064290799592,0.0002666562035947002,0.00024281456294916233,0.00025351739519146715,0.00024004444569654756,0.0004040783268446241,0.0002984539441586949,0.0002273099622751327,0.0002343947080245668,0.00027718943325780437,0.00024217112088614065
d41abeca7e203f57,Эльбрус Джанмирзоев,0.00028749801044405737,0.00023118480277121384,0.00022518670678576373,0.9945764368625085,0.00024706909203353215,0.0002646558972423254,0.0002346217906713645,0.0006632184659041752,0.0002797918396802786,0.0003037064290799592,0.0002666562035947002,0.00024281456294916233,0.00025351739519146715,0.00024004444569654756,0.0004040783268446241,0.0002984539441586949,0.0002273099622751327,0.0002343947080245668,0.00027718943325780437,0.00024217112088614065
85fd48f6ce7d46e6,Эльбрус Джанмирзоев,0.00016748586986204295,0.3487749793071264,0.00013118558099320255,0.0001437890959105298,0.00014393346545320157,0.00015417888629923261,0.00013668211554500496,0.6484427078890307,0.00016299653151288974,0.00017692831607198618,0.00015534420360365292,0.0001414549251864922,0.00014768999849745968,0.00013984116153628866,0.00023540134234627027,0.00017386841227344746,0.00013242250826834033,0.00013654982409127764,0.00016148048396782085,0.00014108008242369796
70bb5dc4be03087e,Эльбрус Джанмирзоев,0.00021823452016823917,0.00017548818463341631,0.00017093513803499507,0.00018735756993838677,0.00018754566798248373,0.00020089547773571054,0.00017809713913859732,0.11690988381845593,0.00021238489800668624,0.00023053804728410154,0.00020241388268026062,0.00018431613254054274,0.00019244045173606305,0.00018221338092581178,0.00030672853811186326,0.00022655098284002871,0.00017254686440587922,0.8794671921322016,0.00021040947564198223,0.00018382769753743934
1bd94b1f571dd65d,Эльбрус Джанмирзоев,0.00028527726955324833,0.00022939906271552811,0.00022344728552239104,0.0002449147663861998,0.00024516066465836314,0.00026261161305129386,0.00023280950789586266,0.9950315109601221,0.00027763061618203466,0.00030136051248967003,0.0002645964652543083,0.0002409389792793919,0.0002515591420089507,0.00023819026791538806,0.0004009571125426666,0.0002961485983484682,0.0002255541409869641,0.000232584171480639,0.0002750483496302574,0.00024030051397632836
d49f595a5f043413,Эльбрус Джанмирзоев,0.0002852772985574479,0.00022939907718732714,0.0002234472999962687,0.0002449147954044958,0.0002451606645727418,0.0002626116129595778,0.0002328095223664706,0.9950315106126113,0.00027763064518890475,0.00030136051238442105,0.00026459649426573053,0.00024093899374716065,0.00025155917102492615,0.0002381902823841168,0.0004009571415064654,0.00029614862734887097,0.00022555415546010593,0.00023258418595132563,0.00027504837863802936,0.0002403005284443201
66760711c3656ef0,Эльбрус Джанмирзоев,0.00028527726955324833,0.00022939906271552811,0.00022344728552239104,0.0002449147663861998,0.00024516066465836314,0.00026261161305129386,0.00023280950789586266,0.9950315109601221,0.00027763061618203466,0.00030136051248967003,0.0002645964652543083,0.0002409389792793919,0.0002515591420089507,0.00023819026791538806,0.0004009571125426666,0.0002961485983484682,0.0002255541409869641,0.000232584171480639,0.0002750483496302574,0.00024030051397632836
0d22bf4f1931185c,Эльбрус Джанмирзоев,0.3670160180885571,0.00027922380881595463,0.00027197934153346405,0.0002981094881596707,0.0002984087628487886,0.016559727519347315,0.00028337497547285963,0.6110435139060036,0.0003379311243949283,0.0003668150463600095,0.00032206598610052677,0.0002932701614303945,0.00030619697699666766,0.00028992444328280955,0.0004880437345060831,0.00036047113890494046,0.0002745437964548814,0.0002831007009741484,0.0003347879689076818,0.00029249303094815914
151421e4e3350473,Эльбрус Джанмирзоев,0.000315828556276581,0.9940248051236908,0.0002473769837765077,0.00027114349310221455,0.00027141570124259394,0.0002907355524975211,0.0002577418478699393,0.0007285801489584214,0.0003073630082572601,0.00033363419336197354,0.0002929329791224611,0.0002667419459709824,0.0002784994284239941,0.00026369884930060216,0.0004438969420450842,0.00032786412584402924,0.00024970948128560255,0.0002574923698223255,0.0003045041970508895,0.00026603507210018864
8f44ec3e7a17662e,Эльбрус Джанмирзоев,0.00036482279434407814,0.000293363729910257,0.00028575240960800405,0.000313205788237159,0.809038201690058,0.00033583712829625135,0.00029772514220108694,0.0008416116222931723,0.0003550439955860489,0.00038539061481953794,0.0003383754477231518,0.00030812140776521966,0.00032170285442822006,0.0003046062474691612,0.0005127583357763802,0.1844585505092659,0.0002884467255507753,0.00029743695610031225,0.0003517417006849678,0.000307304899882243
9ae808d6fb0bf45e,Эльбрус Джанмирзоев,0.00024212801427840619,0.0001947015981557289,0.00018965004707924895,0.00020787048278619557,0.00020807918632234488,0.00022289061813192567,0.000197596191928783,0.03678746328963207,0.0002356379483948906,0.0002557785963327757,0.00022457526399532928,0.00020449605423410172,0.0002135098729399512,0.00020216309154302243,0.0003403108335335732,0.9592469053335504,0.0001914382298035996,0.0001974049361363126,0.0002334462556751499,0.00020395415554614574
66ebefaa2a2c29f9,Эльбрус Джанмирзоев,0.00017412814441709556,0.00014002107455389764,0.00013638821803027055,0.00014949159192750055,0.00014964166582886635,0.0001602934203661914,0.00014210275512581451,0.23059596062252402,0.7665408234037577,0.00018394505557990735,0.0001615049400654262,0.0001470648417906572,0.0001535471961393442,0.00014538707872869963,0.0002447370491707447,0.00018076380319232078,0.00013767421443145343,0.00014196521042342825,0.00016788458699669445,0.00014667512694992442
cf22f75855689f60,Эльбрус Джанмирзоев,0.00026789348797314605,0.9949316885986594,0.0002098312186244882,0.00022999053353721548,0.00023022144325674613,0.00024660899021862714,0.00021862293011749796,0.0006180045731029378,0.0002607128185175221,0.0002829966832936245,0.0002484729153607523,0.0002262570225596895,0.00023623002906228202,0.000223675804633653,0.0003765242291996588,0.0002781023809487403,0.00021180968185600246,0.0002184113162316009,0.0002582878881127712,0.00022565745473361804
6d8140576ccb2d77,Эльбрус Джанмирзоев,0.00025434379785488825,0.0002045246124338683,0.0001992182138920828,0.995201876594517,0.00021857713238195183,0.0002341358189275141,0.00020756524909860057,0.000586740736419629,0.00024752628506538056,0.0002686830777903143,0.00023590546245236648,0.00021481323656310914,0.00022428181676833114,0.00021236256353416504,0.000357480099211363,0.0002640363028893616,0.00020109661841081512,0.000207364359946806,0.00024522402699182603,0.0002142439948506933
a1452f9c8b3264e3,Эльбрус Джанмирзоев,0.0004430186762235834,0.00035624312728978045,0.00034700039053087563,0.0003803381024911075,0.00038071994476694785,0.0004078202398682618,0.00036153932622181754,0.9922842313518593,0.00043114387621009205,0.0004679949736655353,0.00041090259761155274,0.0003741639573629576,0.00039065642956923735,0.00036989535653117754,0.0006226626322165631,0.00045990119798632756,0.0003502722142204868,0.0003611894108496812,0.00042713377561413624,0.0003731724189105487
598b390b9f6624ec,Эльбрус Джанмирзоев,0.0002525195519596229,0.00020305769545460266,0.0001977893493281574,0.00021679176352880141,0.0002170094165183032,0.00023245652144956948,0.00020607651928144767,0.0005825362574515719,0.00024575093252224273,0.0002667559812361738,0.00023421346143355596,0.1538896067189192,0.00022267318182531484,0.00021083941919960555,0.00035491613764176044,0.00026214255858673035,0.00019965427907179438,0.00020587705618543237,0.00024346517595481745,0.8415558680224513
4ca4e0794b927241,Эльбрус Джанмирзоев,0.00029231655928932306,0.00023505954305601777,0.00022896090784111368,0.0002509580933076106,0.00025121004518036225,0.00026909161412224113,0.00023855414201557007,0.0006743455057850339,0.000284481254769244,0.994543363273474,0.00027112544810302316,0.00024688422622985197,0.0002577664400152934,0.00024406767379397203,0.0004108508495753339,0.00030345616736408127,0.0002311197573318189,0.00023832324676519752,0.00028183525078829353,0.00024623000119258916
