artist,n_songs,n_tokens,ttr,hapax_ratio,mat_density,sentiment_lex,top_emotions,year_min,year_max
Многоточие,336,107850,0.5795467257302802,0.4345499192486616,0.004174084277329881,0.016509226375651352,"joy:2026,sadness:870,anger:454",1998.0,2008.0
Баста,293,122340,0.554094240858237,0.4221648643488687,0.008910393217346862,0.010187792143036709,"joy:1328,sadness:389,fear:334",1980.0,2025.0
Егор Крид,154,40501,0.4260074913223075,0.2739452014989775,0.0010692112584889352,0.03586695418380237,"joy:1345,sadness:354,anger:54",2015.0,2016.0
Drago,144,46640,0.48599083885578576,0.3363798870635512,0.0048558361111429365,0.03319034165010796,"joy:1464,anger:158,sadness:114",2005.0,2005.0
OBLADAET,139,44064,0.5866686965209938,0.44446051148746735,0.0064061652442190435,0.008399201972372032,"joy:317,fear:90,sadness:87",2015.0,2018.0
Тони Раут,138,39665,0.5867048774807547,0.43785159570197496,0.005777416120384873,-6.527343299370545e-05,"joy:493,fear:301,anger:258",2010.0,2022.0
Jah Khalib,124,33187,0.5405961362437605,0.3798973402302236,0.0011056875779088121,0.021947787261887144,"joy:662,sadness:227,surprise:93",2016.0,2019.0
ST,123,40207,0.47351016028010584,0.32811138492756636,0.0010862121469856674,0.021225740255102196,"joy:762,sadness:175,anger:74",1991.0,2015.0
Гарри Топор,115,35455,0.6203296395641406,0.4837894014816276,0.005113659781874195,0.001858022925416208,"joy:358,anger:200,fear:164",2012.0,2013.0
Рем Дигга,113,39922,0.6447274989168892,0.5109320019129268,0.007341514975155946,0.003825923574499364,"joy:428,sadness:184,fear:166",2011.0,2022.0
АК-47,73,28345,0.5182374891750775,0.3869846008166699,0.015217132952704824,0.007492317734929321,"joy:231,disgust:67,sadness:43",2009.0,2016.0
Loqiemean,59,13480,0.6423117063875551,0.5177169610675474,0.0036495754434277923,0.007608064593837073,"joy:178,sadness:101,anger:51",2016.0,2016.0
Эндшпиль,55,17338,0.5711602829457151,0.4260776163388708,0.0028862533092077793,0.03944520105697402,"joy:603,sadness:121,anger:29",2016.0,2020.0
25/17,48,13383,0.5608077446971254,0.4139733098798593,0.0006608294115589326,0.02908749746587731,"joy:291,fear:53,sadness:53",2005.0,2023.0
Скруджи,45,11347,0.5606705771768193,0.43037093016211597,0.003992830822800746,0.0085916885932962,"joy:78,anger:39,disgust:34",2016.0,2016.0
Гуф,32,14715,0.5687714763171945,0.42241485875518436,0.011469522392235934,0.007696343588386938,"joy:167,sadness:28,fear:26",1979.0,2024.0
Смоки Мо,31,11840,0.5457533772245501,0.4060239631185465,0.0018826970871888046,0.018881765766062347,"joy:179,sadness:62,fear:49",2004.0,2026.0
Каста,29,12669,0.548088752805409,0.4158178151123563,0.003789344721323357,0.01660028712361725,"joy:186,sadness:33,anger:31",1999.0,2024.0
Мот,29,5626,0.49321080076616747,0.33711729954380637,0.0013175491930198684,0.012059751955842262,"joy:58,sadness:17,fear:6",2010.0,2026.0
Oxxxymiron,27,11247,0.6007297373644304,0.4761761608647526,0.009240899178366638,0.0028652242598652014,"joy:84,sadness:32,anger:21",2011.0,2023.0
PHARAOH,26,6949,0.5465861106894427,0.4125347143590762,0.01662680597051158,0.0008960350504007813,"joy:59,sadness:47,fear:13",2014.0,2026.0
DRAGO,24,7486,0.5176472104425046,0.3620238973693904,0.006988589068699415,0.01992842012696366,"joy:114,sadness:18,anger:16",,
the Chemodan,24,8149,0.5835594255181027,0.44259966624151287,0.004800784230195155,0.006324911411009494,"joy:79,fear:31,sadness:30",2008.0,2023.0
Король,24,4414,0.5397567876618549,0.36449166354161117,0.00016087516087516087,0.010675532404907937,"joy:82,fear:30,sadness:21",1997.0,2023.0
Кровосток,24,7046,0.6410540933044054,0.5091003975617344,0.023859579263999096,0.006544406614639824,"joy:73,fear:29,anger:10",2004.0,2023.0
Птаха,24,10180,0.5318238657872859,0.390270877635928,0.008786542453485644,0.019923479667500816,"joy:156,sadness:29,fear:24",2008.0,2025.0
ТГК,24,9379,0.5618568707357768,0.42010365670807337,0.008788102136712174,0.01345071138299093,"joy:100,sadness:23,anger:15",2009.0,2026.0
Centr,23,8246,0.5794584742986612,0.4383341184560657,0.009591215140806962,0.013824466884893997,"joy:96,disgust:16,sadness:15",2011.0,2024.0
Johnyboy,23,8195,0.5369039422484836,0.4011712273416119,0.009784788464716854,0.0067813390824259115,"joy:98,sadness:38,anger:22",2009.0,2024.0
Сява,23,5999,0.5404715178282798,0.38897006420716784,0.04726770613724887,0.005106707866199488,"joy:34,sadness:28,disgust:6",2008.0,2023.0
Noize MC,22,8458,0.534533175137369,0.4009571015914922,0.007321935624652085,0.006955347998845864,"joy:84,anger:25,fear:24",2017.0,2022.0
Вульгарный Тонн,22,8991,0.5608549642645095,0.42184131333065994,0.007246293709507534,0.00851219659324113,"joy:94,anger:36,sadness:24",2008.0,2022.0
Серёга,22,5582,0.4241636283898594,0.25043550836687234,0.014104194772793503,0.0004980103064475077,"joy:56,fear:54,sadness:18",,
Эльбрус Джанмирзоев,22,5396,0.42606598035191207,0.2695697711511849,0.00021958717610891522,0.04248216955542858,"joy:173,sadness:33,fear:19",2014.0,2022.0
Truwer,20,7611,0.49192900747934554,0.3529698459324567,0.005627786184012648,0.005182057810497646,"joy:36,fear:13,sadness:10",2013.0,2023.0
Скриптонит,20,8058,0.46277725768765776,0.31566782743153404,0.006472016785432855,0.017494350950931423,"joy:97,sadness:15,disgust:14",2013.0,2026.0
Boulevard Depo,19,6830,0.5250864335533079,0.38530616813206536,0.012033225440838357,0.008171618097338323,"joy:43,sadness:13,anger:9",2014.0,2026.0
НОМ,19,3812,0.6056967488068218,0.46068895393428066,0.00022007687347022525,0.008137280616651962,"joy:46,sadness:43,surprise:8",1995.0,2026.0
Тимати,19,7240,0.4844665094978669,0.34275241331520356,0.001713229023924041,0.026868554927295923,"joy:141,sadness:29,disgust:16",2008.0,2023.0
Триада,19,7622,0.5582839665516895,0.42239205282578535,0.0010653809893934807,0.02159308827910651,"joy:131,sadness:44,anger:17",2004.0,2024.0
Markul,18,6381,0.4640367820204124,0.3089192254178337,0.0011744655779621688,0.010621115155560289,"joy:87,sadness:23,anger:12",2011.0,2025.0
Slim,18,6160,0.583493584666765,0.43623530288010404,0.005410283577565285,0.019199467303869143,"joy:106,sadness:29,anger:5",1919.0,2024.0
Thomas Mraz,18,4724,0.47898633739345964,0.31420102514211823,0.007842345008273641,0.013948012069485446,"joy:74,sadness:25,fear:9",2013.0,2025.0
Децл,18,5523,0.5122898807761902,0.3613078968383588,0.0013471466548314083,0.01278671108659413,"joy:96,sadness:55,fear:19",2000.0,2026.0
Руставели,18,4514,0.6052782040971976,0.46495338823783133,0.003351379221448827,-0.0037474194619296877,"joy:48,sadness:48,fear:24",,
Элджей,18,4336,0.44091079645959563,0.2716687988599267,0.0038714154144111274,0.016401387769626876,"joy:55,sadness:24,anger:9",2014.0,2025.0
Miyagi,17,6088,0.5225489870224518,0.3723564968678887,0.000823001674097152,0.04271502368606173,"joy:184,sadness:39,fear:7",2013.0,2026.0
Восточный округ,17,6846,0.5289949034499495,0.4015448766158632,0.014567174756002214,0.014408901235316737,"joy:47,sadness:18,anger:6",2010.0,2023.0
Krec,16,5490,0.5991645687346518,0.4536465897162596,0.00040907353635943796,0.018632287228475305,"joy:110,sadness:36,fear:22",2001.0,2024.0
Корж,16,4395,0.46276503547839004,0.2947624867599832,0.006893685466426061,0.023192272770374514,"joy:62,sadness:21,anger:8",2012.0,2026.0
Порнофильмы,16,3187,0.5710643745927293,0.4153925185637536,0.004867575198513314,0.022419376978418434,"joy:76,sadness:17,surprise:9",2014.0,2023.0
Dino MC47,15,4990,0.5197041203251175,0.3783384923187438,0.0024046271153981987,0.013574971303274026,"joy:64,sadness:40,anger:9",2008.0,2020.0
Feduk,15,4294,0.4961923692897016,0.33211498792465155,0.0031704834824869766,0.02199048535571256,"joy:123,sadness:24,anger:19",2018.0,2026.0
Yanix,15,5434,0.5633444143620354,0.42545438133047403,0.01280499386461687,0.004476569026598146,"joy:26,fear:12,anger:5",2014.0,2026.0
Грибы,15,4124,0.5313828999495238,0.36460656033326616,0.0010954361185422563,0.007597710522598772,"joy:48,sadness:12,fear:10",1984.0,2025.0
Паук,15,2505,0.4739474830402769,0.32968676583565487,0.0,0.03269447646701295,"joy:79,fear:37,surprise:8",2018.0,2025.0
Рэм Дига,15,5207,0.6548874664915132,0.5198442739196292,0.004598710922803449,0.0040692106030062345,"joy:48,sadness:27,fear:24",,
Триагрутрика,15,7307,0.5586724664922914,0.43223521219048966,0.004592095431359061,0.008855760577570006,"joy:55,sadness:12,anger:8",2010.0,2018.0
ЛСП,14,3628,0.5171865101425142,0.3466664382413172,0.00331002476646326,0.015108729951213956,"joy:53,sadness:9,disgust:8",2014.0,2025.0
ОУ74,14,4148,0.6752434769327612,0.5379212773422666,0.0031257101768941025,0.026473781536428105,"joy:48,anger:12,sadness:9",2011.0,2021.0
Lil Morty,13,4613,0.4321671776380042,0.27868575705778376,0.025400112682495528,0.006314742038776832,"joy:19,disgust:7,sadness:3",2017.0,2025.0
NTL,13,5221,0.5811336245886533,0.42990169746518264,0.004577829922388277,0.018782717476650616,"joy:43,sadness:34,surprise:10",,
gone.Fludd,13,3732,0.513073988427865,0.35089609411186845,0.0076949817458860145,0.010840495947032227,"joy:65,sadness:25,fear:12",2015.0,2025.0
Ак-47,13,5271,0.5628932836519385,0.4411601144052719,0.014588075366453538,0.009681582384709543,"joy:53,anger:10,sadness:10",2009.0,2023.0
Ассаи,13,3595,0.559034506588061,0.41173292169056747,0.00020903010033444816,0.03341292863469352,"joy:86,sadness:24,fear:17",2005.0,2026.0
Словетский,13,4188,0.5853896861956295,0.4417842704828502,0.004655178886338132,0.00852646029131366,"joy:21,fear:9,sadness:6",2012.0,2023.0
SALUKI,12,3993,0.4839124077373145,0.33019889896620336,0.007680923971110588,0.013602748534854046,"joy:50,sadness:14,fear:8",,
Каратель,12,4254,0.4904264727734682,0.3330105678768483,0.014391304212759264,0.02663466338805472,"joy:57,sadness:16,fear:13",2008.0,2025.0
Нигатив,12,4362,0.4941449202631761,0.36360097154146215,0.0016512319637208615,0.021129355724897315,"joy:88,sadness:28,fear:15",2013.0,2024.0
Русский,12,2341,0.46674872660808614,0.3129113298009218,0.0035984680349892876,0.02569966072116173,"joy:53,anger:16,sadness:13",2010.0,2025.0
IC3PEAK,11,2373,0.42577360042096224,0.23640309393402126,0.005194805194805195,-0.015537811391715216,"joy:38,fear:27,sadness:25",2017.0,2024.0
Витя АК-47,11,4300,0.5242123088167125,0.4024394405000596,0.024224890573837664,0.005245148084947062,"joy:30,disgust:26,fear:5",,
Вообще,11,3084,0.41895655357842704,0.2690593496826559,0.01796436509367467,0.00030741528324628435,"joy:37,fear:26,sadness:21",2015.0,2026.0
Джиз,11,2328,0.41055894148983846,0.23612025608487122,0.0010800332317917475,0.021953339701142723,"joy:36,fear:17,sadness:14",2009.0,2025.0
ИСН,11,2456,0.4659247938470583,0.3133525822405645,0.0036212721527932924,0.008092984926496972,"joy:39,sadness:19,fear:9",2017.0,2020.0
Лигалайз,11,4927,0.5040874955165594,0.37360176760428304,0.0018092125709825912,0.02442161531789608,"joy:66,fear:30,sadness:28",1999.0,2022.0
Рэм,11,3386,0.5195943227103181,0.3742642960934461,0.0009892339211826618,0.0075157054480311574,"joy:41,anger:14,sadness:9",,
Хаски,11,3945,0.4191200901975161,0.2865911382840894,0.0026946438468341736,-0.00377800438984808,"fear:57,joy:52,sadness:26",2017.0,2025.0
Agunda,10,1846,0.48181910754266355,0.28238602421217257,0.0,0.007147488334114424,"joy:28,sadness:28,anger:8",,
Andy Panda,10,3313,0.46970155678845504,0.30437859673918505,0.001368006039761765,0.028153289943569648,"joy:90,anger:12,sadness:6",2019.0,2022.0
Big Baby Tape,10,4408,0.5313387365997047,0.37385865733123635,0.006670875214828324,0.0053857944088354206,"joy:32,anger:5,disgust:3",2000.0,2026.0
Blago White,10,3923,0.45940627529424993,0.3047302093595855,0.009989435439758717,0.01149813363643885,"joy:49,fear:6,sadness:4",,
Instasamka,10,3134,0.4041119282602944,0.2678949081344605,0.0037635447491396975,7.130607772955142e-05,"joy:28,sadness:24,fear:8",2023.0,2026.0
L'One,10,3008,0.501899621682577,0.35113581688951084,0.000964693728731162,0.01822817723255928,"joy:51,sadness:17,fear:8",1978.0,2024.0
Lovv66,10,2736,0.40661813844032213,0.23754899186152242,0.00300807044637438,0.002485520325195835,"joy:26,anger:6,fear:6",,
T-Fest,10,3386,0.4138337048684348,0.23674331197257747,0.0027212581092338,0.01219022643893992,"joy:36,sadness:16,anger:6",2021.0,2025.0
Батарея,10,2486,0.4618174410864433,0.3091040041619312,0.0030805687203791466,0.008052577846783256,"joy:21,fear:19,sadness:14",2018.0,2024.0
Браток,10,2324,0.47770094161320964,0.3315581823179371,0.004999063653677744,0.015748448702119455,"joy:29,anger:12,sadness:7",2017.0,2025.0
Буерак,10,2104,0.36516555061788514,0.17200233039778406,0.0,0.0032019441167254687,"joy:43,sadness:17,fear:7",2007.0,2025.0
Гекто,10,2988,0.5657611571055792,0.42154008770798634,0.005962821302038427,0.00902986242631688,"joy:41,fear:12,sadness:10",2018.0,2026.0
Гречка,10,2201,0.43225650505003693,0.27205959409813685,0.001700890329885235,-0.0006229864320244916,"joy:37,sadness:9,anger:6",2019.0,2025.0
Домино,10,2871,0.45011703107587425,0.29587252892198473,0.0019878580747671156,0.011032496506050714,"joy:64,anger:33,fear:7",2007.0,2023.0
Монеточка,10,2989,0.4917375984977575,0.34323626984764943,0.0035082277992470275,0.004984612485885777,"joy:42,sadness:20,anger:13",2016.0,2024.0
Окси,10,2489,0.46283584856094606,0.29553230195224534,0.005471696734116372,0.01248701942451724,"joy:50,fear:11,anger:7",2024.0,2025.0
Скрудж,10,1243,0.5422150877588277,0.3376947634571696,0.0,0.010009649576595416,"joy:11,anger:1,sadness:1",2023.0,2023.0
Сфера,10,2465,0.5223745979334897,0.3557361577281033,0.0017204380642296877,0.005509777170594663,"joy:27,fear:6,sadness:6",2026.0,2026.0
Тайпан,10,2085,0.4197663085601932,0.24921968806423292,0.0,0.028273648448346306,"joy:48,sadness:23,fear:7",,
Тараканы!,10,1534,0.5493746831096222,0.41494543344257373,0.0,0.012845476036524505,"joy:30,anger:10,sadness:5",2016.0,2025.0
Тима Белорусских,10,3166,0.43989186251889956,0.2833032280118111,0.0015063076633402373,0.0135832449045762,"joy:25,sadness:11,fear:5",,
Узелок,10,2393,0.5244785490194929,0.36131476284839203,0.0002352941176470588,0.002061071656245393,"joy:37,sadness:23,anger:6",2019.0,2025.0
Хоми,10,2699,0.5356474932003197,0.38908804831645327,0.005237914033458701,0.012397963538406023,"joy:18,fear:10,anger:6",2017.0,2024.0
Хром,10,2922,0.4708233806455334,0.2904470205315135,0.001002532420548784,0.023474664503626123,"joy:53,sadness:22,fear:5",2021.0,2025.0
Чарли Z,10,2849,0.4881690654284741,0.31743279930877655,0.0005071578165294684,0.027289263475447217,"joy:105,sadness:29,anger:22",,
Aarne,9,3279,0.4301666541192064,0.273259016078622,0.007144667355412548,0.03207332732779436,"joy:37,anger:3,sadness:3",,
EK-Playaz,9,2173,0.677551069400022,0.5561191023340741,0.0013053006936673192,0.013814534496031258,"joy:25,surprise:4,anger:3",2003.0,2017.0
Obladaet,9,2599,0.6212003330696463,0.48969020077358194,0.0039217235625575424,0.005671521323864712,"joy:18,fear:10,sadness:8",,
Redo,9,5652,0.5210703652026398,0.39422543922173764,0.039393314083642675,0.0007110834876717079,"disgust:10,sadness:8,joy:7",,
Иезекииль 25/17,9,3010,0.6190777697138798,0.48457244817380496,0.0,0.013168986331772058,"joy:36,anger:14,sadness:10",,
Иезекииль 25:17,9,3138,0.5551052420656283,0.4250615172085333,0.0021089045027359184,0.010121943462293143,"joy:39,anger:13,fear:12",2005.0,2008.0
Баста aka Ноггано,8,3192,0.6028671525634056,0.4703466693783478,0.005235266277246492,-0.00037670297598747793,"joy:38,sadness:20,fear:18",,
Виктория Дайнеко,8,2144,0.4552238805970149,0.26865671641791045,0.0,0.014925373134328358,"joy:32,sadness:16,surprise:16",,
Третий Путь,8,4226,0.49424785208560257,0.3587301711897704,0.00267379679144385,0.02367841587298601,"joy:104,sadness:34,fear:14",,
Onyx,7,2304,0.46472255509771687,0.3210134337681913,0.0,0.039751829144015115,"joy:76,sadness:19",,
Любэ,7,1440,0.4102230006296804,0.266992284389382,0.0,-0.026602654586158243,"anger:71,joy:25,sadness:4",1995.0,2021.0
РоМД aka Рэм ДиГГа,7,2307,0.6656818926702072,0.519191319024668,0.012166687077144843,0.0019183446973584462,"joy:18,sadness:6,disgust:5",,
Rebels,6,640,0.8259316079133807,0.718726141411461,0.002898550724637681,0.006013815522145469,"joy:4,anger:2,fear:2",,
St1m,6,3572,0.5347355153806767,0.3892945763913505,0.03010752688172043,0.002296270038205522,"joy:40,sadness:24,anger:8",,
Баста a.k.a. Ноггано,6,1564,0.5972550589590176,0.46285508333701103,0.0020080321285140565,0.03187685330542473,"joy:48,sadness:18,fear:10",,
Вика Дайнеко,6,1608,0.45522388059701496,0.2686567164179104,0.0,0.014925373134328358,"joy:24,sadness:12,surprise:12",,
многоточие,6,1984,0.5541617989493678,0.3945304738971143,0.0,0.017958896597763632,"joy:70,sadness:20,anger:6",,
Face,5,1462,0.49588605624267873,0.3340490460860253,0.004586173961729737,-0.0029384402190220415,"joy:15,fear:11,sadness:7",2017.0,2026.0
Ramil',5,1533,0.4065390932322289,0.24778834989935308,0.0011936528266979756,0.03155116444987179,"joy:41,fear:9,sadness:8",,
i61,5,1923,0.569310887666696,0.4257693389298531,0.005794746982868537,0.005387305626567388,"joy:20,fear:9,anger:7",2014.0,2017.0
Алые паруса,5,895,0.4864949608062711,0.24232922732362822,0.0,0.052452407614781635,"joy:29,anger:9,surprise:8",,
Владимир Высоцкий,5,1472,0.5350961997732704,0.3885529918760776,0.001282051282051282,0.0013651877133105802,"sadness:8,anger:2,joy:1",1962.0,1962.0
Восточный Округ,5,2410,0.5916791679262843,0.4365039522858177,0.01245152350845854,0.014526777426534961,"joy:30,disgust:20,sadness:5",2011.0,2011.0
Ляпис Трубецкой,5,847,0.5100105671010919,0.3390630503698485,0.0,0.039436421275096875,"joy:14,sadness:8",2011.0,2011.0
ак-47,5,2041,0.5228535636718897,0.3860092714665869,0.010059114585243844,0.006727725540822023,"joy:28,sadness:10,anger:4",2009.0,2009.0
1.Kla$,4,1820,0.4324521397889378,0.2591544254123137,0.025196213607678847,-0.002167630057803468,"anger:2,fear:2",,
25/17 (Русский подорожник 2014),4,928,0.6192980955639183,0.4676844566085072,0.0,0.005591430037632569,"joy:21,sadness:21,anger:1",,
ATL,4,1755,0.5274108119685331,0.3858572096793411,0.001519756838905775,0.014729593362085625,"joy:61,fear:22,sadness:10",1853.0,2024.0
CZAR feat 1.KLAS feat DRAGO,4,2768,0.45664739884393063,0.31647398843930635,0.02745664739884393,-0.004335260115606936,"anger:4,fear:4",,
Da St,4,1428,0.5215879839715521,0.3659873152349866,0.0,0.01259188493485126,"joy:22,fear:4,sadness:2",,
DragO,4,1060,0.6128585863023327,0.4718402671001186,0.0,0.0035510843620495253,"joy:6,anger:2,fear:2",,
Eminem,4,1689,0.5634038583668424,0.41224141159203626,0.006058309124989732,0.020842008551017466,"joy:34,sadness:7,disgust:2",2014.0,2022.0
Green Day,4,1562,0.5923173370543389,0.4237396105077959,0.0031446540880503146,0.004090072600052579,"joy:16,fear:6,sadness:4",2024.0,2024.0
MiyaGi,4,1417,0.6054998308556941,0.4781504594143793,0.0036886724386724383,0.04725110722798822,"joy:45,anger:2,sadness:2",2016.0,2016.0
Natasha St-Pier,4,1742,0.4543091168091168,0.24544159544159544,0.0009615384615384616,0.008974358974358974,"joy:16,sadness:10,surprise:6",2008.0,2013.0
Natasha St. Pier,4,1572,0.41567635739546493,0.22955455585604323,0.0,0.013970511753692532,"joy:30,fear:10,sadness:4",2013.0,2013.0
St,4,1102,0.5343606941339295,0.3770760140530182,0.0,0.01741323325880975,"joy:14,sadness:14",2008.0,2008.0
Twin Vi,4,1008,0.7435935984555866,0.641170198494752,0.004010216936430179,0.0018114014596064022,"fear:10,joy:6,anger:2",,
jah khalib,4,1207,0.40804622735028667,0.25840183221906565,0.0017006802721088435,0.030011996753891962,"joy:25,anger:6,sadness:3",,
АК 47,4,1434,0.5362980027188431,0.4106839638620199,0.016212301186834293,0.006919805694211466,"joy:11,sadness:8,fear:2",,
АК47,4,976,0.46189531680440776,0.2715151515151515,0.0013774104683195593,0.023415977961432508,"joy:18,surprise:16,sadness:8",,
Ант (25/17),4,1064,0.5507567884621396,0.41153545243183143,0.0,0.02153636728450872,"joy:24,surprise:9,sadness:8",,
Бьянка,4,1524,0.4544704860851031,0.32534351056602967,0.0,0.024010764872408077,"joy:34,fear:14,sadness:2",2012.0,2012.0
Великолепный век,4,432,0.32407407407407407,0.06481481481481481,0.0,0.0,,,
Дюна,4,854,0.34665097332302,0.1703257259215217,0.0023923444976076554,0.027238985476201558,joy:13,2003.0,2003.0
Красная шапочка,4,690,0.4064102564102564,0.18321678321678322,0.0,0.011655011655011656,,2021.0,2025.0
Лизоркин,4,495,0.6238344988344989,0.48393273393273395,0.0,0.06246531246531247,"joy:20,sadness:3",2017.0,2017.0
МiyaGi,4,707,0.6638423678858231,0.544152046401674,0.0013966480446927375,0.04201900150553736,"joy:13,sadness:3,anger:1",,
МНОГОТОЧИЕ BAND,4,870,0.6465734265734266,0.5136363636363637,0.0015384615384615385,-0.0013986013986013977,"joy:24,sadness:22,fear:4",,
Михаил Шуфутинский,4,796,0.39195979899497485,0.21105527638190955,0.005025125628140704,0.035175879396984924,joy:12,,
Многоточие Band,4,802,0.5574257425742575,0.37346534653465346,0.0016666666666666668,0.04298679867986799,"joy:30,sadness:18,anger:2",,
Неизвестен,4,1265,0.41729602517446396,0.2480704697986577,0.005878123061305059,0.02393282728138942,"joy:30,fear:5,sadness:4",2021.0,2021.0
Опасные ди-джеи,4,862,0.4606408491362082,0.2776568814673358,0.010403250877115067,0.015188524226140249,"joy:6,surprise:2",,
Песочные Люди,4,2245,0.5871600384787283,0.44519120184518635,0.001227166567158375,4.672679627812631e-06,,2009.0,2009.0
РоМД,4,1554,0.6878891440145317,0.5645553231838277,0.00675593280566717,-0.005271900467509336,"sadness:17,joy:10,anger:4",,
Серь,4,876,0.37746622961772136,0.15138735202622294,0.0,0.00864354761258534,"joy:12,anger:6,surprise:2",,
Сокира Перуна,4,764,0.610032405663369,0.42179747118553695,0.0010204081632653062,0.0035835913848083576,"fear:6,joy:5,sadness:3",1998.0,2014.0
Big Black Boots,3,1803,0.5740432612312812,0.43261231281198004,0.0016638935108153079,-0.0016638935108153079,"joy:9,sadness:9,anger:3",2003.0,2003.0
Big Russian Boss,3,1314,0.47412274255913633,0.3412255849457246,0.009671267851039772,0.010345216312388933,"joy:19,fear:7,sadness:6",2014.0,2015.0
Czar,3,1510,0.5425268373245252,0.4146863626632413,0.026240939535737223,-0.002890173410404624,"anger:3,fear:2,joy:1",,
DOPECLVB,3,1477,0.5644101761786575,0.4127859345832494,0.014851471266440578,0.005229092796322989,"joy:8,sadness:4,anger:3",2014.0,2014.0
Killah TVETH,3,466,0.6889719647152267,0.5349948498600902,0.028487711232918236,-0.0026163272064911405,"joy:5,sadness:4,disgust:1",,
Neiz,3,1032,0.5058139534883721,0.31976744186046513,0.0,0.0,,2025.0,2025.0
TALIBAL,3,1019,0.6174294081044819,0.46788652489896726,0.0018441713472398646,-0.001331441939176746,"fear:14,joy:13,sadness:5",,
obladaet,3,622,0.5566324985003904,0.4199231427471399,0.016911250873515023,0.028381906199874723,"joy:5,fear:3",,
Ак,3,1213,0.46767382787272127,0.3449210657319794,0.017841125594976987,0.01835197445309102,"joy:23,sadness:7,fear:2",,
Ак 47,3,970,0.5541241765423394,0.4120054984466357,0.010673089111420966,0.01764761768135677,"joy:11,anger:2,sadness:2",,
Алена Апина,3,465,0.4215294637002329,0.26606192381373306,0.0,0.01880420600199555,"joy:15,sadness:5,anger:1",1994.0,1994.0
Ант (25-17),3,1086,0.5850730484509028,0.4635867507474573,0.0,0.014178841408483805,"joy:7,fear:2,sadness:2",,
Барды,3,572,0.509485338406461,0.34763904441955956,0.0,0.015370124113475178,"joy:8,anger:3,disgust:2",1990.0,2011.0
Ваня Воробей,3,586,0.4801809146672878,0.3277428371767994,0.0,0.0036299402127494365,joy:2,2013.0,2013.0
Егор Крид/KreeD,3,679,0.27643242668368295,0.13138266287345013,0.0,0.027955474019125612,"joy:18,sadness:6,surprise:3",,
Иезекиль 25/17,3,1001,0.4827771864256574,0.34704912309117425,0.0,-0.00025708530071634944,"joy:3,anger:1,sadness:1",,
Клоунеско,3,1567,0.5108711950817214,0.3368789673614235,0.004092317688808917,0.012570600289898535,"joy:14,anger:2,sadness:2",2005.0,2005.0
Неизвестный исполнитель,3,666,0.47519841269841273,0.3399170274170274,0.008928571428571428,0.019841269841269837,"joy:20,fear:6,anger:1",,
Нюша,3,684,0.5307017543859649,0.34649122807017546,0.0,0.08771929824561403,joy:51,,
Оксана Дроздова,3,317,0.7118345991469915,0.549038675586695,0.0,0.05902173498335231,"joy:11,surprise:3,sadness:2",,
Песни нашего века,3,283,0.6628639334521688,0.4715785304020598,0.0,0.017389582095464453,"joy:10,anger:3,sadness:2",,
Полюса,3,388,0.6080230449162488,0.4401116682670081,0.0,0.011966997403890609,joy:2,2010.0,2010.0
Рэм дига,3,572,0.4749995380618554,0.31200053708008285,0.0,0.037410768948394735,"joy:11,sadness:1,surprise:1",,
ТРИАГРУТРИКА,3,1864,0.655575391925202,0.539286444188194,0.009557110817738482,0.01023480893623445,"joy:14,fear:6,anger:5",,
Тонни Раут,3,1083,0.5562009375274509,0.4210690128810202,0.009746868729044527,0.010493451111787998,"joy:12,fear:8,anger:5",,
03. kavabanga,2,616,0.6396103896103896,0.4837662337662338,0.0,0.01948051948051948,"joy:14,fear:6,sadness:2",,
13 Фронт,2,710,0.4507042253521127,0.30422535211267604,0.0,0.030985915492957747,"joy:30,sadness:22,fear:2",,
1Kla$,2,1332,0.4744744744744745,0.33633633633633636,0.028528528528528527,-0.0045045045045045045,"anger:2,fear:2",,
1KlaS.Drago.Zarj.,2,1384,0.45664739884393063,0.31647398843930635,0.02745664739884393,-0.004335260115606936,"anger:2,fear:2",,
1класс дисс на серегу,2,436,0.40825688073394495,0.2018348623853211,0.022935779816513763,0.0,,,
25-17,2,576,0.6525970414859303,0.4937159381603826,0.0,0.01256812367923479,"joy:7,sadness:3,anger:1",,
25/17 п.у. Саграда,2,595,0.6872500751219286,0.5366421653607008,0.0,0.01023391812865497,"joy:9,sadness:4,anger:2",,
2H Company,2,1187,0.5846752214399273,0.47599931864637746,0.0008403361344537816,0.0,"joy:10,sadness:10,anger:4",,
Araz-Andzadz orer,2,782,0.24808184143222506,0.01278772378516624,0.0,0.017902813299232736,"joy:24,sadness:4",,
Bad Balance,2,1055,0.467063862759155,0.3470668317727908,0.0,0.01058706813524219,"joy:10,anger:5,surprise:2",1999.0,1999.0
Basic Boy,2,409,0.5590177673483071,0.4305732484076433,0.0031847133757961785,0.027070063694267517,"joy:16,fear:2",,
Bassboosted,2,1116,0.4283154121863799,0.2724014336917563,0.0035842293906810036,0.010752688172043012,"fear:8,joy:8,disgust:2",,
ChiCo,2,1178,0.601018675721562,0.44142614601018676,0.001697792869269949,0.013582342954159592,"joy:10,sadness:6,anger:2",,
D.I.P. PROJECT,2,142,0.7887323943661971,0.647887323943662,0.0,0.014084507042253521,"joy:6,sadness:2",,
DJ,2,452,0.5752212389380531,0.38495575221238937,0.0,0.035398230088495575,"joy:26,sadness:6,fear:4",,
Defro,2,510,0.7411764705882353,0.611764705882353,0.0,0.00784313725490196,"joy:4,sadness:4",,
Dj DeD_MoroZ,2,514,0.25680933852140075,0.1556420233463035,0.0,0.07003891050583658,joy:36,,
Dotsfam,2,922,0.49891540130151846,0.38177874186550975,0.0,0.04121475054229935,"joy:18,anger:2",,
Drago feat 1.Kla$ and Zarj,2,1332,0.4744744744744745,0.33633633633633636,0.028528528528528527,-0.0045045045045045045,"anger:2,fear:2",,
Drago feat st1m,2,948,0.47257383966244726,0.37130801687763715,0.006329113924050633,0.03164556962025317,"joy:4,sadness:2",,
Drago feat Крипл,2,744,0.5483870967741935,0.41935483870967744,0.010752688172043012,0.013440860215053764,"joy:14,disgust:6,fear:2",,
Drago feat.,2,544,0.49264705882352944,0.3382352941176471,0.0,0.007352941176470588,joy:4,,
Drago x,2,238,0.6302521008403361,0.44537815126050423,0.0,0.0,,,
Drago.,2,544,0.49264705882352944,0.3382352941176471,0.0,0.007352941176470588,joy:4,,
Elton John,2,532,0.6541353383458647,0.47368421052631576,0.0,0.007518796992481203,"joy:4,surprise:2",2007.0,2007.0
G-Nise,2,650,0.44,0.31384615384615383,0.003076923076923077,0.015384615384615385,"joy:12,sadness:8,fear:2",,
Gago Drago|Эскей,2,646,0.5386996904024768,0.3993808049535604,0.0,0.009287925696594427,"sadness:8,joy:6,fear:2",,
IVAN DRAGO,2,974,0.20739219712525667,0.045174537987679675,0.0,-0.006160164271047228,"fear:16,anger:2",,
Integra,2,360,0.42777777777777776,0.23333333333333334,0.0,0.0,"sadness:6,joy:2",,
JILLZAY - ТВОY НОМЕР,2,874,0.6041189931350115,0.459954233409611,0.009153318077803204,0.011441647597254004,"joy:8,anger:2,fear:2",,
Jonathan Roy feat Natasha St.Pier,2,518,0.4864864864864865,0.2702702702702703,0.0,0.011583011583011582,"fear:2,joy:2",,
KReeD,2,646,0.5356037151702786,0.38390092879256965,0.015479876160990712,0.018575851393188854,"joy:14,fear:6,disgust:2",,
Kalif feat Drago,2,798,0.3007518796992481,0.16290726817042606,0.0,0.07268170426065163,joy:58,,
Kaliff,2,798,0.3007518796992481,0.16290726817042606,0.0,0.07268170426065163,joy:58,,
Loc-Dog,2,874,0.5298620140083043,0.3780197542255589,0.002369668246445498,0.01848550937382041,"joy:13,sadness:6,anger:2",,
MSI,2,518,0.5907335907335908,0.4362934362934363,0.0,0.0,"surprise:8,sadness:4,fear:2",,
Madwayz LOC,2,624,0.6275554778962082,0.5008518259654028,0.002577319587628866,0.01712388607373755,"joy:2,disgust:1",,
Marselle,2,660,0.6454545454545455,0.5212121212121212,0.006060606060606061,0.021212121212121213,"joy:4,surprise:4,disgust:2",,
Mary Gu,2,559,0.36457725173823047,0.17869274454646783,0.00370866726819171,0.026544504007218302,"joy:14,anger:3,sadness:2",,
Mc Avetis a.k.a. 9 Грамм,2,410,0.6048780487804878,0.48292682926829267,0.0,0.04390243902439024,"joy:16,sadness:4",,
Mezza Morta,2,609,0.6651854337612851,0.5261967135032151,0.0034965034965034965,0.004243434583991859,"fear:2,joy:2,sadness:2",,
Mr.Makintosh,2,774,0.5968992248062015,0.4883720930232558,0.012919896640826873,0.020671834625323,"joy:22,anger:4",,
Natasha St Pier,2,1006,0.4711729622266402,0.294234592445328,0.0,0.02186878727634195,joy:14,,
Natasha St- Pier,2,602,0.43853820598006643,0.2425249169435216,0.0,0.03322259136212625,joy:20,2012.0,2012.0
Natasha St.Pier,2,836,0.361244019138756,0.20095693779904306,0.0,0.014354066985645933,joy:14,,
Obladaet w/ Sted.D,2,514,0.5519361531355534,0.3388835885087759,0.003952569169960474,0.013591689003982856,"joy:5,disgust:1,fear:1",,
Porchy,2,771,0.6111196666364707,0.48083612646073015,0.006024096385542169,0.008705498686475225,"joy:3,sadness:1",2016.0,2016.0
Prāta Vētra,2,556,0.6510791366906474,0.5251798561151079,0.0,-0.0035971223021582736,"sadness:6,joy:2",2018.0,2018.0
REBELS,2,182,0.8681318681318682,0.8021978021978022,0.0,0.0,"anger:2,joy:2",,
REDO,2,404,0.6005780798375127,0.4615134234304612,0.03896830976746608,0.0012759419836991903,sadness:1,,
Rido,2,1118,0.4883720930232558,0.32737030411449014,0.0017889087656529517,0.028622540250447227,"joy:32,sadness:6",,
ST feat Женя Женева,2,674,0.4658753709198813,0.3293768545994065,0.0,0.008902077151335312,"joy:18,sadness:14,anger:4",2008.0,2008.0
ST feat Макс Лоренс,2,596,0.4899328859060403,0.3724832214765101,0.0,0.040268456375838924,"joy:34,sadness:14,disgust:2",,
ST. Сергей Есенин,2,188,0.6702127659574468,0.5425531914893617,0.0,0.031914893617021274,joy:2,,
SUPERIOR.CAT.PROTEUS,2,415,0.6658983451536643,0.5288416075650118,0.04544917257683215,0.029432624113475178,"joy:4,sadness:3,fear:2",2014.0,2014.0
Sa.v.a.ge G.ar.de.n,2,1114,0.39497307001795334,0.21723518850987433,0.0,0.010771992818671455,joy:6,,
Schokk,2,758,0.5646437994722955,0.43007915567282323,0.036939313984168866,0.002638522427440633,"fear:4,anger:2,joy:2",,
Scroodge(Скрудж),2,152,0.5329004329004329,0.3354978354978355,0.0,-0.01316017316017316,,,
Shot,2,500,0.5287473656480506,0.36067571127502634,0.0041161749209694416,-0.0006915173867228664,"sadness:3,joy:2",2019.0,2023.0
St Сто из Ста feat Сацура,2,844,0.37203791469194314,0.25829383886255924,0.0,0.023696682464454975,"joy:26,sadness:10",,
Sten aka St.G,2,354,0.5819209039548022,0.4011299435028249,0.005649717514124294,0.05084745762711865,"joy:8,disgust:2,fear:2",,
Stens,2,770,0.6454652174793045,0.557151145923992,0.005194945385606628,-0.0012919896640826874,"anger:6,joy:6,sadness:4",,
Stim,2,1214,0.5387149917627677,0.4052718286655684,0.05601317957166392,0.0,"joy:6,anger:4,fear:2",,
T.A. Yanix,2,430,0.7209302325581395,0.5953488372093023,0.009302325581395349,0.009302325581395349,"joy:4,anger:2",2013.0,2013.0
TRIAGRUTRIKA,2,1252,0.6395720396516696,0.5214031219054036,0.01112268128592284,0.009606648086327116,"joy:10,anger:3,fear:3",,
Timati,2,572,0.541958041958042,0.3986013986013986,0.0,0.027972027972027972,joy:12,2011.0,2011.0
Versus Battle,2,988,0.5728744939271255,0.45546558704453444,0.012145748987854251,-0.006072874493927126,"surprise:6,anger:2,disgust:2",,
White Hot Ice,2,568,0.5,0.27816901408450706,0.0,0.01056338028169014,"sadness:8,joy:6,anger:2",,
White hot ice feat Многоточие,2,444,0.481981981981982,0.24324324324324326,0.0,0.0,sadness:8,,
[ НоГГано],2,1210,0.6446280991735537,0.540495867768595,0.003305785123966942,0.003305785123966942,"anger:6,disgust:4,joy:4",,
[I love [Music ❤ ],2,1056,0.4962121212121212,0.3522727272727273,0.0,0.03787878787878788,"joy:52,sadness:8,anger:4",,
[АК-47],2,1030,0.46990291262135925,0.3650485436893204,0.017475728155339806,0.013592233009708738,"disgust:2,joy:2",,
[Ноггано и КупЭ],2,1174,0.5826235093696763,0.4752981260647359,0.015332197614991482,0.008517887563884156,"joy:16,fear:8,sadness:4",,
[Ноггано и Купэ],2,606,0.43234323432343236,0.3069306930693069,0.1353135313531353,0.0,"disgust:2,joy:2",,
dom!No,2,461,0.6631758764111706,0.4857821916645446,0.013029454205924794,0.026080129021305493,"joy:9,sadness:1",,
drago,2,630,0.473015873015873,0.3238095238095238,0.0,0.07301587301587302,joy:44,,
loqiemean,2,580,0.4605394730263487,0.3612069396530173,0.009887005649717515,0.002824858757062147,"joy:2,anger:1",2017.0,2017.0
st,2,570,0.49473684210526314,0.34385964912280703,0.007017543859649123,0.03859649122807018,"joy:8,anger:6",,
|DRAGO|,2,666,0.4864864864864865,0.34234234234234234,0.0,0.03003003003003003,"joy:14,fear:2",,
Ака-47,2,660,0.5630576405608271,0.4085115422744654,0.0008143322475570033,0.0402209318793372,"joy:6,fear:5,anger:1",,
Алексей Гоман,2,342,0.5497076023391813,0.38596491228070173,0.0,0.04093567251461988,"joy:16,anger:4,fear:2",,
Аля Кудряшева,2,555,0.6322772971709142,0.5168731977242615,0.0,0.01435975372145585,"joy:7,sadness:5,anger:4",,
Алёна Апина,2,430,0.20930232558139536,0.10232558139534884,0.0,0.046511627906976744,"joy:22,sadness:2",1994.0,1994.0
Ант 25/17,2,696,0.5061106523534269,0.36812551610239475,0.001445086705202312,0.033088356729975225,"joy:12,fear:4,sadness:2",,
Армия брат,2,344,0.6395348837209303,0.4883720930232558,0.011627906976744186,-0.005813953488372093,sadness:2,,
Ассорти,2,204,0.5392156862745098,0.28431372549019607,0.0,-0.049019607843137254,"sadness:14,joy:2",,
Баста aka,2,498,0.6224899598393574,0.4779116465863454,0.0,0.0,"fear:6,joy:6,sadness:6",,
Баста НоГГано,2,868,0.532258064516129,0.35714285714285715,0.0576036866359447,-0.0069124423963133645,"joy:14,anger:4,disgust:2",2009.0,2009.0
В.Высоцкий,2,624,0.5705128205128205,0.4391025641025641,0.003205128205128205,0.0,"sadness:4,anger:2",,
В.С. Высоцкий,2,590,0.5796610169491525,0.4406779661016949,0.0,0.003389830508474576,sadness:4,,
Вадим Мулерман,2,298,0.5625510204081632,0.4410204081632653,0.0,0.00760204081632653,"joy:12,anger:6,sadness:4",1966.0,1966.0
Вадим Сажин,2,545,0.6728317659352142,0.5160397074190177,0.0,0.019435736677115987,"joy:10,fear:4,sadness:3",,
ВиСтанция feat Drago,2,594,0.6060606060606061,0.4175084175084175,0.0,0.013468013468013467,"joy:14,sadness:10",,
Визбор,2,304,0.4342105263157895,0.20394736842105263,0.0,0.013157894736842105,joy:4,,
Витос,2,428,0.5348970251716247,0.3627479023646072,0.0,0.08047292143401982,"joy:20,fear:2",2003.0,2003.0
Витоса,2,1099,0.5504266783455762,0.41844172821319314,0.0,0.02292151905453918,"joy:14,sadness:6,anger:1",2015.0,2015.0
Витя,2,752,0.5964542436027787,0.46479484098487706,0.019186331738323605,0.012126102938562502,"joy:11,anger:3,disgust:1",,
Витя Ак 47,2,537,0.6250414593698176,0.5247374239911553,0.0024875621890547263,-0.03855721393034826,"joy:2,surprise:1",,
Гагарина Полина,2,204,0.3333333333333333,0.14705882352941177,0.0,0.0196078431372549,sadness:10,2005.0,2005.0
Геннадий Балахнин,2,572,0.6538461538461539,0.527972027972028,0.0034965034965034965,0.0,"sadness:6,disgust:2",,
Гриби,2,436,0.555045871559633,0.3577981651376147,0.0,0.013761467889908258,"joy:10,sadness:4",2016.0,2016.0
Давид Тухманов,2,302,0.4768211920529801,0.2980132450331126,0.0,0.019867549668874173,"joy:6,surprise:6",,
Детские Песни,2,320,0.575,0.425,0.0,-0.025,"fear:6,anger:2,disgust:2",2025.0,2025.0
Детские песни,2,330,0.42424242424242425,0.18787878787878787,0.0,0.012121212121212121,,2016.0,2016.0
Ева Польна,2,396,0.51010101010101,0.30303030303030304,0.0,0.050505050505050504,joy:20,,
Егор Крид/KReeD,2,464,0.3652564991698716,0.2077317529369733,0.0,0.014469453376205787,"joy:9,sadness:1,surprise:1",,
Зарина,2,1042,0.508637236084453,0.3512476007677543,0.0,0.026871401151631478,"joy:22,sadness:6,anger:2",,
Звери,2,290,0.4689655172413793,0.2896551724137931,0.006896551724137931,0.041379310344827586,joy:12,2003.0,2003.0
Зимавсегда,2,246,0.4634146341463415,0.23577235772357724,0.0,0.0,"sadness:4,fear:2,joy:2",,
Игорь Белый,2,546,0.6227106227106227,0.5018315018315018,0.0,0.01098901098901099,"joy:6,sadness:6,anger:4",,
Игорь Растеряев,2,382,0.7248355263157895,0.5964912280701754,0.0,-0.015816885964912278,"anger:7,sadness:5,joy:4",2010.0,2011.0
Иезекииль 25:17 [://muz-.ru],2,903,0.613682277318641,0.4919191919191919,0.0,0.015671870217324763,"joy:9,anger:2,disgust:1",,
Ирина Туманова,2,128,0.71875,0.59375,0.0,0.09375,"joy:14,disgust:2,sadness:2",,
Йорш,2,276,0.6137249200348939,0.4634777551613841,0.06315789473684211,0.035649898226228556,"joy:5,fear:1",,
Комбинация,2,320,0.275,0.0875,0.0,-0.0125,"sadness:10,joy:6,anger:4",,
Красное Дерево,2,500,0.568,0.424,0.004,0.016,"joy:8,anger:4,disgust:2",,
Крип-А-Крип feat Drago,2,744,0.5483870967741935,0.41935483870967744,0.010752688172043012,0.013440860215053764,"joy:14,disgust:6,fear:2",,
Линда,2,596,0.37919463087248323,0.2483221476510067,0.0,-0.003355704697986577,"sadness:14,joy:8",,
МНОГОТОЧИЕ,2,896,0.5959821428571429,0.4642857142857143,0.026785714285714284,0.044642857142857144,"joy:16,sadness:4,anger:2",,
Майя Кристалинская,2,171,0.8479064039408867,0.7426108374384237,0.0,0.058497536945812806,joy:6,,
Максим Демах,2,609,0.5705557211369117,0.40786978080039016,0.003393665158371041,-0.0010634838919446176,"joy:8,anger:4,disgust:2",,
Максим Леонидов,2,310,0.5419354838709678,0.4129032258064516,0.0,-0.012903225806451613,anger:2,2006.0,2006.0
Мария Чайковская,2,230,0.7130434782608696,0.6173913043478261,0.0,0.08695652173913043,"joy:20,sadness:2",,
Мастер,2,148,0.7837837837837838,0.6486486486486487,0.0,0.05405405405405406,"joy:2,sadness:2",2006.0,2025.0
Многоточие.,2,1234,0.44084278768233387,0.2576985413290113,0.0016207455429497568,0.008103727714748784,"joy:10,anger:2",2001.0,2001.0
Мохито,2,876,0.408675799086758,0.24429223744292236,0.0,0.04794520547945205,"joy:54,sadness:6,fear:2",,
Муза Скат,2,932,0.6244635193133047,0.4871244635193133,0.0,0.002145922746781116,"joy:6,sadness:4,surprise:4",,
Мэф,2,820,0.5804878048780487,0.43414634146341463,0.0,0.05365853658536585,"joy:36,anger:4,sadness:4",,
Не Предел,2,770,0.5558441558441558,0.3948051948051948,0.0,0.07272727272727272,"joy:50,sadness:10,fear:2",,
Нее,2,730,0.4301369863013699,0.27945205479452057,0.0,0.010958904109589041,"joy:10,sadness:10,anger:6",,
Неизвестный,2,300,0.5866666666666667,0.44666666666666666,0.0,0.04666666666666667,"joy:14,sadness:4,anger:2",,
Новый Союз,2,834,0.37410071942446044,0.23261390887290168,0.007194244604316547,0.05275779376498801,joy:10,,
"Ноггано ""Первый""",2,1092,0.6813186813186813,0.5604395604395604,0.009157509157509158,-0.007326007326007326,"fear:8,anger:2,disgust:2",2014.0,2014.0
Ноггано feat Купэ,2,404,0.6732673267326733,0.5396039603960396,0.0049504950495049506,0.0,"fear:2,joy:2",,
Олег Пахомов,2,434,0.31336405529953915,0.1889400921658986,0.0,0.0,,,
От Вінта,2,139,0.6834368530020705,0.4244306418219461,0.0,0.0,,,
Очередной MC,2,662,0.6193353474320241,0.48036253776435045,0.006042296072507553,0.021148036253776436,"joy:10,surprise:4,fear:2",,
Пелагея,2,166,0.3132530120481928,0.03614457831325301,0.0,-0.060240963855421686,sadness:10,,
Песня из Сериала Кухня,2,1256,0.321656050955414,0.21656050955414013,0.0,0.0031847133757961785,"joy:6,sadness:2",,
Песочные люди,2,532,0.6084242749517961,0.492406623332737,0.0,0.0016200528753453798,,,
Регги,2,488,0.4672131147540984,0.3360655737704918,0.0,0.00819672131147541,"anger:2,joy:2",2003.0,2003.0
Русич,2,208,0.7884615384615384,0.625,0.0,0.0,anger:2,,
Рэм'Дига,2,844,0.5406162464985994,0.3712418300653595,0.003968253968253968,0.006804388422035481,"joy:15,sadness:9,anger:3",,
Савченко Михаил Иванович,2,466,0.51931330472103,0.3648068669527897,0.0,0.0,"fear:10,joy:10",,
Сатана Печёт Блины,2,422,0.5614435604750374,0.44528998039893924,0.0,-0.006433759944655828,"joy:3,fear:1,sadness:1",2012.0,2012.0
Сер.Га.,2,222,0.5855855855855856,0.4144144144144144,0.0,-0.018018018018018018,"sadness:8,fear:2",,
Серега,2,356,0.601123595505618,0.39325842696629215,0.016853932584269662,0.02247191011235955,"joy:2,surprise:2",,
Серега 600,2,910,0.22417582417582418,0.14065934065934066,0.01098901098901099,0.017582417582417582,"joy:2,surprise:2",,
Скрудж (Scroodge),2,206,0.39344262295081966,0.1563231850117096,0.0,0.0,,,
"Скрудж (Пудра, 2011)",2,197,0.41010928961748633,0.21584699453551912,0.0,-0.006666666666666667,,,
СладкиЙ ЯД,2,782,0.24808184143222506,0.01278772378516624,0.0,0.017902813299232736,"joy:24,sadness:4",,
Соня Мармеладова,2,1740,0.6022988505747127,0.5114942528735632,0.01264367816091954,-0.0011494252873563218,"joy:14,anger:4,fear:4",,
Таня Моль,2,412,0.46116504854368934,0.27184466019417475,0.0,0.0048543689320388345,"joy:6,sadness:4",,
Турецкий сериал Великолепный век,2,216,0.32407407407407407,0.06481481481481481,0.0,0.0,,,
Ханна,2,379,0.43027495517035264,0.2817991631799163,0.0,-0.0020920502092050207,"joy:2,sadness:1",,
Чичерина,2,338,0.2603550295857988,0.14792899408284024,0.0,0.01775147928994083,joy:6,2000.0,2000.0
Эдуард Суровый,2,674,0.4688427299703264,0.35014836795252224,0.008902077151335312,0.005934718100890208,joy:2,,
Ю.Визбор,2,296,0.41216216216216217,0.16216216216216217,0.0,0.013513513513513514,joy:4,,
гаи даи police,2,214,0.5420560747663551,0.29906542056074764,0.0,0.0,,,
из сериала к/ф Великолепный век,2,198,0.41414141414141414,0.1414141414141414,0.0,0.0,,,
к/ф Красная Шапочка,2,333,0.4204004329004329,0.1862012987012987,0.0,0.012012987012987014,,,
сериал Великолепный век,2,216,0.32407407407407407,0.06481481481481481,0.0,0.0,,,
серь га,2,306,0.6928104575163399,0.5620915032679739,0.0,0.026143790849673203,joy:4,,
тони раут,2,764,0.6363130405000428,0.4869281045751634,0.0,0.010360476068156519,"anger:11,joy:8,sadness:3",,
узумем вор,2,782,0.24808184143222506,0.01278772378516624,0.0,0.017902813299232736,"joy:24,sadness:4",,
эндшпиль,2,496,0.5675148044510965,0.42846684453699485,0.003937007874015748,0.048220212142903625,joy:18,2020.0,2020.0
ღ НоГГано-,2,512,0.67578125,0.48828125,0.01171875,-0.01171875,"joy:14,anger:4,disgust:2",,
• Ноггано,2,832,0.5769230769230769,0.44711538461538464,0.002403846153846154,0.004807692307692308,joy:2,,
┴═╦╕АК-47,2,820,0.5093619118009362,0.37102734663710274,0.03116531165311653,0.01084010840108401,"joy:15,sadness:4",,
► Ноггано,2,298,0.37583892617449666,0.28859060402684567,0.0,0.006711409395973154,"joy:4,fear:2",,
●Natasha St. Pier,2,964,0.26141078838174275,0.11825726141078838,0.0,0.03112033195020747,joy:22,,
●•●[Drago,2,1226,0.5399673735725938,0.4094616639477977,0.05546492659053834,0.0016313213703099511,"joy:8,anger:4,fear:2",,
☞Ноггано,2,1236,0.5728155339805825,0.46601941747572817,0.01779935275080906,0.006472491909385114,"joy:16,fear:10,sadness:4",,
♬ Скрудж,2,272,0.3014705882352941,0.08823529411764706,0.0,0.0,,,
✖ Ноггано,2,814,0.601965601965602,0.5184275184275184,0.002457002457002457,-0.002457002457002457,"joy:8,anger:4,fear:4",,
✿Не Предел,2,792,0.5555555555555556,0.3888888888888889,0.0,0.0707070707070707,"joy:50,sadness:10,fear:2",,
本 Баста aka,2,790,0.5468354430379747,0.40253164556962023,0.0,0.02278481012658228,"joy:12,surprise:2",,
本 Баста aka НоГГано 本,2,428,0.616822429906542,0.4532710280373832,0.009345794392523364,0.0,"joy:4,sadness:2",,
"""Алые паруса""",1,151,0.32450331125827814,0.11258278145695365,0.0,0.09271523178807947,"joy:12,sadness:2,surprise:1",,
#SWAGGAЖОПС,1,215,0.7209302325581395,0.5953488372093023,0.009302325581395349,0.009302325581395349,"joy:2,anger:1",,
(AlljЭлджей),1,339,0.40117994100294985,0.2536873156342183,0.0029498525073746312,0.0029498525073746312,,,
. ιllιlιιl Сява,1,252,0.46825396825396826,0.3611111111111111,0.0,0.023809523809523808,"joy:8,sadness:1",,
..Jah Khalib..,1,248,0.6451612903225806,0.46774193548387094,0.0,0.0,"joy:5,sadness:5,surprise:4",,
.OTRIX,1,192,0.6822916666666666,0.546875,0.015625,0.041666666666666664,"joy:6,fear:1",,
1 klass,1,711,0.530239099859353,0.3924050632911392,0.008438818565400843,0.0028129395218002813,"joy:5,fear:3,sadness:1",,
10. Сплин,1,199,0.6733668341708543,0.5577889447236181,0.010050251256281407,0.010050251256281407,,,
100 music,1,321,0.4143302180685358,0.29906542056074764,0.003115264797507788,0.028037383177570093,joy:8,,
11. Эндшпиль,1,282,0.7340425531914894,0.6418439716312057,0.0035460992907801418,0.02127659574468085,"joy:5,anger:1",,
12 ТРИАГРУТРИКА,1,618,0.686084142394822,0.5711974110032363,0.006472491909385114,0.011326860841423949,"joy:4,fear:3,anger:2",,
207. Soulkast,1,53,0.8679245283018868,0.7547169811320755,0.0,0.0,,,
25/17  (Русский подорожник 2014),1,316,0.6582278481012658,0.48417721518987344,0.0,0.00949367088607595,"joy:8,sadness:3,fear:2",,
25/17 (Песни О Любви И Смерти 2012),1,227,0.7092511013215859,0.5418502202643172,0.0,0.022026431718061675,"joy:9,fear:6,anger:1",,
25/17 Feat.Грот,1,341,0.6598240469208211,0.5043988269794721,0.0,0.002932551319648094,"fear:6,joy:5,sadness:2",,
25/17 feat. Искра,1,311,0.49517684887459806,0.3408360128617363,0.0,0.06109324758842444,"joy:9,sadness:3",2009.0,2009.0
25/17 feat. Миша Маваши,1,308,0.5844155844155844,0.44155844155844154,0.0,0.03896103896103896,"joy:8,disgust:2",2012.0,2012.0
25/17 feat. Саграда,1,254,0.7322834645669292,0.5866141732283464,0.0,0.0,"joy:3,fear:2,anger:1",,
25/17 ft D-Man 55,1,359,0.7214484679665738,0.6016713091922006,0.0,0.013927576601671309,"anger:1,joy:1",,
25/17 и Вячеслав Бутусов,1,311,0.6109324758842444,0.45016077170418006,0.003215434083601286,0.02572347266881029,"joy:6,disgust:5,sadness:3",,
25/17 и ГРОТ,1,510,0.6372549019607843,0.5078431372549019,0.00784313725490196,0.00784313725490196,"fear:4,sadness:4,anger:3",,
25/17 и Грот,1,322,0.5962732919254659,0.4503105590062112,0.003105590062111801,0.006211180124223602,"joy:6,sadness:5,fear:4",,
"25/17, Грот, D-Man 55",1,394,0.6040609137055838,0.4517766497461929,0.0,0.12436548223350254,"joy:17,sadness:1",,
2517-Ант (из Иезекиль 2517),1,89,0.7865168539325843,0.6179775280898876,0.0,0.0,,,
2rbina 2rista,1,409,0.5843520782396088,0.45232273838630804,0.0,0.022004889975550123,"joy:10,sadness:2,surprise:1",2013.0,2013.0
3|Гамора|,1,270,0.5370370370370371,0.3925925925925926,0.003703703703703704,0.040740740740740744,"joy:6,disgust:1,fear:1",,
43ai,1,331,0.5287009063444109,0.3293051359516616,0.0,0.012084592145015106,"joy:2,sadness:1",2017.0,2017.0
48 kbps,1,305,0.8163934426229508,0.7442622950819672,0.02622950819672131,0.003278688524590164,"joy:4,anger:3,sadness:2",,
4SGM,1,365,0.5506849315068493,0.410958904109589,0.0027397260273972603,0.024657534246575342,"joy:14,sadness:3,anger:1",2013.0,2013.0
5 Шлюх,1,418,0.5430622009569378,0.3827751196172249,0.02631578947368421,0.03110047846889952,"joy:5,sadness:1",,
5'nizza,1,129,0.6976744186046512,0.5426356589147286,0.0,-0.007751937984496124,fear:1,,
5'nizza - Белые рубашки,1,146,0.6164383561643836,0.4863013698630137,0.0,-0.00684931506849315,fear:1,,
7|Гамора|,1,120,0.7083333333333334,0.5583333333333333,0.008333333333333333,0.008333333333333333,joy:1,,
8 Вадим Мулерман,1,117,0.6752136752136753,0.5213675213675214,0.0,0.008547008547008548,"joy:6,anger:3,sadness:2",,
88. Скрудж,1,75,0.5333333333333333,0.3333333333333333,0.0,-0.013333333333333334,,,
9 ВАЛ,1,90,0.8444444444444444,0.7111111111111111,0.0,0.0,,,
9|Гамора|,1,123,0.7886178861788617,0.6666666666666666,0.008130081300813009,0.0,,,
:)),1,200,0.355,0.155,0.0,0.01,,,
ADAMANT'Ы,1,398,0.6130653266331658,0.45979899497487436,0.005025125628140704,-0.007537688442211055,"anger:6,joy:3,surprise:2",,
Afisha.ru,1,317,0.7476340694006309,0.6277602523659306,0.0,0.015772870662460567,"joy:2,anger:1",,
Alex Dark Stalker98,1,220,0.5772727272727273,0.41818181818181815,0.0,0.0,"anger:4,disgust:1",,
Alex Fish,1,252,0.6388888888888888,0.49206349206349204,0.007936507936507936,0.015873015873015872,"joy:5,anger:1,sadness:1",,
Animal Jazz,1,191,0.5445026178010471,0.3403141361256545,0.0,0.02617801047120419,"joy:5,surprise:2,fear:1",2007.0,2007.0
Animal ДжаZ,1,199,0.47738693467336685,0.20603015075376885,0.0,-0.010050251256281407,"joy:1,sadness:1",,
Bahh Tee,1,382,0.49476439790575916,0.32722513089005234,0.0,0.041884816753926704,joy:14,,
"Bahh Tee ""Небо не предел""",1,356,0.5140449438202247,0.3146067415730337,0.0,0.016853932584269662,"joy:5,anger:2,fear:1",,
Bandit-Aul B.CH.S,1,245,0.5265306122448979,0.3346938775510204,0.0,0.053061224489795916,"joy:9,surprise:1",,
Barry Gibb,1,90,0.7666666666666667,0.6222222222222222,0.0,0.05555555555555555,joy:3,2011.0,2011.0
Bassnectar,1,65,0.7846153846153846,0.6615384615384615,0.0,-0.015384615384615385,fear:1,,
Billy's Band,1,371,0.5606469002695418,0.39622641509433965,0.0,0.0,"joy:3,fear:2,sadness:1",,
Black Market,1,355,0.676056338028169,0.5549295774647888,0.008450704225352112,-0.011267605633802818,"anger:8,joy:2",,
Black Star Mafia (Скруджи),1,75,0.7733333333333333,0.6666666666666666,0.0,0.02666666666666667,joy:1,,
Black Star Mafia (Скруджи) (мой трэк!),1,122,0.6147540983606558,0.45901639344262296,0.0,-0.01639344262295082,disgust:3,,
Bones,1,158,0.47468354430379744,0.23417721518987342,0.0,-0.006329113924050633,sadness:3,2021.0,2021.0
Brick Bazuka – Это реп,1,477,0.5911949685534591,0.4360587002096436,0.012578616352201259,0.014675052410901468,"joy:6,disgust:4,sadness:1",,
Bro UpGrade feat. Jah Khalib,1,299,0.5518394648829431,0.36454849498327757,0.020066889632107024,0.016722408026755852,"joy:9,sadness:4,anger:1",,
"Bro Upgrade feat Jah Khalib, Pro`xy",1,112,0.7678571428571429,0.6517857142857143,0.017857142857142856,0.008928571428571428,surprise:1,,
Bumble Beezy,1,275,0.6436363636363637,0.52,0.01090909090909091,0.0,"joy:1,sadness:1,surprise:1",,
Can4eZ,1,652,0.5674846625766872,0.44785276073619634,0.0,0.03834355828220859,"joy:24,sadness:5,fear:1",,
Charlie Mole,1,59,0.7457627118644068,0.5932203389830508,0.0,0.0,,,
Check,1,278,0.6870503597122302,0.5251798561151079,0.0,0.06474820143884892,"joy:13,anger:1,sadness:1",,
Chernikovskaya Hata,1,76,0.6842105263157895,0.5263157894736842,0.0,0.013157894736842105,joy:1,,
ChiCo a.k.a. РыжЫй,1,589,0.601018675721562,0.44142614601018676,0.001697792869269949,0.013582342954159592,"joy:5,sadness:3,anger:1",,
ChipaChip,1,312,0.5288461538461539,0.38461538461538464,0.01282051282051282,0.02564102564102564,"joy:8,disgust:1",,
Chpoks,1,246,0.6991869918699187,0.5609756097560976,0.02032520325203252,0.028455284552845527,joy:7,,
Cтрана OZ,1,867,0.5813148788927336,0.4671280276816609,0.002306805074971165,0.020761245674740483,"joy:10,anger:5,disgust:4",,
D-Bosh,1,134,0.39552238805970147,0.23134328358208955,0.0,0.11194029850746269,joy:6,,
D1sH,1,355,0.6112676056338028,0.48450704225352115,0.0028169014084507044,0.03380281690140845,"joy:9,anger:1,surprise:1",,
DJ Little Red Riding Hood,1,213,0.3615023474178404,0.17370892018779344,0.0,0.009389671361502348,,,
DJ RADIK,1,20,0.75,0.65,0.0,0.0,,,
DJ Хобот,1,376,0.648936170212766,0.5345744680851063,0.0,0.0,"anger:1,disgust:1,joy:1",,
Da Gudda Jazz,1,62,0.7903225806451613,0.6774193548387096,0.0,0.0,"joy:1,sadness:1",,
Daily,1,500,0.828,0.71,0.0,0.0,surprise:1,,
Dareen,1,119,0.7899159663865546,0.680672268907563,0.0,-0.01680672268907563,"joy:3,fear:2,sadness:2",,
Dav,1,362,0.5497237569060773,0.40607734806629836,0.0027624309392265192,0.024861878453038673,"joy:14,sadness:3,anger:1",,
Dead Hearted,1,131,0.5725190839694656,0.4198473282442748,0.007633587786259542,0.0,"sadness:2,surprise:1",2018.0,2018.0
Diamond Miners Gang,1,209,0.5119617224880383,0.3492822966507177,0.014354066985645933,0.014354066985645933,joy:3,,
Dino MC 47,1,388,0.5592783505154639,0.4175257731958763,0.0,0.03350515463917526,"joy:5,anger:2,sadness:2",2009.0,2009.0
Dirty Monk,1,485,0.4824742268041237,0.33814432989690724,0.006185567010309278,-0.01443298969072165,"anger:4,fear:1,joy:1",,
Dj Nik One,1,291,0.6185567010309279,0.41580756013745707,0.003436426116838488,0.0,"fear:1,joy:1,sadness:1",,
Dj Ramil,1,408,0.2426470588235294,0.10049019607843138,0.0,0.004901960784313725,"sadness:23,joy:15",,
Dj ramil,1,315,0.4984126984126984,0.3396825396825397,0.0,0.02857142857142857,"joy:8,sadness:3",,
Domino,1,402,0.5199004975124378,0.3333333333333333,0.009950248756218905,0.012437810945273632,"joy:10,anger:5,surprise:3",2011.0,2011.0
Domino-Прыгай в такт,1,383,0.5248041775456919,0.360313315926893,0.005221932114882507,0.007832898172323759,"joy:6,fear:1,sadness:1",,
Don't Smoke,1,284,0.45774647887323944,0.28169014084507044,0.0,0.07394366197183098,"joy:11,sadness:4",2022.0,2022.0
Donnie Brasco,1,320,0.409375,0.296875,0.003125,0.028125,joy:8,,
EA7,1,312,0.6185897435897436,0.46153846153846156,0.003205128205128205,0.019230769230769232,"joy:5,anger:1,fear:1",,
EK Playaz,1,267,0.6104868913857678,0.4794007490636704,0.003745318352059925,0.00749063670411985,joy:1,2003.0,2003.0
EK Playaz п.у. Клоунеско,1,343,0.4314868804664723,0.1661807580174927,0.0058309037900874635,0.011661807580174927,joy:2,,
Ek Playaz,1,318,0.6509433962264151,0.5314465408805031,0.0031446540880503146,0.015723270440251572,"joy:5,anger:1,fear:1",2003.0,2003.0
Elect,1,401,0.6583541147132169,0.4937655860349127,0.0,0.0024937655860349127,"joy:2,anger:1",,
Elnur K ft. Jah Khalib,1,306,0.4934640522875817,0.35947712418300654,0.0,0.03594771241830065,"joy:5,fear:1,sadness:1",,
ElnurK feat. Jah Khalib,1,134,0.664179104477612,0.5298507462686567,0.007462686567164179,0.07462686567164178,"joy:12,fear:2,surprise:2",,
FCKN BEST,1,405,0.6691358024691358,0.5555555555555556,0.0049382716049382715,0.012345679012345678,"joy:6,disgust:2,sadness:2",,
FLESH,1,139,0.7050359712230215,0.5755395683453237,0.0,0.007194244604316547,"joy:2,disgust:1,sadness:1",,
Flowdan,1,826,0.5907990314769975,0.49515738498789347,0.013317191283292978,0.0,"joy:7,fear:2,anger:1",,
Franky Freak,1,289,0.671280276816609,0.532871972318339,0.0034602076124567475,-0.020761245674740483,"anger:3,fear:2,sadness:2",,
GLEBASTA SPAL,1,314,0.39171974522292996,0.2611464968152866,0.006369426751592357,0.054140127388535034,"joy:16,fear:1",,
GOA,1,184,0.7228260869565217,0.5869565217391305,0.010869565217391304,0.0,"fear:1,joy:1",,
Gazo,1,318,0.5817610062893082,0.46540880503144655,0.025157232704402517,0.015723270440251572,"joy:2,anger:1,disgust:1",,
George Thorogood And The Destroyers,1,495,0.37777777777777777,0.2545454545454545,0.0,0.0,joy:2,1999.0,1999.0
Ginex - DoN-A,1,488,0.5163934426229508,0.36270491803278687,0.022540983606557378,0.014344262295081968,"joy:6,anger:2,fear:1",,
Google Тёлка,1,98,0.5714285714285714,0.42857142857142855,0.0,0.2653061224489796,joy:28,,
Greenaleх - Пати для Богатеньких\Нет Денег,1,102,0.9705882352941176,0.9411764705882353,0.0,0.0196078431372549,joy:2,,
Grime,1,339,0.2831858407079646,0.061946902654867256,0.011799410029498525,-0.011799410029498525,fear:2,2022.0,2022.0
"H1GH ""Клетка""",1,188,0.7553191489361702,0.6542553191489362,0.005319148936170213,0.026595744680851064,joy:3,,
HOMIE – Безумно можно быть первым,1,211,0.5355450236966824,0.3459715639810427,0.0,0.0,"anger:1,sadness:1,surprise:1",2020.0,2020.0
HORRORKING,1,119,0.7142857142857143,0.5630252100840336,0.03361344537815126,0.0,,,
HULIGAN,1,218,0.6697247706422018,0.5642201834862385,0.0045871559633027525,0.0045871559633027525,fear:1,,
Habib Hakimov,1,171,0.3567251461988304,0.1871345029239766,0.0,0.0,,,
Hidden track: Гарри Топор,1,244,0.6885245901639344,0.5327868852459017,0.004098360655737705,-0.00819672131147541,"joy:2,anger:1",,
Horus,1,385,0.6571428571428571,0.548051948051948,0.0,0.025974025974025976,joy:7,2015.0,2015.0
I.B.,1,194,0.5515463917525774,0.31443298969072164,0.0,0.02577319587628866,"sadness:5,anger:1,joy:1",,
IKBN - IRAQ,1,836,0.5287081339712919,0.3875598086124402,0.022727272727272728,-0.007177033492822967,"joy:5,sadness:4,anger:3",,
Illumate,1,169,0.7218934911242604,0.591715976331361,0.0,-0.005917159763313609,,,
JAH KHALIB,1,264,0.4772727272727273,0.3446969696969697,0.0,0.007575757575757576,"joy:4,sadness:4",,
JORMUNGANG,1,368,0.6195652173913043,0.483695652173913,0.008152173913043478,0.0,"joy:6,sadness:4,fear:3",,
Jah Khalib & Da Gudda Jazz,1,512,0.517578125,0.357421875,0.001953125,0.015625,"joy:6,sadness:4,disgust:1",,
Jah Khalib & Каспийский Груз,1,480,0.55,0.38333333333333336,0.0020833333333333333,0.025,"joy:3,fear:1",2016.0,2016.0
Jah Khalib feat. PR'OXY,1,337,0.5341246290801187,0.35014836795252224,0.0,0.002967359050445104,sadness:1,,
Jah Khalib x Каспийский Груз,1,380,0.5552631578947368,0.42105263157894735,0.002631578947368421,0.03684210526315789,"joy:13,surprise:1",,
Jah Khalib и Кот Балу,1,108,0.6388888888888888,0.42592592592592593,0.0,0.06481481481481481,"joy:3,sadness:2,surprise:1",,
Jah khalib,1,341,0.4046920821114369,0.2404692082111437,0.0,0.05278592375366569,joy:12,,
Jah-Khalib-ZNNKN-2015,1,436,0.3623853211009174,0.23394495412844038,0.0,0.01834862385321101,"joy:4,anger:1,fear:1",,
Jamal TGK,1,151,0.7350993377483444,0.6158940397350994,0.013245033112582781,0.013245033112582781,"joy:2,anger:1,sadness:1",2009.0,2009.0
Jencarlos,1,304,0.3355263157894737,0.07894736842105263,0.0,0.023026315789473683,"joy:4,sadness:2",2009.0,2009.0
Jerry aka Нелегальный,1,209,0.9234449760765551,0.8708133971291866,0.0,0.0,,,
K'Maro,1,641,0.47269890795631825,0.27301092043681746,0.0,0.0218408736349454,"joy:9,sadness:2",2024.0,2024.0
KILLJOY | RHYME TIME inc.,1,390,0.8153846153846154,0.6948717948717948,0.0,0.0,,2020.0,2020.0
KOT BALU & JAH KHALIB,1,243,0.6172839506172839,0.4444444444444444,0.0,0.02880658436213992,"joy:5,sadness:4,surprise:2",,
KOt StYlE,1,401,0.6583541147132169,0.4937655860349127,0.0,0.0024937655860349127,"joy:2,anger:1",,
KRiceT,1,115,0.6782608695652174,0.5304347826086957,0.0,-0.008695652173913044,"sadness:3,joy:1",,
Kid,1,282,0.5212765957446809,0.36524822695035464,0.0,0.014184397163120567,"joy:3,anger:1",,
Killah Tveth,1,140,0.6214285714285714,0.4857142857142857,0.03571428571428571,0.02857142857142857,"joy:5,anger:1",,
Kristina Si & Скруджи,1,66,0.8333333333333334,0.7121212121212122,0.015151515151515152,0.0,"joy:1,sadness:1",,
Kristina Si Ft Скруджи,1,300,0.5,0.3466666666666667,0.01,0.02,"joy:5,sadness:2,fear:1",,
Kristina Si и Скруджи,1,320,0.44375,0.253125,0.0,0.0125,"joy:5,sadness:3,fear:1",,
LIL PUMP,1,364,0.5164835164835165,0.3324175824175824,0.0,0.0027472527472527475,"anger:1,joy:1",,
LIN,1,68,0.8088235294117647,0.6617647058823529,0.029411764705882353,0.0,,,
LOUIS PASTEUR,1,449,0.6035634743875279,0.46547884187082406,0.015590200445434299,0.0,"anger:2,joy:1",,
Lasha MC,1,560,0.725,0.5803571428571429,0.0035714285714285713,0.0035714285714285713,"joy:4,fear:2",,
Lebron,1,310,0.6,0.44193548387096776,0.0,-0.00967741935483871,"anger:6,joy:2,sadness:1",,
Lil'Stop,1,332,0.6144578313253012,0.4939759036144578,0.0,0.006024096385542169,"joy:3,fear:2,anger:1",,
Loc Dog,1,526,0.6596958174904943,0.5228136882129277,0.0038022813688212928,0.005703422053231939,"joy:5,anger:1,fear:1",2014.0,2014.0
Loc- Dog,1,636,0.559748427672956,0.4088050314465409,0.009433962264150943,0.031446540880503145,"joy:7,fear:1",,
Long Star,1,275,0.5563636363636364,0.4036363636363636,0.014545454545454545,0.014545454545454545,"joy:1,sadness:1",2017.0,2017.0
Louis Armstrong,1,72,0.8194444444444444,0.6805555555555556,0.0,0.041666666666666664,joy:3,,
Louis Pasteur,1,454,0.6541850220264317,0.5418502202643172,0.013215859030837005,0.006607929515418502,"anger:1,joy:1",,
Lustral,1,247,0.3481781376518219,0.22267206477732793,0.0,0.008097165991902834,"joy:2,sadness:2",1997.0,1997.0
Lx24,1,125,0.456,0.24,0.0,-0.008,sadness:1,,
MC NO LIMIT,1,305,0.5508196721311476,0.4131147540983607,0.0,-0.02622950819672131,"anger:8,fear:1",,
MC Молодой,1,329,0.5957446808510638,0.4376899696048632,0.09422492401215805,0.0121580547112462,"joy:4,anger:1,fear:1",,
MC-Нэмэр,1,429,0.6596736596736597,0.5011655011655012,0.0,0.011655011655011656,"joy:5,disgust:1,fear:1",,
MEOW!,1,87,0.5977011494252874,0.3793103448275862,0.0,0.011494252873563218,joy:1,,
Marisa Mars,1,241,0.6639004149377593,0.4979253112033195,0.0,0.0,"joy:5,sadness:5,surprise:4",,
Moonlight H.S,1,188,0.574468085106383,0.42021276595744683,0.015957446808510637,0.047872340425531915,"joy:10,sadness:1",,
Mr. Makintosh,1,347,0.6772334293948127,0.5648414985590778,0.005763688760806916,0.01440922190201729,"joy:7,anger:1,fear:1",,
Mrs. DvaTree,1,356,0.6769662921348315,0.5589887640449438,0.0028089887640449437,0.02247191011235955,joy:8,2016.0,2016.0
MuDvAyNe,1,511,0.33659491193737767,0.20156555772994128,0.003913894324853229,0.005870841487279843,"fear:2,joy:2,disgust:1",2005.0,2005.0
MЭDOX,1,156,0.7307692307692307,0.5961538461538461,0.0,0.0,"anger:1,sadness:1",,
NATALIA OREIRO,1,505,0.3287128712871287,0.21386138613861386,0.0,0.031683168316831684,"joy:17,sadness:1",2001.0,2001.0
ND Production,1,231,0.47186147186147187,0.27705627705627706,0.004329004329004329,0.004329004329004329,,,
NHK World,1,69,0.8695652173913043,0.7681159420289855,0.0,0.0,"joy:1,sadness:1",,
Nasty Nay,1,111,0.7027027027027027,0.5405405405405406,0.009009009009009009,0.009009009009009009,"joy:3,sadness:2,anger:1",,
Nebo7,1,417,0.49640287769784175,0.3405275779376499,0.002398081534772182,0.03117505995203837,"joy:13,sadness:3,anger:1",,
No Limit,1,305,0.5508196721311476,0.4131147540983607,0.0,-0.02622950819672131,"anger:8,fear:1",,
OBLADAET w/ STED.D,1,262,0.5916030534351145,0.44274809160305345,0.0,0.015267175572519083,"disgust:1,joy:1",,
OSLIKt,1,398,0.24371859296482412,0.15829145728643215,0.0,0.007537688442211055,joy:1,2025.0,2025.0
OST Кисло,1,99,0.6464646464646465,0.47474747474747475,0.010101010101010102,0.010101010101010102,joy:1,,
OneLife feat Jah Khalib,1,184,0.7010869565217391,0.5434782608695652,0.0,0.010869565217391304,disgust:7,,
Ot Vinta!,1,69,0.6811594202898551,0.42028985507246375,0.0,0.0,,,
Ot vinta,1,69,0.6811594202898551,0.42028985507246375,0.0,0.0,,,
Oxxxy,1,128,0.7734375,0.671875,0.0,0.0,"anger:1,joy:1",,
PANDAworld,1,339,0.45427728613569324,0.35988200589970504,0.011799410029498525,0.0058997050147492625,"disgust:1,joy:1",,
Parzival,1,48,0.9166666666666666,0.8333333333333334,0.0,-0.041666666666666664,"anger:1,fear:1",,
Pimp Schwab,1,190,0.28421052631578947,0.05263157894736842,0.0,0.010526315789473684,joy:2,2010.0,2010.0
R e d e m a,1,420,0.6642857142857143,0.5333333333333333,0.002380952380952381,0.014285714285714285,"joy:6,fear:3,anger:1",,
RC,1,306,0.6405228758169934,0.5032679738562091,0.00980392156862745,0.02287581699346405,"joy:4,sadness:1",,
ROTOFF,1,121,0.6446280991735537,0.5206611570247934,0.0,0.03305785123966942,"joy:5,fear:3,disgust:1",,
RSA,1,64,0.890625,0.828125,0.0,0.0,,,
Radiohead,1,176,0.5397727272727273,0.4034090909090909,0.0,0.0,,1995.0,1995.0
Ramil Gas,1,116,0.5431034482758621,0.3620689655172414,0.0,0.02586206896551724,joy:3,,
Ramile Rozimehemmet,1,68,0.5588235294117647,0.19117647058823528,0.0,0.0,,,
Rate1.2,1,694,0.5605187319884726,0.45677233429394815,0.010086455331412104,0.008645533141210375,"joy:3,fear:1",,
Regina Spektor,1,343,0.5276967930029155,0.27696793002915454,0.0,0.011661807580174927,"joy:5,sadness:1",2009.0,2009.0
Rem-Digga,1,285,0.6807017543859649,0.5368421052631579,0.021052631578947368,-0.0035087719298245615,"anger:2,joy:1",,
Rewake,1,334,0.6197604790419161,0.5089820359281437,0.005988023952095809,-0.0029940119760479044,"sadness:2,anger:1,joy:1",,
Rigos,1,303,0.6468646864686468,0.5247524752475248,0.0,0.006600660066006601,,,
RipBeat,1,250,0.676,0.512,0.0,-0.012,"anger:4,joy:3,disgust:1",2013.0,2013.0
Ronan Keating,1,321,0.5015576323987538,0.32398753894080995,0.0,0.021806853582554516,"joy:6,anger:1,sadness:1",2006.0,2006.0
Rotoff,1,144,0.5138888888888888,0.4027777777777778,0.0,0.013888888888888888,joy:2,,
RusKey,1,471,0.5116772823779193,0.3630573248407643,0.0,0.027600849256900213,"joy:7,disgust:1,fear:1",,
SCROODGEE ( СКРУДЖИ ),1,119,0.5714285714285714,0.42016806722689076,0.0,0.01680672268907563,"joy:3,sadness:2",,
SD AND SCHOKK,1,499,0.4789579158316633,0.34468937875751504,0.0,0.03006012024048096,"joy:16,fear:2,sadness:1",,
SH Kera,1,231,0.7186147186147186,0.5757575757575758,0.0,0.021645021645021644,"sadness:4,joy:3,surprise:1",,
SKVerniy_hhiu_r 2_,1,345,0.6956521739130435,0.5739130434782609,0.008695652173913044,0.017391304347826087,"joy:7,surprise:3,anger:2",,
Samuel L. Jackson,1,175,0.6971428571428572,0.56,0.0,-0.005714285714285714,"anger:2,joy:1",,
Sandy Fish,1,199,0.6884422110552764,0.542713567839196,0.0,0.005025125628140704,"joy:4,anger:1,sadness:1",,
Scroodge (Скрудж),1,104,0.4423076923076923,0.25,0.0,0.08653846153846154,,,
Scroodge/Скрудж (Київ),1,115,0.5304347826086957,0.33043478260869563,0.0,0.008695652173913044,,,
Slot,1,272,0.3713235294117647,0.23529411764705882,0.0,0.10294117647058823,"joy:28,surprise:7,fear:2",2009.0,2009.0
Soulkast,1,52,0.8653846153846154,0.75,0.0,0.0,,2011.0,2011.0
Stas Neiz,1,344,0.5058139534883721,0.31976744186046513,0.0,0.0,,,
StePik,1,233,0.3218884120171674,0.14163090128755365,0.0,0.10300429184549356,joy:18,,
StilRyder,1,193,0.6062176165803109,0.45595854922279794,0.0051813471502590676,0.025906735751295335,"joy:5,sadness:1",2025.0,2025.0
Summer of Haze,1,68,0.8970588235294118,0.8382352941176471,0.0,0.0,,,
Super Rags,1,208,0.5336538461538461,0.39903846153846156,0.009615384615384616,0.04807692307692308,joy:5,,
T9,1,287,0.5296167247386759,0.3240418118466899,0.0,0.020905923344947737,"joy:3,sadness:3,disgust:1",,
TALIBAL prod.,1,241,0.7510373443983402,0.6639004149377593,0.004149377593360996,0.012448132780082987,"anger:1,surprise:1",,
TALIBAL тони раут,1,497,0.482897384305835,0.33400402414486924,0.0,-0.01609657947686117,"fear:11,anger:4,joy:3",,
TROLLFACE,1,154,0.3051948051948052,0.21428571428571427,0.0,0.05844155844155844,"joy:12,fear:2,sadness:1",,
Ta1PaN_New_empire_battle_4r,1,191,0.6282722513089005,0.43455497382198954,0.010471204188481676,0.005235602094240838,,,
Tanir,1,324,0.5771604938271605,0.4567901234567901,0.0,0.015432098765432098,"joy:2,anger:1,disgust:1",,
Timati feat. Скруджи,1,300,0.49,0.3466666666666667,0.006666666666666667,0.006666666666666667,"sadness:2,anger:1,joy:1",,
"Timati, Mot, Lone, Скрудж, Chess",1,512,0.361328125,0.265625,0.001953125,0.013671875,joy:1,,
Tony Gun,1,337,0.34124629080118696,0.18694362017804153,0.0,0.0,,2014.0,2014.0
Toto Cutugno,1,416,0.46153846153846156,0.2860576923076923,0.0,0.040865384615384616,"joy:17,anger:2,sadness:1",,
USOW ( ERBoH ),1,455,0.5692307692307692,0.42637362637362636,0.0,0.02857142857142857,"joy:9,sadness:2,anger:1",,
VCrash,1,458,0.4847161572052402,0.3034934497816594,0.008733624454148471,0.008733624454148471,"joy:7,surprise:2,anger:1",,
VOICE OF SATURN,1,94,0.6595744680851063,0.3617021276595745,0.0,0.05319148936170213,"fear:3,joy:1",,
Vadim Tikot,1,470,0.6617021276595745,0.5574468085106383,0.0,0.0425531914893617,"joy:14,sadness:2,anger:1",,
Vol'naya Dusha,1,588,0.5221088435374149,0.36054421768707484,0.0017006802721088435,0.015306122448979591,"joy:4,sadness:2,fear:1",,
Vomut,1,286,0.7832167832167832,0.6643356643356644,0.01048951048951049,0.0,"anger:1,joy:1,sadness:1",,
Xeyale Manafli,1,159,0.6226415094339622,0.37735849056603776,0.0,0.050314465408805034,joy:5,,
[BassBoosted by Ramil],1,291,0.33676975945017185,0.13058419243986255,0.0,0.03436426116838488,"joy:14,fear:2,sadness:2",,
[Loc-Dog,1,636,0.559748427672956,0.4088050314465409,0.009433962264150943,0.031446540880503145,"joy:7,fear:1",2010.0,2010.0
[METEORA],1,489,0.6155419222903885,0.4948875255623722,0.0081799591002045,0.02044989775051125,"joy:6,fear:3,sadness:2",,
[С.М.879]Jah Khalib,1,436,0.3623853211009174,0.23394495412844038,0.0,0.01834862385321101,"joy:4,anger:1,fear:1",,
ant 25/17,1,262,0.5801526717557252,0.4198473282442748,0.0,0.019083969465648856,joy:1,,
cover by XORVON,1,68,0.7794117647058824,0.6617647058823529,0.0,0.014705882352941176,,,
dom1No,1,492,0.4613821138211382,0.2967479674796748,0.0020325203252032522,0.008130081300813009,"joy:9,anger:7,sadness:3",2015.0,2015.0
edik_kingsta,1,359,0.5431754874651811,0.4178272980501393,0.0,0.013927576601671309,"joy:2,sadness:2,fear:1",,
iSIXONE,1,60,0.6666666666666666,0.5833333333333334,0.23333333333333334,-0.03333333333333333,,,
jah Khalib,1,362,0.42265193370165743,0.3259668508287293,0.0,0.011049723756906077,,,
kavabanga,1,308,0.6396103896103896,0.4837662337662338,0.0,0.01948051948051948,"joy:7,fear:3,sadness:1",,
loqiemean x,1,127,0.7716535433070866,0.6692913385826772,0.0,0.0,"anger:1,joy:1",,
nightcore,1,258,0.29069767441860467,0.1511627906976744,0.0,0.08527131782945736,sadness:1,,
polusplus.com,1,539,0.3228200371057514,0.19109461966604824,0.0,0.012987012987012988,"joy:8,fear:4,sadness:2",,
sted.d,1,174,0.764367816091954,0.6724137931034483,0.005747126436781609,0.017241379310344827,"joy:5,fear:1,sadness:1",,
storm in life ♛,1,107,0.5514018691588785,0.3364485981308411,0.0,-0.009345794392523364,joy:4,,
t3tri,1,227,0.6696035242290749,0.5550660792951542,0.0,0.00881057268722467,"joy:3,sadness:1",,
the Chemodan feat Рэм Дигга,1,348,0.6293103448275862,0.46264367816091956,0.005747126436781609,0.022988505747126436,"joy:6,fear:1,sadness:1",,
ya kruche,1,160,0.7625,0.64375,0.0,0.0125,"joy:3,fear:2",,
youhate,1,157,0.7388535031847133,0.6178343949044586,0.012738853503184714,-0.006369426751592357,fear:1,,
zgheilmyfrr,1,227,0.5110132158590308,0.33480176211453744,0.0,-0.013215859030837005,"joy:2,sadness:1",,
|Subwoofer|,1,33,0.7575757575757576,0.6060606060606061,0.0,0.0,,,
«Полкино»,1,60,0.8833333333333333,0.8166666666666667,0.0,0.0,,,
°• Рэм Дигга,1,271,0.5313653136531366,0.36900369003690037,0.0,0.0,"joy:2,sadness:2,anger:1",,
˜”*°•.☆ааааааааа!!!,1,187,0.3850267379679144,0.1711229946524064,0.0,0.0106951871657754,,,
ιllιlι.ιl,1,310,0.6064516129032258,0.4806451612903226,0.0,0.0032258064516129032,"joy:3,fear:1",,
А. Грейчайник,1,116,0.6982758620689655,0.5,0.008620689655172414,0.0,sadness:1,,
АК- 47,1,369,0.5420054200542005,0.3983739837398374,0.037940379403794036,-0.0027100271002710027,"joy:2,sadness:1",,
АНТ (25/17),1,350,0.32285714285714284,0.15714285714285714,0.0,0.03142857142857143,"joy:10,surprise:8,sadness:5",,
АНТ 25/17,1,346,0.569364161849711,0.42196531791907516,0.002890173410404624,0.04046242774566474,"joy:11,fear:4,sadness:2",,
Абубакирова Гульфарида,1,333,0.6966966966966966,0.5315315315315315,0.0,0.0,,,
Авеню,1,372,0.5268817204301075,0.3736559139784946,0.008064516129032258,0.013440860215053764,"joy:2,sadness:1",,
Агата Кристи,1,71,0.5774647887323944,0.30985915492957744,0.0,0.04225352112676056,joy:3,,
Агата Кристи - Чудеса,1,91,0.45054945054945056,0.24175824175824176,0.0,0.04395604395604396,joy:4,,
Агния Барто,1,127,0.7244094488188977,0.5984251968503937,0.0,0.007874015748031496,,,
Адаманты,1,421,0.5795724465558195,0.4346793349168646,0.007125890736342043,-0.007125890736342043,"anger:6,joy:3,surprise:2",,
Айгуль Бариева,1,80,0.5,0.3125,0.0,0.0,,,
Айсылу Мухамадиева,1,120,0.5916666666666667,0.375,0.0,0.0,,,
Ака 47,1,365,0.6082191780821918,0.4821917808219178,0.057534246575342465,0.010958904109589041,"joy:3,anger:2",,
Александр Шуров,1,231,0.645021645021645,0.5151515151515151,0.0,0.004329004329004329,joy:2,,
Алина Булатова,1,335,0.7044776119402985,0.5402985074626866,0.0,0.0,,2021.0,2021.0
Алла Пугачева,1,136,0.5955882352941176,0.375,0.0,0.007352941176470588,joy:1,,
Алые Паруса.,1,235,0.3617021276595745,0.10212765957446808,0.0,0.03829787234042553,"joy:7,anger:3,surprise:2",,
Аля Кудряшова,1,273,0.6227106227106227,0.5018315018315018,0.0,0.01098901098901099,"joy:3,sadness:3,anger:2",,
Аля Кумар,1,475,0.5221052631578947,0.3894736842105263,0.002105263157894737,0.008421052631578947,"joy:5,anger:1,disgust:1",,
Анатолий Александрович,1,160,0.575,0.425,0.0,-0.025,"fear:3,anger:1,disgust:1",,
Андрей Грейчайник,1,116,0.6982758620689655,0.5,0.008620689655172414,0.0,sadness:1,,
Андрей Климнюк,1,146,0.3904109589041096,0.2465753424657534,0.0,0.06164383561643835,joy:2,,
Андрей Леницкий,1,111,0.6576576576576577,0.4864864864864865,0.0,0.018018018018018018,"joy:4,fear:1",,
Андрей Макаревич,1,208,0.6538461538461539,0.5432692307692307,0.0,0.02403846153846154,"joy:6,fear:4,sadness:1",,
Андрюша Casspro,1,403,0.6575682382133995,0.533498759305211,0.0,0.019851116625310174,"joy:9,anger:2,fear:2",,
Анимал джаз,1,191,0.5445026178010471,0.3403141361256545,0.0,0.02617801047120419,"joy:5,surprise:2,fear:1",2020.0,2020.0
Ант ( 25/17 ),1,274,0.5875912408759124,0.4416058394160584,0.0,0.029197080291970802,"joy:5,disgust:1",,
Ант ( 25:17),1,262,0.5801526717557252,0.4198473282442748,0.0,0.019083969465648856,joy:1,,
Ант (25-17) п.у. MC 1.8쀀,1,185,0.6054054054054054,0.4,0.0,0.005405405405405406,"joy:2,sadness:1",,
Ант (25/17) feat. Грот,1,322,0.5962732919254659,0.4503105590062112,0.003105590062111801,0.006211180124223602,"joy:6,sadness:5,fear:4",,
Ант (25/17) п.у. MC 1.8,1,186,0.6021505376344086,0.3978494623655914,0.0,0.005376344086021506,"joy:2,sadness:1",,
Ант 25-17,1,154,0.7272727272727273,0.5844155844155844,0.0,0.006493506493506494,"joy:2,sadness:1",,
Ант Иезекииль 25/17,1,240,0.6916666666666667,0.5583333333333333,0.0,0.029166666666666667,"joy:5,fear:2,sadness:2",,
Ант и Бледный (25/17),1,321,0.4797507788161994,0.34579439252336447,0.0,0.012461059190031152,joy:2,,
Ант(25/17),1,243,0.6625514403292181,0.49794238683127573,0.0,0.00411522633744856,joy:1,,
Антонина Матвиенко,1,75,0.7733333333333333,0.6266666666666667,0.0,0.013333333333333334,surprise:3,,
Апина,1,215,0.20930232558139536,0.10232558139534884,0.0,0.046511627906976744,"joy:11,sadness:1",1994.0,1994.0
Армейская,1,172,0.6395348837209303,0.4883720930232558,0.011627906976744186,-0.005813953488372093,sadness:1,,
Армейские Песни,1,154,0.6883116883116883,0.5324675324675324,0.0,0.032467532467532464,"joy:4,sadness:1,surprise:1",,
Армейские песни под гитару,1,92,0.5434782608695652,0.34782608695652173,0.0,-0.021739130434782608,anger:2,,
Артиллеия,1,97,0.7525773195876289,0.5567010309278351,0.0,-0.041237113402061855,"anger:4,fear:1",,
Ас Вентура,1,128,0.7421875,0.6015625,0.0,0.0078125,"joy:2,anger:1",2004.0,2004.0
БАРТО,1,147,0.5850340136054422,0.3673469387755102,0.0,0.006802721088435374,"joy:3,sadness:3",2009.0,2009.0
БРАНИМИР,1,334,0.4940119760479042,0.3772455089820359,0.0,0.0029940119760479044,"fear:7,joy:6,sadness:2",,
Бабич Анжела,1,146,0.3835616438356164,0.1506849315068493,0.0136986301369863,0.0136986301369863,,,
Балабама,1,127,0.5275590551181102,0.3937007874015748,0.0,0.14173228346456693,joy:17,,
Балахнин Геннадий,1,391,0.6010230179028133,0.47058823529411764,0.0076726342710997444,0.015345268542199489,"joy:4,fear:2,disgust:1",,
Барды.,1,127,0.7165354330708661,0.6141732283464567,0.0,0.0,disgust:1,2017.0,2017.0
Бей,1,416,0.6466346153846154,0.5264423076923077,0.019230769230769232,0.004807692307692308,"joy:2,sadness:1",,
Белки на акации,1,305,0.39672131147540984,0.2098360655737705,0.0,0.03278688524590164,"joy:17,fear:5,anger:1",2019.0,2019.0
Белорусские песняры,1,176,0.7045454545454546,0.5625,0.0,0.005681818181818182,"anger:1,joy:1",,
Белый Аликорн,1,247,0.5991902834008097,0.4534412955465587,0.0,0.016194331983805668,"joy:4,fear:2,sadness:1",,
Билли Бро,1,307,0.6905537459283387,0.5374592833876222,0.009771986970684038,0.006514657980456026,joy:2,,
Бледный (25-17),1,236,0.635593220338983,0.4533898305084746,0.0,0.01694915254237288,"joy:5,sadness:2,anger:1",,
Бледный (25/17),1,194,0.711340206185567,0.5824742268041238,0.0,0.02577319587628866,,,
Блондин,1,201,0.7164179104477612,0.5870646766169154,0.0,0.014925373134328358,"joy:6,sadness:1",,
Большая разница,1,198,0.5656565656565656,0.4090909090909091,0.0,0.020202020202020204,joy:4,,
Братья Карамазовы,1,195,0.48205128205128206,0.1794871794871795,0.0,0.0,,2021.0,2021.0
Брутто,1,320,0.596875,0.45625,0.009375,0.009375,"anger:1,disgust:1,joy:1",,
БьЯНК@,1,155,0.6258064516129033,0.49032258064516127,0.0,0.012903225806451613,"joy:3,sadness:2",,
ВАДИМ САЖИН,1,435,0.6183908045977011,0.42298850574712643,0.0,0.020689655172413793,"joy:7,fear:2,sadness:1",,
"ВИА ""Песняры""",1,264,0.5757575757575758,0.38257575757575757,0.0,0.0,"anger:2,joy:1",,
ВИА Песняры,1,176,0.7045454545454546,0.5625,0.0,0.005681818181818182,"anger:1,joy:1",,
ВИА Пламя,1,149,0.3959731543624161,0.24161073825503357,0.0,0.04697986577181208,joy:7,2017.0,2017.0
ВИТОС,1,182,0.532967032967033,0.3626373626373626,0.0,0.04395604395604396,joy:7,2025.0,2025.0
Вадяра Блюз,1,100,0.81,0.72,0.01,0.03,"disgust:1,joy:1,sadness:1",,
Валдай,1,95,0.5684210526315789,0.3684210526315789,0.0,0.031578947368421054,joy:3,2014.0,2014.0
Валерия Лесовская,1,69,0.8260869565217391,0.6956521739130435,0.0,0.08695652173913043,"joy:4,surprise:2",2007.0,2007.0
Василий Лавров,1,210,0.6666666666666666,0.49047619047619045,0.0,0.009523809523809525,"joy:2,fear:1",,
Вечера Насильной Поэзии,1,136,0.7426470588235294,0.6397058823529411,0.007352941176470588,0.03676470588235294,"joy:2,sadness:1",,
Виктор Малолетний,1,349,0.45272206303724927,0.24068767908309455,0.0,0.022922636103151862,"anger:5,joy:5,sadness:1",,
Витек,1,241,0.6597510373443983,0.47717842323651455,0.0,0.004149377593360996,"joy:3,fear:2,sadness:2",,
Витя АК 47,1,274,0.5583941605839416,0.4233576642335766,0.0,0.0036496350364963502,joy:1,,
Витя Ак,1,308,0.5454545454545454,0.3961038961038961,0.0,-0.025974025974025976,"sadness:12,joy:4,disgust:1",,
Витя Ака 47,1,630,0.46190476190476193,0.31746031746031744,0.0015873015873015873,0.014285714285714285,"joy:11,fear:1",,
Владимир Трошин,1,91,0.5604395604395604,0.3956043956043956,0.0,0.0,,,
"Вокальный Квартет ""Аккорд""",1,160,0.575,0.425,0.0,-0.025,"fear:3,anger:1,disgust:1",,
Волин Виталий,1,166,0.4397590361445783,0.27710843373493976,0.0,0.006024096385542169,joy:1,,
Воробей,1,162,0.5740740740740741,0.3888888888888889,0.0,0.0,,2013.0,2013.0
Враги,1,158,0.569620253164557,0.3670886075949367,0.0,0.006329113924050633,"joy:3,sadness:3",,
Вульгарный ТоН,1,465,0.5655913978494623,0.410752688172043,0.004301075268817204,0.008602150537634409,"joy:3,anger:2,sadness:1",2008.0,2008.0
Вульгарный тон,1,345,0.5826086956521739,0.4579710144927536,0.002898550724637681,0.017391304347826087,"joy:6,anger:2",2009.0,2009.0
Вэ,1,304,0.5197368421052632,0.3256578947368421,0.009868421052631578,0.039473684210526314,joy:4,,
ГИМН РУССКОГО РАДИО,1,107,0.4953271028037383,0.3364485981308411,0.0,0.0,,2016.0,2016.0
ГРОТ feat 25/17,1,193,0.3471502590673575,0.18134715025906736,0.0,-0.08290155440414508,"anger:16,sadness:3,fear:2",,
ГРОТ feat Ант 25/17,1,322,0.5962732919254659,0.4503105590062112,0.003105590062111801,0.006211180124223602,"joy:6,sadness:5,fear:4",,
"ГРОТ п.у 25/17 (Никто, кроме нас)",1,431,0.5893271461716937,0.44779582366589327,0.0,0.0069605568445475635,"joy:7,sadness:4,anger:3",,
Гайтана,1,135,0.31851851851851853,0.14074074074074075,0.0,0.02962962962962963,joy:3,,
Ганза,1,341,0.6099706744868035,0.4604105571847507,0.0,0.026392961876832845,"joy:10,fear:2,sadness:2",,
Гарри Топор \ Mr. Makintosh,1,69,0.8840579710144928,0.8115942028985508,0.0,-0.028985507246376812,"anger:1,fear:1,joy:1",,
Гарри Топор – Эхо Войны,1,427,0.45433255269320844,0.34192037470725994,0.00702576112412178,-0.0117096018735363,"fear:6,joy:2,sadness:1",,
Гарри Топор;Тони Раут.,1,584,0.398972602739726,0.2688356164383562,0.0,-0.005136986301369863,"fear:9,sadness:4",,
Гарри топор,1,346,0.6213872832369942,0.4884393063583815,0.0,0.002890173410404624,"fear:10,joy:4,sadness:3",,
Гаяр Нуриманов,1,507,0.621301775147929,0.4536489151873767,0.0,0.0,,,
Гимн ВДВ,1,156,0.6217948717948718,0.4423076923076923,0.0,0.038461538461538464,"joy:7,sadness:3,anger:1",,
Глеб Романов,1,241,0.5477178423236515,0.34854771784232363,0.0,0.016597510373443983,"joy:4,sadness:2,surprise:2",2020.0,2020.0
Гнойный,1,870,0.6022988505747127,0.5114942528735632,0.01264367816091954,-0.0011494252873563218,"joy:7,anger:2,fear:2",,
Голубые Береты,1,143,0.6153846153846154,0.4405594405594406,0.0,0.04895104895104895,"joy:7,sadness:3,anger:1",2025.0,2025.0
Голубые молнии,1,156,0.6217948717948718,0.4423076923076923,0.0,0.038461538461538464,"joy:7,sadness:3,anger:1",2025.0,2025.0
"Гр. ""Они""",1,235,0.5829787234042553,0.4127659574468085,0.0,0.00425531914893617,"sadness:6,joy:5,anger:1",,
Грозный,1,342,0.6403508771929824,0.5,0.0,0.005847953216374269,joy:2,,
"Грот, 25-17",1,51,0.5098039215686274,0.0784313725490196,0.0,-0.0784313725490196,"fear:2,sadness:2",,
Гөлфәридә Әбүбәкерова,1,333,0.6966966966966966,0.5315315315315315,0.0,0.0,,,
Две Причины,1,239,0.7238493723849372,0.6108786610878661,0.0041841004184100415,0.0,"surprise:3,disgust:1,fear:1",,
Дворовые песни,1,239,0.4393305439330544,0.2594142259414226,0.0,0.04602510460251046,"joy:10,sadness:1,surprise:1",,
Денис Лирик,1,335,0.43582089552238806,0.3283582089552239,0.0,0.04776119402985075,"joy:18,sadness:4,anger:1",,
Детская,1,173,0.5895953757225434,0.4508670520231214,0.0,-0.023121387283236993,"fear:3,anger:1,disgust:1",,
Дигга Рэм,1,579,0.4438687392055268,0.2987910189982729,0.0,-0.0034542314335060447,"anger:5,fear:4,disgust:1",,
Дима Карташов,1,289,0.5363321799307958,0.38408304498269896,0.0034602076124567475,0.031141868512110725,"joy:9,anger:1,sadness:1",,
Дино,1,262,0.6603053435114504,0.5534351145038168,0.0,0.003816793893129771,joy:1,,
Для доты именно для Васи Бояркина,1,332,0.6144578313253012,0.4939759036144578,0.0,0.006024096385542169,"joy:3,fear:2,anger:1",,
Дмитрий Авилов,1,362,0.6519337016574586,0.4972375690607735,0.0,0.011049723756906077,"joy:2,sadness:1",,
Дмитрий Гайдук - Конопляная Демонология,1,292,0.6472602739726028,0.5102739726027398,0.003424657534246575,-0.010273972602739725,"fear:3,surprise:1",,
Доктор Айболит,1,244,0.4672131147540984,0.3360655737704918,0.0,0.00819672131147541,"anger:1,joy:1",,
Дядя Скруджи,1,142,0.676056338028169,0.5352112676056338,0.02112676056338028,0.028169014084507043,"joy:3,sadness:3",,
Егор Гнид,1,214,0.3925233644859813,0.2336448598130841,0.009345794392523364,0.004672897196261682,joy:1,,
Егор Крид и,1,226,0.504424778761062,0.2831858407079646,0.0,0.03982300884955752,"joy:11,sadness:4,surprise:2",,
Егор Крид-,1,319,0.3887147335423197,0.15673981191222572,0.0,0.018808777429467086,"joy:4,surprise:4,sadness:1",,
Егор Крид/Арина,1,313,0.38977635782747605,0.25878594249201275,0.0,0.009584664536741214,"joy:11,fear:4,sadness:1",,
Егоров Гнид,1,214,0.3925233644859813,0.2336448598130841,0.009345794392523364,0.004672897196261682,joy:1,,
Женщины деревни Кеба (Лешуконский,1,114,0.7368421052631579,0.5701754385964912,0.0,0.008771929824561403,"joy:2,sadness:1",,
Женя Бондаренко (Скрудж),1,75,0.5333333333333333,0.3333333333333333,0.0,-0.013333333333333334,,,
ЗАПАС,1,67,0.9850746268656716,0.9701492537313433,0.0,0.0,,,
ЗОЖ,1,212,0.4339622641509434,0.2971698113207547,0.0,0.0047169811320754715,joy:1,2013.0,2013.0
Зи,1,290,0.5,0.3103448275862069,0.0,0.02413793103448276,"joy:4,anger:1,fear:1",,
Зиннур,1,93,0.5591397849462365,0.41935483870967744,0.0,-0.010752688172043012,anger:1,,
Злой Дух,1,451,0.5099778270509978,0.35698447893569846,0.0022172949002217295,0.022172949002217297,"joy:11,anger:1,fear:1",,
Злой дух,1,397,0.5743073047858942,0.41309823677581864,0.0025188916876574307,0.022670025188916875,"joy:10,anger:1,fear:1",,
Ивангай,1,158,0.6329113924050633,0.44936708860759494,0.0,0.04430379746835443,"joy:9,surprise:3,sadness:2",,
Идефикс feat. Бледный (25/17),1,252,0.6666666666666666,0.5119047619047619,0.0,0.07539682539682539,"joy:13,sadness:2",,
Идефикс при уч. Бледный (25-17),1,276,0.605072463768116,0.41304347826086957,0.0,0.07971014492753623,"joy:14,sadness:2",,
"Идефикс, Бледный (25/17)",1,247,0.611336032388664,0.46153846153846156,0.0,0.020242914979757085,"fear:2,sadness:2,joy:1",,
Иезекииль 25-17 (ft. 3db),1,586,0.6075085324232082,0.4726962457337884,0.0,0.0034129692832764505,"joy:4,sadness:3,anger:2",,
Иезекииль 25:17 (ft. 3db),1,586,0.6075085324232082,0.4726962457337884,0.0,0.0034129692832764505,"joy:4,sadness:3,anger:2",,
Иезекииль 25:17 feat. Искра,1,264,0.6704545454545454,0.4810606060606061,0.0,0.007575757575757576,"joy:2,disgust:1",,
"Из к/ф ""Снежная любовь",1,101,0.8712871287128713,0.7821782178217822,0.0,-0.019801980198019802,"joy:3,sadness:3",,
Изекиль 25/17,1,300,0.49666666666666665,0.36,0.0,0.023333333333333334,joy:1,,
Иллет - Сопряжение сфер,1,140,0.6857142857142857,0.5071428571428571,0.014285714285714285,0.02142857142857143,joy:2,,
История России. ХХ век,1,48,0.9375,0.9166666666666666,0.0,-0.020833333333333332,,,
К.Никольский,1,175,0.48,0.2857142857142857,0.0,0.022857142857142857,"joy:10,sadness:4,anger:3",,
КОЈЕКУДА,1,291,0.6254295532646048,0.5017182130584192,0.0,0.0,anger:1,,
Кавабанга,1,308,0.6396103896103896,0.4837662337662338,0.0,0.01948051948051948,"joy:7,fear:3,sadness:1",,
Каратели Сиона,1,152,0.5131578947368421,0.32894736842105265,0.03289473684210526,-0.05263157894736842,"anger:1,fear:1",2024.0,2024.0
Каспийский Груз,1,255,0.5882352941176471,0.44313725490196076,0.0,0.027450980392156862,"joy:7,anger:2,sadness:2",,
Каста - Влади - Что Нам Делать в Греции?,1,537,0.595903165735568,0.4655493482309125,0.0037243947858473,0.00931098696461825,"joy:5,anger:1",,
Квартет физфака пу Сергея Никитина,1,85,0.7764705882352941,0.6470588235294118,0.0,0.011764705882352941,"joy:6,anger:3,sadness:2",,
Кемикэл Депазитз,1,214,0.6308411214953271,0.4719626168224299,0.004672897196261682,0.004672897196261682,,,
Кендра,1,300,0.33666666666666667,0.21333333333333335,0.006666666666666667,0.01,joy:3,,
Килла Куплет-Рэм Дига,1,200,0.74,0.635,0.03,-0.015,"anger:2,fear:1,joy:1",,
Коля RotoFF,1,199,0.41708542713567837,0.32663316582914576,0.0,0.06030150753768844,"joy:13,fear:3,sadness:1",,
Коньяк,1,306,0.6862745098039216,0.5490196078431373,0.0032679738562091504,-0.00980392156862745,sadness:3,,
Кот Балу,1,244,0.6188524590163934,0.44672131147540983,0.0,0.028688524590163935,"joy:5,sadness:4,surprise:2",,
Кравц,1,385,0.44415584415584414,0.3142857142857143,0.0025974025974025974,0.02077922077922078,joy:5,2011.0,2011.0
Красная Шапочка,1,165,0.42424242424242425,0.18787878787878787,0.0,0.012121212121212121,,2016.0,2016.0
Красная шапка,1,165,0.41818181818181815,0.18787878787878787,0.0,0.012121212121212121,,,
Крек,1,328,0.4634146341463415,0.31097560975609756,0.0,0.051829268292682924,"sadness:14,joy:12,disgust:8",,
Крестная Семья,1,234,0.42735042735042733,0.2606837606837607,0.0,0.042735042735042736,"joy:2,anger:1,sadness:1",,
Кристаллинская Майя,1,67,0.8656716417910447,0.7761194029850746,0.0,0.05970149253731343,joy:2,,
Круть,1,451,0.5099778270509978,0.35698447893569846,0.0022172949002217295,0.022172949002217297,"joy:11,anger:1,fear:1",2016.0,2016.0
КрэФ,1,510,0.692156862745098,0.5411764705882353,0.0,-0.00196078431372549,anger:1,,
Купэ,1,344,0.5377906976744186,0.4331395348837209,0.0029069767441860465,0.0029069767441860465,joy:2,,
Курские соловьи,1,118,0.6440677966101694,0.4745762711864407,0.0,0.01694915254237288,"joy:3,anger:2,sadness:2",,
Л.П.П.Л,1,304,0.2730263157894737,0.0,0.0,0.019736842105263157,"joy:6,anger:4",,
Лавров Василий,1,237,0.5063291139240507,0.35864978902953587,0.0,0.008438818565400843,"joy:2,fear:1",,
Левон,1,287,0.5435540069686411,0.3902439024390244,0.0,0.013937282229965157,"fear:2,joy:2,surprise:1",2009.0,2009.0
Леонид Сергеев,1,284,0.6338028169014085,0.45774647887323944,0.0035211267605633804,0.014084507042253521,"joy:5,anger:1",,
Лилия Биктимирова,1,80,0.5,0.3125,0.0,0.0,,,
Лион,1,233,0.6995708154506438,0.5579399141630901,0.0,-0.017167381974248927,"joy:4,anger:3,sadness:1",,
Луперкаль,1,391,0.7058823529411765,0.5856777493606138,0.0025575447570332483,-0.0076726342710997444,"joy:4,sadness:4,anger:3",,
Любовь,1,362,0.4861878453038674,0.32320441988950277,0.0,0.058011049723756904,"joy:15,sadness:4",,
Людмила Зыкина dnb mix,1,161,0.577639751552795,0.43478260869565216,0.0,0.0,,,
Ляляля,1,205,0.5170731707317073,0.3121951219512195,0.0,0.03902439024390244,joy:1,,
Лёша Маэстро,1,221,0.5203619909502263,0.38461538461538464,0.0,0.013574660633484163,"joy:3,sadness:1",,
М8Л8Tx,1,135,0.6962962962962963,0.5481481481481482,0.0,0.022222222222222223,joy:4,,
МЖ,1,90,0.7666666666666667,0.6222222222222222,0.0,0.05555555555555555,joy:3,,
Маевский Сергей,1,198,0.6565656565656566,0.4797979797979798,0.0,0.0,"joy:2,disgust:1,fear:1",,
Макс,1,303,0.5247524752475248,0.32673267326732675,0.009900990099009901,0.039603960396039604,joy:4,,
Максим Ак-47,1,266,0.6691729323308271,0.5075187969924813,0.02631578947368421,0.05639097744360902,joy:11,,
МанТана,1,383,0.6057441253263708,0.4386422976501306,0.010443864229765013,0.020887728459530026,"joy:5,sadness:3,fear:1",,
Марго Сирин,1,222,0.5855855855855856,0.3918918918918919,0.0,0.0045045045045045045,"joy:4,sadness:3,surprise:1",,
Маркул,1,387,0.627906976744186,0.5167958656330749,0.015503875968992248,0.0,"anger:3,fear:3,joy:3",,
"Марьяж ""Декорации""",1,144,0.5416666666666666,0.3958333333333333,0.0,0.013888888888888888,"joy:1,sadness:1",2007.0,2007.0
Мельница--Сонный рыцарь-,1,141,0.5815602836879432,0.45390070921985815,0.0,0.0,"surprise:2,anger:1,fear:1",,
Ми типа гриби,1,216,0.5370370370370371,0.3425925925925926,0.0,0.013888888888888888,"joy:5,sadness:2",2025.0,2025.0
Мирко Саблич,1,252,0.5317460317460317,0.373015873015873,0.0,-0.003968253968253968,,,
Михаил Михайлов,1,241,0.43568464730290457,0.25311203319502074,0.012448132780082987,0.008298755186721992,"joy:3,surprise:1",,
Миша Fint,1,248,0.5806451612903226,0.43548387096774194,0.0,0.028225806451612902,"joy:7,anger:2,sadness:2",,
Мишари Рашид Аль-Афаси,1,350,0.6371428571428571,0.5228571428571429,0.0,0.0,,,
Мияги,1,354,0.4943502824858757,0.3559322033898305,0.0,0.12994350282485875,"joy:42,surprise:2",,
Молотх,1,127,0.7086614173228346,0.5511811023622047,0.0,0.023622047244094488,joy:4,,
Моя Дерзкая Правда,1,104,0.7596153846153846,0.6538461538461539,0.0,0.009615384615384616,anger:1,2026.0,2026.0
Музыкальная жизнь™,1,115,0.591304347826087,0.3739130434782609,0.0,0.043478260869565216,joy:5,,
Мультфильмы детские,1,249,0.40963855421686746,0.2248995983935743,0.0,0.028112449799196786,joy:3,,
Муровей,1,361,0.6620498614958449,0.5124653739612188,0.0,0.00554016620498615,"disgust:1,fear:1,surprise:1",,
Мытарь,1,137,0.708029197080292,0.5985401459854015,0.0,0.021897810218978103,joy:2,2020.0,2020.0
Надо по делам,1,479,0.5908141962421712,0.4363256784968685,0.012526096033402923,0.014613778705636743,"joy:6,disgust:4,sadness:1",2011.0,2011.0
Наречена_Михайло Хома,1,67,0.6417910447761194,0.44776119402985076,0.0,0.0,,,
Наталья Барсукова,1,153,0.673202614379085,0.5490196078431373,0.0,0.0392156862745098,joy:6,,
Наташа,1,128,0.6015625,0.359375,0.0,0.0,"joy:2,sadness:2",,
Нежеголь,1,186,0.6505376344086021,0.46774193548387094,0.0,0.05913978494623656,joy:5,,
НоГГано feat Витя ак-47,1,271,0.4797047970479705,0.3800738007380074,0.0036900369003690036,0.0,"fear:1,joy:1",,
Нюрнберг,1,142,0.5985915492957746,0.3591549295774648,0.0,0.028169014084507043,joy:1,,
О. Васильчак та С.Роговський,1,83,0.7951807228915663,0.6746987951807228,0.0,0.012048192771084338,,,
ОСП - С.Белоголовцев,1,231,0.6320346320346321,0.4675324675324675,0.0,0.008658008658008658,"joy:2,anger:1",,
Оксана Дроздова.,1,112,0.75,0.5535714285714286,0.0,0.05357142857142857,"joy:3,sadness:1",,
Оксана Почепа,1,65,0.7230769230769231,0.5538461538461539,0.0,0.046153846153846156,"joy:4,sadness:1",,
Ольга Арефьева,1,115,0.5391304347826087,0.3391304347826087,0.0,0.0,"joy:1,sadness:1,surprise:1",2004.0,2004.0
Оратория,1,91,0.7142857142857143,0.5604395604395604,0.0,0.02197802197802198,,,
От Винта,1,70,0.6857142857142857,0.42857142857142855,0.0,0.0,,,
ПОЛЮСА,1,89,0.8089887640449438,0.7191011235955056,0.0,0.02247191011235955,,,
Пабло Прекрати,1,236,0.7754237288135594,0.6483050847457628,0.00423728813559322,0.0211864406779661,"joy:2,fear:1",2014.0,2014.0
Павел Пиковский,1,281,0.6761565836298933,0.5338078291814946,0.0,0.0071174377224199285,"joy:7,sadness:2",,
Пальчики,1,272,0.3713235294117647,0.23529411764705882,0.0,0.10294117647058823,"joy:28,surprise:7,fear:2",2022.0,2022.0
Парт скруджа,1,76,0.7763157894736842,0.6710526315789473,0.0,0.02631578947368421,joy:1,,
Патриотические. Русские народные военные песни.,1,143,0.6853146853146853,0.5384615384615384,0.0,0.06293706293706294,"joy:7,anger:1",,
Пацантрэ,1,132,0.5984848484848485,0.36363636363636365,0.0,-0.022727272727272728,"fear:2,joy:1,sadness:1",2024.0,2024.0
Перевалов Геннадий,1,77,0.7402597402597403,0.5454545454545454,0.0,0.06493506493506493,joy:4,,
Песни Фанатов ЦСКА,1,79,0.6708860759493671,0.46835443037974683,0.02531645569620253,0.012658227848101266,"joy:1,surprise:1",,
Песни из детских фильмов,1,178,0.4550561797752809,0.24157303370786518,0.0,0.011235955056179775,,,
Песни орлятского круга,1,90,0.6666666666666666,0.43333333333333335,0.0,0.06666666666666667,"joy:3,surprise:1",,
Песня Красной Шапочки,1,165,0.42424242424242425,0.18787878787878787,0.0,0.012121212121212121,,,
Песьня.,1,173,0.5895953757225434,0.4508670520231214,0.0,-0.023121387283236993,"fear:3,anger:1,disgust:1",,
Петя OST,1,146,0.678082191780822,0.5273972602739726,0.0,0.04794520547945205,"joy:7,sadness:1",,
Пика,1,151,0.7748344370860927,0.6225165562913907,0.0,0.026490066225165563,"joy:4,fear:1,surprise:1",2020.0,2020.0
Пикачушь,1,295,0.28135593220338984,0.17288135593220338,0.0,0.03389830508474576,joy:7,,
Пилот,1,206,0.5679611650485437,0.4077669902912621,0.0,0.03398058252427184,"joy:4,disgust:1,sadness:1",,
Полина Гагарина,1,102,0.3333333333333333,0.14705882352941177,0.0,0.0196078431372549,sadness:5,2005.0,2005.0
Потратил тыщу баксов,1,390,0.49743589743589745,0.3564102564102564,0.002564102564102564,0.007692307692307693,"joy:4,anger:2,sadness:1",,
Праздничный хор,1,104,0.7211538461538461,0.5865384615384616,0.0,0.019230769230769232,"joy:3,fear:2,sadness:2",,
Пума,1,588,0.44047619047619047,0.3469387755102041,0.013605442176870748,0.017006802721088437,"joy:12,anger:2",,
Рharaoh,1,339,0.45427728613569324,0.36283185840707965,0.011799410029498525,0.0058997050147492625,"disgust:1,joy:1",,
РАСКОЛЬНИКОВ,1,253,0.7351778656126482,0.6086956521739131,0.007905138339920948,0.003952569169960474,"anger:3,joy:3",,
РВиА,1,97,0.7525773195876289,0.5567010309278351,0.0,-0.041237113402061855,"anger:4,fear:1",,
РЭМ ДИГО,1,281,0.49466192170818507,0.35231316725978645,0.0,-0.0035587188612099642,"joy:4,sadness:1,surprise:1",,
Раиса Неменова,1,146,0.5821917808219178,0.3904109589041096,0.0,0.0410958904109589,joy:4,,
Раш,1,145,0.7862068965517242,0.6620689655172414,0.006896551724137931,0.0,,,
Ресторатор,1,375,0.6666666666666666,0.544,0.008,-0.0026666666666666666,"anger:2,fear:1,joy:1",,
РоЭмДи a.k.a. Рэм'Дига,1,420,0.6714285714285714,0.5428571428571428,0.004761904761904762,0.0,"joy:4,anger:2,fear:2",,
Русская Императорская армія,1,117,0.42735042735042733,0.1111111111111111,0.0,-0.017094017094017096,fear:4,,
Русские Знаки,1,70,0.7857142857142857,0.6571428571428571,0.0,0.014285714285714285,joy:1,2024.0,2024.0
Русские народные песни - Хор Валаамского Монастыря,1,115,0.6608695652173913,0.5565217391304348,0.0,0.0,"fear:1,joy:1",,
Русские романсы,1,156,0.4358974358974359,0.26282051282051283,0.01282051282051282,0.01282051282051282,"joy:1,sadness:1,surprise:1",2021.0,2021.0
Рэм Дига _ Она такая одна,1,273,0.5421245421245421,0.37362637362637363,0.0,0.007326007326007326,"joy:4,sadness:2,anger:1",,
Рэм Дигга feat Lady,1,231,0.6060606060606061,0.46320346320346323,0.0,-0.008658008658008658,"sadness:2,fear:1,joy:1",,
Рэм Дигга feat Баста,1,260,0.7038461538461539,0.5884615384615385,0.0,0.015384615384615385,"joy:2,anger:1,disgust:1",,
Рэм Дигга-Баста,1,271,0.5313653136531366,0.36900369003690037,0.0,0.0,"joy:2,sadness:2,anger:1",,
Рэм'Дигга,1,483,0.6935817805383023,0.5714285714285714,0.004140786749482402,0.006211180124223602,"disgust:3,joy:3,sadness:3",,
Рэм-Дига,1,497,0.5513078470824949,0.41448692152917505,0.004024144869215292,-0.02012072434607646,"joy:8,fear:7,anger:6",,
С.Ротару,1,144,0.7708333333333334,0.6597222222222222,0.0,0.0,,,
СИЛЕН Radio Beograd 2 -,1,216,0.7824074074074074,0.6851851851851852,0.0,0.009259259259259259,,,
СТЕПАНЕНКО Pump,1,454,0.004405286343612335,0.0,0.0,0.0,,,
Саша rAp,1,131,0.7557251908396947,0.6259541984732825,0.022900763358778626,0.0,joy:1,,
Саша Бест,1,135,0.6518518518518519,0.48148148148148145,0.014814814814814815,0.02962962962962963,"disgust:1,joy:1,sadness:1",2025.0,2025.0
Саша Капустина,1,160,0.4625,0.28125,0.0,-0.0125,"sadness:2,joy:1",,
Светлана Копылова,1,238,0.680672268907563,0.5504201680672269,0.0,0.004201680672268907,"joy:1,sadness:1,surprise:1",,
Светлана Разина,1,152,0.375,0.19078947368421054,0.0,0.05921052631578947,"joy:6,sadness:1",2023.0,2023.0
Свобода воли,1,179,0.5586592178770949,0.3687150837988827,0.0,0.01675977653631285,"fear:7,anger:1",,
"Сводный хор ""АП"")",1,123,0.4715447154471545,0.34959349593495936,0.0,0.016260162601626018,joy:1,,
Святитель Иоанн Златоуст,1,315,0.42857142857142855,0.273015873015873,0.0,0.09841269841269841,joy:20,,
Семёнова Мария,1,162,0.8827160493827161,0.8209876543209876,0.0,0.006172839506172839,,,
Сергей Бабкин,1,188,0.5159574468085106,0.39361702127659576,0.0,0.0,"fear:1,joy:1",,
Сергей Хижняк,1,164,0.4878048780487805,0.35365853658536583,0.0,0.10975609756097561,joy:8,,
Сидоджи Дубоshit,1,272,0.7683823529411765,0.6948529411764706,0.003676470588235294,-0.003676470588235294,"anger:1,joy:1,surprise:1",,
Скептик,1,350,0.6514285714285715,0.5171428571428571,0.005714285714285714,0.014285714285714285,"joy:4,anger:3,surprise:1",2012.0,2012.0
Скрудж АНАНАС,1,77,0.5454545454545454,0.42857142857142855,0.0,-0.012987012987012988,fear:1,,
Скрудж МакДак,1,156,0.3525641025641026,0.24358974358974358,0.21153846153846154,0.0,,,
Скрудж Макдак,1,164,0.5304878048780488,0.2865853658536585,0.0,0.012195121951219513,"joy:5,anger:2,surprise:1",,
Скруджи & Баста,1,684,0.47368421052631576,0.3654970760233918,0.0,0.008771929824561403,"joy:5,fear:4,sadness:4",,
Скруджи & Дана Соколова,1,235,0.5957446808510638,0.4553191489361702,0.00425531914893617,0.0425531914893617,"joy:4,anger:1",,
Скруджи и Кристина Си.,1,337,0.43026706231454004,0.2344213649851632,0.008902077151335312,0.011869436201780416,"joy:5,fear:2,sadness:2",,
Скрябін,1,97,0.711340206185567,0.5773195876288659,0.0,-0.020618556701030927,"disgust:3,anger:1,fear:1",,
Слот,1,272,0.3713235294117647,0.23529411764705882,0.0,0.10294117647058823,"joy:28,surprise:7,fear:2",,
Солдат Семёнов,1,130,0.6615384615384615,0.4846153846153846,0.0,0.023076923076923078,joy:2,,
Сплин,1,203,0.6600985221674877,0.5467980295566502,0.009852216748768473,0.009852216748768473,,2007.0,2007.0
Стас Михайлов,1,110,0.5636363636363636,0.35454545454545455,0.0,0.09090909090909091,"joy:12,sadness:2",,
Странник Стк,1,289,0.5363321799307958,0.3771626297577855,0.0,0.01730103806228374,"joy:7,sadness:1,surprise:1",,
Стрелки,1,168,0.7321428571428571,0.6011904761904762,0.0,0.041666666666666664,"joy:6,disgust:1",2001.0,2001.0
Сэт,1,269,0.6022304832713755,0.4312267657992565,0.0,0.02973977695167286,"joy:3,fear:1",,
ТОНИ РАУТ,1,183,0.6284153005464481,0.41530054644808745,0.0,-0.03825136612021858,"sadness:8,joy:3,disgust:1",,
ТРИАГРУТРИКА ],1,618,0.686084142394822,0.5711974110032363,0.006472491909385114,0.011326860841423949,"joy:4,fear:3,anger:2",,
Тандем,1,240,0.49583333333333335,0.3625,0.0,0.025,"joy:6,sadness:4",,
Тараканы,1,169,0.5325443786982249,0.34911242603550297,0.0,-0.01775147928994083,"sadness:2,fear:1,surprise:1",2025.0,2025.0
Тбили | Дядя Скруджи,1,166,0.6144578313253012,0.46987951807228917,0.024096385542168676,-0.018072289156626505,"joy:2,sadness:2,anger:1",,
Твайлайт Спаркл,1,466,0.45064377682403434,0.2875536480686695,0.0,0.012875536480686695,"joy:11,sadness:4,fear:2",,
Тимур Спб,1,379,0.46437994722955145,0.3482849604221636,0.0,0.0395778364116095,"joy:8,sadness:4",,
Типа РВ!,1,140,0.5642857142857143,0.38571428571428573,0.0,-0.007142857142857143,sadness:3,,
Тони Раунд amp,1,555,0.5063063063063064,0.372972972972973,0.0018018018018018018,-0.014414414414414415,"fear:10,joy:6,anger:5",,
Тони Раут Гари Топор,1,112,0.875,0.7678571428571429,0.0,0.008928571428571428,"fear:2,joy:2,sadness:1",,
Тони Раут-Псих с ножом,1,235,0.6,0.4297872340425532,0.0,-0.00851063829787234,"joy:2,anger:1,fear:1",,
Тони Раут/Гарри Топор,1,250,0.68,0.552,0.0,0.04,"joy:4,anger:3,fear:2",,
Тони раут,1,311,0.6463022508038585,0.5144694533762058,0.003215434083601286,0.012861736334405145,"joy:3,disgust:1,fear:1",,
Тони-Раут&Гари-топор13-UL,1,334,0.4940119760479042,0.344311377245509,0.011976047904191617,-0.014970059880239521,"sadness:3,joy:2,fear:1",,
Тонни Раут/Гарри Топор,1,455,0.47692307692307695,0.3076923076923077,0.0,0.013186813186813187,"joy:4,sadness:3,surprise:1",,
Триагутрика,1,638,0.6755485893416928,0.5564263322884012,0.006269592476489028,0.0109717868338558,"joy:4,fear:3,anger:2",,
У Дядюшки Скруджа тысяча фунтов,1,395,0.2,0.035443037974683546,0.0,-0.002531645569620253,"joy:9,anger:5,sadness:5",,
Убийцы Crystal,1,137,0.44525547445255476,0.18248175182481752,0.0,0.072992700729927,joy:6,,
Уматурман,1,365,0.4821917808219178,0.33972602739726027,0.0,-0.0027397260273972603,"joy:15,anger:12,fear:6",2004.0,2004.0
ФИЗТЕХпесня,1,113,0.6902654867256637,0.504424778761062,0.0,0.035398230088495575,"fear:1,joy:1",,
Фанаты ЦСКА,1,79,0.6708860759493671,0.46835443037974683,0.02531645569620253,0.012658227848101266,"joy:1,surprise:1",,
Фархетдинова Зайнап,1,71,0.6619718309859155,0.49295774647887325,0.0,0.0,,,
Хабиб Шарипов,1,55,0.509090909090909,0.32727272727272727,0.0,0.0,,,
Хай Хэт,1,120,0.6416666666666667,0.5166666666666667,0.0,0.03333333333333333,"joy:4,sadness:2",,
Хайд,1,387,0.627906976744186,0.5167958656330749,0.015503875968992248,0.0,"anger:3,fear:3,joy:3",,
"Хайд ""Нерв""",1,387,0.6330749354005168,0.5193798449612403,0.015503875968992248,0.0,"anger:3,fear:3,joy:3",,
Хана,1,239,0.3891213389121339,0.26359832635983266,0.0,-0.0041841004184100415,"joy:1,sadness:1",,
Хатико,1,146,0.678082191780822,0.5273972602739726,0.0,0.04794520547945205,"joy:7,sadness:1",,
Хома,1,171,0.5730994152046783,0.40350877192982454,0.0,0.0,"joy:3,anger:1,disgust:1",2021.0,2021.0
Хор,1,79,0.4810126582278481,0.26582278481012656,0.0,0.0,surprise:1,1999.0,1999.0
Хор Минского Свято-Елисаветинского монастыря. ),1,104,0.7211538461538461,0.5865384615384616,0.0,0.019230769230769232,"joy:3,fear:2,sadness:2",,
ЦеРН,1,338,0.4378698224852071,0.30177514792899407,0.0,0.05621301775147929,"joy:12,sadness:1",,
Цыганский Барон Олександр Набок,1,125,0.464,0.328,0.0,0.048,joy:2,,
Четыре таракана,1,167,0.5269461077844312,0.3413173652694611,0.0,-0.017964071856287425,"sadness:2,fear:1,surprise:1",,
Чечерина,1,169,0.2603550295857988,0.14792899408284024,0.0,0.01775147928994083,joy:3,2000.0,2000.0
ЧиКо,1,589,0.601018675721562,0.44142614601018676,0.001697792869269949,0.013582342954159592,"joy:5,sadness:3,anger:1",,
ЧиСтО боМ боММ,1,336,0.5238095238095238,0.34523809523809523,0.026785714285714284,0.023809523809523808,"joy:7,fear:1",,
ШИРЯЕВ ОЛЕГ,1,133,0.7669172932330827,0.6691729323308271,0.0,-0.022556390977443608,"sadness:2,fear:1,joy:1",,
Шишков Сергей,1,160,0.575,0.425,0.0,-0.025,"fear:3,anger:1,disgust:1",2024.0,2024.0
Эдуард Эдуаши,1,139,0.5323741007194245,0.3381294964028777,0.007194244604316547,0.03597122302158273,"joy:6,anger:1,sadness:1",,
Элвин,1,306,0.2549019607843137,0.10784313725490197,0.0,0.016339869281045753,"joy:3,sadness:2",,
Эмир Камалиев,1,376,0.7898936170212766,0.648936170212766,0.0026595744680851063,0.0026595744680851063,joy:1,,
ЮГ,1,603,0.5671641791044776,0.41956882255389716,0.001658374792703151,0.029850746268656716,"joy:12,fear:3,sadness:2",,
Юлия Самошкина,1,110,0.32727272727272727,0.11818181818181818,0.0,-0.02727272727272727,"sadness:2,anger:1",,
Юрий Хованский,1,384,0.5390625,0.421875,0.0078125,-0.0026041666666666665,"sadness:2,anger:1,joy:1",,
Ясвена,1,256,0.4140625,0.25,0.0,-0.01171875,"sadness:9,anger:4,fear:1",,
абстрактный бомж,1,258,0.4496124031007752,0.29069767441860467,0.0,-0.01937984496124031,"joy:2,sadness:1",,
ак 47,1,162,0.5987654320987654,0.4506172839506173,0.0,0.030864197530864196,joy:5,,
ака 47,1,439,0.5284738041002278,0.3917995444191344,0.06378132118451026,0.00683371298405467,"disgust:2,joy:2",,
ака47 ek playaz,1,254,0.6732283464566929,0.5511811023622047,0.003937007874015748,0.023622047244094488,joy:7,,
аль-Хайям и Jah Khalib,1,312,0.5288461538461539,0.36217948717948717,0.0,-0.009615384615384616,"sadness:5,joy:2,fear:1",,
американские сайты с порнофильмами,1,67,0.8208955223880597,0.6865671641791045,0.0,0.0,,,
анна ривелотэ,1,201,0.6965174129353234,0.5472636815920398,0.0,0.004975124378109453,"sadness:2,joy:1",,
витос,1,201,0.3034825870646766,0.14925373134328357,0.0,0.09950248756218906,"joy:15,sadness:3",,
вудман,1,84,0.7738095238095238,0.6071428571428571,0.0,0.0,,,
гари топор,1,346,0.6213872832369942,0.4884393063583815,0.0,0.002890173410404624,"fear:10,joy:4,sadness:3",,
группа Весна,1,164,0.2926829268292683,0.13414634146341464,0.0,0.08536585365853659,joy:13,,
дадада я зашквар,1,301,0.49169435215946844,0.3920265780730897,0.013289036544850499,0.0033222591362126247,"disgust:1,joy:1",,
детская песенка,1,173,0.5895953757225434,0.4508670520231214,0.0,-0.023121387283236993,"fear:3,anger:1,disgust:1",,
длиные порно ролики,1,135,0.7851851851851852,0.6518518518518519,0.007407407407407408,-0.014814814814814815,"disgust:1,fear:1",,
иезекииль 25:17,1,315,0.580952380952381,0.4158730158730159,0.0,0.031746031746031744,"anger:4,joy:2,fear:1",2008.0,2008.0
из к/ф,1,165,0.41818181818181815,0.18787878787878787,0.0,0.012121212121212121,,,
макс+100500,1,589,0.601018675721562,0.44142614601018676,0.001697792869269949,0.013582342954159592,"joy:5,sadness:3,anger:1",,
мэдокс,1,156,0.7307692307692307,0.5961538461538461,0.0,0.0,"anger:1,sadness:1",,
на грузинском,1,103,0.42718446601941745,0.18446601941747573,0.0,0.019417475728155338,"joy:3,sadness:1",,
не ну это пиздец песня,1,535,0.4542056074766355,0.2205607476635514,0.013084112149532711,0.026168224299065422,"joy:9,sadness:2",,
не услышанный лирик,1,491,0.4745417515274949,0.3319755600814664,0.048879837067209775,0.016293279022403257,"joy:8,anger:5,disgust:1",,
негатив и скруджи,1,286,0.4965034965034965,0.3706293706293706,0.0,0.06293706293706294,"joy:16,fear:1",,
порнофильм - екатерина - императрица,1,88,0.7727272727272727,0.6022727272727273,0.0,0.011363636363636364,,,
порнофильм полиция маями,1,89,0.7303370786516854,0.5168539325842697,0.0,0.0,,,
порнофильм приличный для мужа,1,86,0.8372093023255814,0.7325581395348837,0.0,0.0,,,
про Красную Шапочку,1,165,0.41818181818181815,0.18787878787878787,0.0,0.012121212121212121,,2024.0,2024.0
реги,1,244,0.4672131147540984,0.3360655737704918,0.0,0.00819672131147541,"anger:1,joy:1",2001.0,2001.0
ромд aka рэм Дигга,1,203,0.7339901477832512,0.5665024630541872,0.009852216748768473,0.034482758620689655,"joy:4,anger:1,surprise:1",,
рэм дига,1,421,0.667458432304038,0.5249406175771971,0.009501187648456057,-0.0166270783847981,"fear:3,anger:1,joy:1",,
сатана печет блины,1,245,0.5183673469387755,0.3877551020408163,0.0,0.004081632653061225,"joy:2,sadness:1",2012.0,2012.0
секс on line веб камера,1,72,0.8333333333333334,0.6944444444444444,0.0,0.0,,,
скрудж,1,212,0.3867924528301887,0.21226415094339623,0.0,0.0,,,
слушай экзорцист,1,98,0.5714285714285714,0.42857142857142855,0.0,0.2653061224489796,joy:28,2013.0,2013.0
снятся в порнофильме,1,281,0.6512455516014235,0.498220640569395,0.0,0.0035587188612099642,"fear:1,joy:1,surprise:1",,
тбили,1,383,0.4177545691906005,0.27676240208877284,0.005221932114882507,0.02610966057441253,"joy:8,sadness:2",,
толик + ак 47,1,365,0.44931506849315067,0.29863013698630136,0.0136986301369863,-0.0027397260273972603,"fear:1,joy:1",,
трол фейс,1,154,0.3051948051948052,0.21428571428571427,0.0,0.05844155844155844,"joy:12,fear:2,sadness:1",,
ханна,1,311,0.2990353697749196,0.15434083601286175,0.0,0.022508038585209004,"fear:9,joy:2",,
черниковская хата,1,76,0.6842105263157895,0.5263157894736842,0.0,0.013157894736842105,joy:1,,
это девка словно пуля,1,336,0.5238095238095238,0.34523809523809523,0.026785714285714284,0.023809523809523808,"joy:7,fear:1",2021.0,2021.0
я дура миша,1,255,0.5882352941176471,0.44313725490196076,0.0,0.027450980392156862,"joy:7,anger:2,sadness:2",,
ღ Крек,1,278,0.658273381294964,0.5215827338129496,0.0,0.0035971223021582736,"joy:5,sadness:4,anger:1",,
†.чЁ за трЕк.†,1,120,0.5166666666666667,0.30833333333333335,0.0,0.03333333333333333,joy:4,,
•АК-47,1,286,0.6608391608391608,0.534965034965035,0.0034965034965034965,0.013986013986013986,"joy:4,sadness:1,surprise:1",,
┴═╦╕ АК 47,1,214,0.48598130841121495,0.3317757009345794,0.0,0.009345794392523364,joy:2,,
┴═╦╕Витя АК-47,1,589,0.5840407470288624,0.4244482173174873,0.011884550084889643,0.001697792869269949,"disgust:1,joy:1,sadness:1",,
▂▃▅▆▇the Chemodan,1,377,0.6631299734748011,0.5384615384615384,0.023872679045092837,0.010610079575596816,"joy:4,disgust:1,fear:1",,
█ Ак-47,1,483,0.4616977225672878,0.36024844720496896,0.09523809523809523,-0.016563146997929608,"disgust:14,joy:4",,
►25/17,1,270,0.5777777777777777,0.4185185185185185,0.0,0.014814814814814815,joy:2,,
►АК-47,1,286,0.6608391608391608,0.534965034965035,0.0034965034965034965,0.013986013986013986,"joy:4,sadness:1,surprise:1",,
●,1,145,0.4689655172413793,0.2896551724137931,0.006896551724137931,0.041379310344827586,joy:6,,
◘ Легенды Про,1,361,0.518005540166205,0.3601108033240997,0.013850415512465374,0.013850415512465374,"joy:2,disgust:1",,
★ Ак-47 ★,1,147,0.7687074829931972,0.6258503401360545,0.0,0.006802721088435374,"joy:2,fear:1",,
☜❶☞ 25/17,1,298,0.5167785234899329,0.3859060402684564,0.0,0.020134228187919462,"joy:6,fear:1,sadness:1",,
♡ Акула ♡,1,137,0.4306569343065693,0.26277372262773724,0.0,-0.043795620437956206,"sadness:17,joy:9,anger:1",,
♨♨♨Детская песня♨♨♨,1,158,0.6075949367088608,0.45569620253164556,0.0,-0.02531645569620253,"fear:3,anger:1,disgust:1",,
✰ Егор Крид,1,167,0.5508982035928144,0.32934131736526945,0.0,0.023952095808383235,"joy:5,sadness:1",,
✵ Бек✵,1,499,0.4789579158316633,0.34468937875751504,0.0,0.03006012024048096,"joy:16,fear:2,sadness:1",,
❡АК-47,1,237,0.48945147679324896,0.35443037974683544,0.0,0.03375527426160337,"joy:9,sadness:2,anger:1",,
➨ Levon,1,287,0.5435540069686411,0.3902439024390244,0.0,0.013937282229965157,"fear:2,joy:2,surprise:1",,
